日付,時間帯,主な作業・検討内容
2026/04/10,09:00 - 09:59,"Webサイト（個人フォルダ - サイボウズ Office）の閲覧・調査
Webサイト（メッセージの詳細 - サイボウズ Office）の閲覧・調査
Antigravityを用いた「システム開発・改善」の開発・相談
Webサイト（Gemini）の閲覧・調査
「bitlockerに回復キーを要求されるループに陥った後の対処」の操作・実務
「BitLocker解除ができずPCが立ち上がらない」の操作・実務
「マイ アカウント」の操作・実務
「アクティブなユーザー」の操作・実務
Webサイト（ユーザーの詳細パネル - Microsoft 365 管理センター）の閲覧・調査
「ユーザーの詳細パネル」の操作・実務
Webサイト（Thunderbird で Gmail を利用する | Gmailの使い方）の閲覧・調査
Webサイト（トップページ - サイボウズ Office）の閲覧・調査
Webサイト（Microsoft 365 の管理）の閲覧・調査
Webサイト（チャット | M365 Copilot）の閲覧・調査
Webサイト（Microsoft 365 ユーザー アカウントを管理する - Microsoft 365 Enterprise | Microsoft Learn）の閲覧・調査
「Microsoft 365 ユーザー アカウントを管理する」の操作・実務
Webサイト（Sign In | Microsoft Learn）の閲覧・調査
Webサイト（Register | Microsoft Learn）の閲覧・調査"
2026/04/10,11:00 - 11:59,Antigravityを用いた「システム開発・改善」の開発・相談
2026/04/10,12:00 - 12:59,"スクリプト（Set-DNS-Wired.bat - メモ帳）の開発・デバッグ
「タイトルなし」の操作・実務
「hosts」の操作・実務
「*hosts」の操作・実務"
2026/04/10,13:00 - 13:59,"「hosts」の操作・実務
「20240222(木)_1633_： ＿伊藤健人＿_Fwd＿ Re＿ 弊社 ネット回線の契約について.txt」の操作・実務
Webサイト（トップページ - サイボウズ Office）の閲覧・調査
Webサイト（ユーザー名簿 - サイボウズ Office）の閲覧・調査
Webサイト（メール - サイボウズ Office）の閲覧・調査
Antigravityを用いた「システム開発・改善」の開発・相談
Webサイト（Amazon | 本, ファッション, 家電から食品まで | アマゾン）の閲覧・調査
Webサイト（Thunderbirdの存続にご協力ください！ ? Thunderbird）の閲覧・調査
Webサイト（cybozu_sent_migration - ローカルフォルダー）の閲覧・調査
Webサイト（受信トレイ - ローカルフォルダー）の閲覧・調査
「受信トレイ (10,871)」の操作・実務
「""TEST"" (75)」の操作・実務
Webサイト（TEST - t_ito@forest.co.jp）の閲覧・調査
「""TEST"" (81)」の操作・実務
「Re: 東日本物流センター アクセスポイントのファームウェアアップデートについて」の操作・実務
Webサイト（amazon.co.jp/?&tag=hydraamazonav-22&ref=pd_sl_7ibq2d37on_e&adgrpid=157529192841&hvpone=&hvptwo=&hvadid=675114138690&hvpos=&hvnetw=g&hvrand=13202532427194549824&hvqmt=e&hvdev=c&hvdvcmdl=&hvlocint=&hvlocphy=1009235&hvtargid=kwd-10573980&hydadcr=27922_14701883）の閲覧・調査
Webサイト（Amazon.co.jp : usb-typec hdmiUSB-TypeC）の閲覧・調査
「フォレストウェイ | 事務・オフィス用品の通販」の操作・実務
「""TEST"" (60)」の操作・実務
「起動しています」の操作・実務
Word文書（新規 Microsoft Word 文書.docx）の資料作成・編集
Webサイト（個人フォルダ - サイボウズ Office）の閲覧・調査
Webサイト（メッセージの詳細 - サイボウズ Office）の閲覧・調査
Webサイト（フォーレスト社内ポータル）の閲覧・調査"
2026/04/10,14:00 - 14:59,"Webサイト（トップページ - サイボウズ Office）の閲覧・調査
Webサイト（掲示の詳細 - サイボウズ Office）の閲覧・調査
PDF資料（FRT組織図-20260401 (1).pdf）の閲覧・内容確認
PDF資料（file:///C:/Users/026~1/AppData/Local/Temp/MicrosoftEdgeDownloads/599e572c-c44b-4b18-b3f7-64d98999c59b/FRT組織図-20260401%20(1).pdf）の閲覧・内容確認
Word文書（新規 Microsoft Word 文書.docx）の資料作成・編集
Excelファイル（新規タスク記録表.xlsx）のデータ入力・編集
Excelファイル（社内便送り状（注意書き）.xlsx ）のデータ入力・編集
「起動しています」の操作・実務
Word文書（20250210_社内便送り状.docx ）の資料作成・編集
Word文書（20250210_社内便送り状.docx）の資料作成・編集
Webサイト（個人フォルダ - サイボウズ Office）の閲覧・調査
「20220426(火)_1017_境秀行_基幹端末のBIOSパスワード.txt」の操作・実務
PDF資料（Acrobat-for-Chrome.pdf）の閲覧・内容確認
「20260403(金)_1558_田中史一_CS改善プロジェクト会議について.txt」の操作・実務
Webサイト（NotebookLM）の閲覧・調査
「20260403(金)_1558_田中史一_CS改善プロジェクト会議について.md」の操作・実務
Webサイト（CS Improvement Project Meeting Coordination - NotebookLM）の閲覧・調査"
2026/04/10,15:00 - 15:59,"Word文書（新規 Microsoft Word 文書.docx）の資料作成・編集
Webサイト（cybozu_sent_migration - ローカルフォルダー）の閲覧・調査
PDF資料（①2025年度_下期_人事評価(概要).pdf）の閲覧・内容確認
PDF資料（サイボウズ社内メール抽出ツール説明.pdf）の閲覧・内容確認
Word文書（サイボウズ社内メール抽出ツール説明.docx）の資料作成・編集
Antigravityを用いた「システム開発・改善」の開発・相談
Webサイト（個人フォルダ - サイボウズ Office）の閲覧・調査
Webサイト（メッセージの詳細 - サイボウズ Office）の閲覧・調査
「20260403(金)_1558_田中史一_CS改善プロジェクト会議について.md」の操作・実務"
2026/04/10,16:00 - 16:59,"プログラム（Fix pagination bypass bug in internal email exporter）の開発および修正
Antigravityを用いた「システム開発・改善」の開発・相談
「20260403(金)_1558_田中史一_CS改善プロジェクト会議について.md」の操作・実務
Excelファイル（新規タスク記録表.xlsx）のデータ入力・編集
「SQL.XLS」の操作・実務
「コピーテーブル・フィールド一覧.xls 」の操作・実務
「HP 830G8　HDMI　タイプCを外すと画面が移ったままフリーズする。これは何？」の操作・実務
Webサイト（Amazon | 本, ファッション, 家電から食品まで | アマゾン）の閲覧・調査
Webサイト（掲示の詳細 - サイボウズ Office）の閲覧・調査
PDF資料（file:///C:/Users/026~1/AppData/Local/Temp/MicrosoftEdgeDownloads/599e572c-c44b-4b18-b3f7-64d98999c59b/FRT組織図-20260401%20(1).pdf）の閲覧・内容確認
Webサイト（CS Improvement Project Meeting Coordination - NotebookLM）の閲覧・調査
Webサイト（「警告灯で停車」キャリアカーが炎上 福岡 | Watch）の閲覧・調査
PDF資料（Acrobat-for-Chrome.pdf）の閲覧・内容確認
Webサイト（Gemini）の閲覧・調査
Webサイト（アナリティクスレポートツールを、無料でまとめて比較）の閲覧・調査
Webサイト（NotebookLMに自作PCの仕様を読み込ませたら、トラブルの悩みが一気に消えた | ライフハッカー・ジャパン）の閲覧・調査
Webサイト（「Geminiより優秀」の声も。NotebookLMを200%使い倒す裏ワザ10選 | ライフハッカー・ジャパン）の閲覧・調査
Webサイト（カテゴリー一覧 | ライフハッカー・ジャパン）の閲覧・調査
Webサイト（AI活用のニュース・記事一覧 | ライフハッカー・ジャパン）の閲覧・調査
Webサイト（Gemini in Chromeで手作業は「完全自動」へ。タブの往復も画像保存もゼロに | ライフハッカー・ジャパン）の閲覧・調査
Webサイト（Chrome の AI  |  AI on Chrome  |  Chrome for Developers）の閲覧・調査
Webサイト（Gemini in Chrome - ブラウザに直接組み込まれた AI アシスタント）の閲覧・調査
Webサイト（Chrome で Gemini を使用する - コンピューター - Gemini アプリ ヘルプ）の閲覧・調査
Webサイト（Use Gemini in Chrome - Computer - Gemini アプリ ヘルプ）の閲覧・調査
Webサイト（個人フォルダ - サイボウズ Office）の閲覧・調査
Webサイト（メッセージの詳細 - サイボウズ Office）の閲覧・調査
Webサイト（メッセージの送信 - サイボウズ Office）の閲覧・調査
「開いているファイル」の操作・実務
プログラム（feat: ビルド用バッチファイルの追加とプロジェクトディレクトリの整理）の開発および修正"
2026/04/10,17:00 - 17:59,"Webサイト（ウォレットと定期購入）の閲覧・調査
Antigravityを用いた「システム開発・改善」の開発・相談
Webサイト（個人フォルダ - サイボウズ Office）の閲覧・調査
Webサイト（メッセージの詳細 - サイボウズ Office）の閲覧・調査
「受信トレイ (10,890)」の操作・実務
「""TEST"" (59)」の操作・実務
Webサイト（Mozilla Thunderbird）の閲覧・調査
Webサイト（cybozu_sent_migration - ローカルフォルダー）の閲覧・調査
Webサイト（TEST - t_ito@forest.co.jp）の閲覧・調査
「""TEST"" (58)」の操作・実務
「""TEST"" (57)」の操作・実務
「Re: Fwd: （ココデカウ）公式キャラクター名の公募による商標登録の出願（M2025-261)」の操作・実務
Webサイト（トップページ - サイボウズ Office）の閲覧・調査
Webサイト（メール - サイボウズ Office）の閲覧・調査
Webサイト（フォーレスト社内ポータル）の閲覧・調査
Webサイト（Close window）の閲覧・調査
Webサイト（フォーレスト社内ポータル - 掲示板）の閲覧・調査
「フォーレスト社内ポータル」の操作・実務
Webサイト（フォーレスト社内ポータル - ダッシュボード）の閲覧・調査
「""TEST"" (55)」の操作・実務"
2026/04/10,18:00 - 18:59,"Webサイト（メール - サイボウズ Office）の閲覧・調査
Antigravityを用いた「システム開発・改善」の開発・相談
Webサイト（《京都小6男児行方不明》地域住民が「焼却炉の中を覗いていた」と新証言…ヤフコメでは「元気な姿で見つかってほしい」「家出してましたとかでいいので」と無事を願う声）の閲覧・調査
Webサイト（トップページ - サイボウズ Office）の閲覧・調査
Webサイト（個人フォルダ - サイボウズ Office）の閲覧・調査
Webサイト（メッセージの詳細 - サイボウズ Office）の閲覧・調査
Webサイト（メール本文 - サイボウズ Office）の閲覧・調査
Webサイト（エラー 14603 - サイボウズ Office）の閲覧・調査
Webサイト（《京都・小6男児行方不明》「生きていると100パーセント思ってます」スーパーボランティア尾畠さんが直面した“府外ボランティア”の壁「ちょっとどころじゃなく悔しい」）の閲覧・調査"
2026/04/13,09:00 - 09:59,"Webサイト（Pinterest - ピンタレスト）の閲覧・調査
「Pinterest」の操作・実務
Webサイト（トップページ - サイボウズ Office）の閲覧・調査
Webサイト（個人フォルダ - サイボウズ Office）の閲覧・調査
Webサイト（メッセージの詳細 - サイボウズ Office）の閲覧・調査
Antigravityを用いた「システム開発・改善」の開発・相談
Webサイト（メール - サイボウズ Office）の閲覧・調査
Webサイト（アカウントを選択してください）の閲覧・調査
「起動しています」の操作・実務
Excelファイル（新規タスク記録表.xlsx）のデータ入力・編集
Webサイト（スケジュール（グループ週表示） - サイボウズ Office）の閲覧・調査"
2026/04/13,10:00 - 10:59,"Webサイト（個人フォルダ - サイボウズ Office）の閲覧・調査
Webサイト（メッセージの詳細 - サイボウズ Office）の閲覧・調査
Antigravityを用いた「システム開発・改善」の開発・相談
Webサイト（メール - サイボウズ Office）の閲覧・調査
Webサイト（forestway.cybozu.com）の閲覧・調査
Webサイト（TEST - t_ito@forest.co.jp）の閲覧・調査
Webサイト（y_tsuda@forest.co.jp）の閲覧・調査
Webサイト（t_ito）の閲覧・調査
Webサイト（受信トレイ - t_ito）の閲覧・調査
Webサイト（【転送】Fwd:）の閲覧・調査
Webサイト（【転送】Fwd: 本日到着分です。）の閲覧・調査
Webサイト（トップページ - サイボウズ Office）の閲覧・調査
「20200702(木)_1530_： ＿加藤孝廣＿_商標登録の件.txt」の操作・実務
「RS-UNO」の操作・実務
「HP 830G8　HDMI　タイプCを外すと画面が移ったままフリーズする。これは何？」の操作・実務
「Perplexity」の操作・実務
「HP Probook 430」の操作・実務
「HP Probook 430G8 中古」の操作・実務"
2026/04/13,11:00 - 11:59,"Webサイト（メール - サイボウズ Office）の閲覧・調査
Antigravityを用いた「システム開発・改善」の開発・相談
「HP Probook 430G8 中古」の操作・実務
「Perplexity」の操作・実務
「HP Elitebook830G8がキートップ、タッチパッドの不具合、 HP Probook 430G8 中古　8GB　16GB　256GB...」の操作・実務
「Windows11 24H2から25H2にならない。」の操作・実務
「Bizメール＆ウェブ プレミアムとBizメール＆ウェブ ビジネスの違いを調べたい。 ECサイトを運営している会社でr3を使用しているが、Gmailにユーザーのメ...」の操作・実務
「March 10, 2026?KB5079473 (OS Builds 26200.8037 and 26100.8037)」の操作・実務
Webサイト（ppl-ai-file-upload.s3.amazonaws.com/web/direct-files/attachments/96922522/09b733ca-f01e-4f71-8865-4b863a9f5271/aspireJi-Neng-Yi-Lan.txt?AWSAccessKeyId=ASIA2F3EMEYEUI2WJJOW&Signature=fgVuL4NYuTYb79TaP%2BIGSQSI2OQ%3D&x-amz-security-token=IQoJb3JpZ2luX2VjELz%2F%2F%2F%2F%2F%2F%2F%2F%2F%2FwEaCXVzLWVhc3QtMSJHMEUCIQCkcUirjLz%2FE0ltX32kJghxFMu0KeK8WJ2SlF2Qvs7WdQIgRtv3EXk3lKSsB%2F1vyOXQZi8Y%2FnVRTwlXL6zOJn4PMOEq%2FAQIhf%2F%2F%2F%2F%2F%2F%2F%2F%2F%2FARABGgw2OTk3NTMzMDk3MDUiDAPxQgKAk3U3a7Qc9CrQBCtW2rlFM4bsiTCcz4k%2BKgi105DRvq27qPpIpjXwhkNB4jp%2BlYfW4oyX6yts%2F6BBgij%2BQ1iNKJVnEGjdOqDVFTgsSUz0nAjaB%2FtzGIXfg0MjxSiS2WMgmDB%2FufFS0qf3qYN2B8%2Bp%2Fc9sHoVGk0cykJXK14EqpQi9Y%2FBOcgYBjiN1LGII5CiQAv2tkXZpcQDhWHoCI7A05f4mSO4ydVnqy32CvVA1BcUdF6iEcwNoHNrDDghfQUzB7hT%2B8qln2PsZgHyrfD0EhR%2BYs4Ygf5LZikjcDeYJUoNOX9YQWXTDMMwSD%2BMLPe8RPdBWg8NQ%2BEZ4zgnYr1Hnz28DbnuVqHVSaTTdNmwTSSLuCE5rtydhfWVE%2BHK2VPKrUuM%2F38HYpGrEKhzeGiRi884o4VRI40qLL5IwMkR9h%2Fh8KoRDhm1hjiXlR6qOEVznpOvYjz2%2BpWEx4BaHL9wIEO8So0z6Ct%2BOjjKMxhVfgcGaUQwBb9g2DSoT5ASFA153ZFaNg1FVpOj1y9re0XVqe9xz6Y%2F78ogRhGwNkEQb7RzM4133nsTPfKlUF%2FdI15SKrPynyfuE%2FomCTnk8d8qnFEijGmTGeTGuxzDex63i2ReBG1do0%2FcjvvOYXhZ7Nq3FnTnUUv86yHJMx2785XhKikDEVvh%2F8fh8U%2F286W%2BlGS8VqSTeO3r8FZYFLR1jTRGXrqDhdKh5G9Lmc3Nt8phf9Ed8XUFCMsHQ02l1GD8snHL4uDY7STDvJ0FkVBZYTlDbLMQkkuMs3Dt52q91G4LnmZBHo0pqy4CTTbIw0YjOzQY6mAHTAxPCb8XiGeU4ieXSTb7T5mOHNJJQKXNUkZPE%2F7PwDzZp7nXNS6Dnf9jfESW6PA%2BnXx%2FXKT4a7q0MZBXLfXO3RurueMyWh4Slv7KGFes2xHFVxnm%2F5IzNprWYcX1XAjpZsykCK2miktF0%2FK3NL4gJNfSg73%2BOtzT4i53ZRLVwNgf4%2BlUkGpi6F5sR11ap%2FVuqBOzqbZaikw%3D%3D&Expires=1773374165 - Comet）の閲覧・調査
「NEC Aspire UX 7.00」の操作・実務
「Aspire UX マニュアル」の操作・実務
「資料・その他 ? Aspire Blog」の操作・実務
「発信者番号に応じて着信先を変える ? Aspire Blog」の操作・実務
「マウスキーボードを2台のPCで切り替えるKVM切り替え機でショートカットキーで切り替えれられるものはUGREENとかである？」の操作・実務
「タッチパッドのドライバーの再インストール手順を知りたい（文書番号：a10055） | 日本HP LIVEサポートナビ」の操作・実務
「support.hp.com/jp-ja/drivers」の操作・実務
「HPR ドライバおよびソフトウェアのダウンロード | HPR サポート」の操作・実務
「HPR ノートブック ドライバおよびソフトウェアのダウンロード | HPR サポート」の操作・実務
「HP EliteBook 830 G8 ノートブック PC (6A3M8AV) ソフトウェアおよびドライバのダウンロード | HPR サポート」の操作・実務
Webサイト（個人フォルダ - サイボウズ Office）の閲覧・調査
Webサイト（メッセージの詳細 - サイボウズ Office）の閲覧・調査
Webサイト（ワークフロー（最新一覧） - サイボウズ Office）の閲覧・調査
Webサイト（申請データの作成（申請フォームの選択） - サイボウズ Office）の閲覧・調査
Webサイト（申請データの作成（内容の入力） - サイボウズ Office）の閲覧・調査
Webサイト（ファイル管理 - サイボウズ Office）の閲覧・調査
Webサイト（ファイルの詳細 - サイボウズ Office）の閲覧・調査
Excelファイル（新規タスク記録表.xlsx）のデータ入力・編集
Excelファイル（20260413_OA予備中古ノートPC2台購入_④稟議書（システム関連,社長決裁）20230701.xlsx）のデータ入力・編集"
2026/04/13,12:00 - 12:59,"Webサイト（メール - サイボウズ Office）の閲覧・調査
Antigravityを用いた「システム開発・改善」の開発・相談"
2026/04/13,13:00 - 13:59,"Antigravityを用いた「システム開発・改善」の開発・相談
Webサイト（WindowsアプリやAIの活用法、最新ニュース - 窓の杜）の閲覧・調査
「WindowsアプリやAIの活用法、最新ニュース」の操作・実務
Webサイト（「Adobe Acrobat Reader」に緊急のセキュリティ更新、一刻も早いアップデートを - 窓の杜）の閲覧・調査
「「Adobe Acrobat Reader」に緊急のセキュリティ更新、一刻も早いアップデートを」の操作・実務
Webサイト（Gemini）の閲覧・調査
Webサイト（Chrome で Gemini を使用する - コンピューター - Gemini アプリ ヘルプ）の閲覧・調査
「Pinterest」の操作・実務
Webサイト（Pinterest - ピンタレスト）の閲覧・調査
Webサイト（アナリティクスレポートツールを、無料でまとめて比較）の閲覧・調査
Webサイト（Adobe Acrobat Reader ラーニングとサポート）の閲覧・調査
Webサイト（個人フォルダ - サイボウズ Office）の閲覧・調査
Webサイト（メッセージの送信 - サイボウズ Office）の閲覧・調査
Webサイト（【転送】Fwd: 本日到着分です。）の閲覧・調査
Excelファイル（20260413_OA予備中古ノートPC2台購入_④稟議書（システム関連,社長決裁）20230701.xlsx）のデータ入力・編集
Excelファイル（アプリケーション アプリ別(端末機一覧).csv）のデータ入力・編集
Webサイト（【アップデート情報】窓の杜収録ソフト　4月28日　～「Adobe Acrobat Reader DC」や「UltraVNC」など - 窓の杜）の閲覧・調査
「【アップデート情報】窓の杜収録ソフト　4月28日　～「Adobe Acrobat Reader DC」や「UltraVNC」など」の操作・実務
Webサイト（セキュリティ 脆弱性 - 窓の杜）の閲覧・調査
「セキュリティ 脆弱性」の操作・実務
Excelファイル（アプリケーション アプリ別(端末機一覧)2.csv）のデータ入力・編集"
2026/04/13,14:00 - 14:59,"Webサイト（Adobe Acrobat Reader ラーニングとサポート）の閲覧・調査
Webサイト（個人フォルダ - サイボウズ Office）の閲覧・調査
Webサイト（メッセージの詳細 - サイボウズ Office）の閲覧・調査
Webサイト（メッセージの変更（標題・本文） - サイボウズ Office）の閲覧・調査
Webサイト（スケジュール（グループ週表示） - サイボウズ Office）の閲覧・調査
Webサイト（予定の詳細 - サイボウズ Office）の閲覧・調査
Antigravityを用いた「システム開発・改善」の開発・相談
Webサイト（メール - サイボウズ Office）の閲覧・調査"
2026/04/13,15:00 - 15:59,"Webサイト（【転送】Fwd: 本日到着分です。）の閲覧・調査
Webサイト（受信トレイ - t_ito）の閲覧・調査
Webサイト（3.Webミーティング - t_ito）の閲覧・調査
Webサイト（すべてのメール - t_ito@forest.co.jp）の閲覧・調査
Webサイト（t_ito@forest.co.jp）の閲覧・調査
Webサイト（2.システム運営課 - t_ito）の閲覧・調査
Webサイト（CS Improvement Project Meeting Coordination - NotebookLM）の閲覧・調査
「更新登録申請のご案内(多区分)_弊所管理番号：M2008-055」の操作・実務
「進行中: isobe@forest.co.jp さんが、ビデオ通話にあなたを招待しています」の操作・実務
Excelファイル（アプリケーション アプリ別(端末機一覧).csv）のデータ入力・編集
Excelファイル（アプリケーション アプリ別(アプリ一覧)DC.csv）のデータ入力・編集
Excelファイル（アプリケーション アプリ別(アプリ一覧).csv）のデータ入力・編集
Excelファイル（アプリケーション アプリ別(端末機一覧)2.csv）のデータ入力・編集
Excelファイル（アプリケーション アプリ別(端末機一覧)AcrobatDC.csv）のデータ入力・編集
Excelファイル（アプリケーション アプリ別(端末機一覧)Acrobat.csv）のデータ入力・編集
「Book1」の操作・実務
Antigravityを用いた「システム開発・改善」の開発・相談
Webサイト（個人フォルダ - サイボウズ Office）の閲覧・調査
Webサイト（メッセージの詳細 - サイボウズ Office）の閲覧・調査
Excelファイル（20260413_OA予備中古ノートPC2台購入_④稟議書（システム関連,社長決裁）20230701.xlsx）のデータ入力・編集
Excelファイル（2025年度下期_業績評価シート【3068伊藤健人】.xlsx ）のデータ入力・編集
Webサイト（1.システム部（福岡） - t_ito）の閲覧・調査
Webサイト（Re: 【重要】「ギガファイル便」の利用禁止措置と各社でのアクセスブロック実施のお願い）の閲覧・調査"
2026/04/13,16:00 - 16:59,"Antigravityを用いた「システム開発・改善」の開発・相談
「Cybozu Email Exporter」の操作・実務
「Cybozu Exporter」の操作・実務
Webサイト（新規事業提案 - サイボウズ Office）の閲覧・調査
Webサイト（メール - サイボウズ Office）の閲覧・調査"
2026/04/13,17:00 - 17:59,"「Cybozu Exporter」の操作・実務
Antigravityを用いた「システム開発・改善」の開発・相談
Webサイト（個人フォルダ - サイボウズ Office）の閲覧・調査
Webサイト（Re: 【重要】「ギガファイル便」の利用禁止措置と各社でのアクセスブロック実施のお願い）の閲覧・調査
Webサイト（受信トレイ - t_ito）の閲覧・調査
Webサイト（1.システム部（福岡） - t_ito）の閲覧・調査
Webサイト（進行中: shimomura@forest.co.jp さんが、ビデオ通話にあなたを招待しています）の閲覧・調査
Webサイト（Meet - zfv-crsz-epk）の閲覧・調査
Webサイト（メッセージの詳細 - サイボウズ Office）の閲覧・調査
Excelファイル（20260413_OA予備中古ノートPC2台購入_④稟議書（システム関連,社長決裁）20230701.xlsx）のデータ入力・編集
Excelファイル（②2025年度下期_多面評価シート（様式①） (1).xlsx ）のデータ入力・編集
Excelファイル（2025年度下期_業績評価シート【3068伊藤健人】 (2).xlsx ）のデータ入力・編集
Excelファイル（2025年度下期_業績評価シート【3068伊藤健人】 (2).xlsx）のデータ入力・編集"
2026/04/13,18:00 - 18:59,"「Cybozu Exporter」の操作・実務
Antigravityを用いた「システム開発・改善」の開発・相談
Webサイト（《黒スニーカー発見で“発覚3時間遅れ”に改めて不満噴出》保護者が明かした“出欠管理システム”「『自分の子どもだったら』と、すごく怖い」【京都・小6男児行方不明】）の閲覧・調査
「開いているファイル」の操作・実務
「hosts」の操作・実務
「タイトルなし」の操作・実務
スクリプト（test.bat - メモ帳）の開発・デバッグ
Webサイト（Gemini）の閲覧・調査
Excelファイル（20260413_OA予備中古ノートPC2台購入_④稟議書（システム関連,社長決裁）20230701.xlsx）のデータ入力・編集
Excelファイル（Adobe_Inventory_FWN-026.csv）のデータ入力・編集
スクリプト（AdobeCheck.bat - メモ帳）の開発・デバッグ
スクリプト（*AdobeCheck.bat - メモ帳）の開発・デバッグ
「\\10.85.33.230\01_全社共有\...\（NAS）伊藤\AdobeAcrobatReaderログ\AdobeCheck_FWN-026.txt」の操作・実務
「\\10.85.33.230\01_全社共有\...\（NAS）伊藤\AdobeAcrobatReaderログ\新規 テキスト ドキュメント.txt」の操作・実務
「\\10.85.33.230\01_全社共有\...\（NAS）伊藤\AdobeAcrobatReaderログ\新規 テキスト ドキュメント.txt(更新)」の操作・実務
Webサイト（2026年4月の記事一覧 - 窓の杜）の閲覧・調査
「2026年4月の記事一覧」の操作・実務
「AdobeCheck_FWN-026.txt」の操作・実務
Webサイト（《""黒スニーカー""発見で強まる事件性》京都小6行方不明で安達家の親しい知人が新証言「行方不明になった週にはすでに刑事が来てた」「ご家族みんなが結希くんを愛している」）の閲覧・調査
Webサイト（22.002.20191 Planned update, Aug 09, 2022 — Acrobat-Acrobat Reader Release Notes）の閲覧・調査
Webサイト（Adobe Acrobat Reader (無料の PDF ビューア) をダウンロード）の閲覧・調査
Webサイト（22.003.20258 Planned update, Oct 11, 2022 — Acrobat-Acrobat Reader Release Notes）の閲覧・調査
Webサイト（Acrobat Enterprise Release Notes — Acrobat-Acrobat Reader Release Notes）の閲覧・調査
Webサイト（旧バージョンAcrobat Readerのインストーラー | heboDJ.net）の閲覧・調査
Webサイト（Adobe - Adobe Acrobat Reader をインストール）の閲覧・調査
Webサイト（Acrobat Reader DCより前のバージョンをインストールする方法 | SEの良心）の閲覧・調査
Webサイト（Acrobat・Acrobat Readerの過去の古いバージョンをダウンロードしてインストールする｜QuickTimer）の閲覧・調査
Webサイト（Acrobat 2020 のダウンロード）の閲覧・調査
「Adobe Reader XI (11.0.08)」の操作・実務
Webサイト（Adobe Acrobat Readerの一括配布 | Adobe Acrobat）の閲覧・調査
Webサイト（Acrobat エンタープライズ版または VIP ライセンスのインストール）の閲覧・調査
Webサイト（Acrobat Reader をインストール）の閲覧・調査
Webサイト（ダウンロードとインストールのヘルプ）の閲覧・調査
Webサイト（アドビアプリケーションのダウンロードとインストール）の閲覧・調査
Webサイト（Adobe Acrobat のダウンロード）の閲覧・調査
Webサイト（Acrobat Reader の旧バージョンをインストールする）の閲覧・調査
「Adobe Acrobat Reader」の操作・実務"
2026/04/13,19:00 - 19:59,"スクリプト（AdobeCheck.bat - メモ帳）の開発・デバッグ
スクリプト（*AdobeCheck.bat - メモ帳）の開発・デバッグ
「Adobe Reader XI (11.0.08)」の操作・実務
「\\10.85.33.230\01_全社共有\...\（NAS）伊藤\AdobeAcrobatReaderログ\AdobeCheck_FWN-026.txt」の操作・実務
「AdobeCheck_FWN-026.txt」の操作・実務
Webサイト（FWN-026）の閲覧・調査
Webサイト（Chrome で Gemini を使用する - コンピューター - Gemini アプリ ヘルプ）の閲覧・調査
Webサイト（Use Gemini in Chrome - Computer - Gemini アプリ ヘルプ）の閲覧・調査
Antigravityを用いた「システム開発・改善」の開発・相談
「Cybozu Exporter」の操作・実務"
2026/04/13,20:00 - 20:59,"Webサイト（FWN-026）の閲覧・調査
「Cybozu Exporter」の操作・実務
Antigravityを用いた「システム開発・改善」の開発・相談
「AdobeCheck_FWN-026.txt」の操作・実務
「\\10.85.33.230\01_全社共有\...\（NAS）伊藤\AdobeAcrobatReaderログ\AdobeCheck_FWN-026.txt」の操作・実務"
2026/04/14,09:00 - 09:59,"Antigravityを用いた「システム開発・改善」の開発・相談
Webサイト（トップページ - サイボウズ Office）の閲覧・調査
Webサイト（ユーザー情報の変更）の閲覧・調査
「Cybozu Exporter」の操作・実務
「Cybozu MBOX Evolution」の操作・実務
Webサイト（個人フォルダ - サイボウズ Office）の閲覧・調査
Webサイト（メッセージの詳細 - サイボウズ Office）の閲覧・調査
Webサイト（進行中: shimomura@forest.co.jp さんが、ビデオ通話にあなたを招待しています）の閲覧・調査
Webサイト（1.システム部（福岡） - t_ito）の閲覧・調査
Webサイト（cybozu_sent_migration - ローカルフォルダー）の閲覧・調査
Webサイト（受信トレイ - ローカルフォルダー）の閲覧・調査
「Cybozu MBOX Evolution V3.0」の操作・実務
Webサイト（メール - サイボウズ Office）の閲覧・調査
「Cybozu Exporter V4.6」の操作・実務
Webサイト（メール本文 - サイボウズ Office）の閲覧・調査
「Cybozu Exporter V4.8」の操作・実務
「Cybozu Exporter V4.9」の操作・実務
「Cybozu Exporter V5.0」の操作・実務
Webサイト（NTTドコモ - t_ito）の閲覧・調査
Webサイト（受信トレイ - t_ito）の閲覧・調査
Webサイト（警告: ファームウェア）の閲覧・調査"
2026/04/14,10:00 - 10:59,"「Cybozu Exporter V5.0」の操作・実務
Antigravityを用いた「システム開発・改善」の開発・相談
「Cybozu Exporter V5.1」の操作・実務
スクリプト（AdobeCheck.bat - メモ帳）の開発・デバッグ
スクリプト（*AdobeCheck.bat - メモ帳）の開発・デバッグ
「\\10.85.33.230\01_全社共有\...\（NAS）伊藤\AdobeAcrobatReaderログ\AdobeCheck_FWN-026.txt」の操作・実務
「AdobeCheck_FWN-026.txt」の操作・実務
「\\10.85.33.230\01_全社共有\...\（NAS）伊藤\AdobeAcrobatReaderログ\新規 テキスト ドキュメント.txt」の操作・実務"
2026/04/14,11:00 - 11:59,"スクリプト（AdobeCheck.bat - メモ帳）の開発・デバッグ
スクリプト（*AdobeCheck.bat - メモ帳）の開発・デバッグ
「\\10.85.33.230\01_全社共有\...\（NAS）伊藤\AdobeAcrobatReaderログ\AdobeCheck_FWN-026.txt」の操作・実務
「Cybozu Exporter V5.1」の操作・実務
「\\10.85.33.230\01_全社共有\...\（NAS）伊藤\AdobeAcrobatReaderログ\AdobeCheck_FWN-034.txt」の操作・実務
Webサイト（個人フォルダ - サイボウズ Office）の閲覧・調査
「AdobeCheck_FWN-034.txt」の操作・実務"
2026/04/14,12:00 - 12:59,"Webサイト（個人フォルダ - サイボウズ Office）の閲覧・調査
Webサイト（メッセージの詳細 - サイボウズ Office）の閲覧・調査
「Cybozu Exporter V5.1」の操作・実務
「\\10.85.33.230\01_全社共有\...\（NAS）伊藤\AdobeAcrobatReaderログ\AdobeCheck_WIN10-1004.txt」の操作・実務
「AdobeCheck_WIN10-1004.txt」の操作・実務"
2026/04/14,13:00 - 13:59,"Excelファイル（20260413_OA予備中古ノートPC2台購入_④稟議書（システム関連,社長決裁）20230701.xlsx）のデータ入力・編集
Excelファイル（20260201_ハードウェア一覧.csv）のデータ入力・編集
「\\10.85.33.230\01_全社共有\...\（NAS）伊藤\AdobeAcrobatReaderログ\AdobeCheck_WIN10-1004.txt」の操作・実務
「AdobeCheck_FWN-034.txt」の操作・実務
「\\10.85.33.230\01_全社共有\...\（NAS）伊藤\AdobeAcrobatReaderログ\AdobeCheck_FWN-034.txt」の操作・実務
「AdobeCheck_FWN-026.txt」の操作・実務
「\\10.85.33.230\01_全社共有\...\（NAS）伊藤\AdobeAcrobatReaderログ\AdobeCheck_FWN-026.txt」の操作・実務
「Cybozu Exporter V5.1」の操作・実務
Excelファイル（2025年度下期_業績評価シート【3068伊藤健人】 (2).xlsx）のデータ入力・編集
Excelファイル（ハードウェア一覧.csv）のデータ入力・編集
Excelファイル（ハードウェア一覧_updated.csv）のデータ入力・編集
Webサイト（個人フォルダ - サイボウズ Office）の閲覧・調査
Webサイト（メッセージの詳細 - サイボウズ Office）の閲覧・調査
Webサイト（ワークフロー（最新一覧） - サイボウズ Office）の閲覧・調査
「Y:\システム統括部\業改室\★大宮システム部\（NAS）伊藤\AdobeAcrobatReaderログ\AdobeCheck_FWN-039.txt」の操作・実務
「AdobeCheck_FWN-039.txt」の操作・実務
スクリプト（AdobeCheck.bat - メモ帳）の開発・デバッグ
Antigravityを用いた「システム開発・改善」の開発・相談
「Cybozu Exporter V5.2」の操作・実務"
2026/04/14,14:00 - 14:59,"スクリプト（AdobeCheck.bat - メモ帳）の開発・デバッグ
スクリプト（*AdobeCheck.bat - メモ帳）の開発・デバッグ
「AdobeCheck_FWN-026.txt」の操作・実務
「\\10.85.33.230\01_全社共有\...\（NAS）伊藤\AdobeAcrobatReaderログ\AdobeCheck_FWN-026.txt」の操作・実務
「\\10.85.33.230\01_全社共有\...\（NAS）伊藤\AdobeAcrobatReaderログ\AdobeCheck_FWN-034.txt」の操作・実務
「AdobeCheck_FWN-034.txt」の操作・実務
「Cybozu Exporter V5.2」の操作・実務
「\\10.85.33.230\01_全社共有\...\（NAS）伊藤\AdobeAcrobatReaderログ\AdobeCheck_WIN10-1082.txt」の操作・実務
Excelファイル（2025年度下期_業績評価シート【3068伊藤健人】 (2).xlsx）のデータ入力・編集
Excelファイル（ハードウェア一覧.csv）のデータ入力・編集
Excelファイル（ハードウェア一覧_Adobe集計版_V2.csv）のデータ入力・編集"
2026/04/14,15:00 - 15:59,"Webサイト（個人フォルダ - サイボウズ Office）の閲覧・調査
Webサイト（メッセージの詳細 - サイボウズ Office）の閲覧・調査
Webサイト（FWN-026 上の FWN-026\フォーレスト026）の閲覧・調査
「HP Elitebook830G8がキートップ、タッチパッドの不具合、 HP Probook 430G8 中古　8GB　16GB　256GB...」の操作・実務
「Perplexity」の操作・実務
「HP Wolf Security　が入ったPCでBitLockerが頻繁にパスワードを聞いてくるようになったのはHP Wolf Securityが関連するのか？」の操作・実務
「HP EliteBook 830 G8 ノートブック PC (6A3M8AV) ソフトウェアおよびドライバのダウンロード | HPR サポート」の操作・実務
「BitLocker　ある日急にパスワードを聞かれるようになる問題」の操作・実務
Excelファイル（ハードウェア一覧_Adobe集計版_V2.csv）のデータ入力・編集
「AdobeCheck_WIN10-1082.txt」の操作・実務
「\\10.85.33.230\01_全社共有\...\（NAS）伊藤\AdobeAcrobatReaderログ\AdobeCheck_WIN10-1082.txt」の操作・実務
Excelファイル（2025年度下期_業績評価シート【3068伊藤健人】 (2).xlsx）のデータ入力・編集
「Cybozu Exporter V5.2」の操作・実務
Webサイト（トップページ - サイボウズ Office）の閲覧・調査
Webサイト（メール - サイボウズ Office）の閲覧・調査
Antigravityを用いた「システム開発・改善」の開発・相談
「Cybozu Exporter V5.3」の操作・実務
Webサイト（Gemini）の閲覧・調査
Webサイト（NotebookLM）の閲覧・調査
Webサイト（Creating Notebook...）の閲覧・調査"
2026/04/14,16:00 - 16:59,"Webサイト（Use Gemini in Chrome - Computer - Gemini アプリ ヘルプ）の閲覧・調査
Webサイト（アナリティクスレポートツールを、無料でまとめて比較）の閲覧・調査
Webサイト（Chrome ウェブストア - 拡張機能）の閲覧・調査
「Chrome ウェブストア」の操作・実務
Webサイト（Notebooklm Source Importer - Chrome ウェブストア）の閲覧・調査
Webサイト（「Notebooklm Source Importer」が Chrome に追加されました）の閲覧・調査
PDF資料（Acrobat-for-Chrome.pdf）の閲覧・内容確認
Webサイト（NotebookLM）の閲覧・調査
Webサイト（EC売上データと外部要因の可視化 - NotebookLM）の閲覧・調査
Webサイト（Nint ECommerce）の閲覧・調査
Webサイト（予測分析とは| IBM）の閲覧・調査
Webサイト（【2026年最新版】ECサイト売上の方程式とは？具体的な施策や見直しポイントを解説！）の閲覧・調査
Webサイト（需要予測の8個の手法｜メリットや業務を効率化するツール | ECデータラボ| 株式会社Nint (ニント)）の閲覧・調査
Webサイト（AI需要予測・価格最適化で実現する、次世代のEC需給管理 | 【公式】ecbeing ECサイト構築国内シェアNo.1）の閲覧・調査
Webサイト（EC市場とは何？意味や今後の動向・推移を徹底解説｜クレジットカード決済代行の株式会社DGフィナンシャルテクノロジー（DGFT,旧：ベリトランス株式会社））の閲覧・調査
Webサイト（ECサイトの分析手法とは？重要な12の指標や無料の分析ツールも解説 - awoo）の閲覧・調査
「ECサイトの分析手法とは？重要な12の指標や無料の分析ツールも解説」の操作・実務
Webサイト（ECサイトの売上分析方法を解説！分析の重要性や見るべき指標をまとめました）の閲覧・調査
Webサイト（売上予測とは？ 精度を高めることの重要性と手順・計算方法を詳しく解説｜ビジネスブログ｜ソフトバンク）の閲覧・調査
Webサイト（出店戦略の礎を築く、商圏分析定番の売上予測手法3選｜技研商事インターナショナル）の閲覧・調査
Webサイト（小売業の売上分析入門｜7つのフレームワークと活用事例 | CAM UP）の閲覧・調査
Webサイト（Gemini）の閲覧・調査
Excelファイル（2025年度下期_業績評価シート【3068伊藤健人】 (2).xlsx）のデータ入力・編集
Excelファイル（管理コンソールメイン画面.csv）のデータ入力・編集
Antigravityを用いた「システム開発・改善」の開発・相談"
2026/04/14,17:00 - 17:59,"Excelファイル（管理コンソールメイン画面.csv）のデータ入力・編集
Excelファイル（2025年度下期_業績評価シート【3068伊藤健人】 (2).xlsx）のデータ入力・編集
Webサイト（トップページ - サイボウズ Office）の閲覧・調査
Webサイト（掲示の詳細 - サイボウズ Office）の閲覧・調査
PDF資料（FRT組織図-20260401.pdf）の閲覧・内容確認
「Cybozu Exporter V5.3」の操作・実務
Webサイト（政府統計の総合窓口(e-Stat)−API機能 | 政府統計の総合窓口(e-Stat)−API機能）の閲覧・調査
Webサイト（ユーザ登録 | 政府統計の総合窓口）の閲覧・調査
Webサイト（すべて | 統計データを探す | 政府統計の総合窓口）の閲覧・調査
Webサイト（分野から探す | 政府統計の総合窓口）の閲覧・調査
Webサイト（小売物価統計調査 | すべて | 統計データを探す | 政府統計の総合窓口）の閲覧・調査
Webサイト（小売物価統計調査 小売物価統計調査（動向編） | データベース | 統計データを探す | 政府統計の総合窓口）の閲覧・調査
Webサイト（小売物価統計調査 小売物価統計調査（動向編） 主要品目の都市別小売価格－都道府県庁所在市及び人口15万以上の市(2000年1月～) 月次 | データベース | 統計データを探す | 政府統計の総合窓口）の閲覧・調査
Webサイト（個人フォルダ - サイボウズ Office）の閲覧・調査
Webサイト（メッセージの詳細 - サイボウズ Office）の閲覧・調査
Webサイト（Geopolitical Risk (GPR) Index）の閲覧・調査
Webサイト（メール - サイボウズ Office）の閲覧・調査
Webサイト（ワークフロー（最新一覧） - サイボウズ Office）の閲覧・調査"
2026/04/15,09:00 - 09:59,"Webサイト（(21) Grok / X）の閲覧・調査
Webサイト（NotebookLM）の閲覧・調査
Webサイト（Creating Notebook...）の閲覧・調査
Webサイト（Unified Application Management and Security Policy Framework - NotebookLM）の閲覧・調査
Webサイト（個人フォルダ - サイボウズ Office）の閲覧・調査"
2026/04/15,10:00 - 10:59,"Webサイト（メッセージの詳細 - サイボウズ Office）の閲覧・調査
「Cybozu Exporter V5.3」の操作・実務
Webサイト（Unified Application Management and Security Policy Framework - NotebookLM）の閲覧・調査
Webサイト（NotebookLM）の閲覧・調査
Webサイト（トップページ - サイボウズ Office）の閲覧・調査
Webサイト（ファイル管理 - サイボウズ Office）の閲覧・調査
Webサイト（ファイルの詳細 - サイボウズ Office）の閲覧・調査
PDF資料（本社内線表(20260402).pdf）の閲覧・内容確認
Webサイト（個人フォルダ - サイボウズ Office）の閲覧・調査
Webサイト（メッセージの送信 - サイボウズ Office）の閲覧・調査
Webサイト（ImportExportTools NG ヘルプ）の閲覧・調査
Excelファイル（2025年度下期_業績評価シート【3068伊藤健人】 (2).xlsx）のデータ入力・編集
Excelファイル（ハードウェア一覧_Adobe集計版_V2.csv）のデータ入力・編集"
2026/04/15,11:00 - 11:59,"Excelファイル（ハードウェア一覧_Adobe集計版_V2.csv）のデータ入力・編集
Antigravityを用いた「システム開発・改善」の開発・相談
Webサイト（メール - サイボウズ Office）の閲覧・調査
「抽出済み履歴.txt」の操作・実務"
2026/04/15,12:00 - 12:59,"Webサイト（「いま」を見つけよう / X）の閲覧・調査
Webサイト（x.com/search?q=Windows%E3%80%80%E3%80%80フリーズする&src=typed_query）の閲覧・調査
「BitLocker　ある日急にパスワードを聞かれるようになる問題」の操作・実務
Webサイト（Gemini）の閲覧・調査"
2026/04/15,13:00 - 13:59,"「BitLocker　ある日急にパスワードを聞かれるようになる問題」の操作・実務
「Cybozu Exporter V5.3」の操作・実務
Antigravityを用いた「システム開発・改善」の開発・相談
「Cybozu MBOX Evolution V3.0」の操作・実務
「Cybozu MBOX Converter V3.3」の操作・実務
Webサイト（ImportExportTools NG ヘルプ）の閲覧・調査
Webサイト（【転送】Fwd:）の閲覧・調査
Webサイト（【転送】Fwd: 本日到着分です。）の閲覧・調査
Webサイト（Fwd: 【重要】「ギガファイル便」の利用禁止措置と各社でのアクセスブロック実施のお願い）の閲覧・調査
Webサイト（Re: 【重要】「ギガファイル便」の利用禁止措置と各社でのアクセスブロック実施のお願い）の閲覧・調査
Webサイト（進行中: shimomura@forest.co.jp さんが、ビデオ通話にあなたを招待しています）の閲覧・調査
Webサイト（受信トレイ - t_ito）の閲覧・調査
Webサイト（cybozu_sent_migration - ローカルフォルダー）の閲覧・調査
Webサイト（cybozu_sent_migration(10) - ローカルフォルダー）の閲覧・調査
Webサイト（cybouz - t_ito）の閲覧・調査
Webサイト（t_ito）の閲覧・調査
Webサイト（受信トレイ - 統合フォルダー）の閲覧・調査
Webサイト（すべてのメール - t_ito@forest.co.jp）の閲覧・調査
Webサイト（Thunderbirdの 'Local Folders' を選択）の閲覧・調査
Webサイト（t_ito@forest.co.jp）の閲覧・調査
Webサイト（受信トレイ - ローカルフォルダー）の閲覧・調査
「Cybozu MBOX Converter V3.5」の操作・実務
Webサイト（ローカルフォルダー）の閲覧・調査
Webサイト（TEST - t_ito@forest.co.jp）の閲覧・調査
Webサイト（スター付き - t_ito@forest.co.jp）の閲覧・調査
Webサイト（重要 - t_ito@forest.co.jp）の閲覧・調査
Webサイト（Mozilla Thunderbird）の閲覧・調査
Webサイト（受信トレイ - t_ito@forest.co.jp）の閲覧・調査
Webサイト（Cybozu_Backup_0415）の閲覧・調査
Webサイト（Server情報 - t_ito）の閲覧・調査
PDF資料（Acrobat-for-Chrome.pdf）の閲覧・内容確認
「Downdetector」の操作・実務
「Cybozu MBOX Converter V3.6」の操作・実務"
2026/04/15,14:00 - 14:59,"「Cybozu MBOX Converter V3.6」の操作・実務
Antigravityを用いた「システム開発・改善」の開発・相談
Webサイト（Mozilla Thunderbird）の閲覧・調査
Webサイト（t_ito）の閲覧・調査
Webサイト（受信トレイ - t_ito）の閲覧・調査
Webサイト（受信トレイ - ローカルフォルダー）の閲覧・調査
Webサイト（ローカルフォルダー）の閲覧・調査
Webサイト（Cybozu_Backup_0415_1404 - t_ito）の閲覧・調査
Webサイト（10. Forestway・cocodecow会員規約 - t_ito）の閲覧・調査
Webサイト（11. 契約書審査 - t_ito）の閲覧・調査
Webサイト（NoTitle）の閲覧・調査
Webサイト（TEST - t_ito@forest.co.jp）の閲覧・調査
Webサイト（28. 独占禁止法違反事件 - ローカルフォルダー）の閲覧・調査
「進行中: isobe@forest.co.jp さんが、ビデオ通話にあなたを招待しています」の操作・実務
「受信トレイ (11,651)」の操作・実務
Webサイト（Cybozu_Backup_0415_1404 - ローカルフォルダー）の閲覧・調査
Webサイト（11-11. フォーレスト酒販 - ローカルフォルダー）の閲覧・調査
Webサイト（11-12. 契約書ひな型 - ローカルフォルダー）の閲覧・調査
Webサイト（11-13. 英文契約書 - ローカルフォルダー）の閲覧・調査
Webサイト（11-9. システム部 - ローカルフォルダー）の閲覧・調査
Webサイト（11-8. 配送サービス部 - ローカルフォルダー）の閲覧・調査
Webサイト（11-7. 物流部 - ローカルフォルダー）の閲覧・調査
Webサイト（12. 内部統制・コンプライアンス・リスク管理関連 - ローカルフォルダー）の閲覧・調査
Webサイト（13. 管理部 - ローカルフォルダー）の閲覧・調査
Webサイト（33. ジェットクリーニング㈱ - ローカルフォルダー）の閲覧・調査
Webサイト（34. TKC・Freee・バクラク関連 - ローカルフォルダー）の閲覧・調査
Webサイト（5. 取締役会・経営会議 - ローカルフォルダー）の閲覧・調査
Webサイト（7. 物流プロジェクト会議 - ローカルフォルダー）の閲覧・調査
Webサイト（8. ㈱エディオン連携 - ローカルフォルダー）の閲覧・調査
Webサイト（9. フォーレスト規程関連 - ローカルフォルダー）の閲覧・調査
Webサイト（11. 契約書審査 - ローカルフォルダー）の閲覧・調査
Webサイト（16. 商品管理部 - ローカルフォルダー）の閲覧・調査
Webサイト（20. 顧客課・サービス課 - ローカルフォルダー）の閲覧・調査
Webサイト（18. 新規開発部 - ローカルフォルダー）の閲覧・調査
Webサイト（17. マーケティング部 - ローカルフォルダー）の閲覧・調査
Webサイト（13. 管理部 - t_ito）の閲覧・調査
Webサイト（14. 事業管理部・ＡＩ推進関連 - t_ito）の閲覧・調査
Webサイト（15. 商品部 - t_ito）の閲覧・調査
Webサイト（16. 商品管理部 - t_ito）の閲覧・調査
Webサイト（22. 配送サービス部 - t_ito）の閲覧・調査
Webサイト（23. システム部 - t_ito）の閲覧・調査
Webサイト（26. 商標登録 - t_ito）の閲覧・調査
Webサイト（29. 独占禁止法／従業員派遣・演出装飾作業 - t_ito）の閲覧・調査
Webサイト（Github - t_ito）の閲覧・調査
Webサイト（AdBlock が更新されました！）の閲覧・調査
Webサイト（Cybozu_Backup_0415_1404 - t_ito@forest.co.jp）の閲覧・調査
Webサイト（22. 配送サービス部 - t_ito@forest.co.jp）の閲覧・調査
Webサイト（複数のフォルダーが選択されています）の閲覧・調査
Webサイト（10. Forestway・cocodecow会員規約 - t_ito@forest.co.jp）の閲覧・調査
Webサイト（12. 内部統制・コンプライアンス・リスク管理関連 - t_ito）の閲覧・調査
Webサイト（20. 顧客課・サービス課 - t_ito）の閲覧・調査
Webサイト（19. 営業部 - t_ito）の閲覧・調査
Webサイト（24. 監査業務・監査法人関連 - t_ito）の閲覧・調査
Webサイト（27. 業務連絡 - t_ito）の閲覧・調査
「""TEST""」の操作・実務
Webサイト（スター付き - t_ito@forest.co.jp）の閲覧・調査
Webサイト（4. 株主総会 - t_ito）の閲覧・調査
Webサイト（t_ito@forest.co.jp）の閲覧・調査
Webサイト（下書き - t_ito@forest.co.jp）の閲覧・調査
Webサイト（送信済みメール - t_ito@forest.co.jp）の閲覧・調査
Webサイト（すべてのメール - t_ito@forest.co.jp）の閲覧・調査
Webサイト（13-1. 総務・人事課 - t_ito）の閲覧・調査
Webサイト（13-2. 経理課 - t_ito）の閲覧・調査
Webサイト（Re: Fwd: Fw: 山崎実業 弊社商品の販売について）の閲覧・調査
Webサイト（9. フォーレスト規程関連 - t_ito）の閲覧・調査
Webサイト（8. ㈱エディオン連携 - t_ito）の閲覧・調査
Webサイト（7-2. 東京配送サービス株式会社 - t_ito）の閲覧・調査
Webサイト（7-3. 寿堂紙製造株式会社 - t_ito）の閲覧・調査
Webサイト（7. 物流プロジェクト会議 - t_ito）の閲覧・調査
Webサイト（31. 福徳・フォーレスト酒販関連 - t_ito）の閲覧・調査
Webサイト（Downdetector - リアルタイムのサービス問題と障害を確認 - JP）の閲覧・調査
「Downdetector」の操作・実務
Webサイト（Cybozu_Backup_0415_1444 - t_ito）の閲覧・調査"
2026/04/15,15:00 - 15:59,"Antigravityを用いた「システム開発・改善」の開発・相談
Webサイト（Cybozu_Backup_0415_1444 - t_ito）の閲覧・調査
Webサイト（1.Forest - t_ito）の閲覧・調査
Webサイト（1.システム部（福岡） - t_ito）の閲覧・調査
Webサイト（進行中: isobe@forest.co.jp さんが、ビデオ通話にあなたを招待しています）の閲覧・調査
Webサイト（Meet - iyh-sqmf-hzm）の閲覧・調査
「Cybozu MBOX Converter V3.6」の操作・実務
Webサイト（Mozilla Thunderbird）の閲覧・調査
Webサイト（t_ito@forest.co.jp）の閲覧・調査
Webサイト（すべてのメール - t_ito@forest.co.jp）の閲覧・調査
Webサイト（受信トレイ - ローカルフォルダー）の閲覧・調査
Webサイト（ローカルフォルダー）の閲覧・調査
Webサイト（t_ito）の閲覧・調査
Webサイト（受信トレイ - t_ito）の閲覧・調査
Webサイト（Cybozu_Backup_0415_1509 - t_ito）の閲覧・調査
「""TEST""」の操作・実務
「""TEST/Cybozu_Backup_0415_1509/11. 契約書審査/11-11. フォーレスト酒販""」の操作・実務
「""TEST/Cybozu_Backup_0415_1509/11. 契約書審査/11-10. エディオン""」の操作・実務
「""TEST/Cybozu_Backup_0415_1509/11. 契約書審査/11-9. システム部""」の操作・実務
「""TEST/Cybozu_Backup_0415_1509/11. 契約書審査/11-7. 物流部""」の操作・実務
Webサイト（1. - t_ito@forest.co.jp）の閲覧・調査
Webサイト（11-1. ファイル保管済 - t_ito@forest.co.jp）の閲覧・調査
Webサイト（1. - t_ito）の閲覧・調査
Webサイト（Cybozu_Backup_0415_1509 - t_ito@forest.co.jp）の閲覧・調査
「""TEST/Cybozu_Backup_0415_1509/1. "" (27)」の操作・実務
「""TEST/Cybozu_Backup_0415_1509/2. ""」の操作・実務
Webサイト（アカウントのセットアップ）の閲覧・調査
Webサイト（TEST - t_ito@forest.co.jp）の閲覧・調査
Webサイト（受信トレイ - kato@forest.co.jp）の閲覧・調査
Webサイト（受信トレイ - t_ito@forest.co.jp）の閲覧・調査
Webサイト（受信トレイ - 統合フォルダー）の閲覧・調査
Webサイト（サイボウズ／バックアップ - kato@forest.co.jp）の閲覧・調査
Webサイト（1. - kato@forest.co.jp）の閲覧・調査
Webサイト（10. Forestway・cocodecow会員規約 - t_ito）の閲覧・調査
Webサイト（複数のフォルダーが選択されています）の閲覧・調査
Webサイト（10. Forestway・cocodecow会員規約 - kato@forest.co.jp）の閲覧・調査
Webサイト（11-1. ファイル保管済 - kato@forest.co.jp）の閲覧・調査
Webサイト（11-10. エディオン - kato@forest.co.jp）の閲覧・調査
Webサイト（現状主装置UX管理表）の閲覧・調査
Webサイト（年間スケジュール変更の件）の閲覧・調査
Webサイト（Re: 年間スケジュール変更の件）の閲覧・調査
Webサイト（PDF.js viewer）の閲覧・調査
PDF資料（NL5E2630006-0000.pdf）の閲覧・内容確認
PDF資料（a??c´“a?†a?，a”§a†?.pdf）の閲覧・内容確認"
2026/04/15,16:00 - 16:59,"Webサイト（Re: 年間スケジュール変更の件）の閲覧・調査
Webサイト（年間スケジュール変更の件）の閲覧・調査
Webサイト（PDF.js viewer）の閲覧・調査
PDF資料（NL5E2630006-0000.pdf）の閲覧・内容確認
PDF資料（a??c´“a?†a?，a”§a†?.pdf）の閲覧・内容確認
Webサイト（1. - kato@forest.co.jp）の閲覧・調査
Webサイト（11-1. ファイル保管済 - kato@forest.co.jp）の閲覧・調査
Webサイト（11-10. エディオン - kato@forest.co.jp）の閲覧・調査
Webサイト（11-11. フォーレスト酒販 - kato@forest.co.jp）の閲覧・調査
Webサイト（11. 契約書審査 - kato@forest.co.jp）の閲覧・調査
Webサイト（13-1. 総務・人事課 - kato@forest.co.jp）の閲覧・調査
Webサイト（13-2. 経理課 - kato@forest.co.jp）の閲覧・調査
Webサイト（10. Forestway・cocodecow会員規約 - kato@forest.co.jp）の閲覧・調査
Webサイト（メール - サイボウズ Office）の閲覧・調査
Webサイト（1. - t_ito）の閲覧・調査
Excelファイル（20260413_OA予備中古ノートPC2台購入_④稟議書（システム関連,社長決裁）20230701.xlsx）のデータ入力・編集
「Adobe Reader XI」の操作・実務
「Adobe Reader XI (11.0.08)」の操作・実務
Webサイト（Adobe Acrobat Reader (無料の PDF ビューア) をダウンロード）の閲覧・調査
Webサイト（Adobe - Adobe Acrobat Reader をインストール）の閲覧・調査
Webサイト（受信トレイ - 統合フォルダー）の閲覧・調査
Webサイト（11. 契約書審査 - t_ito）の閲覧・調査
Webサイト（11-1. ファイル保管済 - t_ito）の閲覧・調査
Webサイト（11-10. エディオン - t_ito）の閲覧・調査
Webサイト（11-11. フォーレスト酒販 - t_ito）の閲覧・調査
Webサイト（11-12. 契約書ひな型 - t_ito）の閲覧・調査
Webサイト（11-13. 英文契約書 - kato@forest.co.jp）の閲覧・調査
Webサイト（11-2. 商品部 - kato@forest.co.jp）の閲覧・調査
Webサイト（11-3. 管理部 - kato@forest.co.jp）の閲覧・調査
Webサイト（11-4. 商品管理部 - kato@forest.co.jp）の閲覧・調査
Webサイト（11-5. 営業部 - kato@forest.co.jp）の閲覧・調査
Webサイト（11-6. マーケティング部 - kato@forest.co.jp）の閲覧・調査
Webサイト（11-7. 物流部 - kato@forest.co.jp）の閲覧・調査
Webサイト（11-8. 配送サービス部 - kato@forest.co.jp）の閲覧・調査
Webサイト（11-9. システム部 - kato@forest.co.jp）の閲覧・調査
Webサイト（12. 内部統制・コンプライアンス・リスク管理関連 - kato@forest.co.jp）の閲覧・調査
Webサイト（13. 管理部 - kato@forest.co.jp）の閲覧・調査
Antigravityを用いた「システム開発・改善」の開発・相談
「Adobe」の操作・実務
「Cybozu MBOX Converter V3.6」の操作・実務
Webサイト（トップページ - サイボウズ Office）の閲覧・調査
Webサイト（個人フォルダ - サイボウズ Office）の閲覧・調査
Webサイト（メッセージの詳細 - サイボウズ Office）の閲覧・調査
Webサイト（複数のフォルダーが選択されています）の閲覧・調査
Webサイト（7-9. 垂直搬送機の関する件 - kato@forest.co.jp）の閲覧・調査
Webサイト（職務分担書のご報告）の閲覧・調査
Webサイト（サイボウズ／バックアップ - kato@forest.co.jp）の閲覧・調査
Webサイト（Adobe - Adobe Acrobat Reader をダウンロード）の閲覧・調査
Webサイト（9. フォーレスト規程関連 - kato@forest.co.jp）の閲覧・調査
Webサイト（8-2. 表示関連 - kato@forest.co.jp）の閲覧・調査
Webサイト（8-1. ドロップシッピング - kato@forest.co.jp）の閲覧・調査
Webサイト（8. ㈱エディオン連携 - kato@forest.co.jp）の閲覧・調査
Webサイト（7-8. 物件紹介・コマーシャル - kato@forest.co.jp）の閲覧・調査
Webサイト（すべてのメール - kato@forest.co.jp）の閲覧・調査
「AdobeCheck_FWN-034.txt」の操作・実務
「\\10.85.33.230\01_全社共有\...\（NAS）伊藤\AdobeAcrobatReaderログ\AdobeCheck_FWN-034.txt」の操作・実務
Webサイト（「いま」を見つけよう / X）の閲覧・調査
「""TEST/Cybozu_Backup_0415_1509/1. "" (27)」の操作・実務
「メモ: 「会議：2026年度1次予算案（2次案）報告」（2026年3月23日）」の操作・実務
「""TEST/Cybozu_Backup_0415_1509""」の操作・実務
「""TEST""」の操作・実務"
2026/04/15,17:00 - 17:59,"「Adobe」の操作・実務
Webサイト（Adobe - Download Adobe Acrobat Reader）の閲覧・調査
Webサイト（Adobe - Adobe Acrobat Reader をインストール）の閲覧・調査
Antigravityを用いた「システム開発・改善」の開発・相談
Webサイト（複数のフォルダーが選択されています）の閲覧・調査
Webサイト（Cybozu_Backup_0415_1509 - t_ito）の閲覧・調査
Webサイト（1.Forest - t_ito）の閲覧・調査
Webサイト（5.Forestシステム通知 - t_ito）の閲覧・調査
Webサイト（動的配車情報 - t_ito）の閲覧・調査
Webサイト（未引当 - t_ito）の閲覧・調査
Webサイト（t_ito@forest.co.jp）の閲覧・調査
Webサイト（受信トレイ - t_ito@forest.co.jp）の閲覧・調査
Webサイト（Adobe - Adobe Acrobat Reader をダウンロード）の閲覧・調査
Excelファイル（ハードウェア一覧_Adobe集計版_V2.csv）のデータ入力・編集
Excelファイル（20260413_OA予備中古ノートPC2台購入_④稟議書（システム関連,社長決裁）20230701.xlsx）のデータ入力・編集
Excelファイル（2025年度下期_業績評価シート【3068伊藤健人】 (2).xlsx）のデータ入力・編集
Excelファイル（新規タスク記録表.xlsx）のデータ入力・編集"
2026/04/15,18:00 - 18:59,"「C_Drive_List.txt」の操作・実務
「MultiRBL.valli.org」の操作・実務"
2026/04/16,08:00 - 08:59,Webサイト（Microsoft Edge の新機能）の閲覧・調査
2026/04/16,09:00 - 09:59,"Antigravityを用いた「システム開発・改善」の開発・相談
Webサイト（Adobe Acrobat Reader (無料の PDF ビューア) をダウンロード）の閲覧・調査
Webサイト（Adobe - Adobe Acrobat Reader をインストール）の閲覧・調査
PDF資料（Acrobat-for-Chrome.pdf）の閲覧・内容確認
Webサイト（Adobe - Adobe Acrobat Reader をダウンロード）の閲覧・調査
「Adobe」の操作・実務
Webサイト（トップページ - サイボウズ Office）の閲覧・調査
Webサイト（個人フォルダ - サイボウズ Office）の閲覧・調査
Webサイト（メッセージの詳細 - サイボウズ Office）の閲覧・調査
Webサイト（メール - サイボウズ Office）の閲覧・調査"
2026/04/16,10:00 - 10:59,"Antigravityを用いた「システム開発・改善」の開発・相談
Webサイト（メール本文 - サイボウズ Office）の閲覧・調査
Webサイト（メール - サイボウズ Office）の閲覧・調査
Webサイト（個人フォルダ - サイボウズ Office）の閲覧・調査
「Cybozu Exporter V6.0」の操作・実務
「Cybozu Exporter V6.1」の操作・実務
「katoTEST2_tree.txt」の操作・実務"
2026/04/16,11:00 - 11:59,"「katoTEST2_folder_tree.txt」の操作・実務
Antigravityを用いた「システム開発・改善」の開発・相談
「Cybozu Exporter V6.1」の操作・実務
「Cybozu Exporter V6.2」の操作・実務
Webサイト（個人フォルダ - サイボウズ Office）の閲覧・調査"
2026/04/16,12:00 - 12:59,"Antigravityを用いた「システム開発・改善」の開発・相談
「Cybozu Exporter V6.2」の操作・実務
「Cybozu Exporter V6.3」の操作・実務
「Cybozu Exporter V6.4」の操作・実務"
2026/04/16,13:00 - 13:59,"「_46799_マスプロ電工株式会社売買基本契約書確認依頼.txt」の操作・実務
Antigravityを用いた「システム開発・改善」の開発・相談
「Cybozu Exporter V6.4」の操作・実務
「Cybozu Exporter V6.5」の操作・実務
Webサイト（メール - サイボウズ Office）の閲覧・調査
Webサイト（メール本文 - サイボウズ Office）の閲覧・調査
「Cybozu Exporter V6.7」の操作・実務
「Cybozu Exporter V6.8」の操作・実務
「Cybozu Exporter V6.9」の操作・実務
Webサイト（個人フォルダ - サイボウズ Office）の閲覧・調査
「Cybozu Exporter V6.10」の操作・実務
「起動しています」の操作・実務
Excelファイル（営業部ログ表示結果-20260416133509.csv）のデータ入力・編集
Excelファイル（管理コンソールメイン画面.csv）のデータ入力・編集
「Microsoft Visual Basic for Applications」の操作・実務"
2026/04/16,14:00 - 14:59,"「Microsoft Visual Basic for Applications」の操作・実務
Excelファイル（営業部ログ表示結果-20260416133509.csv）のデータ入力・編集
「Cybozu Exporter V6.11」の操作・実務
Antigravityを用いた「システム開発・改善」の開発・相談
Webサイト（プロシージャの外では無効です | Microsoft Learn）の閲覧・調査
Excelファイル（管理コンソールメイン画面.csv）のデータ入力・編集
Excelファイル（商品部ログ表示結果-20260416133509.csv）のデータ入力・編集
Excelファイル（商品部ログ表示結果-20260416133509.csvのプロパティ）のデータ入力・編集
「Cybozu Exporter V6.10」の操作・実務
Excelファイル（①社用ノートパソコン管理台帳.xlsx ）のデータ入力・編集
「Cybozu Exporter V6.12」の操作・実務
Webサイト（メール - サイボウズ Office）の閲覧・調査
Webサイト（メール本文 - サイボウズ Office）の閲覧・調査
Webサイト（file:///C:/Users/%E3%83%95%E3%82%A9%E3%83%BC%E3%83）の閲覧・調査
「Cybozu Exporter V6.14」の操作・実務
Webサイト（個人フォルダ - サイボウズ Office）の閲覧・調査
Webサイト（ユーザー名簿 - サイボウズ Office）の閲覧・調査"
2026/04/16,15:00 - 15:59,"Webサイト（スケジュール（グループ週表示） - サイボウズ Office）の閲覧・調査
Webサイト（Mozilla Thunderbird）の閲覧・調査
Webサイト（受信トレイ - t_ito）の閲覧・調査
Webサイト（1. - kato@forest.co.jp）の閲覧・調査
Webサイト（受信トレイ - t_ito@forest.co.jp）の閲覧・調査
「Microsoft Visual Basic for Applications」の操作・実務
Excelファイル（新規 Microsoft Excel ワークシート.xlsx）のデータ入力・編集
Excelファイル（管理コンソールメイン画面.csv）のデータ入力・編集
Excelファイル（①社用ノートパソコン管理台帳.xlsx ）のデータ入力・編集
Webサイト（ユーザー名簿 - サイボウズ Office）の閲覧・調査
Webサイト（WindowsアプリやAIの活用法、最新ニュース - 窓の杜）の閲覧・調査
「WindowsアプリやAIの活用法、最新ニュース」の操作・実務"
2026/04/16,16:00 - 16:59,"Webサイト（WindowsアプリやAIの活用法、最新ニュース - 窓の杜）の閲覧・調査
「WindowsアプリやAIの活用法、最新ニュース」の操作・実務
Webサイト（セキュリティ 脆弱性 - 窓の杜）の閲覧・調査
「セキュリティ 脆弱性」の操作・実務
Webサイト（「Acrobat Reader」に追加の脆弱性修正 ～2026年4月のAdobeセキュリティ情報 - 窓の杜）の閲覧・調査
「「Acrobat Reader」に追加の脆弱性修正 ～2026年4月のAdobeセキュリティ情報」の操作・実務
Webサイト（無料のメールソフト「Thunderbird」にセキュリティ修正 ～最大深刻度はhigh - 窓の杜）の閲覧・調査
Webサイト（「Firefox 149.0.2」が公開 ～細かな不具合と5件の脆弱性に対処 - 窓の杜）の閲覧・調査
「「Firefox 149.0.2」が公開 ～細かな不具合と5件の脆弱性に対処」の操作・実務
Excelファイル（管理コンソールメイン画面.csv）のデータ入力・編集
Excelファイル（①社用ノートパソコン管理台帳.xlsx ）のデータ入力・編集
Webサイト（個人フォルダ - サイボウズ Office）の閲覧・調査
Webサイト（メッセージの送信 - サイボウズ Office）の閲覧・調査
「Cybozu Exporter V6.14」の操作・実務
Antigravityを用いた「システム開発・改善」の開発・相談
「Cybozu Exporter V6.12」の操作・実務
「Cybozu Exporter V6.13」の操作・実務
Webサイト（メッセージの詳細 - サイボウズ Office）の閲覧・調査
「BitLocker　ある日急にパスワードを聞かれるようになる問題」の操作・実務
「Perplexity」の操作・実務
「日本は管理者は残業代つかないけど海外も同様？」の操作・実務"
2026/04/16,17:00 - 17:59,"Excelファイル（管理コンソールメイン画面.csv）のデータ入力・編集
「Cybozu Exporter V6.13」の操作・実務
「Cybozu Exporter V6.14」の操作・実務
Antigravityを用いた「システム開発・改善」の開発・相談
Webサイト（「Microsoft Edge」にゼロデイ脆弱性、WebGPU実装「Dawn」の欠陥を突く攻撃が確認 - 窓の杜）の閲覧・調査
「「Microsoft Edge」にゼロデイ脆弱性、WebGPU実装「Dawn」の欠陥を突く攻撃が確認」の操作・実務
「Cybozu Exporter V6.16」の操作・実務
「Cybozu Exporter V6.17」の操作・実務
Webサイト（個人フォルダ - サイボウズ Office）の閲覧・調査
Webサイト（メッセージの送信 - サイボウズ Office）の閲覧・調査
「Cybozu Exporter V6.18」の操作・実務"
2026/04/16,18:00 - 18:59,"Webサイト（個人フォルダ - サイボウズ Office）の閲覧・調査
Webサイト（メッセージの詳細 - サイボウズ Office）の閲覧・調査
Webサイト（メッセージの変更（標題・本文） - サイボウズ Office）の閲覧・調査
Webサイト（メッセージの変更（宛先） - サイボウズ Office）の閲覧・調査
Webサイト（WindowsアプリやAIの活用法、最新ニュース - 窓の杜）の閲覧・調査
Webサイト（セキュリティ 脆弱性 - 窓の杜）の閲覧・調査
「セキュリティ 脆弱性」の操作・実務
Webサイト（無料のメールソフト「Thunderbird」にセキュリティ修正 ～最大深刻度はhigh - 窓の杜）の閲覧・調査
Excelファイル（管理コンソールメイン画面.csv）のデータ入力・編集
Excelファイル（ログ表示結果-20260416175217.csv）のデータ入力・編集
「Microsoft Visual Basic for Applications」の操作・実務
「Cybozu Exporter V6.18」の操作・実務
Antigravityを用いた「システム開発・改善」の開発・相談"
2026/04/16,19:00 - 19:59,"Excelファイル（ログ表示結果-20260416175217.csv）のデータ入力・編集
「Microsoft Visual Basic for Applications」の操作・実務
Excelファイル（管理コンソールメイン画面.csv）のデータ入力・編集
「日本は管理者は残業代つかないけど海外も同様？」の操作・実務
Excelファイル（ログ表示結果.csv）のデータ入力・編集"
2026/04/16,20:00 - 20:59,"Webサイト（FWN-026）の閲覧・調査
Excelファイル（ログ表示結果.csv）のデータ入力・編集
Excelファイル（①社用ノートパソコン管理台帳.xlsx ）のデータ入力・編集
「Microsoft Visual Basic for Applications」の操作・実務
Webサイト（メッセージの詳細 - サイボウズ Office）の閲覧・調査
Excelファイル（管理コンソールメイン画面.csv）のデータ入力・編集
Excelファイル（ログ表示結果-20260416175217.csv）のデータ入力・編集
Excelファイル（ログ表示結果-20251028152123.csv）のデータ入力・編集
「日本は管理者は残業代つかないけど海外も同様？」の操作・実務
「起動しています」の操作・実務
Excelファイル（ログ表示結果.xlsm）のデータ入力・編集"
2026/04/16,22:00 - 22:59,"Webサイト（Microsoft Edge の新機能）の閲覧・調査
Webサイト（メール - サイボウズ Office）の閲覧・調査"
2026/04/17,09:00 - 09:59,"「①社用ノートパソコン管理台帳 (version 1).xlsb 」の操作・実務
Webサイト（トップページ - サイボウズ Office）の閲覧・調査
Webサイト（個人フォルダ - サイボウズ Office）の閲覧・調査
Webサイト（メッセージの詳細 - サイボウズ Office）の閲覧・調査
Webサイト（ワークフロー（最新一覧） - サイボウズ Office）の閲覧・調査
Webサイト（未処理申請の処理 - サイボウズ Office）の閲覧・調査
Excelファイル（ログ表示結果.xlsm）のデータ入力・編集
Webサイト（「Microsoft Edge」にゼロデイ脆弱性、WebGPU実装「Dawn」の欠陥を突く攻撃が確認 - 窓の杜）の閲覧・調査
Webサイト（無料のメールソフト「Thunderbird」にセキュリティ修正 ～最大深刻度はhigh - 窓の杜）の閲覧・調査
「Adobe」の操作・実務
PDF資料（Acrobat-for-Chrome.pdf）の閲覧・内容確認
「「Microsoft Edge」にゼロデイ脆弱性、WebGPU実装「Dawn」の欠陥を突く攻撃が確認」の操作・実務
Webサイト（Adobe - Adobe Acrobat Reader をインストール）の閲覧・調査
Webサイト（まだGeminiを「わざわざ」開いてる？ブラウザの横に固定するだけで作業はもっと楽になる | ライフハッカー・ジャパン）の閲覧・調査
Webサイト（「Windows+R」は絶対に押すな！　新入社員に贈るセキュリティの新常識5選（ITmedia エンタープライズ） - Yahoo!ニュース）の閲覧・調査
Webサイト（コントロールパネル）の閲覧・調査
Webサイト（コントロールパネル :: ユーザー管理）の閲覧・調査"
2026/04/17,10:00 - 10:59,"「Y:\システム統括部\業改室\★大宮システム部\（NAS）伊藤\Cドライブ全抜きコマンド.txt」の操作・実務
「管理コンソールメイン画面 (version 1).xlsb 」の操作・実務
「日本は管理者は残業代つかないけど海外も同様？」の操作・実務"
2026/04/17,11:00 - 11:59,"「Y:\システム統括部\業改室\★大宮システム部\（NAS）伊藤\Cドライブ全抜きコマンド.txt」の操作・実務
「Y:\システム統括部\業改室\★大宮システム部\（NAS）伊藤\Cドライブ全抜きコマンド.txt(更新)」の操作・実務
「Y:\システム統括部\業改室\★大宮システム部\（NAS）伊藤\C_Full_Drive_List.txt」の操作・実務
Webサイト（メッセージの詳細 - サイボウズ Office）の閲覧・調査
Webサイト（トップページ - サイボウズ Office）の閲覧・調査
Webサイト（ファイル管理 - サイボウズ Office）の閲覧・調査
Webサイト（ファイルの詳細 - サイボウズ Office）の閲覧・調査
PDF資料（本社内線表(20260402) (2).pdf）の閲覧・内容確認
Webサイト（個人フォルダ - サイボウズ Office）の閲覧・調査
Webサイト（メッセージの送信 - サイボウズ Office）の閲覧・調査
Excelファイル（ログ表示結果.xlsm）のデータ入力・編集
Webサイト（Downdetector - リアルタイムのサービス問題と障害を確認 - JP）の閲覧・調査
「Downdetector」の操作・実務
Webサイト（So-net 接続/システム障害発生？サービス中断などの問題をリアルタイムでお知らせ - JP）の閲覧・調査
「So-net 接続/システム障害発生？サービス中断などの問題をリアルタイムでお知らせ」の操作・実務"
2026/04/17,12:00 - 12:59,"「Y:\システム統括部\業改室\★大宮システム部\（NAS）伊藤\C_Full_Drive_List.txt」の操作・実務
Webサイト（個人フォルダ - サイボウズ Office）の閲覧・調査
Webサイト（メッセージの詳細 - サイボウズ Office）の閲覧・調査
Webサイト（トップページ - サイボウズ Office）の閲覧・調査
Webサイト（ファイル管理 - サイボウズ Office）の閲覧・調査
Webサイト（ファイルの詳細 - サイボウズ Office）の閲覧・調査
Webサイト（パーソナル インテリジェンス）の閲覧・調査"
2026/04/17,13:00 - 13:59,"Webサイト（個人フォルダ - サイボウズ Office）の閲覧・調査
Webサイト（メッセージの詳細 - サイボウズ Office）の閲覧・調査
Webサイト（ToDo リスト）の閲覧・調査
Webサイト（Mozilla Thunderbird）の閲覧・調査
Webサイト（1. - kato@forest.co.jp）の閲覧・調査
Webサイト（t_ito）の閲覧・調査
Webサイト（受信トレイ - t_ito）の閲覧・調査
Webサイト（富士通 - t_ito）の閲覧・調査
Webサイト（3.EDIONクロスベンチャーズ - t_ito）の閲覧・調査
Webサイト（宮澤 - t_ito）の閲覧・調査
Webサイト（ノートPCの御見積書送付）の閲覧・調査
Webサイト（PDF.js viewer）の閲覧・調査
PDF資料（ABJ）.PDF）の閲覧・内容確認
PDF資料（NW見積書 フォーレスト様向けノートPC_20260415.pdf）の閲覧・内容確認
Webサイト（作成: Re: ノートPCの御見積書送付 - Thunderbird）の閲覧・調査
「メッセージを送信しています」の操作・実務
Webサイト（受信トレイ - t_ito@forest.co.jp）の閲覧・調査
Webサイト（年間スケジュール）の閲覧・調査
Webサイト（年間スケジュール変更の件）の閲覧・調査
Webサイト（Re: 年間スケジュール変更の件）の閲覧・調査
Webサイト（作成: Re: 年間スケジュール変更の件 - Thunderbird）の閲覧・調査
Webサイト（Bizストレージ ファイルシェア）の閲覧・調査
PDF資料（20260415?受領書 兼 検収書.pdf）の閲覧・内容確認"
2026/04/17,14:00 - 14:59,"Webサイト（個人フォルダ - サイボウズ Office）の閲覧・調査
Webサイト（メッセージの送信 - サイボウズ Office）の閲覧・調査
Webサイト（Re: 年間スケジュール変更の件）の閲覧・調査
Webサイト（受信トレイ - t_ito@forest.co.jp）の閲覧・調査
Webサイト（受信トレイ - t_ito）の閲覧・調査
Excelファイル（ログ表示結果.xlsm）のデータ入力・編集
「管理コンソールメイン画面 (version 1).xlsb 」の操作・実務
Excelファイル（ログ表示結果-20260416175217.csv）のデータ入力・編集
Excelファイル（管理コンソールメイン画面.csv）のデータ入力・編集
Excelファイル（ログ表示結果-20260416175217.xlsm）のデータ入力・編集
「Microsoft Visual Basic for Applications」の操作・実務
「①社用ノートパソコン管理台帳 (version 1).xlsb 」の操作・実務
Excelファイル（FMV dynabook OA系デバイス管理台帳.xlsx ）のデータ入力・編集
Excelファイル（本社OAプライベートIPアドレス割当一覧.xlsx ）のデータ入力・編集
Excelファイル（本社OAプライベートIPアドレス割当一覧.xlsx）のデータ入力・編集
Excelファイル（①社用ノートパソコン管理台帳.xlsx ）のデータ入力・編集
Webサイト（メッセージの詳細 - サイボウズ Office）の閲覧・調査
Webサイト（メッセージの変更（標題・本文） - サイボウズ Office）の閲覧・調査"
2026/04/17,15:00 - 15:59,"「Microsoft Visual Basic for Applications」の操作・実務
「日本は管理者は残業代つかないけど海外も同様？」の操作・実務
Webサイト（個人フォルダ - サイボウズ Office）の閲覧・調査
Webサイト（メッセージの詳細 - サイボウズ Office）の閲覧・調査
Webサイト（「ついに限界が見えた」イラン原油、封鎖なら“2週間後の危機”）の閲覧・調査
Webサイト（【京都・男児失踪事件】安達結希さんの遺体に「頚椎損傷」の痕跡が! 電撃逮捕の父親「首を絞めて殺害」の衝撃情報）の閲覧・調査"
2026/04/17,16:00 - 16:59,"Webサイト（トップページ - サイボウズ Office）の閲覧・調査
Webサイト（個人フォルダ - サイボウズ Office）の閲覧・調査
Webサイト（メッセージの詳細 - サイボウズ Office）の閲覧・調査
Webサイト（中古スマホ・タブレット販売の【イオシス】｜けっこう安い。）の閲覧・調査
Webサイト（ノートPC 商品一覧│中古パソコン販売の【イオシス】）の閲覧・調査
Webサイト（DELL ノートPC商品一覧│中古パソコン販売の【イオシス】）の閲覧・調査
Webサイト（【Refreshed PC】Latitude 5320【Core i5(2.6GHz)/16GB/256GB SSD/Win10Pro】|中古ノートPC格安販売の【イオシス】）の閲覧・調査
Webサイト（Fujitsu FMV商品一覧│中古パソコン販売の【イオシス】）の閲覧・調査
Webサイト（LIFEBOOK U9311/F FMVU34025【Core i5(2.6GHz)/8GB/256GB SSD/Win11Pro】|中古ノートPC格安販売の【イオシス】）の閲覧・調査
Webサイト（中古 ProBook 430G8 hp 3D3Z2PA 中古パソコン通販専門店 Be-Stock）の閲覧・調査
Webサイト（HP ノートPC商品一覧│中古パソコン販売の【イオシス】）の閲覧・調査
Webサイト（Latitude 3410【Core i5(1.6GHz)/16GB/256GB SSD/Win11Pro】|中古ノートPC格安販売の【イオシス】）の閲覧・調査
Webサイト（Toshiba Dynabook商品一覧│中古パソコン販売の【イオシス】）の閲覧・調査
Webサイト（dynabook G83/HU A6GAHUAAH615【Core i7(3.0GHz)/16GB/512GB SSD/Win11Pro】|中古ノートPC格安販売の【イオシス】）の閲覧・調査
Webサイト（ファイルの詳細 - サイボウズ Office）の閲覧・調査
「Microsoft Visual Basic for Applications」の操作・実務
Excelファイル（本社OAプライベートIPアドレス割当一覧.xlsx）のデータ入力・編集
Excelファイル（2026年4月度【社員】勤怠申請・承認のご依頼0417.xlsx ）のデータ入力・編集
Webサイト（Re: 年間スケジュール変更の件）の閲覧・調査
Webサイト（宮澤 - t_ito）の閲覧・調査
Webサイト（3.EDIONクロスベンチャーズ - t_ito）の閲覧・調査"
2026/04/17,17:00 - 17:59,Excelファイル（2026年4月度【社員】勤怠申請・承認のご依頼0417.xlsx ）のデータ入力・編集
2026/04/17,18:00 - 18:59,Webサイト（3.EDIONクロスベンチャーズ - t_ito）の閲覧・調査
2026/04/19,20:00 - 20:59,"Webサイト（Messaging APIの料金 | LINE Developers）の閲覧・調査
Webサイト（LINE Notify）の閲覧・調査
Webサイト（FWN-026）の閲覧・調査
Webサイト（ファイルの詳細 - サイボウズ Office）の閲覧・調査
「Perplexity」の操作・実務
「日本は管理者は残業代つかないけど海外も同様？」の操作・実務
Webサイト（個人フォルダ - サイボウズ Office）の閲覧・調査
Webサイト（Bizストレージ ファイルシェア | エラー）の閲覧・調査
Webサイト（メッセージの詳細 - サイボウズ Office）の閲覧・調査
Webサイト（ワークフロー（最新一覧） - サイボウズ Office）の閲覧・調査
Webサイト（未処理申請の処理 - サイボウズ Office）の閲覧・調査
「①社用ノートパソコン管理台帳 (version 2).xlsb 」の操作・実務
「①社用ノートパソコン管理台帳 (version 1).xlsb」の操作・実務
「①社用ノートパソコン管理台帳 (version 1).xlsb 」の操作・実務
Excelファイル（①社用ノートパソコン管理台帳 (version 1).xlsb.xlsx ）のデータ入力・編集
Excelファイル（①社用ノートパソコン管理台帳.xlsx ）のデータ入力・編集
「本社OAプライベートIPアドレス割当一覧 (version 1).xlsb 」の操作・実務
Excelファイル（本社OAプライベートIPアドレス割当一覧.xlsx ）のデータ入力・編集
Excelファイル（本社OAプライベートIPアドレス割当一覧.xlsx）のデータ入力・編集
「FMV dynabook OA系デバイス管理台帳 (version 1).xlsb 」の操作・実務
Excelファイル（FMV dynabook OA系デバイス管理台帳.xlsx ）のデータ入力・編集
「起動しています」の操作・実務
Excelファイル（③2025年度下期_行動評価シート（様式②~⑤）.xlsx ）のデータ入力・編集
Excelファイル（③2024年度上期_行動評価シート（様式②~⑤） (2).xlsx）のデータ入力・編集
PDF資料（①2025年度_下期_人事評価(概要).pdf）の閲覧・内容確認
Excelファイル（②2025年度下期_多面評価シート（様式①）.xlsx）のデータ入力・編集
Excelファイル（④2025年度下期_役割変更推薦書（様式⑥）　.xlsx ）のデータ入力・編集
Excelファイル（2025年度下期_業績評価シート【3068伊藤健人】 (3).xlsx ）のデータ入力・編集
Excelファイル（2025年度下期_業績評価シート【3068伊藤健人】 (3).xlsx）のデータ入力・編集
Excelファイル（2025年度下期_業績評価シート【3068伊藤健人】 (2).xlsx）のデータ入力・編集
「Adobe」の操作・実務
PDF資料（Acrobat-for-Chrome.pdf）の閲覧・内容確認
「「Microsoft Edge」にゼロデイ脆弱性、WebGPU実装「Dawn」の欠陥を突く攻撃が確認」の操作・実務
Webサイト（無料のメールソフト「Thunderbird」にセキュリティ修正 ～最大深刻度はhigh - 窓の杜）の閲覧・調査
Webサイト（「Windows+R」は絶対に押すな！　新入社員に贈るセキュリティの新常識5選（ITmedia エンタープライズ） - Yahoo!ニュース）の閲覧・調査
Webサイト（ToDo リスト）の閲覧・調査
Webサイト（dynabook G83/HU A6GAHUAAH615【Core i7(3.0GHz)/16GB/512GB SSD/Win11Pro】|中古ノートPC格安販売の【イオシス】）の閲覧・調査
Webサイト（「Microsoft Edge」にゼロデイ脆弱性、WebGPU実装「Dawn」の欠陥を突く攻撃が確認 - 窓の杜）の閲覧・調査
Webサイト（Adobe - Adobe Acrobat Reader をインストール）の閲覧・調査
Excelファイル（2025年度下期_業績評価シート【3068伊藤健人】 (2).xlsx ）のデータ入力・編集"
2026/04/19,21:00 - 21:59,"Excelファイル（2025年度下期_業績評価シート【3068伊藤健人】 (2).xlsx）のデータ入力・編集
「起動しています」の操作・実務
Excelファイル（新規タスク記録表.xlsx）のデータ入力・編集
Webサイト（乗換案内、時刻表、運行情報 - Yahoo!路線情報）の閲覧・調査
Webサイト（増尾から大宮(埼玉県)への乗換案内 - Yahoo!路線情報）の閲覧・調査
Webサイト（ToDo リスト）の閲覧・調査
PDF資料（①2025年度_下期_人事評価(概要).pdf）の閲覧・内容確認
Excelファイル（③2025年度下期_行動評価シート（様式②~⑤）.xlsx ）のデータ入力・編集
Excelファイル（③2025年度下期_行動評価シート（様式②~⑤）.xlsx）のデータ入力・編集
Excelファイル（③2024年度上期_行動評価シート（様式②~⑤） (2).xlsx）のデータ入力・編集
Webサイト（トップページ - サイボウズ Office）の閲覧・調査
Webサイト（個人フォルダ - サイボウズ Office）の閲覧・調査"
2026/04/19,22:00 - 22:59,"Excelファイル（③2024年度上期_行動評価シート（様式②~⑤） (2).xlsx）のデータ入力・編集
Excelファイル（③2025年度下期_行動評価シート（様式②~⑤）.xlsx）のデータ入力・編集
Webサイト（NotebookLM）の閲覧・調査
Webサイト（Unified Application Management and Security Policy Framework - NotebookLM）の閲覧・調査
Webサイト（増尾から大宮(埼玉県)への乗換案内 - Yahoo!路線情報）の閲覧・調査
Webサイト（Secure Remote Access and Multi-Factor Authentication Solutions - NotebookLM）の閲覧・調査
Webサイト（Corporate IT Systems and Network Administration Operations - NotebookLM）の閲覧・調査
Webサイト（The 40-Year-Old Family Man’s Complete Minimalist Inventory - NotebookLM）の閲覧・調査
Webサイト（自己啓発： - NotebookLM）の閲覧・調査"
2026/04/19,23:00 - 23:59,"Webサイト（自己啓発： - NotebookLM）の閲覧・調査
Webサイト（Yahoo!ニュース）の閲覧・調査
Webサイト（セキュリティ 脆弱性 - 窓の杜）の閲覧・調査
「セキュリティ 脆弱性」の操作・実務
Webサイト（Anthropic、最新鋭モデル「Claude Opus 4.7」を発表 ～激ムズな作業も監督なしで任せられるレベル - 窓の杜）の閲覧・調査
「Anthropic、最新鋭モデル「Claude Opus 4.7」を発表 ～激ムズな作業も監督なしで任せられるレベル」の操作・実務
Webサイト（Claude（クロード）とは？日本語の料金や使い方、ChatGPTとの違いを解説）の閲覧・調査
Webサイト（Claudeとは？機能や強み・活用例・料金プランを徹底解説 | マネーフォワード クラウド）の閲覧・調査
Webサイト（【2026年版】Claude製品を完全解説！6製品×機能マップで整理してみた｜AGIラボ）の閲覧・調査
Webサイト（Claude CodeのセッションをTODOリストにしたら、人間はシングルタスク、Agentはマルチタスクで回り始めた話｜九津見 真太郎）の閲覧・調査"
2026/04/20,00:00 - 00:59,"Webサイト（Gemini）の閲覧・調査
Webサイト（絶対後悔しないモニターアーム おすすめ9選 | 2026年版）の閲覧・調査
Webサイト（「いま」を見つけよう / X）の閲覧・調査
Webサイト（マレーシアで大規模火災が発生し、200軒の家屋が焼失）の閲覧・調査
Webサイト（【セナから20年後の世界】川井一仁が語る「アイルトン・セナの事故のあの日......」 | web Sportiva (スポルティーバ)）の閲覧・調査
Webサイト（川井一仁が語る「アイルトン・セナ、20年前のあの日......」 | web Sportiva (スポルティーバ)）の閲覧・調査
Webサイト（川井一仁が語る「アイルトン・セナ、20年前のあの日......」 (2ページ目) | web Sportiva (スポルティーバ)）の閲覧・調査
Webサイト（特集 2002-2004 | トヨタF1チーム 公式サイト）の閲覧・調査
Webサイト（アイルトン・セナ没後30年記念コラム：強烈な個性を持つ天才ドライバーがF1にもたらした新基準 | autosport web）の閲覧・調査
Webサイト（邪神戦記ルルイエ少女隊 ～クトゥルフ神話ＴＤ～ - DMM GAMES）の閲覧・調査
Webサイト（アイルトン・セナ | autosport web）の閲覧・調査
Webサイト（アイルトン・セナ | 2ページ目 (3ページ中) | autosport web）の閲覧・調査
Webサイト（アイルトン・セナ | 3ページ目 (3ページ中) | autosport web）の閲覧・調査
Webサイト（「ハミルトンはセナの速さを持った、より紳士的なF1ドライバー」と元ボス | autosport web）の閲覧・調査"
2026/04/20,09:00 - 09:59,"Webサイト（ファイル管理 - サイボウズ Office）の閲覧・調査
Webサイト（個人フォルダ - サイボウズ Office）の閲覧・調査
Webサイト（メッセージの詳細 - サイボウズ Office）の閲覧・調査
Webサイト（中古スマホ・タブレット販売の【イオシス】｜けっこう安い。）の閲覧・調査
Webサイト（ノートPC 商品一覧│中古パソコン販売の【イオシス】）の閲覧・調査
Webサイト（HP ノートPC商品一覧│中古パソコン販売の【イオシス】）の閲覧・調査
Webサイト（Latitude 5320【Core i5(2.4GHz)/16GB/512GB SSD/Win11Pro】|中古ノートPC格安販売の【イオシス】）の閲覧・調査
Webサイト（保証期間について | 中古スマホ・タブレット格安販売の【イオシス】）の閲覧・調査
Webサイト（VersaPro UltraLite タイプVG VKV18/G-7 PC-VKV18GZG7【Core i7(1.8GHz)/16GB/256GB SSD/Win11Pro】|中古ノートPC格安販売の【イオシス】）の閲覧・調査
Webサイト（スペック詳細：UltraLite タイプVG＜VG-7＞）の閲覧・調査
Webサイト（VersaPro タイプVC UltraLite VKT10/C-7 PC-VKT10CZG7【Core i5(1.0GHz)/8GB/256GB SSD/Win11Pro】|中古ノートPC格安販売の【イオシス】）の閲覧・調査
Webサイト（NotebookLM）の閲覧・調査
Webサイト（Creating Notebook...）の閲覧・調査
Webサイト（NEC VersaPro UltraLite VKT10/C-7 Specifications and Purchase Guide - NotebookLM）の閲覧・調査
Webサイト（【Refreshed PC】dynabook S73/HU A6SFHUF8D515【Core i5(2.4GHz)/8GB/256GB SSD/Win11Pro】|中古ノートPC格安販売の【イオシス】）の閲覧・調査
Webサイト（厳選した中古パソコン、中古PCのクオリット｜横河レンタ・リース）の閲覧・調査
Webサイト（厳選した中古パソコン、中古PCのクオリット　商品一覧｜横河レンタ・リース）の閲覧・調査
「日本は管理者は残業代つかないけど海外も同様？」の操作・実務
「Buffalo BHR-4GRV2 電波の強度を変更できる？」の操作・実務
「Perplexity」の操作・実務
「中東情勢　どうなっている？　日本のガソリン価格はどうなる？」の操作・実務
「マウスキーボードを2台のPCで切り替えるKVM切り替え機でショートカットキーで切り替えれられるものはUGREENとかである？」の操作・実務
「テプラ　SPC10　Excelデータの作り方」の操作・実務
「Bizストレージファイルシェア　のBizドライブって部署で複数の受信ファイルを共有できる機能として考えていい？　例えばメールのCCのように一人が受信してダウンロ...」の操作・実務
「HP Elitebook830G8がキートップ、タッチパッドの不具合、 HP Probook 430G8 中古　8GB　16GB　256GB...」の操作・実務
「HP Wolf Security　が入ったPCでBitLockerが頻繁にパスワードを聞いてくるようになったのはHP Wolf Securityが関連するのか？」の操作・実務
「BitLocker　ある日急にパスワードを聞かれるようになる問題」の操作・実務
「Bizストレージ ファイルシェア（導入サポート） ｜ NTTドコモビジネス 法人のお客さま」の操作・実務
「中古ノートPC Win11 8GB または16GB SSD（M.2）256～512GB DDR-４で増設が」の操作・実務
「パソコンショップ DO-MU」の操作・実務
Webサイト（パソコンショップ DO-MU | やっぱり中古パソコン）の閲覧・調査
Webサイト（Core i5）の閲覧・調査"
2026/04/20,10:00 - 10:59,"Webサイト（Core i5）の閲覧・調査
「パソコンショップ DO-MU」の操作・実務
「中古ノートPC Win11 8GB または16GB SSD（M.2）256～512GB DDR-４で増設が」の操作・実務
Webサイト（LIFEBOOK U ノートパソコン 中古 Office搭載 富士通 U9311 第11世代 Core i5 メモリ8GB/16GB SSD256GB/512GB/1TB 黒 顔認証 ノートPC 13.3型 Windows11 : パソコン専門店 リンカイストア - 通販 - Yahoo!ショッピング - Comet）の閲覧・調査
Webサイト（LIFEBOOK U おすすめ人気商品一覧 通販 - Yahoo!ショッピング - Comet）の閲覧・調査
Webサイト（カート一覧 - Yahoo!ショッピング - ネットで通販、オンラインショッピング - Comet）の閲覧・調査
「Perplexity」の操作・実務
「LIFEBOOK U9311 第11世代 Core i5」の操作・実務
「247ps-i.isnet.jp.fujitsu.com/platform/pc/product/lifebook/u9311f/」の操作・実務
「富士通 ノートパソコン（PC） LIFEBOOK U9311/F 製品詳細」の操作・実務
「富士通 ノートパソコン（PC） LIFEBOOK U9311/F 仕様」の操作・実務
「リンカイストア」の操作・実務
Webサイト（VETESA ノートパソコン ブルー 水色 青 新品 15.6型 Office搭載 Windows11 第12世代 Celeron N95 メモリ16GB SSD512GB WEBカメラ テンキー : パソコン専門店 リンカイストア - 通販 - Yahoo!ショッピング - Comet）の閲覧・調査
Webサイト（パソコン専門店 リンカイストア - 商品一覧（おすすめ順） - 売れ筋通販 - Yahoo!ショッピング - Comet）の閲覧・調査
Webサイト（Amazon | 本, ファッション, 家電から食品まで | アマゾン）の閲覧・調査
Webサイト（Amazon.co.jp : DDR-4 So-Dim 16GB）の閲覧・調査
Webサイト（価格.com - 「買ってよかった」をすべてのひとに。）の閲覧・調査
「価格.com」の操作・実務
Webサイト（Amazon | CFD販売 ノートPC用メモリ DDR4-2133 (PC4-17000) 4GB×1枚 (4GB) 相性保証 260pin シー・エフ・デー販売 CFD Standard D4N2133CS-4G | シー・エフ・デー販売 | メモリ 通販）の閲覧・調査
Webサイト（Amazon.co.jp: CFD販売）の閲覧・調査
Webサイト（Amazon.co.jp: CFD販売: メモリ）の閲覧・調査
Webサイト（「シー・エフ・デー販売 CFD販売」の人気商品一覧 | 安い商品を通販サイトから探す - 価格.com）の閲覧・調査
「「シー・エフ・デー販売 CFD販売」の人気商品一覧 | 安い商品を通販サイトから探す」の操作・実務
Webサイト（【楽天市場】CFD販売 ノートPC用メモリ DDR4-3200 PC4-25600 16GB 1枚 260pin D4N3200CS-16G シー・エフ・デー販売：レゾナンス）の閲覧・調査
Webサイト（Amazon.co.jp : ddr-4 so-dimm 16GB）の閲覧・調査
Webサイト（Amazon.co.jp : ddr-5 so-dimm 16GB）の閲覧・調査
「中古PCショップ」の操作・実務
「中古パソコン | パソコン工房【公式通販】」の操作・実務
「パナソニックリフレッシュPC特集 | パソコン工房【公式通販】」の操作・実務
「中古ノートパソコン | パソコン工房【公式通販】」の操作・実務
「中古 IntelR Core? i5 プロセッサー搭載ノートパソコン | パソコン工房【公式通販】」の操作・実務
「40,001円～50,000円 中古ノートパソコン | パソコン工房【公式通販】」の操作・実務
「Dynabook 〔中古〕dynabook G83／FP A6G7FPF2F511（中古1ヶ月保証） | パソコン工房【公式通販】」の操作・実務
「法人・学校・官公庁様向けサービス | パソコン工房【公式通販】」の操作・実務
「激安な中古パソコンといえば【中古パソコン直販】」の操作・実務
「中古ノートパソコン　激安ノートPC　【中古パソコン直販】」の操作・実務
「Intel Core i5　中古ノートパソコン　【中古パソコン直販】」の操作・実務
「8GB以上　Intel Core i5　中古ノートパソコン　【中古パソコン直販】」の操作・実務
「16GB以上　中古ノートパソコン　【中古パソコン直販】」の操作・実務
「16GB以上　中古ノートパソコン　【中古パソコン直販】(在庫が多い順)」の操作・実務
「16GB以上　中古ノートパソコン　【中古パソコン直販】(在庫が多い順)2ページ目」の操作・実務
「10台以上　中古ノートパソコン　【中古パソコン直販】」の操作・実務
「【即納パソコン】Vostro 13 5301 (Win11pro64) 5N11　 【中古パソコン直販(46487)】」の操作・実務
Webサイト（トップページ - サイボウズ Office）の閲覧・調査
Webサイト（個人フォルダ - サイボウズ Office）の閲覧・調査
「【即納パソコン】Latitude 3330 (Win11pro64) 5N11　 【中古パソコン直販(44962)】」の操作・実務
「中古スマホ・タブレット販売の【イオシス】｜けっこう安い。」の操作・実務
「ノートPC 商品一覧│中古パソコン販売の【イオシス】」の操作・実務
「Toshiba Dynabook商品一覧│中古パソコン販売の【イオシス】」の操作・実務
「dynabook X83/LY A6X1LYD74B1A【Core i5(1.6GHz)/16GB/256GB SSD/Win11Pro】|中古ノートPC格安販売の【イオシス】」の操作・実務"
2026/04/20,11:00 - 11:59,"「Perplexity」の操作・実務
Webサイト（Amazon - Comet）の閲覧・調査
Webサイト（amazon.co.jp - Comet）の閲覧・調査
Webサイト（Amazon | 本, ファッション, 家電から食品まで | アマゾン - Comet）の閲覧・調査
Webサイト（amazon.co.jp/s?k=中古ノートパソコン&i=aps&ref=nb_sb_ss_ts-doa-p_1_2&crid=32TWDC3JUVE0N&sprefix=中古%2Caps%2C278 - Comet）の閲覧・調査
Webサイト（Amazon.co.jp : 中古ノートパソコン - Comet）の閲覧・調査
Webサイト（amazon.co.jp/s?k=中古ノートパソコン&rh=n%3A8463887051%2Cp_n_g-1004198069091%3A10456185051&dc&crid=32TWDC3JUVE0N&qid=1776651419&rnid=2456753051&sprefix=中古%2Caps%2C278&ref=sr_nr_p_n_g-1004198069091_1&ds=v1%3AJTtSRdvqwUqts0WUNhSabzpEKjFOLNk8RXRtJxVWby8 - Comet）の閲覧・調査
Webサイト（Amazon.co.jp: 中古ノートパソコン - 33,900\を超える / Windows 11 Pro / Laptop Computer / LA-LA: Product Types - Comet）の閲覧・調査
Webサイト（Amazon.co.jp: 中古ノートパソコン - 33,900 - 74,800 \ / Windows 11 Pro / Laptop Computer / LA-LA: Product Types - Comet）の閲覧・調査
Webサイト（Amazon.co.jp: 中古ノートパソコン - 33,900 - 74,800 \ / 14～14.9 In / Windows 11 Pro / Laptop Computer / ...: Product Types - Comet）の閲覧・調査
Webサイト（Amazon.co.jp: 中古ノートパソコン - 33,900 - 74,800 \ / 14～14.9 In / Intel Core I5 / Windows 11 Pro / La...: Product Types - Comet）の閲覧・調査
Webサイト（Amazon.co.jp: 中古ノートパソコン - 33,900 - 74,800 \ / 14～14.9 In / Intel Core I5 または Intel Core I7 / W...: Product Types - Comet）の閲覧・調査
Webサイト（Amazon.co.jp: 中古ノートパソコン - 33,900 - 74,800 \ / 14～14.9 In / 16GB / Intel Core I5 または Intel Core...: Product Types - Comet）の閲覧・調査
Webサイト（amazon.co.jp/【整備済み品】-ノートパソコン-Versapro-i5-1135G7-Windows11/dp/B0GNHL4HN8/ref=sr_1_14?crid=32TWDC3JUVE0N&dib=eyJ2IjoiMSJ9.u1vJ3TJ_MYOC3gu_Q3S56tC0W2ZZLIbSXAnouTz2gXny8mXahqhWPBksYYD-FAcuy2HshbqRfvilm5nWdKZRPbZCoRmGmGHGFjcXLSA25Ay1h0afoi39LSLbNRPVi4BMOtX1xJc7JR-w5Wes0uUcz40BR07UIZ3dFozzE_Hgg4Keq-WFwDitdgLExbrORkpjZ8RY_2iKagR6wt1w5jjpFCN9Hsp7s4lbFVzBF1QTy6oLPL4-NLmuOsMkSb_IZv5nNfqlMLyvldThqcxMj95q8Il2-L7pESCn8Ruz2WB5AsQ.EaW_f0ILUYQRi1eRVQSqs-gcI_3PXu3xVZMobmrqNtY&dib_tag=se&keywords=中古ノートパソコン&qid=1776651466&refinements=p_36%3A3390000-7480000%2Cp_n_g-1004198069091%3A10456185051%2Cp_n_feature_three_browse-bin%3A212653510051%2Cp_n_g-1004198002091%3A2317967051%7C2317968051%2Cp_n_g-1003119721111%3A10444736051%2Cp_n_g-101014849667111%3A22006806051&rnid=22006486051&sprefix=中古%2Caps%2C278&sr=8-14 - Comet）の閲覧・調査
Webサイト（Amazon.co.jp: 【整備済み品】 ノートパソコン NEC Versapro VM-9 14インチ フルHD Core i5-1135G7 第11世代 Windows11 Office 搭載 カメラ Wi-Fi6 type-C PC パソコン (SSD:256GB メモリ:16GB) : パソコン・周辺機器 - Comet）の閲覧・調査
Webサイト（amazon.co.jp/gp/help/customer/display.html?nodeId=GM6AEUPCYCFUTYX7 - Comet）の閲覧・調査
Webサイト（【Amazon】入荷通知について - Amazonカスタマーサービス - Comet）の閲覧・調査
Webサイト（Amazon.co.jp: 中古ノートパソコン - 33,900 - 78,900 \ / 14～14.9 In / 16GB / Intel Core I5 または Intel Core...: Product Types - Comet）の閲覧・調査
Webサイト（Amazon.co.jp: 中古ノートパソコン - 33,900 - 78,900 \ / 14～14.9 In / 16GB または 8GB / Intel Core I5 または In...: Product Types - Comet）の閲覧・調査
Webサイト（amazon.co.jp/第11世代ノートパソコン14インチ-Windows11-Office2019搭載-Latitude-7420/dp/B0F9YFTH4P/ref=sr_1_41?crid=32TWDC3JUVE0N&dib=eyJ2IjoiMSJ9.u1vJ3TJ_MYOC3gu_Q3S56tC0W2ZZLIbSXAnouTz2gXnI1TRQxUSQhcByvPyEjOvx9Nfdkjc9TQraP_aUvY2FwKFuYIjLkBPZq2iFIW70upF6tUqjnp1MjYqavNUKAedicu553aji6FdY2SV_Uj0MYXDohZMaJhc-XYpthqkZzRkdrWlUziuOI6P523PwUgFOwFEPBbRG2X34vU_L8wn1SFGNCG29hqnQjru6gAh6rJwLqR_tTVsfaKEGkXYRM_BRBYQPKQ0jyQyxMRNNPHExGZBip3dS2LWnp_w10h0tiQg.tU4UqO8ZLLRIXa5paSGgP8AdaB9GPnrget22I42bYT0&dib_tag=se&keywords=中古ノートパソコン&qid=1776651671&refinements=p_36%3A3390000-7890000%2Cp_n_g-1004198069091%3A10456185051%2Cp_n_feature_three_browse-bin%3A212653510051%2Cp_n_g-1004198002091%3A2317967051%7C2317968051%2Cp_n_g-1003119721111%3A10444736051%7C10444737051%2Cp_n_g-101014849667111%3A22006806051&rnid=10444734051&sprefix=中古%2Caps%2C278&sr=8-41&ufe=app_do%3Aamzn1.fos.d8e7ee72-073f-4b97-8ec0-59c18d6dfebe - Comet）の閲覧・調査
Webサイト（Amazon.co.jp: 中古整備 D E L L 第11世代ノートパソコン14インチ インテルCore i5 1145G7 2.60GHz メモリ8GB Windows11 Pro &Office2019搭載 Latitude 7420/WIFI&Bluetooth/WEBカメラ内蔵/USB3.0/HDMI/日本語キーボード (SSD1000GB) : パソコン・周辺機器 - Comet）の閲覧・調査
Webサイト（amazon.co.jp/Dell-3420-1366×768ピクセル-i5-1145G7-Windows11/dp/B0G8WV1DP8/ref=sr_1_44?crid=32TWDC3JUVE0N&dib=eyJ2IjoiMSJ9.u1vJ3TJ_MYOC3gu_Q3S56tC0W2ZZLIbSXAnouTz2gXnI1TRQxUSQhcByvPyEjOvx9Nfdkjc9TQraP_aUvY2FwKFuYIjLkBPZq2iFIW70upF6tUqjnp1MjYqavNUKAedicu553aji6FdY2SV_Uj0MYXDohZMaJhc-XYpthqkZzRkdrWlUziuOI6P523PwUgFOwFEPBbRG2X34vU_L8wn1SFGNCG29hqnQjru6gAh6rJwLqR_tTVsfaKEGkXYRM_BRBYQPKQ0jyQyxMRNNPHExGZBip3dS2LWnp_w10h0tiQg.tU4UqO8ZLLRIXa5paSGgP8AdaB9GPnrget22I42bYT0&dib_tag=se&keywords=中古ノートパソコン&qid=1776651671&refinements=p_36%3A3390000-7890000%2Cp_n_g-1004198069091%3A10456185051%2Cp_n_feature_three_browse-bin%3A212653510051%2Cp_n_g-1004198002091%3A2317967051%7C2317968051%2Cp_n_g-1003119721111%3A10444736051%7C10444737051%2Cp_n_g-101014849667111%3A22006806051&rnid=10444734051&sprefix=中古%2Caps%2C278&sr=8-44 - Comet）の閲覧・調査
Webサイト（Amazon.co.jp: 【整備済み品】 Dell デル Latitude 3420 第11世代 i5 ノートパソコン 14インチ 1366×768ピクセル Core i5-1145G7 メモリ8GB SSD256GB Windows11 Pro/HDMI : パソコン・周辺機器 - Comet）の閲覧・調査
Webサイト（amazon.co.jp/s?k=中古ノートパソコン+windows11&ref=rsl_sug_0_2&pd_rd_w=GdwDa&content-id=amzn1.sym.deee566c-316c-432f-9c34-05022b6f2788:amzn1.sym.deee566c-316c-432f-9c34-05022b6f2788&pf_rd_p=deee566c-316c-432f-9c34-05022b6f2788&pf_rd_r=WXZVP26PGTX1523866EQ&pd_rd_wg=PXOqc&pd_rd_r=4a48bd28-6e3e-43cb-8cf8-90ce1368c7b3&qid=1776651906 - Comet）の閲覧・調査
Webサイト（Amazon.co.jp : 中古ノートパソコン windows11 - Comet）の閲覧・調査
Webサイト（amazon.co.jp/s?k=中古ノートパソコン+windows11&rh=n%3A8463887051%2Cp_n_feature_three_browse-bin%3A212653507051&dc&content-id=amzn1.sym.deee566c-316c-432f-9c34-05022b6f2788%3Aamzn1.sym.deee566c-316c-432f-9c34-05022b6f2788&pd_rd_r=4a48bd28-6e3e-43cb-8cf8-90ce1368c7b3&pd_rd_w=GdwDa&pd_rd_wg=PXOqc&pf_rd_p=deee566c-316c-432f-9c34-05022b6f2788&pf_rd_r=WXZVP26PGTX1523866EQ&qid=1776651991&rnid=212653504051&ref=sr_nr_p_n_feature_three_browse-bin_1&ds=v1%3A4uqsK%2BTb0qYyrl0DVdTO31NSZYZoqhH9bBzx9iYEab0 - Comet）の閲覧・調査
Webサイト（amazon.co.jp/【軽量ノートパソコン】dynabook-G83-Webカメラ内蔵-Bluetooth-Windows11搭載/dp/B0FP59377M/ref=sr_1_9?content-id=amzn1.sym.deee566c-316c-432f-9c34-05022b6f2788%3Aamzn1.sym.deee566c-316c-432f-9c34-05022b6f2788&dib=eyJ2IjoiMSJ9.mp20z6Jt5sf3OBZ3wl6yQWecK6VkMs08Rz8TIZa6y8OZSLuOXx7o9RwJWCJLYLW-gzDk8dGhbDKspSPMiik2SIDUuQKuldhXERYg9d8ZhA9rzrP6hxjxYLfhW6mf9jWHG_JWZPjJnl5cPMbK0E6ouSOrj0gkqLLy4kD5IfqifLxOkxlr2tfD8zD6cHcllt9xAygayZyISZWLd1tJx992R_SN2b3thg6uMqWpTWzNhY61twL9LL6kuuIJta0mLCRbZXIXgsx-DASLERgifmfEI7Esmk7Oc0pY_e3N-1Gcmps.lsd-cA071bBGaXidi61-ndImkFK6Zek-dcKw9DFBhK8&dib_tag=se&keywords=中古ノートパソコン+windows11&pd_rd_r=4a48bd28-6e3e-43cb-8cf8-90ce1368c7b3&pd_rd_w=GdwDa&pd_rd_wg=PXOqc&qid=1776652004&refinements=p_n_feature_three_browse-bin%3A212653507051&rnid=212653504051&sr=8-9&ufe=app_do%3Aamzn1.fos.d8e7ee72-073f-4b97-8ec0-59c18d6dfebe - Comet）の閲覧・調査
Webサイト（Amazon.co.jp: 【軽量ノートパソコン】dynabook G83 13.3インチ 1920*1080 第11世代 Core i5 プロセッサー メモリ16GB Webカメラ内蔵 WiFi Bluetooth Type-C USB3.0 Windows11搭載 MS Office 2019 中古整備済みPC (i5第11世代 メモリ16gb SSD256gb) : パソコン・周辺機器 - Comet）の閲覧・調査
Webサイト（amazon.co.jp/【軽量ノートパソコン】dynabook-G83-1920x1080-Bluetooth-Windows11搭載/dp/B0FDQVXQ8D/ref=sr_1_10?content-id=amzn1.sym.deee566c-316c-432f-9c34-05022b6f2788%3Aamzn1.sym.deee566c-316c-432f-9c34-05022b6f2788&dib=eyJ2IjoiMSJ9.mp20z6Jt5sf3OBZ3wl6yQWecK6VkMs08Rz8TIZa6y8OZSLuOXx7o9RwJWCJLYLW-gzDk8dGhbDKspSPMiik2SIDUuQKuldhXERYg9d8ZhA9rzrP6hxjxYLfhW6mf9jWHG_JWZPjJnl5cPMbK0E6ouSOrj0gkqLLy4kD5IfqifLxOkxlr2tfD8zD6cHcllt9xAygayZyISZWLd1tJx992R_SN2b3thg6uMqWpTWzNhY61twL9LL6kuuIJta0mLCRbZXIXgsx-DASLERgifmfEI7Esmk7Oc0pY_e3N-1Gcmps.lsd-cA071bBGaXidi61-ndImkFK6Zek-dcKw9DFBhK8&dib_tag=se&keywords=中古ノートパソコン+windows11&pd_rd_r=4a48bd28-6e3e-43cb-8cf8-90ce1368c7b3&pd_rd_w=GdwDa&pd_rd_wg=PXOqc&qid=1776652004&refinements=p_n_feature_three_browse-bin%3A212653507051&rnid=212653504051&sr=8-10&ufe=app_do%3Aamzn1.fos.d8e7ee72-073f-4b97-8ec0-59c18d6dfebe - Comet）の閲覧・調査
Webサイト（Amazon.co.jp: 【軽量ノートパソコン】dynabook G83 13.3インチ 1366*768 第8世代 Core i5 プロセッサー メモリ16GB Webカメラ内蔵 WiFi Bluetooth Type-C USB3.0 Windows11搭載 MS Office 2019 中古整備済みPC (SSD256GB) : パソコン・周辺機器 - Comet）の閲覧・調査
Webサイト（amazon.co.jp/【整備済み品】ノートPC-Windows11Pro-高性能第11世代Corei5-13-3インチFHD-1920x1080/dp/B0GSW3BV13/ref=sr_1_11_sspa?content-id=amzn1.sym.deee566c-316c-432f-9c34-05022b6f2788%3Aamzn1.sym.deee566c-316c-432f-9c34-05022b6f2788&dib=eyJ2IjoiMSJ9.mp20z6Jt5sf3OBZ3wl6yQWecK6VkMs08Rz8TIZa6y8OZSLuOXx7o9RwJWCJLYLW-gzDk8dGhbDKspSPMiik2SIDUuQKuldhXERYg9d8ZhA9rzrP6hxjxYLfhW6mf9jWHG_JWZPjJnl5cPMbK0E6ouSOrj0gkqLLy4kD5IfqifLxOkxlr2tfD8zD6cHcllt9xAygayZyISZWLd1tJx992R_SN2b3thg6uMqWpTWzNhY61twL9LL6kuuIJta0mLCRbZXIXgsx-DASLERgifmfEI7Esmk7Oc0pY_e3N-1Gcmps.lsd-cA071bBGaXidi61-ndImkFK6Zek-dcKw9DFBhK8&dib_tag=se&keywords=中古ノートパソコン+windows11&pd_rd_r=4a48bd28-6e3e-43cb-8cf8-90ce1368c7b3&pd_rd_w=GdwDa&pd_rd_wg=PXOqc&qid=1776652004&refinements=p_n_feature_three_browse-bin%3A212653507051&rnid=212653504051&sr=8-11-spons&sp_csd=d2lkZ2V0TmFtZT1zcF9tdGY&psc=1 - Comet）の閲覧・調査
Webサイト（Amazon.co.jp: 【整備済み品】ノートPC Office 2024搭載 Windows11Pro dynabook G83 高性能第11世代Corei5 13.3インチFHD(1920x1080)顔認証/カメラ内蔵/WIF/Bluetooth/Type-C/初期化済み 軽量ノートパソコン(メモリ8GB,Nvme SSD 512GB） : パソコン・周辺機器 - Comet）の閲覧・調査
Webサイト（amazon.co.jp/【軽量ノートパソコン】dynabook-G83-Webカメラ内蔵-Bluetooth-Windows11搭載/dp/B0FP16QDKN/ref=sr_1_18?content-id=amzn1.sym.deee566c-316c-432f-9c34-05022b6f2788%3Aamzn1.sym.deee566c-316c-432f-9c34-05022b6f2788&dib=eyJ2IjoiMSJ9.mp20z6Jt5sf3OBZ3wl6yQWecK6VkMs08Rz8TIZa6y8OZSLuOXx7o9RwJWCJLYLW-gzDk8dGhbDKspSPMiik2SIDUuQKuldhXERYg9d8ZhA9rzrP6hxjxYLfhW6mf9jWHG_JWZPjJnl5cPMbK0E6ouSOrj0gkqLLy4kD5IfqifLxOkxlr2tfD8zD6cHcllt9xAygayZyISZWLd1tJx992R_SN2b3thg6uMqWpTWzNhY61twL9LL6kuuIJta0mLCRbZXIXgsx-DASLERgifmfEI7Esmk7Oc0pY_e3N-1Gcmps.lsd-cA071bBGaXidi61-ndImkFK6Zek-dcKw9DFBhK8&dib_tag=se&keywords=中古ノートパソコン+windows11&pd_rd_r=4a48bd28-6e3e-43cb-8cf8-90ce1368c7b3&pd_rd_w=GdwDa&pd_rd_wg=PXOqc&qid=1776652004&refinements=p_n_feature_three_browse-bin%3A212653507051&rnid=212653504051&sr=8-18&ufe=app_do%3Aamzn1.fos.d8e7ee72-073f-4b97-8ec0-59c18d6dfebe - Comet）の閲覧・調査
Webサイト（Amazon.co.jp: 【軽量ノートパソコン】dynabook G83 13.3インチ 1366*768 第8世代 Core i5 プロセッサー メモリ16GB Webカメラ内蔵 WiFi Bluetooth Type-C USB3.0 Windows11搭載 MS Office 2019 中古整備済みPC (i57200 メモリ16GB SSD256GB) : パソコン・周辺機器 - Comet）の閲覧・調査
Webサイト（amazon.co.jp/【整備済み品】【MS-2024】ビジネス向けノートPC-Windows11-wajunのwifi-Bluetooth内蔵/dp/B0GHXC8G36/ref=sr_1_50?content-id=amzn1.sym.deee566c-316c-432f-9c34-05022b6f2788%3Aamzn1.sym.deee566c-316c-432f-9c34-05022b6f2788&dib=eyJ2IjoiMSJ9.mp20z6Jt5sf3OBZ3wl6yQWecK6VkMs08Rz8TIZa6y8OZSLuOXx7o9RwJWCJLYLW-gzDk8dGhbDKspSPMiik2SIDUuQKuldhXERYg9d8ZhA9rzrP6hxjxYLfhW6mf9jWHG_JWZPjJnl5cPMbK0E6ouSOrj0gkqLLy4kD5IfqifLxOkxlr2tfD8zD6cHcllt9xAygayZyISZWLd1tJx992R_SN2b3thg6uMqWpTWzNhY61twL9LL6kuuIJta0mLCRbZXIXgsx-DASLERgifmfEI7Esmk7Oc0pY_e3N-1Gcmps.lsd-cA071bBGaXidi61-ndImkFK6Zek-dcKw9DFBhK8&dib_tag=se&keywords=中古ノートパソコン+windows11&pd_rd_r=4a48bd28-6e3e-43cb-8cf8-90ce1368c7b3&pd_rd_w=GdwDa&pd_rd_wg=PXOqc&qid=1776652004&refinements=p_n_feature_three_browse-bin%3A212653507051&rnid=212653504051&sr=8-50 - Comet）の閲覧・調査
Webサイト（Amazon.co.jp: 【整備済み品】【MS Office H&B 2024】ビジネス向けノートPC Dynabook S73 Windows11 Pro /13.3inch / Core i7-10510U /WEBカメラ搭載/wajunのwifi/Bluetooth内蔵/16GB /512GB SSD : パソコン・周辺機器 - Comet）の閲覧・調査
「中古スマホ・タブレット販売の【イオシス】｜けっこう安い。」の操作・実務
「ノートPC 商品一覧│中古パソコン販売の【イオシス】」の操作・実務
「iosys.co.jp/items?qmin_me=16&max_me=64&min=0&category=notepc,gaming」の操作・実務
「Latitude 5320【Core i5(2.4GHz)/16GB/512GB SSD/Win11Pro】|中古ノートPC格安販売の【イオシス】」の操作・実務
「dynabook X83/LY A6X1LYD74B1A【Core i5(1.6GHz)/16GB/256GB SSD/Win11Pro】|中古ノートPC格安販売の【イオシス】」の操作・実務
「Toshiba Dynabook商品一覧│中古パソコン販売の【イオシス】」の操作・実務
「【電源アダプタ欠品】dynabook G83/HU A6G9HUFAD515【Core i5(2.4GHz)/16GB/256GB SSD/Win11Pro】|中古ノートPC格安販売の【イオシス】」の操作・実務
「電源ケーブル dynabook G83/HU」の操作・実務
「新品 純正 dynabook G83/HU G83/KU G83/HS VZ/HS VZ/LS VZ/HP VZ/HR シリーズ 用 Type-C AC電源アダプター」の操作・実務
「10台以上　中古ノートパソコン　【中古パソコン直販】」の操作・実務
Webサイト（LIFEBOOK U ノートパソコン 中古 Office搭載 富士通 U9311 第11世代 Core i5 メモリ8GB/16GB SSD256GB/512GB/1TB 黒 顔認証 ノートPC 13.3型 Windows11 : パソコン専門店 リンカイストア - 通販 - Yahoo!ショッピング - Comet）の閲覧・調査
「パソコンショップ DO-MU」の操作・実務
「中古ノートPC Win11 8GB または16GB SSD（M.2）256～512GB DDR-４で増設が」の操作・実務
「Bizストレージ ファイルシェア（導入サポート） ｜ NTTドコモビジネス 法人のお客さま」の操作・実務
Webサイト（中古スマホ・タブレット販売の【イオシス】｜けっこう安い。）の閲覧・調査
Webサイト（ノートPC 商品一覧│中古パソコン販売の【イオシス】）の閲覧・調査
Webサイト（Toshiba Dynabook商品一覧│中古パソコン販売の【イオシス】）の閲覧・調査
Webサイト（Mozilla Thunderbird）の閲覧・調査
Webサイト（受信トレイ - t_ito）の閲覧・調査
Webサイト（宮澤 - t_ito）の閲覧・調査
Webサイト（t_ito）の閲覧・調査
Webサイト（年間スケジュール）の閲覧・調査
Webサイト（年間スケジュール変更の件）の閲覧・調査
Webサイト（Re: 年間スケジュール変更の件）の閲覧・調査
Webサイト（受信トレイ - t_ito@forest.co.jp）の閲覧・調査
Webサイト（【Refreshed PC】dynabook S73/HU A6SFHUF8D515【Core i5(2.4GHz)/8GB/256GB SSD/Win11Pro】|中古ノートPC格安販売の【イオシス】）の閲覧・調査
Webサイト（メモリの増設/交換について＜dynabook S73/HU、S73/HVシリーズ＞｜サポート｜dynabook(ダイナブック公式)）の閲覧・調査
Webサイト（DELL ノートPC商品一覧│中古パソコン販売の【イオシス】）の閲覧・調査
Webサイト（Latitude 5320【Core i5(2.4GHz)/16GB/512GB SSD/Win11Pro】|中古ノートPC格安販売の【イオシス】）の閲覧・調査
Webサイト（HP ノートPC商品一覧│中古パソコン販売の【イオシス】）の閲覧・調査
Webサイト（Fujitsu FMV商品一覧│中古パソコン販売の【イオシス】）の閲覧・調査
Webサイト（LIFEBOOK U9311/F FMVU34025【Core i5(2.6GHz)/8GB/256GB SSD/Win11Pro】|中古ノートPC格安販売の【イオシス】）の閲覧・調査
「LIFEBOOK U9311/F FMVU34025【Core i5(2.6GHz)/8GB/256GB SSD/Win11Pro】　はメモリ増設可能か？」の操作・実務
Webサイト（VAIO商品一覧│中古パソコン販売の【イオシス】）の閲覧・調査"
2026/04/20,12:00 - 12:59,"Webサイト（VersaPro UltraLite タイプVG VKV18/G-7 PC-VKV18GZG7【Core i7(1.8GHz)/16GB/256GB SSD/Win11Pro】|中古ノートPC格安販売の【イオシス】）の閲覧・調査
「LIFEBOOK U9311/F FMVU34025【Core i5(2.6GHz)/8GB/256GB SSD/Win11Pro】　はメモリ増設可能か？」の操作・実務
Webサイト（Amazon.co.jp : 中古ノートパソコン windows11 - Comet）の閲覧・調査
Webサイト（amazon.co.jp/【整備済み品】軽量薄型-ノートパソコンdynabook-G83-13-3型FHD-1920x1080/dp/B0FLDBT8NV/ref=sxbs_pa_sp_search_thematic_btf_sspa?content-id=amzn1.sym.ae6172f2-ee1d-4c89-aabd-d3ff8ed9e2eb%3Aamzn1.sym.ae6172f2-ee1d-4c89-aabd-d3ff8ed9e2eb&cv_ct_cx=中古ノートパソコン+windows11&keywords=中古ノートパソコン+windows11&pd_rd_i=B0FLDBT8NV&pd_rd_r=6811022f-1049-49cf-a1e1-4dc4342224c9&pd_rd_w=xx5tF&pd_rd_wg=Mqyti&pf_rd_p=ae6172f2-ee1d-4c89-aabd-d3ff8ed9e2eb&pf_rd_r=M64FTD327JDYBV15ABPE&qid=1776652004&refinements=p_n_feature_three_browse-bin%3A212653507051&rnid=212653504051&sbo=GW1QB%2BmqAsHTPf1jTZRSDA%3D%3D&sr=1-4-31b4d88c-9469-4979-8501-615ab9499b3e-spons&sp_csd=d2lkZ2V0TmFtZT1zcF9zZWFyY2hfdGhlbWF0aWNfYnRm&psc=1 - Comet）の閲覧・調査
Webサイト（Amazon.co.jp: 【整備済み品】軽量薄型 ノートパソコンdynabook G83 ■ 13.3型FHD(1920x1080) - 高性能第11世代Core i5 - メモリ 8GB - SSD 256GB - Webカメラ内蔵 - WiFi&Bluetooth - USB Type-C - Win11搭載 - MS Office 2021 : パソコン・周辺機器 - Comet）の閲覧・調査
「Perplexity」の操作・実務
「dynabook G83 メモリ増設は？」の操作・実務
Webサイト（amazon.co.jp/s?__mk_ja_JP=カタカナ&crid=3L2YDW9WD0EE0&i=aps&k= ノートパソコン NEC Versapro VM-9 14インチ フルHD Core i5-1135G7 第11世代 ￥44%2C800&ref=nb_sb_noss&sprefix=ノートパソコン nec versapro vm-9 14インチ フルhd core i5-1135g7 第11世代 44 800%2Caps%2C202&url=search-alias%3Daps - Comet）の閲覧・調査
Webサイト（Amazon.co.jp : ノートパソコン NEC Versapro VM-9 14インチ フルHD Core i5-1135G7 第11世代 ￥44,800 - Comet）の閲覧・調査
Webサイト（amazon.co.jp/【整備済み品】-ノートパソコン-Versapro-i5-1135G7-Windows11/dp/B0GNHL4HN8/ref=sr_1_1?__mk_ja_JP=カタカナ&crid=3L2YDW9WD0EE0&dib=eyJ2IjoiMSJ9.LwNPsohV4lJeAq8vhZTUj9N4tfWO0N4tgAz-dC8hJLuA9tkOziCTPBLeGg2CcrvA-lWHgv81B0AmNNKLDGTTjd2m9e_Hqrpn-_BMm7GvV1ge-zKt73UUMF8JwkF-LTu7WIz2iTeJ2eDlGCLyHnV0b9kvW6bSBScrD5aFnZL-5BIM_-s1rRydd8fNWp6zwy3mDziMaxz2sXL9OctzbOc6a70R3Gh-Oq2pksdIFK5JvCSGMdPQRquryschSYFiCmoT9wwnebxwW8eFMNzyaYi1m2_Gss44P6iFYG90JQeKUnw.8Jv7_lpcBSmhTSTlZkPyfSVSMs2k5gPKzQLfkA279AY&dib_tag=se&keywords=ノートパソコン+NEC+Versapro+VM-9+14インチ+フルHD+Core+i5-1135G7+第11世代+￥44%2C800&qid=1776657557&sprefix=ノートパソコン+nec+versapro+vm-9+14インチ+フルhd+core+i5-1135g7+第11世代+44+800%2Caps%2C202&sr=8-1 - Comet）の閲覧・調査
Webサイト（Amazon.co.jp: 【整備済み品】 ノートパソコン NEC Versapro VM-9 14インチ フルHD Core i5-1135G7 第11世代 Windows11 Office 搭載 カメラ Wi-Fi6 type-C PC パソコン (SSD:256GB メモリ:16GB) : パソコン・周辺機器 - Comet）の閲覧・調査
Webサイト（Amazon.jp: Amazon Mastercard (アマゾン マスターカード) 最大2%ポイント還元 - Comet）の閲覧・調査"
2026/04/20,13:00 - 13:59,"Webサイト（使用しているパソコンの仕様を確認する方法 - Q&A）の閲覧・調査
「使用しているパソコンの仕様を確認する方法」の操作・実務
Webサイト（NEC LAVIE公式サイト > サービス&サポート > Q&A）の閲覧・調査
Webサイト（Amazon.co.jp: 【整備済み品】 ノートパソコン NEC Versapro VM-9 14インチ フルHD Core i5-1135G7 第11世代 Windows11 Office 搭載 カメラ Wi-Fi6 type-C PC パソコン (SSD:256GB メモリ:16GB) : パソコン・周辺機器 - Comet）の閲覧・調査
Webサイト（タイプVM＜VM-9＞）の閲覧・調査
Webサイト（ビジネスノートPC 拡張機器一覧|NEC LAVIE公式サイト）の閲覧・調査
Webサイト（スペック詳細：タイプVM＜VM-9＞）の閲覧・調査
Webサイト（Amazon.co.jp : ノートパソコン NEC Versapro VM-9 14インチ フルHD Core i5-1135G7 第11世代 ￥44,800 - Comet）の閲覧・調査
Webサイト（Amazon.co.jp : ddr-4 so-dimm 16GB）の閲覧・調査
Webサイト（CFD販売 ノートPC用メモリ DDR4-3200 (PC4-25600) 8GB×1枚）の閲覧・調査
Webサイト（Amazon.co.jp: CFD販売）の閲覧・調査
Webサイト（amazon.co.jp/【整備済み品】-ノートパソコン-Versapro-i5-1135G7-Windows11/dp/B0GNHL4HN8/ref=sr_1_1?__mk_ja_JP=カタカナ&crid=3L2YDW9WD0EE0&dib=eyJ2IjoiMSJ9.LwNPsohV4lJeAq8vhZTUj9N4tfWO0N4tgAz-dC8hJLuA9tkOziCTPBLeGg2CcrvA-lWHgv81B0AmNNKLDGTTjd2m9e_Hqrpn-_BMm7GvV1ge-zKt73UUMF8JwkF-LTu7WIz2iTeJ2eDlGCLyHnV0b9kvW6bSBScrD5aFnZL-5BIM_-s1rRydd8fNWp6zwy3mDziMaxz2sXL9OctzbOc6a70R3Gh-Oq2pksdIFK5JvCSGMdPQRquryschSYFiCmoT9wwnebxwW8eFMNzyaYi1m2_Gss44P6iFYG90JQeKUnw.8Jv7_lpcBSmhTSTlZkPyfSVSMs2k5gPKzQLfkA279AY&dib_tag=se&keywords=ノートパソコン+NEC+Versapro+VM-9+14インチ+フルHD+Core+i5-1135G7+第11世代+￥44%2C800&qid=1776657557&sprefix=ノートパソコン+nec+versapro+vm-9+14インチ+フルhd+core+i5-1135g7+第11世代+44+800%2Caps%2C202&sr=8-1 - Comet）の閲覧・調査
Webサイト（amazon.co.jp/【整備済み品】-ノートパソコン-Versapro-i5-1135G7-Windows11/dp/B0GNHKY15F/ref=sr_1_2?__mk_ja_JP=カタカナ&crid=3L2YDW9WD0EE0&dib=eyJ2IjoiMSJ9.LwNPsohV4lJeAq8vhZTUj9N4tfWO0N4tgAz-dC8hJLuA9tkOziCTPBLeGg2CcrvA-lWHgv81B0AmNNKLDGTTjd2m9e_Hqrpn-_BMm7GvV1ge-zKt73UUMF8JwkF-LTu7WIz2iTeJ2eDlGCLyHnV0b9kvW6bSBScrD5aFnZL-5BIM_-s1rRydd8fNWp6zwy3mDziMaxz2sXL9OctzbOc6a70R3Gh-Oq2pksdIFK5JvCSGMdPQRquryschSYFiCmoT9wwnebxwW8eFMNzyaYi1m2_Gss44P6iFYG90JQeKUnw.8Jv7_lpcBSmhTSTlZkPyfSVSMs2k5gPKzQLfkA279AY&dib_tag=se&keywords=ノートパソコン+NEC+Versapro+VM-9+14インチ+フルHD+Core+i5-1135G7+第11世代+￥44%2C800&qid=1776657557&sprefix=ノートパソコン+nec+versapro+vm-9+14インチ+フルhd+core+i5-1135g7+第11世代+44+800%2Caps%2C202&sr=8-2 - Comet）の閲覧・調査
Webサイト（Amazon.co.jp: 【整備済み品】 ノートパソコン NEC Versapro VM-9 14インチ フルHD Core i5-1135G7 第11世代 Windows11 Office 搭載 カメラ Wi-Fi6 type-C PC パソコン (SSD:256GB メモリ:8GB) : パソコン・周辺機器 - Comet）の閲覧・調査
Webサイト（amazon.co.jp/【整備済み品】ノートパソコン-VersaPro-Windows11-Bluetooth-ビジネス・在宅勤務・オンライン学習対応/dp/B0GF1PVWQG/ref=sr_1_6?__mk_ja_JP=カタカナ&crid=3L2YDW9WD0EE0&dib=eyJ2IjoiMSJ9.LwNPsohV4lJeAq8vhZTUj9N4tfWO0N4tgAz-dC8hJLuA9tkOziCTPBLeGg2CcrvA-lWHgv81B0AmNNKLDGTTjd2m9e_Hqrpn-_BMm7GvV1ge-zKt73UUMF8JwkF-LTu7WIz2iTeJ2eDlGCLyHnV0b9kvW6bSBScrD5aFnZL-5BIM_-s1rRydd8fNWp6zwy3mDziMaxz2sXL9OctzbOc6a70R3Gh-Oq2pksdIFK5JvCSGMdPQRquryschSYFiCmoT9wwnebxwW8eFMNzyaYi1m2_Gss44P6iFYG90JQeKUnw.8Jv7_lpcBSmhTSTlZkPyfSVSMs2k5gPKzQLfkA279AY&dib_tag=se&keywords=ノートパソコン+NEC+Versapro+VM-9+14インチ+フルHD+Core+i5-1135G7+第11世代+￥44%2C800&qid=1776657557&sprefix=ノートパソコン+nec+versapro+vm-9+14インチ+フルhd+core+i5-1135g7+第11世代+44+800%2Caps%2C202&sr=8-6 - Comet）の閲覧・調査
Webサイト（Amazon.co.jp: 【整備済み品】ノートパソコン NEC VersaPro VKT16G ノートパソコン 13.3インチ 軽量薄型 第10世代 Core i5 / メモリ8GB / SSD256GB Windows11/ Office 2019 搭載 HDMI/USB3.0/Wi-Fi/Bluetooth/Webカメラ ビジネス・在宅勤務・オンライン学習対応 : パソコン・周辺機器 - Comet）の閲覧・調査
Webサイト（Amazon.co.jp : 中古整備 D E L L 第11世代ノートパソコン14インチ インテルCore i5 1145G7 2.60GHz メモリ8GB Windows11 Pro &Office2019搭載 Latitude 7420 ￥49,800 税込 - Comet）の閲覧・調査
Webサイト（amazon.co.jp/s?__mk_ja_JP=カタカナ&crid=3QHJ0S03UIQ4&i=aps&k=D E L L 第11世代ノートパソコン14インチ インテルCore i5 1145G7 2.60GHz メモリ8GB Windows11 Pro %26Office2019搭載 Latitude 7420 ￥49%2C800 税込&ref=nb_sb_noss&sprefix=d e l l 第11世代ノートパソコン14インチ インテルcore i5 1145g7 2.60ghz メモリ8gb windows11 pro %26office2019搭載 latitude 7420 49 800 税込%2Caps%2C194&url=search-alias%3Daps - Comet）の閲覧・調査
Webサイト（Amazon.co.jp : D E L L 第11世代ノートパソコン14インチ インテルCore i5 1145G7 2.60GHz メモリ8GB Windows11 Pro &Office2019搭載 Latitude 7420 ￥49,800 税込 - Comet）の閲覧・調査
Webサイト（Amazon.co.jp : Latitude 7420 ￥49,800 税込 - Comet）の閲覧・調査
Webサイト（Amazon.co.jp : Latitude 7420 - Comet）の閲覧・調査
Webサイト（amazon.co.jp/s?__mk_ja_JP=カタカナ&crid=3URBMYP5CXAET&i=aps&k=Latitude 7420&ref=nb_sb_noss_2&sprefix=latitude 7420%2Caps%2C364&url=search-alias%3Daps - Comet）の閲覧・調査
Webサイト（amazon.co.jp/第11世代ノートパソコン14インチ-Windows11-Office2019搭載-Latitude-7420/dp/B0F9YFTH4P/ref=sr_1_9?__mk_ja_JP=カタカナ&crid=3URBMYP5CXAET&dib=eyJ2IjoiMSJ9.eorE0sx-SG7Hj3xoyff2wZSF5mkmLSTYfpmCrTpC8aGzDO5weE1u5jK51A0zpozZCDc3hXt3OzhgncaRTxcOIQ-GNMrtCBGQihyZUhb_pu6e3P8lbXMpdKas7L4CbE8uQdM08r0XL_Gvse1vBkmaTB7L4W_cXilhSJceMOiBhWcQoxeS-hJO_dgh7SiezvBp1rz1poGp-TvGl2ar7zxSF8_soTpei-c2_oVSXHjk5ror9HYfsvatuBbRc677rZ2fKTr4qHejT_P_XndB4_sk1eM_FYL8j7BZxssl6sOcAJ0.wQvrLaureueEQD4toXiU1PAOB7ZFr-afiQPVFN4rEsY&dib_tag=se&keywords=Latitude+7420&qid=1776658600&sprefix=latitude+7420%2Caps%2C364&sr=8-9&ufe=app_do%3Aamzn1.fos.d8e7ee72-073f-4b97-8ec0-59c18d6dfebe - Comet）の閲覧・調査
Webサイト（Amazon.co.jp: 中古整備 D E L L 第11世代ノートパソコン14インチ インテルCore i5 1145G7 2.60GHz メモリ8GB Windows11 Pro &Office2019搭載 Latitude 7420/WIFI&Bluetooth/WEBカメラ内蔵/USB3.0/HDMI/日本語キーボード (SSD1000GB) : パソコン・周辺機器 - Comet）の閲覧・調査
Webサイト（amazon.co.jp/s/ref=nb_sb_noss?__mk_ja_JP=カタカナ&url=search-alias%3Daps&field-keywords=Dell+デル+Latitude+3420+第11世代&crid=2FAR561S6Q313&sprefix=dell+デル+latitude+3420+第11世代%2Caps%2C201 - Comet）の閲覧・調査
Webサイト（Amazon.co.jp : Dell デル Latitude 3420 第11世代 - Comet）の閲覧・調査
Webサイト（amazon.co.jp/Dell-3420-1366×768ピクセル-i5-1145G7-Windows11/dp/B0G8WV1DP8/ref=sr_1_5?__mk_ja_JP=カタカナ&crid=2FAR561S6Q313&dib=eyJ2IjoiMSJ9.qMm5XFkMQCWDygorSuiMuQQPX7Tcgbz6DNF_wK52CTU1DIcwbkRYObDi1MHJrP5SOZr87idQG3Gx-CCFIXOea1M7mV6s0xM6XyDMMjN7fWOR6e1qeP2aDg2Qj122nV2HM2DY93qRq87ATjpXWNJSx825L2HFaPinqF0_ZcPvgLSgbUr05kmOeDpVtwkg-vuXPaf316k8twt2sHoSz41Z3WHdDoLog5g14_Lu9q_83NhesXYklnsj48L2hL4wXjALrNkf5dmE88b--mAFJchZYEaJSva8LIuOALrWiItfrd8.ZCoLWd3grnY8YspqftG_Mj1GxTOkI87tjo1rwUCWSO0&dib_tag=se&keywords=Dell+デル+Latitude+3420+第11世代&qid=1776658754&sprefix=dell+デル+latitude+3420+第11世代%2Caps%2C201&sr=8-5 - Comet）の閲覧・調査
Webサイト（Amazon.co.jp: 【整備済み品】 Dell デル Latitude 3420 第11世代 i5 ノートパソコン 14インチ 1366×768ピクセル Core i5-1145G7 メモリ8GB SSD256GB Windows11 Pro/HDMI : パソコン・周辺機器 - Comet）の閲覧・調査
Webサイト（amazon.co.jp/s?__mk_ja_JP=カタカナ&crid=2DYDMGDYVB491&i=aps&k=ノートPC Office 2024搭載 Windows11Pro dynabook G83 高性能第11世代Corei5&ref=nb_sb_noss&sprefix=ノートpc office 2024搭載 windows11pro dynabook g83 高性能第11世代corei5%2Caps%2C207&url=search-alias%3Daps - Comet）の閲覧・調査
Webサイト（Amazon.co.jp : ノートPC Office 2024搭載 Windows11Pro dynabook G83 高性能第11世代Corei5 - Comet）の閲覧・調査
Webサイト（amazon.co.jp/【整備済み品】ノートPC-Windows11Pro-高性能第11世代Corei5-13-3インチFHD-1920x1080/dp/B0GSW3BV13/ref=sr_1_10_sspa?__mk_ja_JP=カタカナ&crid=2DYDMGDYVB491&dib=eyJ2IjoiMSJ9.pf9UHu5UI43GE7g-ml7vIQcifaJdKZ4miMx3llqe0XzGjHj071QN20LucGBJIEps.NtK1VIJgrKZM3FlfuKJLfTDr16NQlVQyTIFErDRu3SQ&dib_tag=se&keywords=ノートPC+Office+2024搭載+Windows11Pro+dynabook+G83+高性能第11世代Corei5&qid=1776658996&sprefix=ノートpc+office+2024搭載+windows11pro+dynabook+g83+高性能第11世代corei5%2Caps%2C207&sr=8-10-spons&sp_csd=d2lkZ2V0TmFtZT1zcF9tdGY&psc=1 - Comet）の閲覧・調査
Webサイト（Amazon.co.jp: 【整備済み品】ノートPC Office 2024搭載 Windows11Pro dynabook G83 高性能第11世代Corei5 13.3インチFHD(1920x1080)顔認証/カメラ内蔵/WIF/Bluetooth/Type-C/初期化済み 軽量ノートパソコン(メモリ8GB,Nvme SSD 512GB） : パソコン・周辺機器 - Comet）の閲覧・調査
「起動しています」の操作・実務
Excelファイル（20260413_OA予備中古ノートPC2台購入_④稟議書（システム関連,社長決裁）20230701.xlsx）のデータ入力・編集
Webサイト（Gmail）の閲覧・調査
Webサイト（amazon.co.jp/cart?ref_=ox_ewc_ret_gtc_dsk_jp - Comet）の閲覧・調査
Webサイト（Amazon.co.jpショッピングカート - Comet）の閲覧・調査
「アカウントサービス」の操作・実務
Webサイト（amazon.co.jp/gp/css/homepage.html?ref_=nav_youraccount_btn - Comet）の閲覧・調査
Webサイト（Amazon.co.jp - Comet）の閲覧・調査
Webサイト（amazon.co.jp/dp/B0GNHL4HN8/?coliid=I3MM7M6HQUU6NV&colid=3QG2YA4TEHJUT&psc=1&ref_=list_c_wl_lv_ov_lig_dp_it - Comet）の閲覧・調査
Webサイト（amazon.co.jp/s/ref=nb_sb_noss?__mk_ja_JP=カタカナ&url=search-alias%3Dcomputers&field-keywords=Dell+デル+Latitude+3420+第11世代&crid=1TPZE0KF96HRN&sprefix=dell+デル+latitude+3420+第11世代%2Ccomputers%2C194 - Comet）の閲覧・調査
Webサイト（amazon.co.jp/s?__mk_ja_JP=カタカナ&crid=2LDJVTURSQYZ3&i=computers&k=Dell デル Latitude 3420 第11世代&ref=nb_sb_noss&sprefix=dell デル latitude 3420 第11世代%2Ccomputers%2C308&url=search-alias%3Dcomputers - Comet）の閲覧・調査
Webサイト（amazon.co.jp/s?__mk_ja_JP=カタカナ&crid=1232D3F4KFUIS&i=aps&k=Dell デル Latitude 3420&ref=nb_sb_noss&sprefix=dell デル latitude 3420%2Caps%2C280&url=search-alias%3Daps - Comet）の閲覧・調査
Webサイト（Amazon.co.jp : Dell デル Latitude 3420 - Comet）の閲覧・調査
Webサイト（amazon.co.jp/Dell-3420-1366×768ピクセル-i5-1145G7-Windows11/dp/B0G8WV1DP8/ref=sr_1_6?__mk_ja_JP=カタカナ&crid=1232D3F4KFUIS&dib=eyJ2IjoiMSJ9.rENNTvdk47CL8XiIqqgN0AKawhnr0VhilW-4m1cj1fPbPYjuX3pedfgR5SYG5Unb9qetE6kNP0ZnIsRDhMZSLb3YmZBhPIiMzQanogp4wD8LlzHDpPziTRBPhfL70IBGbhk8QCWZIMcDOj96WCoH2ZqhuSphjWTjUURdH7NgCx74ZYSjsslqauTJi4nlJ4S5_gBUKW2yUAjj8_skTkHb05NCiXje5ZwPHklwYbQgfwtXTbp-ZOIM0E8Eeql6MJGfS1HVseiJhHWcDpk9-h6_RkZ7D5ChbIxXeE5te_zX1W8.MUmcDc2zFSvcnQ_JUDd5TLtpkNIzcRKJGcvaeGKeqt8&dib_tag=se&keywords=Dell+デル+Latitude+3420&qid=1776659945&sprefix=dell+デル+latitude+3420%2Caps%2C280&sr=8-6 - Comet）の閲覧・調査
Webサイト（amazon.co.jp/Dell-3420-中古ノートパソコン、Windows11Pro、メモリ16GB、1012GB（M-2-COREi3-1115G4（4-1GHz）、WEBカメラ、Bluetooth、無線LAN、MS-COREI3-1115G4/dp/B0D7Q2LDJ3/ref=sr_1_7?__mk_ja_JP=カタカナ&crid=1232D3F4KFUIS&dib=eyJ2IjoiMSJ9.rENNTvdk47CL8XiIqqgN0AKawhnr0VhilW-4m1cj1fPbPYjuX3pedfgR5SYG5Unb9qetE6kNP0ZnIsRDhMZSLb3YmZBhPIiMzQanogp4wD8LlzHDpPziTRBPhfL70IBGbhk8QCWZIMcDOj96WCoH2ZqhuSphjWTjUURdH7NgCx74ZYSjsslqauTJi4nlJ4S5_gBUKW2yUAjj8_skTkHb05NCiXje5ZwPHklwYbQgfwtXTbp-ZOIM0E8Eeql6MJGfS1HVseiJhHWcDpk9-h6_RkZ7D5ChbIxXeE5te_zX1W8.MUmcDc2zFSvcnQ_JUDd5TLtpkNIzcRKJGcvaeGKeqt8&dib_tag=se&keywords=Dell+デル+Latitude+3420&qid=1776659945&sprefix=dell+デル+latitude+3420%2Caps%2C280&sr=8-7 - Comet）の閲覧・調査
「Dell Latitude 3420 整備済み品 中古ノートパソコン Windows11Pro」の操作・実務
Webサイト（amazon.co.jp/【整備済み品】Dell-3420-中古ノートパソコン、Windows11Pro、高性能第11世代CPU搭載、WEBカメラ、Bluetooth、無線LAN（WIFI6）、MS-Office2021-第11世代i5-1145G7/dp/B0G2G7BDRZ/ref=sr_1_5?__mk_ja_JP=カタカナ&crid=1232D3F4KFUIS&dib=eyJ2IjoiMSJ9.rENNTvdk47CL8XiIqqgN0AKawhnr0VhilW-4m1cj1fPbPYjuX3pedfgR5SYG5Unb9qetE6kNP0ZnIsRDhMZSLb3YmZBhPIiMzQanogp4wD8LlzHDpPziTRBPhfL70IBGbhk8QCWZIMcDOj96WCoH2ZqhuSphjWTjUURdH7NgCx74ZYSjsslqauTJi4nlJ4S5_gBUKW2yUAjj8_skTkHb05NCiXje5ZwPHklwYbQgfwtXTbp-ZOIM0E8Eeql6MJGfS1HVseiJhHWcDpk9-h6_RkZ7D5ChbIxXeE5te_zX1W8.MUmcDc2zFSvcnQ_JUDd5TLtpkNIzcRKJGcvaeGKeqt8&dib_tag=se&keywords=Dell+デル+Latitude+3420&qid=1776659945&sprefix=dell+デル+latitude+3420%2Caps%2C280&sr=8-5 - Comet）の閲覧・調査
Webサイト（Amazon.co.jp: 【整備済み品】Dell Latitude 3420 中古ノートパソコン、Windows11Pro、高性能第11世代CPU搭載、WEBカメラ、Bluetooth、無線LAN（WIFI6）、MS Office2021 液晶14インチ TypeC 第11世代i5-1145G7/16GB/512GB/1080タッチパネル) : パソコン・周辺機器 - Comet）の閲覧・調査
Webサイト（amazon.co.jp/hz/wishlist/ls/3QG2YA4TEHJUT/ref=nav_wishlist_lists_2 - Comet）の閲覧・調査
「dynabook G83 メモリ増設は？」の操作・実務
「Perplexity」の操作・実務
「Dell Latitude 3420 スペック」の操作・実務
Webサイト（amazon.co.jp/dp/B0G2G7BDRZ/?coliid=I1V3Y88RQQXSGD&colid=3QG2YA4TEHJUT&psc=1&ref_=list_c_wl_lv_ov_lig_dp_it - Comet）の閲覧・調査
Webサイト（Latitude 14インチ3420ビジネス向けノートPC（ビデオ会議対応） | Dell 日本）の閲覧・調査
Webサイト（HP EliteBook 830 G8 製品詳細・スペック - ノートパソコン・PC通販 | 日本HP）の閲覧・調査
「HP EliteBook 830 G8 製品詳細・スペック」の操作・実務
Webサイト（amazon.co.jp/定番ノートパソコン/b/ref=dp_bc_3?ie=UTF8&node=10610315051 - Comet）の閲覧・調査
Webサイト（Amazon.co.jp: 標準型ノートパソコン: パソコン・周辺機器 - Comet）の閲覧・調査
Webサイト（amazon.co.jp/s?i=computers&rh=n%3A10610315051%2Cp_n_g-1003099804111%3A10432508051%2Cp_n_g-1004196842091%3A10441598051&dc&qid=1776660512&rnid=10441590051&ref=sr_nr_p_n_g-1004196842091_5&ds=v1%3AQiOIcKzfVBRHTfaRrCDioizMX6%2BPqIf2iCg3YRkay0U - Comet）の閲覧・調査
Webサイト（Amazon.co.jp: 13.9 In以下 - DDR4 / 1.0?1.4キログラム / 標準型ノートパソコン / ノートパソコン: パソコン・周辺機器 - Comet）の閲覧・調査
Webサイト（Amazon.co.jp: 13.9 In以下 または 14～14.9 In - DDR4 / 1.0?1.4キログラム / 標準型ノートパソコン / ノートパソコン: パソコン・周辺機器 - Comet）の閲覧・調査
Webサイト（Amazon.co.jp: 13.9 In以下 または 14～14.9 In - DDR4 / 16GB / 1.0?1.4キログラム / 標準型ノートパソコン / ノートパソコン: パソコン・周辺機器 - Comet）の閲覧・調査
Webサイト（amazon.co.jp/軽量薄型ノートPC-Windows11-1366×768-bluetooth-SSD512GB/dp/B0FQW4C5TR/ref=sr_1_40?dib=eyJ2IjoiMSJ9.16gtXoMpZnEebwgcu7C-oWZUkt1-6A714TyneiIlbUxTxlZFQfHAk87rUi8kKiCxoqJVh88_VeLyJ_2tYfR2QX9sDlhYdtR-GbF7JmdTrHiijvBhenoD40F4dlxfdzxGoVI7yyrwnkXyLfRyMkrvX8W3Ax0YfktKjlMPJyCeuj9VPTFpNX2x3KREG2dyGG9V71jDy9U5zU0kMBLFbVZjgwMpOY1rJ6mk7KF-rWzy7SWW0Rqt_J7-B7Wo5XvR41IbgR09GIGXTEHmcZHWakVU2kK-ko_B0V6icsUgFKBAojg.45PkpfDtTR2ga3ZHa-8hL1JNEquQ_VoYD_LC1-ensYo&dib_tag=se&qid=1776660632&refinements=p_n_g-1003099804111%3A10432508051%2Cp_n_g-1004196842091%3A10441598051%2Cp_n_feature_three_browse-bin%3A212653507051%7C212653510051%2Cp_n_g-1003119721111%3A10444736051&rnid=10444734051&s=computers&sr=1-40&xpid=m2yX2NInecvUo - Comet）の閲覧・調査
Webサイト（Amazon.co.jp: 【整備済品】 軽量薄型ノートPC 東芝 S73シリーズ Windows11/ MS Office 2021搭載 / 13.3インチ/第8世代 Core i5/16GBメモリ/SSD 512GB/HD 1366×768/wifi HDMI bluetooth マウス付属 YK-PC (整備済み品) (第8世代i5/メモリ16GB/SSD512GB) : パソコン・周辺機器 - Comet）の閲覧・調査
Webサイト（Amazon.co.jp: 0 - 63,300 \ - 13.9 In以下 または 14～14.9 In / DDR4 / 16GB / 1.0?1.4キログラム / 標準型ノートパソコ...: パソコン・周辺機器 - Comet）の閲覧・調査
Webサイト（Amazon.co.jp: 0 - 63,300 \ - 13.9 In以下 または 14～14.9 In / DDR4 / 16GB または 8GB / 1.0?1.4キログラム / 標...: パソコン・周辺機器 - Comet）の閲覧・調査
Webサイト（Amazon.co.jp: 0 - 63,300 \ - 13.9 In以下 または 14～14.9 In / DDR4 / 16GB または 8GB / 1.0?1.4キログラム / W...: パソコン・周辺機器 - Comet）の閲覧・調査
Webサイト（Amazon.co.jp: 0 - 63,300 \ - 13.9 In以下 または 14～14.9 In / DDR4 / 16GB または 8GB / 1.0?1.4キログラム / I...: パソコン・周辺機器 - Comet）の閲覧・調査
Webサイト（Amazon.co.jp: 0 - 71,800 \ - 13.9 In以下 または 14～14.9 In / DDR4 / 16GB または 8GB / 1.0?1.4キログラム / I...: パソコン・周辺機器 - Comet）の閲覧・調査"
2026/04/20,14:00 - 14:59,"Webサイト（Amazon.co.jp: 0 - 71,800 \ - 13.9 In以下 または 14～14.9 In / DDR4 / 16GB または 8GB / 1.5～1.9キログラム または...: パソコン・周辺機器 - Comet）の閲覧・調査
「Perplexity」の操作・実務
「HP 430G8 中古」の操作・実務
「ProBook 430G8 【中古】 中古パソコン通販専門店 Be-Stock」の操作・実務
「Dell Latitude 3420 スペック」の操作・実務
「HP 430 G8 中古」の操作・実務
Webサイト（probook 430 g8（Windowsノート）｜ノートパソコン | スマホ、タブレット、パソコン のおすすめ人気商品一覧 通販 - Yahoo!ショッピング - Comet）の閲覧・調査
Webサイト（probook 430 g8 備品（Windowsノート）｜ノートパソコン | スマホ、タブレット、パソコン のおすすめ人気商品一覧 通販 - Yahoo!ショッピング - Comet）の閲覧・調査
Webサイト（probook 430 g8 美品のおすすめ人気商品一覧 通販 - Yahoo!ショッピング - Comet）の閲覧・調査
Webサイト（ProBook 中古ノートパソコン Ｗebカメラ内蔵 HP 430 G8 13.3型フルHD 第11世代Core i5-1135G7 メモリ16GB NVMeSSD256GB Type-C HDMI 指紋認証 Office Windows11 : ALEXPC Yahoo!店 - 通販 - Yahoo!ショッピング - Comet）の閲覧・調査
Webサイト（日本HP hp ProBook 430G8 中古 ノートパソコン Core i5-1135G7 メモリ8GB SSD256GB 無線LAN カメラ HD 13.3インチ Windows11Pro : OAステーション ヤフー店 - 通販 - Yahoo!ショッピング - Comet）の閲覧・調査
Webサイト（ProBook ノートパソコン HP 430 G8 中古 2020年モデル Windows11 64bit WEBカメラ Core i5 1135G7 メモリ16GB 高速 SSD 無線LAN 13インチ B5サイズ 1804647 : ジャンクワールドYahoo!店 - 通販 - Yahoo!ショッピング - Comet）の閲覧・調査
Webサイト（Amazon.co.jp: 【整備済み品】ノートPC Office 2024搭載 Windows11Pro dynabook G83 高性能第11世代Corei5 13.3インチFHD(1920x1080)顔認証/カメラ内蔵/WIF/Bluetooth/Type-C/初期化済み 軽量ノートパソコン(メモリ8GB,Nvme SSD 512GB） : パソコン・周辺機器 - Comet）の閲覧・調査
Webサイト（amazon.co.jp/hz/wishlist/ls/3QG2YA4TEHJUT/ref=nav_wishlist_lists_2 - Comet）の閲覧・調査
Webサイト（Amazon.co.jp - Comet）の閲覧・調査
Webサイト（3.EDIONクロスベンチャーズ - t_ito）の閲覧・調査
Webサイト（宮澤 - t_ito）の閲覧・調査
Webサイト（ノートPCの御見積書送付）の閲覧・調査
Webサイト（PDF.js viewer）の閲覧・調査
PDF資料（ABJ）.PDF）の閲覧・内容確認
PDF資料（NW見積書 フォーレスト様向けノートPC_20260415.pdf）の閲覧・内容確認
Excelファイル（20260413_OA予備中古ノートPC2台購入_④稟議書（システム関連,社長決裁）20230701.xlsx）のデータ入力・編集
Webサイト（amazon.co.jp/dp/B0G2G7BDRZ/?coliid=I1V3Y88RQQXSGD&colid=3QG2YA4TEHJUT&psc=1&ref_=list_c_wl_lv_ov_lig_dp_it - Comet）の閲覧・調査
Webサイト（Amazon.co.jp: 【整備済み品】Dell Latitude 3420 中古ノートパソコン、Windows11Pro、高性能第11世代CPU搭載、WEBカメラ、Bluetooth、無線LAN（WIFI6）、MS Office2021 液晶14インチ TypeC 第11世代i5-1145G7/16GB/512GB/1080タッチパネル) : パソコン・周辺機器 - Comet）の閲覧・調査
Webサイト（Amazon.co.jpショッピングカート - Comet）の閲覧・調査
Webサイト（amazon.co.jp/checkout/entry/cart?tangoWeblabStatus=tango_enable_unrec_customer&pipelineType=Chewbacca&referrer=cart&ref_=ox_sw_proceed&isEligibilityLogicDisabled=1&proceedToCheckout=1&oldCustomerId=A1OIQY4FPPJJB4&preInitiateCustomerId=A1OIQY4FPPJJB4 - Comet）の閲覧・調査
Webサイト（注文を確定する-Amazonレジ - Comet）の閲覧・調査
Webサイト（amazon.co.jp/cart?ref_=sw_gtc - Comet）の閲覧・調査
Webサイト（amazon.co.jp/dp/B0GNHL4HN8/?coliid=I3MM7M6HQUU6NV&colid=3QG2YA4TEHJUT&psc=1&ref_=list_c_wl_lv_ov_lig_dp_it - Comet）の閲覧・調査
Webサイト（Amazon.co.jp: 【整備済み品】 ノートパソコン NEC Versapro VM-9 14インチ フルHD Core i5-1135G7 第11世代 Windows11 Office 搭載 カメラ Wi-Fi6 type-C PC パソコン (SSD:256GB メモリ:16GB) : パソコン・周辺機器 - Comet）の閲覧・調査
Webサイト（amazon.co.jp/gp/product/B0GNHL4HN8/ref=ox_sc_act_title_1?smid=A1N4R8YINLNI4M&psc=1 - Comet）の閲覧・調査"
2026/04/20,15:00 - 15:59,"Excelファイル（20260413_OA予備中古ノートPC2台購入_④稟議書（システム関連,社長決裁）20230701.xlsx）のデータ入力・編集
Webサイト（個人フォルダ - サイボウズ Office）の閲覧・調査
Webサイト（Amazon.co.jp: 【整備済み品】 ノートパソコン NEC Versapro VM-9 14インチ フルHD Core i5-1135G7 第11世代 Windows11 Office 搭載 カメラ Wi-Fi6 type-C PC パソコン (SSD:256GB メモリ:16GB) : パソコン・周辺機器 - Comet）の閲覧・調査
Webサイト（Amazon.co.jp: 【整備済み品】 ノートパソコン NEC Versapro VM-9 14インチ フルHD Core i5-1135G7 第11世代 Windows11 Office 搭載 カメラ Wi-Fi6 type-C PC パソコン (SSD:256GB メモリ:16GB) : パソコン・周辺機器）の閲覧・調査
Webサイト（Microsoft Edge アドオン）の閲覧・調査
「Dark Reader」の操作・実務
Webサイト（Dark Reader - Microsoft Edge Addons）の閲覧・調査
Webサイト（Amazon.co.jp）の閲覧・調査
Webサイト（Amazon.co.jp: 【整備済み品】Dell Latitude 3420 中古ノートパソコン、Windows11Pro、高性能第11世代CPU搭載、WEBカメラ、Bluetooth、無線LAN（WIFI6）、MS Office2021 液晶14インチ TypeC 第11世代i5-1145G7/16GB/512GB/1080タッチパネル) : パソコン・周辺機器）の閲覧・調査
Webサイト（スケジュール（グループ週表示） - サイボウズ Office）の閲覧・調査
Webサイト（Re: 年間スケジュール変更の件）の閲覧・調査
Webサイト（受信トレイ - t_ito）の閲覧・調査
Webサイト（宮澤 - t_ito）の閲覧・調査
Webサイト（Re: ノートPCの御見積書送付）の閲覧・調査
Webサイト（ノートPCの御見積書送付）の閲覧・調査
Webサイト（PDF.js viewer）の閲覧・調査
PDF資料（ABJ）.PDF）の閲覧・内容確認
PDF資料（NW見積書 フォーレスト様向けノートPC_20260415.pdf）の閲覧・内容確認"
2026/04/20,16:00 - 16:59,"Webサイト（Amazon.co.jp: 【整備済み品】 ノートパソコン NEC Versapro VM-9 14インチ フルHD Core i5-1135G7 第11世代 Windows11 Office 搭載 カメラ Wi-Fi6 type-C PC パソコン (SSD:256GB メモリ:16GB) : パソコン・周辺機器 - Comet）の閲覧・調査
Excelファイル（20260413_OA予備中古ノートPC2台購入_④稟議書（システム関連,社長決裁）20230701.xlsx）のデータ入力・編集
PDF資料（NW見積書 フォーレスト様向けノートPC_20260415.pdf）の閲覧・内容確認
Webサイト（もう逃げたい…月収48万円・定年目前の59歳会社員、新NISAの誤算「定期預金のままでよかった」）の閲覧・調査
「起動しています」の操作・実務
「PDF24 Toolbox」の操作・実務
PDF資料（(old)20260420_OA中古ノートPC7台購入_④稟議書（システム関連,社長決裁）20230701.pdf）の閲覧・内容確認
PDF資料（20260420_OA中古ノートPC7台購入_④稟議書（システム関連,社長決裁）20230701.pdf）の閲覧・内容確認
Webサイト（トップページ - サイボウズ Office）の閲覧・調査
Webサイト（個人フォルダ - サイボウズ Office）の閲覧・調査
Webサイト（メッセージの送信 - サイボウズ Office）の閲覧・調査
Excelファイル（20260420_OA中古ノートPC７台購入_④稟議書（システム関連,社長決裁）20230701.xlsx）のデータ入力・編集
PDF資料（20260420_OA中古ノートPC７台購入_④稟議書（システム関連,社長決裁）20230701.pdf）の閲覧・内容確認
Webサイト（Gemini）の閲覧・調査
Antigravityを用いた「システム開発・改善」の開発・相談
Webサイト（リアルタイム震度（強震モニタ） - Yahoo!天気・災害）の閲覧・調査
Webサイト（Yahoo! JAPAN）の閲覧・調査
Webサイト（乗換案内、時刻表、運行情報 - Yahoo!路線情報）の閲覧・調査
Webサイト（関東の運行情報（JR、私鉄、地下鉄、新幹線） - Yahoo!路線情報）の閲覧・調査
Webサイト（津波情報 - Yahoo!天気・災害）の閲覧・調査"
2026/04/20,17:00 - 17:59,"Webサイト（個人フォルダ - サイボウズ Office）の閲覧・調査
Webサイト（メッセージの詳細 - サイボウズ Office）の閲覧・調査
Antigravityを用いた「システム開発・改善」の開発・相談
Webサイト（津波情報 - Yahoo!天気・災害）の閲覧・調査
Webサイト（ToDo リスト）の閲覧・調査
PDF資料（20260420_OA中古ノートPC７台購入_④稟議書（システム関連,社長決裁）20230701.pdf）の閲覧・内容確認
Webサイト（メッセージの変更（宛先） - サイボウズ Office）の閲覧・調査
Webサイト（ワークフロー（最新一覧） - サイボウズ Office）の閲覧・調査
Webサイト（未処理申請の処理 - サイボウズ Office）の閲覧・調査
Webサイト（申請データの作成（申請フォームの選択） - サイボウズ Office）の閲覧・調査
Webサイト（申請データの作成（内容の入力） - サイボウズ Office）の閲覧・調査
Webサイト（申請の作成（内容の確認） - サイボウズ Office）の閲覧・調査
Webサイト（ワークフロー（送信一覧） - サイボウズ Office）の閲覧・調査
「PDF24 Toolbox」の操作・実務
「起動しています」の操作・実務
Excelファイル（test_data.csv）のデータ入力・編集
Excelファイル（test_data(分割済み1).csv）のデータ入力・編集
Excelファイル（test_data(分割済み2).csv）のデータ入力・編集
Excelファイル（test_data(分割済み3).csv）のデータ入力・編集
Excelファイル（20260420（社員）勤務シフト変更届（2026年度用）.xlsx ）のデータ入力・編集
Excelファイル（20260420（社員）勤務シフト変更届（2026年度用）.xlsx）のデータ入力・編集"
2026/04/20,18:00 - 18:59,"Webサイト（個人フォルダ - サイボウズ Office）の閲覧・調査
Webサイト（メッセージの詳細 - サイボウズ Office）の閲覧・調査
Webサイト（メッセージの送信（再利用） - サイボウズ Office）の閲覧・調査
Webサイト（ワークフロー（最新一覧） - サイボウズ Office）の閲覧・調査
Excelファイル（20260420（社員）勤務シフト変更届（2026年度用）.xlsx）のデータ入力・編集
Webサイト（ワークフロー（送信一覧） - サイボウズ Office）の閲覧・調査
Webサイト（申請データの詳細 - サイボウズ Office）の閲覧・調査
Excelファイル（2026_05勤務シフト表（システム部）.xlsx ）のデータ入力・編集
Excelファイル（2026_05勤務シフト表（システム部）.xlsx）のデータ入力・編集
「起動しています」の操作・実務
Excelファイル（20260420_OA中古ノートPC７台購入_④稟議書（システム関連,社長決裁）20230701.xlsx）のデータ入力・編集
Webサイト（差し戻された申請の処理 - サイボウズ Office）の閲覧・調査
Webサイト（申請データの作成（内容の入力） - サイボウズ Office）の閲覧・調査
Webサイト（申請の作成（内容の確認） - サイボウズ Office）の閲覧・調査
Webサイト（申請の作成（内容の入力） - サイボウズ Office）の閲覧・調査
PDF資料（20260420_OA中古ノートPC７台購入_④稟議書（システム関連,社長決裁）20230701.pdf）の閲覧・内容確認"
2026/04/21,11:00 - 11:59,"Webサイト（Amazon.co.jp: 【整備済み品】 ノートパソコン NEC Versapro VM-9 14インチ フルHD Core i5-1135G7 第11世代 Windows11 Office 搭載 カメラ Wi-Fi6 type-C PC パソコン (SSD:256GB メモリ:16GB) : パソコン・周辺機器 - Comet）の閲覧・調査
Webサイト（トップページ - サイボウズ Office）の閲覧・調査
Webサイト（個人フォルダ - サイボウズ Office）の閲覧・調査
Webサイト（ワークフロー（最新一覧） - サイボウズ Office）の閲覧・調査
Webサイト（ワークフロー（送信一覧） - サイボウズ Office）の閲覧・調査
Webサイト（申請データの詳細 - サイボウズ Office）の閲覧・調査
Webサイト（メッセージの詳細 - サイボウズ Office）の閲覧・調査
Antigravityを用いた「システム開発・改善」の開発・相談
「起動しています」の操作・実務
Excelファイル（test_data(分割済み2).csv）のデータ入力・編集
Excelファイル（test_data(分割済み3).csv）のデータ入力・編集
Webサイト（未処理申請の処理 - サイボウズ Office）の閲覧・調査"
2026/04/21,12:00 - 12:59,"Antigravityを用いた「システム開発・改善」の開発・相談
Webサイト（Amazon.co.jp: 【整備済み品】 ノートパソコン NEC Versapro VM-9 14インチ フルHD Core i5-1135G7 第11世代 Windows11 Office 搭載 カメラ Wi-Fi6 type-C PC パソコン (SSD:256GB メモリ:16GB) : パソコン・周辺機器 - Comet）の閲覧・調査
Webサイト（個人フォルダ - サイボウズ Office）の閲覧・調査
「起動しています」の操作・実務
Excelファイル（elements_list.xlsx）のデータ入力・編集
Webサイト（Web抽出レポート）の閲覧・調査
「context.json」の操作・実務
スクリプト（test.bat - メモ帳）の開発・デバッグ"
2026/04/21,13:00 - 13:59,"Antigravityを用いた「システム開発・改善」の開発・相談
Webサイト（トップページ - サイボウズ Office）の閲覧・調査
Webサイト（ユーザー情報の変更）の閲覧・調査
スクリプト（test.bat - メモ帳）の開発・デバッグ
「起動しています」の操作・実務
Excelファイル（elements_list.xlsx）のデータ入力・編集
「context.json」の操作・実務
Webサイト（Gemini）の閲覧・調査
Webサイト（ToDo リスト）の閲覧・調査
Webサイト（iLovePDF | PDFファンのためのオンラインツール）の閲覧・調査
Webサイト（Downdetector - リアルタイムのサービス問題と障害を確認 - JP）の閲覧・調査
「Downdetector」の操作・実務
Webサイト（リアルタイム震度（強震モニタ） - Yahoo!天気・災害）の閲覧・調査
Webサイト（個人フォルダ - サイボウズ Office）の閲覧・調査
Webサイト（ワークフロー（最新一覧） - サイボウズ Office）の閲覧・調査
Webサイト（ワークフロー（送信一覧） - サイボウズ Office）の閲覧・調査
Webサイト（申請データの詳細 - サイボウズ Office）の閲覧・調査"
2026/04/21,14:00 - 14:59,"Antigravityを用いた「システム開発・改善」の開発・相談
「受信トレイ (13,088)」の操作・実務
Webサイト（個人フォルダ - サイボウズ Office）の閲覧・調査
Webサイト（メッセージの詳細 - サイボウズ Office）の閲覧・調査
Webサイト（Authorization needed）の閲覧・調査
Webサイト（Authorization Status）の閲覧・調査
Webサイト（社内専用PDF編集ツール）の閲覧・調査
「PDF24 Toolbox」の操作・実務
Webサイト（トップページ - サイボウズ Office）の閲覧・調査
Webサイト（メール - サイボウズ Office）の閲覧・調査
Webサイト（スケジュール（グループ週表示） - サイボウズ Office）の閲覧・調査"
2026/04/21,15:00 - 15:59,"Antigravityを用いた「システム開発・改善」の開発・相談
Webサイト（【2026年3月最新】Geminiは無制限に使えるの？利用制限早見表 • Zenken AI）の閲覧・調査
Webサイト（【2026年3月最新】Geminiは無制限に使えるの？利用制限早見表 ? Zenken AI）の閲覧・調査
Webサイト（Amazon.co.jp: 【整備済み品】 ノートパソコン NEC Versapro VM-9 14インチ フルHD Core i5-1135G7 第11世代 Windows11 Office 搭載 カメラ Wi-Fi6 type-C PC パソコン (SSD:256GB メモリ:16GB) : パソコン・周辺機器 - Comet）の閲覧・調査"
2026/04/21,16:00 - 16:59,"Antigravityを用いた「システム開発・改善」の開発・相談
Webサイト（トップページ - サイボウズ Office）の閲覧・調査
Webサイト（メール - サイボウズ Office）の閲覧・調査
「spider_structure_map.json」の操作・実務
スクリプト（test.bat - メモ帳）の開発・デバッグ
Webサイト（個人フォルダ - サイボウズ Office）の閲覧・調査
Webサイト（受信トレイ - t_ito@forest.co.jp）の閲覧・調査
Webサイト（NTTドコモ - t_ito）の閲覧・調査
Webサイト（1.システム部（福岡） - t_ito）の閲覧・調査
Webサイト（2.システム運営課 - t_ito）の閲覧・調査
Webサイト（KDDI SMSM通知 - t_ito）の閲覧・調査
Webサイト（FUJIFILM - t_ito）の閲覧・調査
「PDF24 Toolbox」の操作・実務"
2026/04/21,17:00 - 17:59,"Antigravityを用いた「システム開発・改善」の開発・相談
「spider_structure_map.json」の操作・実務
Webサイト（AIにおける次の大きなトレンドは「ダークファクトリー」 | Business Insider Japan）の閲覧・調査
「Cybozu Exporter V6.20」の操作・実務
Webサイト（トップページ - サイボウズ Office）の閲覧・調査
Webサイト（メール - サイボウズ Office）の閲覧・調査
Webサイト（イタリア自動車雑貨店ショッピング - Yahoo!ショッピング）の閲覧・調査
Webサイト（イタリア自動車雑貨店 | イタリア車のパーツ、アクセサリーとグッズの公式オンラインショップ）の閲覧・調査
Webサイト（メールの詳細 - サイボウズ Office）の閲覧・調査
「Cybozu Exporter V6.22」の操作・実務"
2026/04/21,18:00 - 18:59,"「Cybozu Exporter V6.22」の操作・実務
Webサイト（トップページ - サイボウズ Office）の閲覧・調査
Webサイト（メール - サイボウズ Office）の閲覧・調査
Antigravityを用いた「システム開発・改善」の開発・相談
「Cybozu Exporter V6.23」の操作・実務"
2026/04/22,09:00 - 09:59,"Antigravityを用いた「システム開発・改善」の開発・相談
Webサイト（個人フォルダ - サイボウズ Office）の閲覧・調査
Webサイト（メッセージの詳細 - サイボウズ Office）の閲覧・調査
Webサイト（ワークフロー（最新一覧） - サイボウズ Office）の閲覧・調査
Webサイト（ワークフロー（送信一覧） - サイボウズ Office）の閲覧・調査
Webサイト（申請データの詳細 - サイボウズ Office）の閲覧・調査
Webサイト（FUJIFILM - t_ito）の閲覧・調査
PDF資料（NW見積書 フォーレスト様向けノートPC_20260415.pdf）の閲覧・内容確認
Webサイト（ノートPCの御見積書送付）の閲覧・調査
Webサイト（Re: 年間スケジュール変更の件）の閲覧・調査
Webサイト（年間スケジュール変更の件）の閲覧・調査
Webサイト（Bizストレージ ファイルシェア）の閲覧・調査
Webサイト（受信トレイ - t_ito）の閲覧・調査
「Cybozu Exporter V6.22」の操作・実務
「Cybozu Exporter V6.23」の操作・実務
Webサイト（インフォメーション）の閲覧・調査
Webサイト（トップページ - サイボウズ Office）の閲覧・調査
Webサイト（メール - サイボウズ Office）の閲覧・調査
スクリプト（test.bat - メモ帳）の開発・デバッグ
「spider_structure_map.json」の操作・実務
Webサイト（Amazon.co.jp: 【整備済み品】 ノートパソコン NEC Versapro VM-9 14インチ フルHD Core i5-1135G7 第11世代 Windows11 Office 搭載 カメラ Wi-Fi6 type-C PC パソコン (SSD:256GB メモリ:16GB) : パソコン・周辺機器 - Comet）の閲覧・調査
「起動しています」の操作・実務
Excelファイル（③2025年度下期_行動評価シート（様式②~⑤）.xlsx）のデータ入力・編集
Webサイト（Gemini）の閲覧・調査"
2026/04/22,10:00 - 10:59,"Excelファイル（③2025年度下期_行動評価シート（様式②~⑤）.xlsx）のデータ入力・編集
「起動しています」の操作・実務
Excelファイル（2025年度下期_業績評価シート【3068伊藤健人】 (2).xlsx）のデータ入力・編集
Webサイト（個人フォルダ - サイボウズ Office）の閲覧・調査
Webサイト（メッセージの詳細 - サイボウズ Office）の閲覧・調査
PDF資料（Application_Whitelisting_Strategy.pdf）の閲覧・内容確認
Webサイト（NotebookLM）の閲覧・調査
Webサイト（Creating Notebook...）の閲覧・調査
Webサイト（Silent Delivery: A Technical Roadmap for Whitelist Implementation - NotebookLM）の閲覧・調査
Webサイト（Acrobat 拡張機能を有効にする）の閲覧・調査
Webサイト（メッセージの送信 - サイボウズ Office）の閲覧・調査
「Cybozu Exporter V6.23」の操作・実務
Antigravityを用いた「システム開発・改善」の開発・相談
「ツールの一覧について」の操作・実務
Webサイト（ツールの一覧について - Microsoft Edge Developer documentation | Microsoft Learn）の閲覧・調査
Webサイト（メール本文 - サイボウズ Office）の閲覧・調査
「Cybozu Exporter V6.24」の操作・実務
「Cybozu Exporter V6.25」の操作・実務
「Cybozu Exporter V6.26」の操作・実務"
2026/04/22,11:00 - 11:59,"「Cybozu Exporter V6.26」の操作・実務
Webサイト（メール - サイボウズ Office）の閲覧・調査
Antigravityを用いた「システム開発・改善」の開発・相談
PDF資料（Application_Whitelisting_Strategy.pdf）の閲覧・内容確認
「Cybozu Exporter V6.28」の操作・実務
「Cybozu Exporter V6.27」の操作・実務
Webサイト（メールの詳細 - サイボウズ Office）の閲覧・調査
Webサイト（トップページ - サイボウズ Office）の閲覧・調査
Webサイト（ワークフロー（最新一覧） - サイボウズ Office）の閲覧・調査
Webサイト（ワークフロー（送信一覧） - サイボウズ Office）の閲覧・調査
Webサイト（申請データの詳細 - サイボウズ Office）の閲覧・調査
Webサイト（個人フォルダ - サイボウズ Office）の閲覧・調査
「Cybozu Exporter V6.29」の操作・実務
Webサイト（メール本文 - サイボウズ Office）の閲覧・調査
Webサイト（リアルタイム震度（強震モニタ） - Yahoo!天気・災害）の閲覧・調査"
2026/04/22,12:00 - 12:59,"Webサイト（メールの詳細 - サイボウズ Office）の閲覧・調査
Webサイト（メール - サイボウズ Office）の閲覧・調査
Antigravityを用いた「システム開発・改善」の開発・相談
Webサイト（Gmail）の閲覧・調査
Webサイト（受信トレイ (1,025) - ticsd0910@gmail.com - Gmail）の閲覧・調査
「受信トレイ (1,013)」の操作・実務
「Cybozu Exporter V6.30」の操作・実務"
2026/04/22,13:00 - 13:59,"「Cybozu Exporter V6.31」の操作・実務
Antigravityを用いた「システム開発・改善」の開発・相談
「Cybozu Exporter V6.32」の操作・実務
Webサイト（メール - サイボウズ Office）の閲覧・調査
「Cybozu Exporter V6.33」の操作・実務
Webサイト（メール本文 - サイボウズ Office）の閲覧・調査
「Cybozu Exporter V6.34」の操作・実務
Webサイト（Silent Delivery: A Technical Roadmap for Whitelist Implementation - NotebookLM）の閲覧・調査
Webサイト（AIにおける次の大きなトレンドは「ダークファクトリー」 | Business Insider Japan）の閲覧・調査
Webサイト（リアルタイム震度（強震モニタ） - Yahoo!天気・災害）の閲覧・調査
「Cybozu Exporter V6.35」の操作・実務
「Cybozu Exporter V6.36」の操作・実務
「Cybozu Exporter V6.37」の操作・実務
「Cybozu Exporter V6.38」の操作・実務
「Cybozu Exporter V6.40」の操作・実務
「20263251751_61522_RE_ 閲覧等制限／公取委からの連絡.txt」の操作・実務"
2026/04/22,14:00 - 14:59,"Antigravityを用いた「システム開発・改善」の開発・相談
「Cybozu Exporter V6.41」の操作・実務
Webサイト（メール - サイボウズ Office）の閲覧・調査
「Cybozu Exporter V6.42」の操作・実務
Webサイト（メール本文 - サイボウズ Office）の閲覧・調査
Webサイト（個人フォルダ - サイボウズ Office）の閲覧・調査
Webサイト（Gemini in Chrome - ブラウザに直接組み込まれた AI アシスタント）の閲覧・調査
Webサイト（Use Gemini in Chrome - Computer - Gemini アプリ ヘルプ）の閲覧・調査
Webサイト（Chrome で Gemini を使用する - コンピューター - Gemini アプリ ヘルプ）の閲覧・調査
Webサイト（Gmail）の閲覧・調査"
2026/04/22,15:00 - 15:59,"「フォレストウェイ | 事務・オフィス用品の通販」の操作・実務
Webサイト（エレコム カテゴリー5E LANケーブル 5m ホワイト LD-CTT WH5 RS 通販【フォレストウェイ】）の閲覧・調査
Webサイト（「LANケーブル　5M　白」(2ページ目) 通販【フォレストウェイ】）の閲覧・調査
Webサイト（「LANケーブル　5M　白」 通販【フォレストウェイ】）の閲覧・調査
Webサイト（エレコム LANケーブル CAT6A 簡易包装 5m LD-GPAT WH5 RS 通販【フォレストウェイ】）の閲覧・調査
PDF資料（【基本手順】Forestway承認機能_フォーレスト物品請求用_240927 (2).pdf）の閲覧・内容確認
Webサイト（注文申請内容確認 | フォレストウェイ）の閲覧・調査
Webサイト（注文申請完了 | フォレストウェイ）の閲覧・調査
Webサイト（個人フォルダ - サイボウズ Office）の閲覧・調査
Webサイト（ワークフロー（最新一覧） - サイボウズ Office）の閲覧・調査
Webサイト（スケジュール（グループ週表示） - サイボウズ Office）の閲覧・調査
Webサイト（ワークフロー（送信一覧） - サイボウズ Office）の閲覧・調査
Webサイト（申請データの詳細 - サイボウズ Office）の閲覧・調査
「Cybozu Exporter V6.42」の操作・実務"
2026/04/22,16:00 - 16:59,"「hosts」の操作・実務
「*hosts」の操作・実務
「C:\Windows\System32\drivers\etc\hosts」の操作・実務
「タイトルなし」の操作・実務
スクリプト（test.bat - メモ帳）の開発・デバッグ
Webサイト（無料大容量 ファイル転送サービス GigaFile(ギガファイル)便）の閲覧・調査
Webサイト（Re: 年間スケジュール変更の件）の閲覧・調査
Antigravityを用いた「システム開発・改善」の開発・相談
Webサイト（ギガファイル便 URL短縮サービス | XGF）の閲覧・調査"
2026/04/22,17:00 - 17:59,"Webサイト（年齢認証 - FANZA）の閲覧・調査
「Cybozu Exporter V6.42」の操作・実務"
2026/04/22,18:00 - 18:59,"Webサイト（firestorage 容量無制限のオンラインストレージ）の閲覧・調査
「TEST.xml」の操作・実務"
2026/04/23,09:00 - 09:59,"Webサイト（ワークフロー（最新一覧） - サイボウズ Office）の閲覧・調査
Webサイト（ワークフロー（送信一覧） - サイボウズ Office）の閲覧・調査
Webサイト（申請データの詳細 - サイボウズ Office）の閲覧・調査
Webサイト（個人フォルダ - サイボウズ Office）の閲覧・調査
Webサイト（メッセージの詳細 - サイボウズ Office）の閲覧・調査
Webサイト（Claude）の閲覧・調査"
2026/04/23,13:00 - 13:59,"Webサイト（Use Gemini in Chrome - Computer - Gemini アプリ ヘルプ）の閲覧・調査
Webサイト（メール本文 - サイボウズ Office）の閲覧・調査
Webサイト（個人フォルダ - サイボウズ Office）の閲覧・調査
Webサイト（Silent Delivery: A Technical Roadmap for Whitelist Implementation - NotebookLM）の閲覧・調査
Webサイト（リアルタイム震度（強震モニタ） - Yahoo!天気・災害）の閲覧・調査
Webサイト（AIにおける次の大きなトレンドは「ダークファクトリー」 | Business Insider Japan）の閲覧・調査
「TEST.xml」の操作・実務"
2026/04/23,14:00 - 14:59,"Webサイト（【LAN DISK CONNECT（ランディスクコネクト）】便利な機能のご紹介 | アイ・オー・データ機器 I-O DATA）の閲覧・調査
Webサイト（hostsファイルでサイトアクセスを制限 - NotebookLM）の閲覧・調査
「Perplexity」の操作・実務
「起動しています」の操作・実務
「Book1」の操作・実務"
2026/04/23,15:00 - 15:59,"Webサイト（Loading Notebook... - NotebookLM）の閲覧・調査
Webサイト（hostsファイルでサイトアクセスを制限 - NotebookLM）の閲覧・調査
Webサイト（NotebookLM）の閲覧・調査
「\\frt-nas\01_全社共有\システム統括部\業改室\★大宮システム部\（NAS）伊藤\ヤフーJETsource.txt」の操作・実務
「Book1」の操作・実務
Excelファイル（アプリケーション アプリ別(アプリ一覧).csv）のデータ入力・編集
「Perplexity」の操作・実務"
2026/04/23,16:00 - 16:59,"「Book1」の操作・実務
Antigravityを用いた「システム開発・改善」の開発・相談
Webサイト（Claude）の閲覧・調査
Webサイト（サイト名と危険度を列に追加 - Claude）の閲覧・調査"
2026/04/23,17:00 - 17:59,"「起動しています」の操作・実務
Webサイト（Claude）の閲覧・調査
Webサイト（サイト名と危険度を列に追加 - Claude）の閲覧・調査
Excelファイル（アプリケーション アプリ別(アプリ一覧).csv）のデータ入力・編集"
2026/04/23,18:00 - 18:59,"「TEST.xml」の操作・実務
スクリプト（test555.bat - メモ帳）の開発・デバッグ
スクリプト（*test555.bat - メモ帳）の開発・デバッグ
「タイトルなし」の操作・実務"
2026/04/24,09:00 - 09:59,"Webサイト（トップページ - サイボウズ Office）の閲覧・調査
Webサイト（個人フォルダ - サイボウズ Office）の閲覧・調査
Webサイト（メッセージの詳細 - サイボウズ Office）の閲覧・調査
Webサイト（メール - サイボウズ Office）の閲覧・調査
Webサイト（Mozilla Thunderbird）の閲覧・調査
Webサイト（Re: 年間スケジュール変更の件）の閲覧・調査
Webサイト（宮澤 - t_ito）の閲覧・調査
Webサイト（受信トレイ - t_ito）の閲覧・調査
Webサイト（2.システム運営課 - t_ito）の閲覧・調査
Webサイト（WindowsアプリやAIの活用法、最新ニュース - 窓の杜）の閲覧・調査
「WindowsアプリやAIの活用法、最新ニュース」の操作・実務
Webサイト（セキュリティ 脆弱性 - 窓の杜）の閲覧・調査
「セキュリティ 脆弱性」の操作・実務
「タイトルなし」の操作・実務"
2026/04/24,10:00 - 10:59,「開いているファイル」の操作・実務
2026/04/24,11:00 - 11:59,「開いているファイル」の操作・実務
2026/04/24,12:00 - 12:59,"「メモ.txt(更新)」の操作・実務
「開いているファイル」の操作・実務
「メモ.txt」の操作・実務"
2026/04/24,13:00 - 13:59,"「開いているファイル」の操作・実務
「メモ.txt」の操作・実務"
2026/04/24,14:00 - 14:59,"「開いているファイル」の操作・実務
「メモ.txt」の操作・実務
「Perplexity」の操作・実務"
2026/04/24,15:00 - 15:59,"Webサイト（個人フォルダ - サイボウズ Office）の閲覧・調査
Webサイト（メッセージの詳細 - サイボウズ Office）の閲覧・調査
Webサイト（ファイルの詳細 - サイボウズ Office）の閲覧・調査
Excelファイル（2026年4月度【社員】勤怠申請・承認のご依頼0424.xlsx ）のデータ入力・編集
Webサイト（ワークフロー（最新一覧） - サイボウズ Office）の閲覧・調査
Webサイト（ワークフロー（送信一覧） - サイボウズ Office）の閲覧・調査
Webサイト（申請データの詳細 - サイボウズ Office）の閲覧・調査
Webサイト（メール - サイボウズ Office）の閲覧・調査
Webサイト（未処理申請の処理 - サイボウズ Office）の閲覧・調査
Webサイト（メッセージの送信 - サイボウズ Office）の閲覧・調査
Webサイト（NotebookLM）の閲覧・調査
Webサイト（hostsファイルでサイトアクセスを制限 - NotebookLM）の閲覧・調査
Webサイト（Loading Notebook... - NotebookLM）の閲覧・調査
Webサイト（Creating Notebook...）の閲覧・調査
Webサイト（フォレストウェイ | 事務・オフィス用品の通販 - 最短当日お届け【Forestway】）の閲覧・調査
「フォレストウェイ | 事務・オフィス用品の通販」の操作・実務
Webサイト（申請一覧 | フォレストウェイ）の閲覧・調査
Webサイト（注文申請内容 | フォレストウェイ）の閲覧・調査
Webサイト（カート | フォレストウェイ）の閲覧・調査
Webサイト（お届け先選択 | フォレストウェイ）の閲覧・調査
Webサイト（お届け日指定 | フォレストウェイ）の閲覧・調査
Webサイト（注文内容確認 | フォレストウェイ）の閲覧・調査
Webサイト（注文完了 | フォレストウェイ）の閲覧・調査"
2026/04/24,16:00 - 16:59,"Excelファイル（2026年4月度【社員】勤怠申請・承認のご依頼0424.xlsx ）のデータ入力・編集
「起動しています」の操作・実務
Antigravityを用いた「システム開発・改善」の開発・相談
Webサイト（1,300年に一度の巨大波がカナダ沖で発見! | Watch）の閲覧・調査
Webサイト（世界最大のコンドームメーカー受難、イラン戦争の影響で値上げ必至）の閲覧・調査"
2026/04/24,17:00 - 17:59,"「Perplexity」の操作・実務
「Webサイトブロック用のリストなんだが、別AIで生成の結果あってるものと間違ってるものがある。 これらを修正したい。」の操作・実務
「起動しています」の操作・実務
Webサイト（Claude）の閲覧・調査
Webサイト（Claude AI抽出の精度確認 - Claude）の閲覧・調査
Webサイト（【セナから20年後の世界】川井一仁が明かす「忘れられないセナとのケンカ」 | web Sportiva (スポルティーバ)）の閲覧・調査
Webサイト（川井一仁が明かす「忘れられないセナとのケンカ」 | web Sportiva (スポルティーバ)）の閲覧・調査"
2026/04/24,18:00 - 18:59,"Webサイト（川井一仁が明かす「忘れられないセナとのケンカ」 (2ページ目) | web Sportiva (スポルティーバ)）の閲覧・調査
「Webサイトブロック用のリストなんだが、別AIで生成の結果あってるものと間違ってるものがある。 これらを修正したい。」の操作・実務
「Perplexity」の操作・実務
「windows applocker 使い方」の操作・実務"
2026/04/27,08:00 - 08:59,"Webサイト（トップページ - サイボウズ Office）の閲覧・調査
Webサイト（個人フォルダ - サイボウズ Office）の閲覧・調査
Webサイト（メッセージの詳細 - サイボウズ Office）の閲覧・調査"
2026/04/27,09:00 - 09:59,"Webサイト（スケジュール（グループ週表示） - サイボウズ Office）の閲覧・調査
Webサイト（個人フォルダ - サイボウズ Office）の閲覧・調査
Webサイト（メッセージの詳細 - サイボウズ Office）の閲覧・調査
Webサイト（ファイルの詳細 - サイボウズ Office）の閲覧・調査
Excelファイル（2026年4月度【社員】勤怠申請・承認のご依頼0417.xlsx ）のデータ入力・編集
Excelファイル（2026年4月度【社員】勤怠申請・承認のご依頼0424.xlsx ）のデータ入力・編集
Webサイト（トップページ - サイボウズ Office）の閲覧・調査
Webサイト（ワークフロー（最新一覧） - サイボウズ Office）の閲覧・調査
Webサイト（ワークフロー（送信一覧） - サイボウズ Office）の閲覧・調査
Webサイト（申請データの詳細 - サイボウズ Office）の閲覧・調査
「セキュリティ 脆弱性」の操作・実務
Webサイト（「Microsoft Edge」にセキュリティ更新 ～「Chromium」の脆弱性2件に対処 - 窓の杜）の閲覧・調査
「「Microsoft Edge」にセキュリティ更新 ～「Chromium」の脆弱性2件に対処」の操作・実務
Webサイト（メッセージの送信（再利用） - サイボウズ Office）の閲覧・調査
「致命的な脆弱性に対処したAndroid OSの2026年4月セキュリティ更新が発表」の操作・実務
Webサイト（Amazon | 本, ファッション, 家電から食品まで | アマゾン）の閲覧・調査
Webサイト（Amazon.co.jp: 【整備済み品】 ノートパソコン NEC Versapro VM-9 14インチ フルHD Core i5-1135G7 第11世代 Windows11 Office 搭載 カメラ Wi-Fi6 type-C PC パソコン (SSD:256GB メモリ:16GB) : パソコン・周辺機器）の閲覧・調査
PDF資料（20260420_OA中古ノートPC７台購入_④稟議書（システム関連,社長決裁）20230701 (1).pdf）の閲覧・内容確認
Webサイト（Amazon.co.jp: 【整備済み品】Dell Latitude 3420 中古ノートパソコン、Windows11Pro、高性能第11世代CPU搭載、WEBカメラ、Bluetooth、無線LAN（WIFI6）、MS Office2021 液晶14インチ TypeC 第11世代i5-1145G7/16GB/512GB/1080タッチパネル) : パソコン・周辺機器）の閲覧・調査
Webサイト（Latitude 3420 セットアップと仕様 | Dell 日本）の閲覧・調査
Webサイト（Dell Latitude 3420 V4 NBLA111-074N1 価格比較 - 価格.com）の閲覧・調査
「Dell Latitude 3420 V4 NBLA111-074N1 価格比較」の操作・実務
Webサイト（Inspiron 7000 dell latitude 3420 i5 11th gen laptop 第11世代 ノートPC i5-1145G7 デル ノートパソコン中古 メモリ8GB NVMe 256GB 14. フルHD PC : サンクスジェピ - 通販 - Yahoo!ショッピング）の閲覧・調査
Webサイト（NEC VersaPro タイプVM PC-VKT42M3F936F 価格比較 - 価格.com）の閲覧・調査
「NEC VersaPro タイプVM PC-VKT42M3F936F 価格比較」の操作・実務
Webサイト（Dell Latitude 3420 整備済み品 中古ノートパソコン Windows11Pro）の閲覧・調査
Webサイト（メッセージの変更（標題・本文） - サイボウズ Office）の閲覧・調査"
2026/04/27,10:00 - 10:59,"「windows applocker 使い方」の操作・実務
Antigravityを用いた「システム開発・改善」の開発・相談
プログラム（Update tool scripts and cleanup TEST directory）の開発および修正
Webサイト（メッセージの詳細 - サイボウズ Office）の閲覧・調査
PDF資料（Acrobat-for-Chrome.pdf）の閲覧・内容確認
Webサイト（メール - サイボウズ Office）の閲覧・調査
Webサイト（個人フォルダ - サイボウズ Office）の閲覧・調査
Webサイト（Lenovo-csd）の閲覧・調査
Webサイト（秘密手法を加えたボリンジャーバンドMT5/MT4インジケーター無料公開！アラートとRSI/MAフィルター機能付き | FXキーストン）の閲覧・調査
Webサイト（Qiita）の閲覧・調査
Webサイト（Webのしないといけないセキュリティ対策 #Python - Qiita）の閲覧・調査
Webサイト（アプリなどを毎回同じ場所、同じ位置、同じ大きさで開きたい - Microsoft Q&A）の閲覧・調査
「アプリなどを毎回同じ場所、同じ位置、同じ大きさで開きたい」の操作・実務
Webサイト（【Windows 11】複数のウィンドウをササッと分割・整列できる「スナップ」が強化 その実力は？：Tech TIPS - ＠IT）の閲覧・調査
「【Windows 11】複数のウィンドウをササッと分割・整列できる「スナップ」が強化 その実力は？：Tech TIPS」の操作・実務
Webサイト（川井一仁が明かす「忘れられないセナとのケンカ」 | web Sportiva (スポルティーバ)）の閲覧・調査
Webサイト（Win11 ウィンドウの位置を固定する | ユニコムかつしかのブログ）の閲覧・調査
Webサイト（ワークフロー（最新一覧） - サイボウズ Office）の閲覧・調査
Webサイト（Figma）の閲覧・調査
Webサイト（ヘルプ – Dark Reader）の閲覧・調査
Webサイト（NotebookLM Web Importer - Import web pages and YouTube videos to NotebookLM）の閲覧・調査
Webサイト（Figma Make: Create with AI-Powered Design Tools）の閲覧・調査
Webサイト（Figma Make: AI搭載のデザインツールで制作）の閲覧・調査"
2026/04/27,11:00 - 11:59,"Webサイト（マウス・キーボード切替器として優秀""USB2BT PLUS""レビュー｜さしみつ）の閲覧・調査
Webサイト（【ロジクールM590レビュー】 複数のＰＣで１台のマウスを切替えできるBluetoothマウス | dalahast.jp 週末限定ビストロパパの日常関心空間）の閲覧・調査
Webサイト（やっと安価でおすすめできるキーボードとマウスを見つけました｜参考サイトの管理人）の閲覧・調査
Webサイト（Rapoo、マルチペアリング対応の薄型Bluetoothキーボードと静音マウスセット - PC Watch）の閲覧・調査
「Rapoo、マルチペアリング対応の薄型Bluetoothキーボードと静音マウスセット」の操作・実務
Webサイト（信頼性の高いワイヤーキーボードとマウスのセット、簡単なインストール、複数のオペレーティングシステム間で互換性のあるキーボード - 3,305円 :）の閲覧・調査
「信頼性の高いワイヤーキーボードとマウスのセット、簡単なインストール、複数のオペレーティングシステム間で互換性のあるキーボード」の操作・実務
Webサイト（ロジクール K295サイレント ワイヤレス キーボードを徹底レビュー！実際に使ってわかったメリット・デメリットは？ | マイベスト）の閲覧・調査
Webサイト（メッセージの詳細 - サイボウズ Office）の閲覧・調査
Antigravityを用いた「システム開発・改善」の開発・相談
「Cybozu MBOX Converter V3.6」の操作・実務
Webサイト（Thunderbird の更新）の閲覧・調査
Webサイト（Mozilla Thunderbird）の閲覧・調査
Webサイト（2.システム運営課 - t_ito）の閲覧・調査
Webサイト（個人フォルダ - サイボウズ Office）の閲覧・調査
Webサイト（北海道の震度５強、後発地震と直接的な関連なし…「特別な備え」呼びかけは予定通りきょう午後５時で終了見通し）の閲覧・調査
Webサイト（1.Forest - t_ito）の閲覧・調査
Webサイト（1. - t_ito）の閲覧・調査
Webサイト（TEST - t_ito@forest.co.jp）の閲覧・調査
Webサイト（リアルタイム震度（強震モニタ） - Yahoo!天気・災害）の閲覧・調査
Webサイト（地震情報 - Yahoo!天気・災害）の閲覧・調査
Webサイト（IT新着：日経クロステック Active）の閲覧・調査
Webサイト（社員の経費はAIが「承認」、始まったバックオフィス無人化 - バックオフィス「無人化」への道：日経クロステック Active）の閲覧・調査
「社員の経費はAIが「承認」、始まったバックオフィス無人化」の操作・実務
Webサイト（積水化学が約25年前の会計システムを刷新、S/4HANAで経営高度化狙う - 深掘り先進事例：日経クロステック Active）の閲覧・調査
「積水化学が約25年前の会計システムを刷新、S/4HANAで経営高度化狙う」の操作・実務
Webサイト（ID管理不全による損害は平均7.5億円、「例外」を放置しない統制の実現方法は - ホワイトペーパー：日経クロステック Active）の閲覧・調査
「ID管理不全による損害は平均7.5億円、「例外」を放置しない統制の実現方法は」の操作・実務
Webサイト（NIKKEI ID）の閲覧・調査
Webサイト（個別サービスへの登録が必要です　：　日経BP）の閲覧・調査
Webサイト（日経クロステック Active ：　新規利用登録　：　日経BP）の閲覧・調査
Webサイト（日経クロステック Active ：登録情報の確認　：　日経BP）の閲覧・調査
Webサイト（日経クロステック Active ：　登録完了　：　日経BP）の閲覧・調査
Webサイト（資料（ホワイトペーパー）：日経クロステック Active）の閲覧・調査
Webサイト（スター付き - t_ito@forest.co.jp）の閲覧・調査
Webサイト（Cybozu_Backup_0415_1509 - t_ito@forest.co.jp）の閲覧・調査
Webサイト（t_ito@forest.co.jp）の閲覧・調査
Webサイト（TEST - t_ito）の閲覧・調査
Webサイト（cybozu_sent_migration - t_ito）の閲覧・調査
Webサイト（11. 契約書審査.sbd - t_ito）の閲覧・調査
Webサイト（13. 管理部.sbd - t_ito）の閲覧・調査
Webサイト（24. 監査業務・監査法人関連.sbd - t_ito）の閲覧・調査
Webサイト（8. ㈱エディオン連携.sbd - t_ito）の閲覧・調査
Webサイト（7. 物流プロジェクト会議.sbd - t_ito）の閲覧・調査
Webサイト（bak.sbd - t_ito）の閲覧・調査
Webサイト（複数のフォルダーが選択されています）の閲覧・調査
Webサイト（受信トレイ - t_ito）の閲覧・調査
Webサイト（受信トレイ - t_ito@forest.co.jp）の閲覧・調査
Webサイト（送信済みトレイ - t_ito）の閲覧・調査
Webサイト（下書き - t_ito）の閲覧・調査
Webサイト（Github - t_ito）の閲覧・調査
Webサイト（5.メルマガ - t_ito）の閲覧・調査
Webサイト（4.EDION筱崎 - t_ito）の閲覧・調査
Webサイト（3.EDIONクロスベンチャーズ - t_ito）の閲覧・調査
Webサイト（20. 顧客課・サービス課 - kato@forest.co.jp）の閲覧・調査
Webサイト（2. - kato@forest.co.jp）の閲覧・調査
Webサイト（19. 営業部 - kato@forest.co.jp）の閲覧・調査
Webサイト（ローカルフォルダー）の閲覧・調査
Webサイト（t_ito）の閲覧・調査
Webサイト（受信トレイ - kato@forest.co.jp）の閲覧・調査
Webサイト（10. Forestway・cocodecow会員規約 - kato@forest.co.jp）の閲覧・調査
Webサイト（11. 契約書審査 - kato@forest.co.jp）の閲覧・調査
Webサイト（12. 内部統制・コンプライアンス・リスク管理関連 - kato@forest.co.jp）の閲覧・調査
Webサイト（9. フォーレスト規程関連 - kato@forest.co.jp）の閲覧・調査
Webサイト（8. ㈱エディオン連携 - kato@forest.co.jp）の閲覧・調査
Webサイト（アカウントのセットアップ）の閲覧・調査
Webサイト（cybouz - t_ito）の閲覧・調査
Webサイト（受信トレイ - ローカルフォルダー）の閲覧・調査
Webサイト（kato@forest.co.jp）の閲覧・調査
Webサイト（サイボウズ／バックアップ - kato@forest.co.jp）の閲覧・調査
Webサイト（Cybozu_Backup_0427_1117 - t_ito）の閲覧・調査
Webサイト（10. Forestway・cocodecow会員規約 - t_ito）の閲覧・調査
Webサイト（11. 契約書審査 - t_ito）の閲覧・調査
Webサイト（13. 管理部 - t_ito）の閲覧・調査
Webサイト（14. 事業管理部・ＡＩ推進関連 - t_ito）の閲覧・調査
Webサイト（16. 商品管理部 - t_ito）の閲覧・調査
Webサイト（17. マーケティング部 - t_ito）の閲覧・調査
Webサイト（18. 新規開発部 - t_ito）の閲覧・調査
Webサイト（19. 営業部 - t_ito）の閲覧・調査
Webサイト（2. - t_ito）の閲覧・調査
Webサイト（21. 物流部 - t_ito）の閲覧・調査
Webサイト（20. 顧客課・サービス課 - t_ito）の閲覧・調査
Webサイト（1. - kato@forest.co.jp）の閲覧・調査"
2026/04/27,12:00 - 12:59,"Antigravityを用いた「システム開発・改善」の開発・相談
「Cybozu MBOX Converter V3.6」の操作・実務
Webサイト（受信トレイ - kato@forest.co.jp）の閲覧・調査"
2026/04/27,13:00 - 13:59,"「Cybozu MBOX Converter V3.6」の操作・実務
Antigravityを用いた「システム開発・改善」の開発・相談
Webサイト（Mozilla Thunderbird）の閲覧・調査
Webサイト（受信トレイ - kato@forest.co.jp）の閲覧・調査
Webサイト（1. - kato@forest.co.jp）の閲覧・調査
「ImportExportTools NG」の操作・実務
Webサイト（cybozu_sent_migration - t_ito）の閲覧・調査
Webサイト（Re: PB製造覚書 確認のお願い 【再送】）の閲覧・調査
Webサイト（11. 契約書審査 - kato@forest.co.jp）の閲覧・調査
Webサイト（10. Forestway・cocodecow会員規約 - kato@forest.co.jp）の閲覧・調査
Webサイト（11-1. ファイル保管済 - kato@forest.co.jp）の閲覧・調査
Webサイト（11-10. エディオン - kato@forest.co.jp）の閲覧・調査
Webサイト（11-11. フォーレスト酒販 - kato@forest.co.jp）の閲覧・調査
Webサイト（11-12. 契約書ひな型 - kato@forest.co.jp）の閲覧・調査
Webサイト（11-13. 英文契約書 - kato@forest.co.jp）の閲覧・調査
Webサイト（11-2. 商品部 - kato@forest.co.jp）の閲覧・調査
Webサイト（11-3. 管理部 - kato@forest.co.jp）の閲覧・調査
Webサイト（11-4. 商品管理部 - kato@forest.co.jp）の閲覧・調査
Webサイト（11-5. 営業部 - kato@forest.co.jp）の閲覧・調査
Webサイト（11-6. マーケティング部 - kato@forest.co.jp）の閲覧・調査
Webサイト（11-7. 物流部 - kato@forest.co.jp）の閲覧・調査
Webサイト（11-8. 配送サービス部 - kato@forest.co.jp）の閲覧・調査
Webサイト（11-9. システム部 - kato@forest.co.jp）の閲覧・調査
Webサイト（12. 内部統制・コンプライアンス・リスク管理関連 - kato@forest.co.jp）の閲覧・調査
Webサイト（Fwd: 準委任契約書の送付）の閲覧・調査
Webサイト（Re: Fwd: 準委任契約書の送付）の閲覧・調査
Webサイト（13. 管理部 - kato@forest.co.jp）の閲覧・調査
Webサイト（13-1. 総務・人事課 - kato@forest.co.jp）の閲覧・調査
Webサイト（13-2. 経理課 - kato@forest.co.jp）の閲覧・調査
Webサイト（14. 事業管理部・ＡＩ推進関連 - kato@forest.co.jp）の閲覧・調査
Webサイト（15. 商品部 - kato@forest.co.jp）の閲覧・調査
Webサイト（16. 商品管理部 - kato@forest.co.jp）の閲覧・調査
Webサイト（17. マーケティング部 - kato@forest.co.jp）の閲覧・調査
Webサイト（18. 新規開発部 - kato@forest.co.jp）の閲覧・調査
Webサイト（19. 営業部 - kato@forest.co.jp）の閲覧・調査
Webサイト（Gmail）の閲覧・調査
Webサイト（受信トレイ (1,025) - ticsd0910@gmail.com - Gmail）の閲覧・調査
「受信トレイ (1,025)」の操作・実務
「""サイボウズ／バックアップ/1. ""」の操作・実務
「""サイボウズ／バックアップ/2. ""」の操作・実務
「""サイボウズ／バックアップ/7. 物流プロジェクト会議/7-1. ジェイトップ""」の操作・実務
「""サイボウズ／バックアップ/7. 物流プロジェクト会議/7-2. 東京配送サービス株式会社""」の操作・実務
「""サイボウズ／バックアップ/9. フォーレスト規程関連""」の操作・実務
「""サイボウズ／バックアップ/11. 契約書審査""」の操作・実務
「""サイボウズ／バックアップ/11. 契約書審査/11-1. ファイル保管済""」の操作・実務
Webサイト（2. - kato@forest.co.jp）の閲覧・調査
Webサイト（20. 顧客課・サービス課 - kato@forest.co.jp）の閲覧・調査
Webサイト（21. 物流部 - kato@forest.co.jp）の閲覧・調査
Webサイト（22. 配送サービス部 - kato@forest.co.jp）の閲覧・調査
Webサイト（23. システム部 - kato@forest.co.jp）の閲覧・調査
Webサイト（24. 監査業務・監査法人関連 - kato@forest.co.jp）の閲覧・調査
Webサイト（24-1. 会社分類資料 - kato@forest.co.jp）の閲覧・調査
Webサイト（25. 税理士法人関連 - kato@forest.co.jp）の閲覧・調査
Webサイト（26. 商標登録 - kato@forest.co.jp）の閲覧・調査
Webサイト（27. 業務連絡 - kato@forest.co.jp）の閲覧・調査
Webサイト（受信トレイ - 統合フォルダー）の閲覧・調査
Webサイト（28. 独占禁止法違反事件 - kato@forest.co.jp）の閲覧・調査
Webサイト（29. 独占禁止法／従業員派遣・演出装飾作業 - kato@forest.co.jp）の閲覧・調査
Webサイト（30. 表示・家電公取協関連 - kato@forest.co.jp）の閲覧・調査
Webサイト（31. 福徳・フォーレスト酒販関連 - kato@forest.co.jp）の閲覧・調査
Webサイト（32. 一時処理フォルダ - kato@forest.co.jp）の閲覧・調査
Webサイト（33. ジェットクリーニング㈱ - kato@forest.co.jp）の閲覧・調査
Webサイト（34. TKC・Freee・バクラク関連 - kato@forest.co.jp）の閲覧・調査
Webサイト（4. 株主総会 - kato@forest.co.jp）の閲覧・調査
Webサイト（5. 取締役会・経営会議 - kato@forest.co.jp）の閲覧・調査
Webサイト（6. ㈱エディオン／月次報告・予算管理 - kato@forest.co.jp）の閲覧・調査
Webサイト（7. 物流プロジェクト会議 - kato@forest.co.jp）の閲覧・調査
Webサイト（7-1. ジェイトップ - kato@forest.co.jp）の閲覧・調査
Webサイト（7-2. 東京配送サービス株式会社 - kato@forest.co.jp）の閲覧・調査
Webサイト（7-3. 寿堂紙製造株式会社 - kato@forest.co.jp）の閲覧・調査
Webサイト（7-4. 神明株式会社 - kato@forest.co.jp）の閲覧・調査
Webサイト（7-5. セコム株式会社（警備保障） - kato@forest.co.jp）の閲覧・調査
Webサイト（7-6. そごう・西武株式会社 - kato@forest.co.jp）の閲覧・調査
Webサイト（7-7. 転貸仲介業者 - kato@forest.co.jp）の閲覧・調査
Webサイト（7-8. 物件紹介・コマーシャル - kato@forest.co.jp）の閲覧・調査
Webサイト（7-9. 垂直搬送機の関する件 - kato@forest.co.jp）の閲覧・調査
Webサイト（8. ㈱エディオン連携 - kato@forest.co.jp）の閲覧・調査
Webサイト（8-1. ドロップシッピング - kato@forest.co.jp）の閲覧・調査
Webサイト（8-2. 表示関連 - kato@forest.co.jp）の閲覧・調査
Webサイト（9. フォーレスト規程関連 - kato@forest.co.jp）の閲覧・調査
「受信トレイ (14,809)」の操作・実務
「Fwd: コクヨ NEOS販促策（次号見開き掲載・年間ｲﾝｾﾝﾃｨﾌﾞ）覚書（案）ご送付の件」の操作・実務
「【未引当76伝】ココ楽天☆販売停止 品目CD：639218 ｽﾄ」の操作・実務
「フォーレスト株式会社 メール」の操作・実務
Webサイト（スター付き - kato@forest.co.jp）の閲覧・調査"
2026/04/27,14:00 - 14:59,"Webサイト（スター付き - kato@forest.co.jp）の閲覧・調査
「Cybozu MBOX Converter V3.6」の操作・実務
Excelファイル（20260427_ログ表示結果-20260416175217.xlsx ）のデータ入力・編集
「20260427_ログ表示結果-20260416175217」の操作・実務
Excelファイル（成川.csv）のデータ入力・編集"
2026/04/27,15:00 - 15:59,"「20260427_ログ表示結果-20260416175217」の操作・実務
Webサイト（スケジュール（グループ週表示） - サイボウズ Office）の閲覧・調査
Webサイト（予定の詳細 - サイボウズ Office）の閲覧・調査"
2026/04/27,16:00 - 16:59,"Webサイト（個人フォルダ - サイボウズ Office）の閲覧・調査
Webサイト（メッセージの詳細 - サイボウズ Office）の閲覧・調査
「C:\Users\フォーレスト026\Downloads\サービス残業調査報告書（成川氏）_20260404.md」の操作・実務
「起動しています」の操作・実務
Word文書（サービス残業調査報告書（成川氏）_20260404.docx ）の資料作成・編集
Word文書（サービス残業調査報告書（成川氏）_20260404.docx）の資料作成・編集
Webサイト（ユーザー名簿 - サイボウズ Office）の閲覧・調査
「20260427_ログ表示結果-20260416175217」の操作・実務
Excelファイル（20260427_ログ表示結果-20260416175217.xlsx ）のデータ入力・編集
Webサイト（資料（ホワイトペーパー）（2ページ目）：日経クロステック Active）の閲覧・調査
Webサイト（生成AIの回答がイマイチな理由は？ 精度と関連性を高める最新手法を解説 - ホワイトペーパー：日経クロステック Active）の閲覧・調査
「生成AIの回答がイマイチな理由は？ 精度と関連性を高める最新手法を解説」の操作・実務
Excelファイル（成川.csv）のデータ入力・編集
「Cybozu MBOX Converter V3.6」の操作・実務
「windows applocker 使い方」の操作・実務
Webサイト（メール - サイボウズ Office）の閲覧・調査
Webサイト（NotebookLM Web Importer - Import web pages and YouTube videos to NotebookLM）の閲覧・調査
Webサイト（ヘルプ – Dark Reader）の閲覧・調査
Webサイト（Figma）の閲覧・調査
PDF資料（20260420_OA中古ノートPC７台購入_④稟議書（システム関連,社長決裁）20230701 (1).pdf）の閲覧・内容確認
Webサイト（致命的な脆弱性に対処したAndroid OSの2026年4月セキュリティ更新が発表 - 窓の杜）の閲覧・調査
「致命的な脆弱性に対処したAndroid OSの2026年4月セキュリティ更新が発表」の操作・実務
Webサイト（Gemini）の閲覧・調査
Webサイト（Downdetector - リアルタイムのサービス問題と障害を確認 - JP）の閲覧・調査
「Downdetector」の操作・実務
Word文書（サービス残業調査報告書（成川氏）_20260405_公休日調査.docx ）の資料作成・編集
Word文書（サービス残業調査報告書（成川氏）_20260405_公休日調査.docx）の資料作成・編集
Word文書（サービス残業調査報告書（成川氏）_20260409_夜間調査.docx ）の資料作成・編集
Word文書（サービス残業調査報告書（成川氏）_20260409_夜間調査.docx）の資料作成・編集
Webサイト（「いま」を見つけよう / X）の閲覧・調査
Webサイト（(21) Grok / X）の閲覧・調査
Word文書（サービス残業調査報告書（成川氏）_20260410_金曜夜間調査.docx ）の資料作成・編集
Word文書（サービス残業調査報告書（成川氏）_20260410_金曜夜間調査.docx）の資料作成・編集"
2026/04/27,17:00 - 17:59,"「20260427_ログ表示結果-20260416175217」の操作・実務
Webサイト（Lenovo-csd）の閲覧・調査
Excelファイル（成川.csv）のデータ入力・編集
Antigravityを用いた「システム開発・改善」の開発・相談
「起動しています」の操作・実務
Word文書（サービス残業調査報告書（成川社員）_20260405.docx ）の資料作成・編集
Word文書（サービス残業調査報告書（成川社員）_20260404.docx ）の資料作成・編集
Excelファイル（test_excel_01.xlsx）のデータ入力・編集
「C:\Users\フォーレスト026\MyProject\MyProject\dist\README_OfficeConverter.txt」の操作・実務"
2026/04/28,08:00 - 08:59,Antigravityを用いた「システム開発・改善」の開発・相談
2026/04/28,09:00 - 09:59,"Antigravityを用いた「システム開発・改善」の開発・相談
「alert_scawtemp.log」の操作・実務
Webサイト（トップページ - サイボウズ Office）の閲覧・調査
Webサイト（スケジュール（グループ週表示） - サイボウズ Office）の閲覧・調査
Webサイト（予定の詳細 - サイボウズ Office）の閲覧・調査
Webサイト（Meet - yqy-cxra-wtx）の閲覧・調査
Webサイト（Meet - 経営方針発表会）の閲覧・調査"
2026/04/28,10:00 - 10:59,"Antigravityを用いた「システム開発・改善」の開発・相談
Webサイト（Gemini）の閲覧・調査
「起動しています」の操作・実務
Excelファイル（20250617_基幹用NAS購入について_④稟議書（システム関連,社長決裁）20230701.xlsx）のデータ入力・編集
PDF資料（20251218?(完成)東日本物流3階休憩室フリーWi-Fi設置の件?④稟議書（システム関連,社長決裁）20230701.pdf）の閲覧・内容確認
Webサイト（ワークフロー（最新一覧） - サイボウズ Office）の閲覧・調査
Webサイト（ワークフロー（受信一覧） - サイボウズ Office）の閲覧・調査
Webサイト（申請データの詳細 - サイボウズ Office）の閲覧・調査
PDF資料（【営業統括部】_仕事用スマートフォン貸与稟議書_2025.11.19(提出用).pdf）の閲覧・内容確認"
2026/04/28,11:00 - 11:59,"「起動しています」の操作・実務
Excelファイル（20260428_システム部向け保有スマホ２台貸与台_④稟議書（システム関連,社長決裁）20230701.xlsx）のデータ入力・編集
Webサイト（ファイル管理 - サイボウズ Office）の閲覧・調査
Excelファイル（20260420_OA中古ノートPC７台購入_④稟議書（システム関連,社長決裁）20230701.xlsx）のデータ入力・編集
PDF資料（フォーレスト様お見積もり20241127.pdf）の閲覧・内容確認
PDF資料（お見積書_1262207(1台).pdf）の閲覧・内容確認
PDF資料（フォーレスト様お見積もり20250606.pdf）の閲覧・内容確認
PDF資料（フォーレスト株式会社_伊藤様_20240423.pdf）の閲覧・内容確認
PDF資料（フォーレスト様お見積もり20251118.pdf）の閲覧・内容確認
PDF資料（御見積書25.6.9.pdf）の閲覧・内容確認
PDF資料（【商品部】社用携帯電話（スマートフォン　高坂担当課長分）支給の件.pdf）の閲覧・内容確認
Webサイト（Mozilla Thunderbird）の閲覧・調査
Webサイト（スター付き - kato@forest.co.jp）の閲覧・調査
Webサイト（4.EDION筱崎 - t_ito）の閲覧・調査
Webサイト（Re: スマホ 新規購入のお見積もりのお願い）の閲覧・調査
Webサイト（お見積り送付）の閲覧・調査
PDF資料（20260428_システム部向け保有スマホ２台貸与台_④稟議書（システム関連,社長決裁）20230701.pdf）の閲覧・内容確認
Antigravityを用いた「システム開発・改善」の開発・相談
「PDF24 Toolbox」の操作・実務
PDF資料（merged.pdf）の閲覧・内容確認"
2026/04/28,12:00 - 12:59,"PDF資料（merged.pdf）の閲覧・内容確認
Excelファイル（20260420_OA中古ノートPC７台購入_④稟議書（システム関連,社長決裁）20230701.xlsx）のデータ入力・編集
Excelファイル（20260428_システム部向け保有スマホ２台貸与台_④稟議書（システム関連,社長決裁）20230701.xlsx）のデータ入力・編集
「PDF24 Toolbox」の操作・実務"
2026/04/28,13:00 - 13:59,"「PDF24 Toolbox」の操作・実務
Excelファイル（20260428_システム部向け保有スマホ２台貸与台_④稟議書（システム関連,社長決裁）20230701.xlsx）のデータ入力・編集
Excelファイル（20260420_OA中古ノートPC７台購入_④稟議書（システム関連,社長決裁）20230701.xlsx）のデータ入力・編集
Webサイト（ワークフロー（最新一覧） - サイボウズ Office）の閲覧・調査
Webサイト（申請データの作成（申請フォームの選択） - サイボウズ Office）の閲覧・調査
Webサイト（申請データの作成（内容の入力） - サイボウズ Office）の閲覧・調査
PDF資料（merged.pdf）の閲覧・内容確認
PDF資料（20260428_システム部向け保有スマホ２台貸与_④稟議書（システム関連,社長決裁）20230701.pdf）の閲覧・内容確認
Webサイト（申請の作成（内容の確認） - サイボウズ Office）の閲覧・調査
Webサイト（ワークフロー（送信一覧） - サイボウズ Office）の閲覧・調査
Antigravityを用いた「システム開発・改善」の開発・相談
「起動しています」の操作・実務
「20260427_ログ表示結果-20260416175217」の操作・実務
Webサイト（Gemini）の閲覧・調査
Word文書（サービス残業調査報告書（成川社員）_20260415.docx ）の資料作成・編集
Word文書（サービス残業調査報告書（成川社員）_20260415.docx）の資料作成・編集
Word文書（サービス残業調査報告書（成川社員）_20260413.docx ）の資料作成・編集
Word文書（サービス残業調査報告書（成川社員）_20260413.docx）の資料作成・編集
Webサイト（Lenovo-csd）の閲覧・調査
Webサイト（Claude）の閲覧・調査
Webサイト（勤務時間とPC稼働状況の項目順序変更 - Claude）の閲覧・調査
Word文書（サービス残業調査報告書_成川社員__20260415 (1).docx ）の資料作成・編集
Word文書（サービス残業調査報告書（成川氏）_20260404.docx）の資料作成・編集
Word文書（サービス残業調査報告書_成川社員__20260404.docx ）の資料作成・編集
Word文書（サービス残業調査報告書_成川社員__20260405.docx ）の資料作成・編集"
2026/04/28,14:00 - 14:59,"Word文書（サービス残業調査報告書_成川社員__20260404.docx ）の資料作成・編集
「起動しています」の操作・実務
Word文書（サービス残業調査報告書_成川社員__20260409.docx ）の資料作成・編集
Word文書（サービス残業調査報告書_成川社員__20260409.docx）の資料作成・編集
Word文書（サービス残業調査報告書_成川社員__20260404.docx）の資料作成・編集
Word文書（サービス残業調査報告書_成川社員__20260405.docx ）の資料作成・編集
Word文書（サービス残業調査報告書_成川社員__20260405.docx）の資料作成・編集
Word文書（サービス残業調査報告書_成川社員__20260415.docx ）の資料作成・編集
Word文書（サービス残業調査報告書_成川社員__20260415.docx）の資料作成・編集
Word文書（サービス残業調査報告書_成川社員__20260413.docx ）の資料作成・編集
Word文書（サービス残業調査報告書_成川社員__20260413.docx）の資料作成・編集
Word文書（サービス残業調査報告書_成川社員__20260410.docx ）の資料作成・編集
Word文書（サービス残業調査報告書_成川社員__20260410.docx）の資料作成・編集
「20260427_ログ表示結果-20260416175217」の操作・実務
Word文書（残業調査報告書_成川社員__20260415.docx ）の資料作成・編集
Word文書（残業調査報告書_成川社員__20260404.docx ）の資料作成・編集
Word文書（残業調査報告書_成川社員__20260404.docx）の資料作成・編集
Word文書（残業調査報告書_山本光克社員__20260402_修正版V5.docx ）の資料作成・編集"
2026/04/28,15:00 - 15:59,"Webサイト（スケジュール（グループ週表示） - サイボウズ Office）の閲覧・調査
Webサイト（予定の詳細 - サイボウズ Office）の閲覧・調査
「20260427_ログ表示結果-20260416175217」の操作・実務
Antigravityを用いた「システム開発・改善」の開発・相談
Webサイト（お見積り送付）の閲覧・調査
Webサイト（個人フォルダ - サイボウズ Office）の閲覧・調査
Webサイト（メッセージの詳細 - サイボウズ Office）の閲覧・調査"
2026/04/28,16:00 - 16:59,"「20260427_ログ表示結果-20260416175217」の操作・実務
「起動しています」の操作・実務
Word文書（残業調査報告書_成川社員__20260404.docx ）の資料作成・編集
Word文書（残業調査報告書_成川社員__20260405.docx ）の資料作成・編集
Word文書（残業調査報告書_成川社員__20260409.docx ）の資料作成・編集
Word文書（残業調査報告書_成川社員__20260415.docx ）の資料作成・編集
Word文書（残業調査報告書_成川社員__20260413.docx ）の資料作成・編集"
2026/04/28,17:00 - 17:59,"「20260427_ログ表示結果-20260416175217」の操作・実務
Antigravityを用いた「システム開発・改善」の開発・相談
「起動しています」の操作・実務
Word文書（残業調査報告書_成川真菜社員_20260404.docx ）の資料作成・編集
Word文書（【違反疑い】残業調査報告書_成川_20260404.docx ）の資料作成・編集"
2026/04/28,18:00 - 18:59,"Antigravityを用いた「システム開発・改善」の開発・相談
Word文書（【違反疑い】残業調査報告書_成川_20260404.docx ）の資料作成・編集
Word文書（残業調査報告書_成川_20260404.docx ）の資料作成・編集"
2026/04/28,21:00 - 21:59,"Webサイト（FWN-026）の閲覧・調査
プログラム（feat: 残業調査報告書の自動生成ツール（Gemini AI要約・Word出力対応）を追加）の開発および修正
プログラム（fix: Wordファイルを開いたままでもエラーにならず別名保存する機能を追加）の開発および修正
Antigravityを用いた「システム開発・改善」の開発・相談"
2026/04/28,22:00 - 22:59,"Antigravityを用いた「システム開発・改善」の開発・相談
プログラム（fix: アプリケーションの分類名を過去の資料に準拠したフォーマットに変更し、NANや長いURLを丸めるように修正）の開発および修正
プログラム（fix: Wordの出力ヘッダーを過去資料と完全に一致させるように修正（曜日、推測される作業時間の自動計算等））の開発および修正
Word文書（残業調査報告書_成川_20260404.docx ）の資料作成・編集
Word文書（残業調査報告書_成川_20260404_再生成.docx ）の資料作成・編集
プログラム（feat: 複数のCSVファイルを一括で選択・連続処理できるバッチ機能を追加）の開発および修正
プログラム（fix: NAS上のCSV読み込み時の文字コードエラーを回避するため、複数のエンコーディングを自動試行する安全機能を実装）の開発および修正
Word文書（【違反疑い】残業調査報告書_成川_20260404.docx ）の資料作成・編集
「起動しています」の操作・実務
Word文書（残業調査報告書_岸川恭士_20260402.docx ）の資料作成・編集
「20260427_ログ表示結果-20260416175217」の操作・実務
プログラム（feat: 勤怠マスタのH列またはL列が赤色（背景色あり）になっている「監査対象日」のみを抽出・出力する機能を実装）の開発および修正
プログラム（fix: 監査対象日の判定をセルの背景色ではなく、文字色が赤等に変更されている箇所を検知するように修正）の開発および修正
Word文書（残業調査報告書_岸川恭士_20260404.docx ）の資料作成・編集
プログラム（fix: 早出サービス残業対策としてA列の文字色が赤くなっている場合も監査対象として検知するように追加）の開発および修正"
2026/04/28,23:00 - 23:59,"「起動しています」の操作・実務
Word文書（残業調査報告書_岸川恭士_20260404.docx ）の資料作成・編集
Antigravityを用いた「システム開発・改善」の開発・相談
プログラム（fix: 複数日が含まれるCSVのファイル名から対象者を推測する際、マスタの全氏名と照合する安全なロジックに変更）の開発および修正
「20260427_ログ表示結果-20260416175217」の操作・実務
プログラム（fix: 年のズレによる監査対象漏れを防ぐため月日で照合し、テーマカラーでの赤文字も検知するように強化）の開発および修正
プログラム（fix: 監査対象の判定を曖昧な文字色から、AC列の「〇」印による確実な判定に変更）の開発および修正
Word文書（残業調査報告書_岸川恭士_20260401.docx ）の資料作成・編集
プログラム（feat: 早出検知時にWordヘッダーへ出勤打刻時間および出勤前/退勤後の推測時間を分けて出力するよう機能追加）の開発および修正
Word文書（残業調査報告書_岸川恭士_20260402.docx ）の資料作成・編集
Word文書（残業調査報告書_岸川恭士_20260403.docx ）の資料作成・編集
プログラム（fix: 推測時間とアプリ稼働時間の表示を、1時間未満なら分のみ、1時間なら時間のみとなる自然な日本語フォーマットに変更）の開発および修正
プログラム（fix: 429API制限エラーの回避処理と、O列(タイトル)ベースでのG列(日時)差分による正確な操作時間集計ロジックを実装）の開発および修正"
2026/04/29,00:00 - 00:59,"Antigravityを用いた「システム開発・改善」の開発・相談
Word文書（残業調査報告書_岸川恭士_20260401.docx ）の資料作成・編集
「起動しています」の操作・実務
Word文書（残業調査報告書_岸川恭士_20260402.docx ）の資料作成・編集
Word文書（残業調査報告書_岸川恭士_20260411.docx ）の資料作成・編集
Word文書（残業調査報告書_岸川恭士_20260408.docx ）の資料作成・編集
「20260427_ログ表示結果-20260416175217」の操作・実務
Webサイト（お見積り送付）の閲覧・調査
Word文書（残業調査報告書_岸川恭士_20260409.docx ）の資料作成・編集
Word文書（残業調査報告書_成川真菜社員_20260404.docxのプロパティ）の資料作成・編集
Word文書（残業調査報告書_成川真菜_20260415.docxのプロパティ）の資料作成・編集
Word文書（残業調査報告書_成川真菜_20260404.docx ）の資料作成・編集
Word文書（残業調査報告書_成川真菜_20260405.docx ）の資料作成・編集"
2026/04/29,09:00 - 09:59,"Webサイト（LINE Notify）の閲覧・調査
Webサイト（FWN-026）の閲覧・調査
Webサイト（秘密手法を加えたボリンジャーバンドMT5/MT4インジケーター無料公開！アラートとRSI/MAフィルター機能付き | FXキーストン）の閲覧・調査"
2026/04/29,10:00 - 10:59,Antigravityを用いた「システム開発・改善」の開発・相談
2026/04/29,14:00 - 14:59,"Webサイト（USPOT-02）の閲覧・調査
Webサイト（【神アプデ】Geminiに、NotebookLMが統合「Notebooks」が利用可能に 情報の集約から活用までのワークフローが大幅に効率化｜ビジネス+IT）の閲覧・調査
Webサイト（Gemini×NotebookLM連携がスゴい…カスタムAI「Gem機能」で業務が激変するワケ ｜ビジネス+IT）の閲覧・調査
Webサイト（今すぐ使える無料WebAPIまとめ #初心者 - Qiita）の閲覧・調査
Webサイト（生成AI無料APIの一覧｜ばんどう先生｜ピープルアナリティクス・人生戦略研究）の閲覧・調査
Webサイト（「危険すぎるAI」Claude Mythosショック：4月7日〜26日を時系列で追う記録｜Claude Code研究所）の閲覧・調査"
2026/04/29,15:00 - 15:59,Webサイト（USPOT-02）の閲覧・調査
2026/04/29,19:00 - 19:59,Webサイト（AdBlock が更新されました！）の閲覧・調査
2026/04/30,08:00 - 08:59,"Webサイト（トップページ - サイボウズ Office）の閲覧・調査
Webサイト（ワークフロー（最新一覧） - サイボウズ Office）の閲覧・調査
Webサイト（ワークフロー（送信一覧） - サイボウズ Office）の閲覧・調査
Webサイト（申請データの詳細 - サイボウズ Office）の閲覧・調査
PDF資料（20260428_システム部向け保有スマホ２台貸与_④稟議書（システム関連,社長決裁）20230701.pdf）の閲覧・内容確認"
2026/04/30,09:00 - 09:59,"「起動しています」の操作・実務
Word文書（残業調査報告書_成川真菜社員_20260404.docx ）の資料作成・編集
Webサイト（ワークフロー（最新一覧） - サイボウズ Office）の閲覧・調査
Webサイト（未処理申請の処理 - サイボウズ Office）の閲覧・調査
Webサイト（差し戻された申請の処理 - サイボウズ Office）の閲覧・調査
Webサイト（個人フォルダ - サイボウズ Office）の閲覧・調査
Webサイト（メッセージの詳細 - サイボウズ Office）の閲覧・調査
Antigravityを用いた「システム開発・改善」の開発・相談
Webサイト（GitHub Japan | GitHub）の閲覧・調査
Webサイト（Sign in to GitHub · GitHub）の閲覧・調査
Webサイト（Sign in to GitHub ・ GitHub）の閲覧・調査
Webサイト（GitHub）の閲覧・調査
Webサイト（csd0910/myproject: デフォルト）の閲覧・調査
Webサイト（General）の閲覧・調査
Webサイト（csd0910 (t_ito)）の閲覧・調査
Webサイト（メッセージ - サイボウズ Office）の閲覧・調査
Webサイト（振り分け保存の変更 - サイボウズ Office）の閲覧・調査
Webサイト（振り分け保存の削除 - サイボウズ Office）の閲覧・調査
Webサイト（振り分け保存の追加 - サイボウズ Office）の閲覧・調査
Webサイト（ユーザー名簿 - サイボウズ Office）の閲覧・調査
Webサイト（トップページ - サイボウズ Office）の閲覧・調査
Webサイト（掲示の詳細 - サイボウズ Office）の閲覧・調査
PDF資料（FRT組織図-20260401 (1).pdf）の閲覧・内容確認"
2026/04/30,10:00 - 10:59,"Antigravityを用いた「システム開発・改善」の開発・相談
「起動しています」の操作・実務
Excelファイル（sasajima_work_log.csv）のデータ入力・編集
「windows applocker 使い方」の操作・実務"
2026/04/30,11:00 - 11:59,"Antigravityを用いた「システム開発・改善」の開発・相談
Webサイト（個人フォルダ - サイボウズ Office）の閲覧・調査
Webサイト（メッセージの送信 - サイボウズ Office）の閲覧・調査
Webサイト（トップページ - サイボウズ Office）の閲覧・調査"
2026/04/30,13:00 - 13:59,"Antigravityを用いた「システム開発・改善」の開発・相談
「履歴から選択 (ヘルプデスク」の操作・実務
「履歴から選択 (他部署受付」の操作・実務
「config_unified.json」の操作・実務
Webサイト（個人フォルダ - サイボウズ Office）の閲覧・調査
Webサイト（トップページ - サイボウズ Office）の閲覧・調査
Webサイト（掲示の詳細 - サイボウズ Office）の閲覧・調査
PDF資料（【人事通達】2026年4月1日付人事発令.pdf）の閲覧・内容確認
PDF資料（FRT組織図-20260401 (2).pdf）の閲覧・内容確認
Webサイト（タケノコ掘りに行った5歳児、行方不明21年 香川県警が再捜索）の閲覧・調査
「セキュリティ 脆弱性」の操作・実務
「起動しています」の操作・実務
Excelファイル（WorkLog_Unified.xlsx）のデータ入力・編集
「Book1」の操作・実務"
2026/04/30,14:00 - 14:59,"Antigravityを用いた「システム開発・改善」の開発・相談
Webサイト（csd0910/myproject: デフォルト）の閲覧・調査
「起動しています」の操作・実務
Excelファイル（TEST.xlsx）のデータ入力・編集
「履歴から選択 (ヘルプデスク」の操作・実務
「履歴から選択 (他部署受付」の操作・実務"
2026/04/30,15:00 - 15:59,"Antigravityを用いた「システム開発・改善」の開発・相談
「起動しています」の操作・実務
Excelファイル（TEST.xlsx）のデータ入力・編集
Excelファイル（新規タスク記録表.xlsx）のデータ入力・編集"
2026/04/30,16:00 - 16:59,"「起動しています」の操作・実務
Excelファイル（新規タスク記録表.xlsx）のデータ入力・編集
Antigravityを用いた「システム開発・改善」の開発・相談
Excelファイル（TEST.xlsx）のデータ入力・編集
Webサイト（トップページ - サイボウズ Office）の閲覧・調査
Webサイト（個人フォルダ - サイボウズ Office）の閲覧・調査
Webサイト（メッセージの詳細 - サイボウズ Office）の閲覧・調査"
2026/04/30,17:00 - 17:59,"Antigravityを用いた「システム開発・改善」の開発・相談
Excelファイル（新規タスク記録表.xlsx）のデータ入力・編集
「C:\Users\フォーレスト026\MyProject\MyProject\tools\TEST\Workmemo_Unified_README.md」の操作・実務
Webサイト（クレジットの履歴）の閲覧・調査
Webサイト（個人フォルダ - サイボウズ Office）の閲覧・調査
Webサイト（メッセージの詳細 - サイボウズ Office）の閲覧・調査"
2026/05/01,09:00 - 09:59,"Excelファイル（新規タスク記録表.xlsx）のデータ入力・編集
Webサイト（トップページ - サイボウズ Office）の閲覧・調査
Webサイト（個人フォルダ - サイボウズ Office）の閲覧・調査
Webサイト（メッセージの詳細 - サイボウズ Office）の閲覧・調査
Webサイト（ファイル管理 - サイボウズ Office）の閲覧・調査
Webサイト（スケジュール（グループ週表示） - サイボウズ Office）の閲覧・調査
Webサイト（予定の詳細 - サイボウズ Office）の閲覧・調査
Webサイト（クレジットの履歴）の閲覧・調査
Webサイト（【LAN DISK CONNECT（ランディスクコネクト）】便利な機能のご紹介 | アイ・オー・データ機器 I-O DATA）の閲覧・調査
「新規タスク記録表 (version 1).xlsb 」の操作・実務
「windows applocker 使い方」の操作・実務
Antigravityを用いた「システム開発・改善」の開発・相談
Webサイト（Autoruns - Sysinternals | Microsoft Learn）の閲覧・調査
「Autoruns」の操作・実務
Excelファイル（20260428_システム部向け保有スマホ２台貸与台_④稟議書（システム関連,社長決裁）20230701.xlsx）のデータ入力・編集
Excelファイル（20260501_システム部向け保有スマホ２台貸与台_④稟議書（システム関連,社長決裁）20230701.xlsx）のデータ入力・編集
PDF資料（20260501_システム部向け保有スマホ２台貸与台_④稟議書（システム関連,社長決裁）20230701.pdf）の閲覧・内容確認"
2026/05/01,10:00 - 10:59,"「新規タスク記録表 (version 1).xlsb 」の操作・実務
Excelファイル（20260501_システム部向け保有スマホ２台貸与台_④稟議書（システム関連,社長決裁）20230701.xlsx）のデータ入力・編集
PDF資料（20260501_システム部向け保有スマホ２台貸与台_④稟議書（システム関連,社長決裁）20230701.pdf）の閲覧・内容確認
Webサイト（申請データの作成（内容の入力） - サイボウズ Office）の閲覧・調査
Webサイト（申請の作成（内容の確認） - サイボウズ Office）の閲覧・調査
Webサイト（トップページ - サイボウズ Office）の閲覧・調査
Webサイト（ワークフロー（最新一覧） - サイボウズ Office）の閲覧・調査
Webサイト（差し戻された申請の処理 - サイボウズ Office）の閲覧・調査
Webサイト（ワークフロー（送信一覧） - サイボウズ Office）の閲覧・調査
「Autoruns」の操作・実務
Webサイト（個人フォルダ - サイボウズ Office）の閲覧・調査
Webサイト（メッセージの詳細 - サイボウズ Office）の閲覧・調査
Antigravityを用いた「システム開発・改善」の開発・相談
プログラム（Update Workmemo tools and add test scripts）の開発および修正
Webサイト（メール - サイボウズ Office）の閲覧・調査
Webサイト（ワークフロー（受信一覧） - サイボウズ Office）の閲覧・調査
Webサイト（申請データの詳細 - サイボウズ Office）の閲覧・調査
Webサイト（申請データの作成（申請フォームの選択） - サイボウズ Office）の閲覧・調査
Webサイト（運用管理 - サイボウズ Office）の閲覧・調査
Webサイト（ファイル管理 - サイボウズ Office）の閲覧・調査
Webサイト（ファイルの詳細 - サイボウズ Office）の閲覧・調査
Excelファイル（②稟議書（通常稟議,社長決裁）20240701.xlsx ）のデータ入力・編集
Webサイト（申請データの取り消し - サイボウズ Office）の閲覧・調査
PDF資料（20260501_システム部向け保有スマホ２台貸与_②稟議書（通常稟議,社長決裁）20240701.pdf）の閲覧・内容確認"
2026/05/01,11:00 - 11:59,"Webサイト（申請の作成（内容の確認） - サイボウズ Office）の閲覧・調査
Webサイト（トップページ - サイボウズ Office）の閲覧・調査
Webサイト（掲示の詳細 - サイボウズ Office）の閲覧・調査
Webサイト（ファイル管理 - サイボウズ Office）の閲覧・調査
Webサイト（ファイルの詳細 - サイボウズ Office）の閲覧・調査
「新規タスク記録表 (version 1).xlsb 」の操作・実務
Excelファイル（本社_担当一覧202604.xlsx ）のデータ入力・編集
Webサイト（掲示板（最新一覧） - サイボウズ Office）の閲覧・調査
Webサイト（掲示板（全社） - サイボウズ Office）の閲覧・調査
Webサイト（掲示板（イベント） - サイボウズ Office）の閲覧・調査
PDF資料（FRT組織図-20260201.pdf）の閲覧・内容確認
PDF資料（【人事通達】2026年2月1日付人事発令.pdf）の閲覧・内容確認
PDF資料（【人事通達】2026年3月1日付人事発令.pdf）の閲覧・内容確認
PDF資料（【人事通達】2025年8月1日付人事発令.pdf）の閲覧・内容確認
PDF資料（FRT組織図-20250601.pdf）の閲覧・内容確認
Excelファイル（20260501_システム部向け保有スマホ２台貸与_④稟議書（システム関連,社長決裁）20230701.xlsx）のデータ入力・編集
PDF資料（20260501_システム部向け保有スマホ２台貸与_②稟議書（通常稟議,社長決裁）20240701.pdf）の閲覧・内容確認
Webサイト（申請データの作成（内容の入力） - サイボウズ Office）の閲覧・調査
PDF資料（20260501_システム部向け保有スマホ２台貸与_④稟議書（システム関連,社長決裁）20230701.pdf）の閲覧・内容確認
Webサイト（申請の作成（内容の入力） - サイボウズ Office）の閲覧・調査
Webサイト（ワークフロー（送信一覧） - サイボウズ Office）の閲覧・調査
Webサイト（申請データの詳細 - サイボウズ Office）の閲覧・調査
Antigravityを用いた「システム開発・改善」の開発・相談
Webサイト（Microsoft Store - Windows PC用のアプリ、ゲームなどをダウンロード）の閲覧・調査
「Microsoft Store」の操作・実務
「Windows Configuration Designer」の操作・実務
Webサイト（Windows Configuration Designer - Microsoft Apps）の閲覧・調査
Webサイト（Windows Configuration Designer - Windows に無料でダウンロードしてインストールする | Microsoft Store）の閲覧・調査
Webサイト（プロビジョニングによるWindows10キッティング① プロビジョニングパッケージの作成 #Provisioning - Qiita）の閲覧・調査
Webサイト（Windows ADK のダウンロードとインストール | Microsoft Learn）の閲覧・調査
「Autoruns」の操作・実務
Webサイト（セキュリティ 脆弱性 - 窓の杜）の閲覧・調査
「セキュリティ 脆弱性」の操作・実務
Webサイト（Windows 更新プログラム用に空き領域を増やすには - Microsoft サポート）の閲覧・調査
「Windows 更新プログラム用に空き領域を増やすには」の操作・実務
「Windows 11 24H2/25H2 オプションパッチ「KB5083631」公開：新機能と修正内容の詳細」の操作・実務
Webサイト（Windows 11 24H2/25H2 オプションパッチ「KB5083631」公開：新機能と修正内容の詳細 - enjoypclife.net）の閲覧・調査"
2026/05/01,12:00 - 12:59,"Webサイト（個人フォルダ - サイボウズ Office）の閲覧・調査
Webサイト（メッセージの詳細 - サイボウズ Office）の閲覧・調査
Antigravityを用いた「システム開発・改善」の開発・相談
「タイトルなし」の操作・実務"
2026/05/01,13:00 - 13:59,"「新規タスク記録表 (version 1).xlsb 」の操作・実務
Excelファイル（新規タスク記録表.xlsx）のデータ入力・編集
「起動しています」の操作・実務
Excelファイル（①社用ノートパソコン管理台帳.xlsx ）のデータ入力・編集
「開いているファイル」の操作・実務
スクリプト（Setup_MS365.bat - メモ帳）の開発・デバッグ
「configuration-MS365-x64.xml」の操作・実務
Webサイト（Adobe - Adobe Acrobat Reader の配布）の閲覧・調査
「Adobe」の操作・実務
Webサイト（Adobe - Adobe Acrobat Reader をインストール）の閲覧・調査
Webサイト（Windows および Mac に対応した企業向けブラウザのダウンロード - Chrome Enterprise）の閲覧・調査
「Windows および Mac に対応した企業向けブラウザのダウンロード」の操作・実務"
2026/05/01,14:00 - 14:59,"スクリプト（Setup_MS365.bat - メモ帳）の開発・デバッグ
「開いているファイル」の操作・実務
スクリプト（install.bat - メモ帳）の開発・デバッグ
スクリプト（*install.bat - メモ帳）の開発・デバッグ
「Adobe」の操作・実務
Webサイト（Adobe - Adobe Acrobat Reader をインストール）の閲覧・調査
Webサイト（個人フォルダ - サイボウズ Office）の閲覧・調査
Webサイト（ワークフロー（最新一覧） - サイボウズ Office）の閲覧・調査
Webサイト（ワークフロー（送信一覧） - サイボウズ Office）の閲覧・調査
Webサイト（申請データの詳細 - サイボウズ Office）の閲覧・調査
Webサイト（Microsoftプライバシーステートメント – Microsoftのプライバシー）の閲覧・調査
Webサイト（構成デザイナーでWindowsPCのセットアップ）の閲覧・調査
Webサイト（スケジュール（グループ週表示） - サイボウズ Office）の閲覧・調査
Webサイト（予定の登録 - サイボウズ Office）の閲覧・調査
Webサイト（予定の詳細 - サイボウズ Office）の閲覧・調査"
2026/05/01,15:00 - 15:59,"Webサイト（スケジュール（グループ週表示） - サイボウズ Office）の閲覧・調査
Webサイト（Windows for Education ドキュメント - Windows Education | Microsoft Learn）の閲覧・調査
「Windows for Education ドキュメント」の操作・実務"
2026/05/01,16:00 - 16:59,"Webサイト（キッティングを一部自動化してみた話｜なっち@情シス）の閲覧・調査
Webサイト（プロビジョニング パッケージを作成する (詳細) | Microsoft Learn）の閲覧・調査"
2026/05/01,17:00 - 17:59,"Webサイト（(21) Grok / X）の閲覧・調査
Webサイト（個人フォルダ - サイボウズ Office）の閲覧・調査
Webサイト（メッセージの詳細 - サイボウズ Office）の閲覧・調査
Webサイト（メッセージの送信 - サイボウズ Office）の閲覧・調査
Webサイト（Claude）の閲覧・調査
Webサイト（結果の考察 - Claude）の閲覧・調査
Webサイト（NotebookLM）の閲覧・調査
Webサイト（Creating Notebook...）の閲覧・調査
Webサイト（The Yen Redline: Intervention Strategies and 2026 Market Outlook - NotebookLM）の閲覧・調査
「windows applocker 使い方」の操作・実務
「Perplexity」の操作・実務
「2026/5/1 現在のUSD/JPY相場分析。調べてみて。GWを挟み今後のは？　 2024年のゴールデンウィーク（GW）を彷彿とさせる、極めて神経質な「介入...」の操作・実務
「受信トレイ (15,770)」の操作・実務
「ユーザーリスト」の操作・実務
「サブスクリプション」の操作・実務"
2026/05/01,18:00 - 18:59,Antigravityを用いた「システム開発・改善」の開発・相談
2026/05/01,20:00 - 20:59,"Webサイト（LINE Notify）の閲覧・調査
Webサイト（秘密手法を加えたボリンジャーバンドMT5/MT4インジケーター無料公開！アラートとRSI/MAフィルター機能付き | FXキーストン）の閲覧・調査
Webサイト（Free Internet Radio | AccuRadio Online）の閲覧・調査
Webサイト（Hits (Top 40) - Listen to Free Radio Stations - AccuRadio）の閲覧・調査
Webサイト（Punk & Underground - Listen to Free Radio Stations - AccuRadio）の閲覧・調査
Webサイト（AccuRadio - Log-in - AccuRadio）の閲覧・調査"
2026/05/01,21:00 - 21:59,"Webサイト（AccuRadio - Log-in - AccuRadio）の閲覧・調査
Webサイト（FXのオーダーブック(オープンオーダー・ポジション) OANDA Japan）の閲覧・調査"
2026/05/01,22:00 - 22:59,Webサイト（Messaging APIの料金 | LINE Developers）の閲覧・調査
2026/05/02,08:00 - 08:59,"Webサイト（Windows for Education ドキュメント - Windows Education | Microsoft Learn）の閲覧・調査
Webサイト（IT 担当者向けの構成サービス プロバイダー | Microsoft Learn）の閲覧・調査
Webサイト（メッセージの送信 - サイボウズ Office）の閲覧・調査
「Perplexity」の操作・実務
「2026/5/1 現在のUSD/JPY相場分析。調べてみて。GWを挟み今後のは？　 2024年のゴールデンウィーク（GW）を彷彿とさせる、極めて神経質な「介入...」の操作・実務
「Adobe」の操作・実務
「Windows 11 24H2/25H2 オプションパッチ「KB5083631」公開：新機能と修正内容の詳細」の操作・実務
「Windows for Education ドキュメント」の操作・実務
「起動しています」の操作・実務
「000 (version 1).xlsb 」の操作・実務
「①社用ノートパソコン管理台帳 (version 1).xlsb」の操作・実務
「①社用ノートパソコン管理台帳 (version 1).xlsb 」の操作・実務"
2026/05/02,09:00 - 09:59,"「2026/5/1 現在のUSD/JPY相場分析。調べてみて。GWを挟み今後のは？　 2024年のゴールデンウィーク（GW）を彷彿とさせる、極めて神経質な「介入...」の操作・実務
Webサイト（Adobe - Adobe Acrobat Reader をダウンロード）の閲覧・調査
Webサイト（Windows 11 24H2/25H2 オプションパッチ「KB5083631」公開：新機能と修正内容の詳細 - enjoypclife.net）の閲覧・調査
Webサイト（個人フォルダ - サイボウズ Office）の閲覧・調査
Webサイト（メッセージの詳細 - サイボウズ Office）の閲覧・調査
Webサイト（ファイルの詳細 - サイボウズ Office）の閲覧・調査
「①社用ノートパソコン管理台帳 (version 1).xlsb 」の操作・実務
Excelファイル（2026年4月度【社員】勤怠申請・承認のご依頼0501.xlsx ）のデータ入力・編集
Webサイト（ワークフロー（最新一覧） - サイボウズ Office）の閲覧・調査
Webサイト（未処理申請の処理 - サイボウズ Office）の閲覧・調査
Webサイト（ワークフロー（送信一覧） - サイボウズ Office）の閲覧・調査
Webサイト（申請データの詳細 - サイボウズ Office）の閲覧・調査
Webサイト（Mozilla Thunderbird）の閲覧・調査
Webサイト（お見積り送付）の閲覧・調査
Webサイト（4.EDION筱崎 - t_ito）の閲覧・調査
Webサイト（轡田 - t_ito）の閲覧・調査
「結果の考察」の操作・実務
Webサイト（NotebookLM）の閲覧・調査
「Autoruns」の操作・実務
「Windows および Mac に対応した企業向けブラウザのダウンロード」の操作・実務
Webサイト（The Yen Redline: Intervention Strategies and 2026 Market Outlook - NotebookLM）の閲覧・調査
Webサイト（Windows および Mac に対応した企業向けブラウザのダウンロード - Chrome Enterprise）の閲覧・調査
Webサイト（結果の考察 - Claude）の閲覧・調査
Webサイト（Autoruns - Sysinternals | Microsoft Learn）の閲覧・調査
Webサイト（【セナから20年後の世界】中嶋悟が語る「セナの速さの秘密」 | web Sportiva (スポルティーバ)）の閲覧・調査
Webサイト（【F1】没後20年。中嶋悟が語る「セナの速さの秘密」 | web Sportiva (スポルティーバ)）の閲覧・調査
Webサイト（【F1】没後20年。中嶋悟が語る「セナの速さの秘密」 (2ページ目) | web Sportiva (スポルティーバ)）の閲覧・調査
Webサイト（Windows11 キッティング計画書 - NotebookLM）の閲覧・調査
Webサイト（Creating Notebook...）の閲覧・調査
Webサイト（Automated Device Provisioning via ICD and PowerShell Scripts - NotebookLM）の閲覧・調査
「ICD.log」の操作・実務
「タイトルなし」の操作・実務
スクリプト（Setup_MS365.bat - メモ帳）の開発・デバッグ
スクリプト（DandISetEnv.bat""）の開発・デバッグ"
2026/05/02,10:00 - 10:59,"「Microsoft Visual C++ 2015-2022 Redistributable (x86)」の操作・実務
「Microsoft Windows Desktop Runtime」の操作・実務"
2026/05/02,11:00 - 11:59,"「2026/5/1 現在のUSD/JPY相場分析。調べてみて。GWを挟み今後のは？　 2024年のゴールデンウィーク（GW）を彷彿とさせる、極めて神経質な「介入...」の操作・実務
「Perplexity」の操作・実務
「ICD.log」の操作・実務
「タイトルなし」の操作・実務
「開いているファイル」の操作・実務
スクリプト（install.bat - メモ帳）の開発・デバッグ"
2026/05/02,13:00 - 13:59,"「開いているファイル」の操作・実務
スクリプト（install.bat - メモ帳）の開発・デバッグ
Webサイト（【F1】没後20年。中嶋悟が語る「セナの速さの秘密」 (2ページ目) | web Sportiva (スポルティーバ)）の閲覧・調査"
2026/05/02,14:00 - 14:59,"Webサイト（Advanced IP Scanner - ダウンロード無料のネットワークスキャナー）の閲覧・調査
「Advanced IP Scanner」の操作・実務
「セットアップ」の操作・実務"
2026/05/02,16:00 - 16:59,"Webサイト（コンピューターでWindows 11を再インストールまたは工場出荷時の状態にリセットする方法 | Dell 日本）の閲覧・調査
Webサイト（Dellコンピューター上のドライバーをアップデートする方法 | Dell 日本）の閲覧・調査
Webサイト（Dell OS回復イメージを使用してWindowsを再インストールする | Dell 日本）の閲覧・調査
Webサイト（Microsoft Windowsを再インストールする | Dell 日本）の閲覧・調査
Webサイト（マイプロダクト&サービス | Dell 日本）の閲覧・調査
Webサイト（パソコン、モニター、テクノロジーソリューション | Dell 日本）の閲覧・調査
Webサイト（ドライバおよびダウンロード | Dell 日本）の閲覧・調査
Webサイト（Latitude 3420のサポート | ドライバーおよびダウンロード | Dell 日本）の閲覧・調査
Webサイト（Windows 11 のダウンロード）の閲覧・調査"
2026/05/02,17:00 - 17:59,"Webサイト（AliExpress Japan - セール中！中国発ショッピングサイトで高品質・低価格品をネット通販 - アリエクにほん）の閲覧・調査
「AliExpress Japan」の操作・実務
Webサイト（サウナ 自宅用 –AliExpress version で サウナ 自宅用を送料無料でお買い物）の閲覧・調査
Webサイト（ポータブルスチームサウナボックス、赤外線660nmレッドライトランプ付き、家庭用パーソナル全身サウナスパ、3Lスチーマー付き、屋内使用 - AliExpress）の閲覧・調査
「ポータブルスチームサウナボックス、赤外線660nmレッドライトランプ付き、家庭用パーソナル全身サウナスパ、3Lスチーマー付き、屋内使用」の操作・実務
Webサイト（スチームサウナ 家庭用 ポータブルサウナ スパ 4L 2000W EUプラグ スチームバス 痩身 家庭用サウナボックス 簡単設置 ステンレス鋼管サポート - AliExpress 13）の閲覧・調査
「スチームサウナ 家庭用 ポータブルサウナ スパ 4L 2000W EUプラグ スチームバス 痩身 家庭用サウナボックス 簡単設置 ステンレス鋼管サポート」の操作・実務
Webサイト（Top Gearをまとめてみた 【はじめに② 好きなエピソードベスト５】｜hiyu☺︎）の閲覧・調査"
2026/05/02,18:00 - 18:59,Webサイト（個人フォルダ - サイボウズ Office）の閲覧・調査
2026/05/06,09:00 - 09:59,"Webサイト（22歳の開発者が「Claude Mythos」を推定・構築、公開プロジェクト「OpenMythos」開始 | Forbes JAPAN 公式サイト（フォーブス ジャパン））の閲覧・調査
Webサイト（Claude CodeがAPIキー不要に：開発者のセキュリティ負荷を下げる新認証を導入 | XenoSpectrum）の閲覧・調査
Webサイト（AIを使っていて重くなった時の対処法を徹底解説｜-MONOQLO- Blog @KokiSasamoto）の閲覧・調査"
2026/05/06,10:00 - 10:59,"Webサイト（ラ・ローズ・ジャポネ | 東京都葛飾区の亀有香取神社）の閲覧・調査
Webサイト（開運厄除は東京都葛飾区の亀有香取神社）の閲覧・調査
Webサイト（「いま」を見つけよう / X）の閲覧・調査"
2026/05/06,14:00 - 14:59,"Webサイト（FWN-026）の閲覧・調査
Webサイト（「危険すぎるAI」Claude Mythosショック：4月7日〜26日を時系列で追う記録｜Claude Code研究所）の閲覧・調査
「起動しています」の操作・実務
Word文書（残業調査報告書_岸川恭士_20260401.docx ）の資料作成・編集
Word文書（残業調査報告書_岸川恭士_20260402.docx ）の資料作成・編集
Antigravityを用いた「システム開発・改善」の開発・相談"
2026/05/06,15:00 - 15:59,"Antigravityを用いた「システム開発・改善」の開発・相談
Word文書（残業調査報告書_岸川恭士_20260401.docx ）の資料作成・編集
「起動しています」の操作・実務
Word文書（残業調査報告書_岸川恭士_20260401_再生成.docx ）の資料作成・編集
Word文書（残業調査報告書_岸川恭士_20260402.docx ）の資料作成・編集
Word文書（残業調査報告書_岸川恭士_20260403.docx ）の資料作成・編集
Word文書（残業調査報告書_岸川恭士_20260404.docx ）の資料作成・編集
Word文書（残業調査報告書_岸川恭士_20260407.docx ）の資料作成・編集
Word文書（残業調査報告書_岸川恭士_20260408.docx ）の資料作成・編集
Word文書（残業調査報告書_岸川恭士_20260409.docx ）の資料作成・編集
「①社用ノートパソコン管理台帳 (version 1).xlsb 」の操作・実務
「20260427_ログ表示結果-20260416175217」の操作・実務"
2026/05/06,16:00 - 16:59,"「起動しています」の操作・実務
Word文書（残業調査報告書_岸川恭士_20260401.docx ）の資料作成・編集
Word文書（残業調査報告書_岸川恭士_20260402.docx ）の資料作成・編集
Word文書（残業調査報告書_岸川恭士_20260403.docx ）の資料作成・編集
Word文書（残業調査報告書_岸川恭士_20260404.docx ）の資料作成・編集
Word文書（残業調査報告書_岸川恭士_20260407.docx ）の資料作成・編集
Word文書（残業調査報告書_岸川恭士_20260408.docx ）の資料作成・編集
Word文書（残業調査報告書_岸川恭士_20260409.docx ）の資料作成・編集
Word文書（残業調査報告書_岸川恭士_20260410.docx ）の資料作成・編集"
2026/05/07,09:00 - 09:59,"Word文書（残業調査報告書_岸川恭士_20260410.docx ）の資料作成・編集
Webサイト（個人フォルダ - サイボウズ Office）の閲覧・調査
Webサイト（メッセージの詳細 - サイボウズ Office）の閲覧・調査
Webサイト（轡田 - t_ito）の閲覧・調査
Webサイト（宮澤 - t_ito）の閲覧・調査
Webサイト（ディスプレイの見積書送付）の閲覧・調査
Webサイト（PDF.js viewer）の閲覧・調査
PDF資料（NW見積書 フォーレスト様向けディスプレイ_20260501.pdf）の閲覧・内容確認
PDF資料（20250611_パソコン用ディスプレイ購入について②_④稟議書（システム関連,社長決裁）20230701.pdf）の閲覧・内容確認
「20260427_ログ表示結果-20260416175217」の操作・実務
Excelファイル（（仮）ダイワボウモニター注文書_20241206.xlsx ）のデータ入力・編集
PDF資料（20240820_パソコン用ディスプレイ購入について_④稟議書（システム関連,社長決裁）20230701.pdf）の閲覧・内容確認
Excelファイル（20260501_システム部向け保有スマホ２台貸与_④稟議書（システム関連,社長決裁）20230701.xlsx）のデータ入力・編集
Excelファイル（20260507?PC用ディスプレイ購入の件?④稟議書（システム関連,社長決裁）20230701.xlsx）のデータ入力・編集
PDF資料（20260119?PPAP対策NTTBizストレージ＆ファイルシェア契約の件?④稟議書（システム関連,社長決裁）20230701.pdf）の閲覧・内容確認
Excelファイル（20251223?PPAP対策NTTBizストレージ＆ファイルシェア契約の件?④稟議書（システム関連,社長決裁）20230701.xlsx）のデータ入力・編集
Excelファイル（20250624_ノートPC購入について_④稟議書（システム関連,社長決裁）20230701.xlsx）のデータ入力・編集
Excelファイル（20250613_PC切替器購入について_④稟議書（システム関連,社長決裁）20230701.xlsx）のデータ入力・編集
Webサイト（ワークフロー（最新一覧） - サイボウズ Office）の閲覧・調査
Webサイト（申請データの作成（申請フォームの選択） - サイボウズ Office）の閲覧・調査
Webサイト（ファイル管理 - サイボウズ Office）の閲覧・調査
Webサイト（ファイルの詳細 - サイボウズ Office）の閲覧・調査
PDF資料（20251222?大宮本社休憩室及び東日本物流ｾﾝﾀｰ休憩室へのﾌﾘｰWIFI設置工事の件?④稟議書（システム関連,社長決裁）20230701.pdf）の閲覧・内容確認
「PDF24 Toolbox」の操作・実務
Webサイト（Thunderbird の更新）の閲覧・調査
Webサイト（Mozilla Thunderbird）の閲覧・調査"
2026/05/07,10:00 - 10:59,"PDF資料（NW見積書 フォーレスト様向けディスプレイ_20260501.pdf）の閲覧・内容確認
Webサイト（ディスプレイの見積書送付）の閲覧・調査
「PDF24 Toolbox」の操作・実務
Webサイト（作成: Re: ディスプレイの見積書送付 - Thunderbird）の閲覧・調査
Webサイト（宮澤 - t_ito）の閲覧・調査
Webサイト（ノートPCの御見積書送付）の閲覧・調査
Webサイト（Re: ノートPCの御見積書送付）の閲覧・調査
「20260427_ログ表示結果-20260416175217」の操作・実務
Excelファイル（TEPRA.xlsx ）のデータ入力・編集
Excelファイル（'TEPRA.xlsx'の修復）のデータ入力・編集
Antigravityを用いた「システム開発・改善」の開発・相談
「①社用ノートパソコン管理台帳 (version 1).xlsb 」の操作・実務
Webサイト（個人フォルダ - サイボウズ Office）の閲覧・調査
Webサイト（メッセージの詳細 - サイボウズ Office）の閲覧・調査"
2026/05/07,11:00 - 11:59,Excelファイル（TEPRA.xlsx）のデータ入力・編集
2026/05/07,13:00 - 13:59,"Webサイト（作成: Re: ディスプレイの見積書送付 - Thunderbird）の閲覧・調査
「メッセージを送信しています」の操作・実務
「①社用ノートパソコン管理台帳 (version 1).xlsb 」の操作・実務
Excelファイル（20260427_ログ表示結果-20260416175217.xlsx ）のデータ入力・編集
Webサイト（フォレストウェイ | 事務・オフィス用品の通販 - 最短当日お届け【Forestway】）の閲覧・調査
「フォレストウェイ | 事務・オフィス用品の通販」の操作・実務
Webサイト（「LANケーブル　タグ」 通販【フォレストウェイ】）の閲覧・調査
Webサイト（2ページ目: ""lanケーブル タグ"" 【通販モノタロウ】 最短即日出荷）の閲覧・調査
Webサイト（""lanケーブル タグ"" 【通販モノタロウ】 最短即日出荷）の閲覧・調査
Webサイト（カラーエフ(ネームシール用)プラスチック製・線名札 未来工業 【通販モノタロウ】）の閲覧・調査
Webサイト（個人フォルダ - サイボウズ Office）の閲覧・調査
Webサイト（メッセージの詳細 - サイボウズ Office）の閲覧・調査
Webサイト（掲示板（最新一覧） - サイボウズ Office）の閲覧・調査
Webサイト（潜在的に危険なマクロがブロックされました - Microsoft サポート）の閲覧・調査
「Microsoft Visual Basic for Applications」の操作・実務
「20260427_ログ表示結果-20260416175217」の操作・実務
「000 (version 1).xlsb 」の操作・実務
「Book1」の操作・実務
Excelファイル（管理コンソールメイン画面.csv）のデータ入力・編集"
2026/05/07,14:00 - 14:59,"「20260427_ログ表示結果-20260416175217」の操作・実務
Webサイト（admin.microsoft.com/?auth_upn=t_ito%40forestwayoffice.onmicrosoft.com&source=applauncher#/homepage）の閲覧・調査
Webサイト（Microsoft 365 管理センター）の閲覧・調査
「アクティブなユーザー」の操作・実務
Excelファイル（管理コンソールメイン画面.csv）のデータ入力・編集"
2026/05/07,15:00 - 15:59,"Excelファイル（20260427_ログ表示結果-20260416175217.xlsx）のデータ入力・編集
Webサイト（NotebookLM Web Importer - Import web pages and YouTube videos to NotebookLM）の閲覧・調査
Webサイト（ヘルプ – Dark Reader）の閲覧・調査
Webサイト（Gmail）の閲覧・調査"
2026/05/07,16:00 - 16:59,"Excelファイル（管理コンソールメイン画面.csv）のデータ入力・編集
「20260427_ログ表示結果-20260416175217」の操作・実務
「Microsoft Visual Basic for Applications」の操作・実務
Word文書（残業調査報告書_岸川恭士_20260410.docx ）の資料作成・編集
Webサイト（スケジュール（グループ週表示） - サイボウズ Office）の閲覧・調査
Webサイト（スケジュール（日表示） - サイボウズ Office）の閲覧・調査
Webサイト（スケジュール（週表示） - サイボウズ Office）の閲覧・調査
Webサイト（スケジュール（月表示） - サイボウズ Office）の閲覧・調査"
2026/05/07,17:00 - 17:59,"「20260427_ログ表示結果-20260416175217」の操作・実務
Webサイト（個人フォルダ - サイボウズ Office）の閲覧・調査
Webサイト（メッセージの詳細 - サイボウズ Office）の閲覧・調査
Webサイト（Re: ノートPCの御見積書送付）の閲覧・調査
Webサイト（宮澤 - t_ito）の閲覧・調査
Webサイト（3.EDIONクロスベンチャーズ - t_ito）の閲覧・調査
Webサイト（ディスプレイの見積書送付）の閲覧・調査
Antigravityを用いた「システム開発・改善」の開発・相談"
2026/05/07,18:00 - 18:59,Antigravityを用いた「システム開発・改善」の開発・相談
2026/05/08,09:00 - 09:59,"Webサイト（個人フォルダ - サイボウズ Office）の閲覧・調査
Antigravityを用いた「システム開発・改善」の開発・相談
Webサイト（トップページ - サイボウズ Office）の閲覧・調査
Webサイト（admin.microsoft.com/Adminportal/Home?source=applauncher）の閲覧・調査
Webサイト（ユーザーの詳細パネル - Microsoft 365 管理センター）の閲覧・調査
「ユーザーの詳細パネル」の操作・実務
Webサイト（ユーザー情報の変更）の閲覧・調査"
2026/05/08,10:00 - 10:59,"Webサイト（出光興産もロシア・サハリン2産の原油を輸入、タンカーが今治から千葉へ 調達先を多角化）の閲覧・調査
「受信トレイ (15,770)」の操作・実務
「ユーザーリスト」の操作・実務
「受信トレイ (16,392)」の操作・実務
「サブスクリプション」の操作・実務"
2026/05/08,11:00 - 11:59,"Excelファイル（LargeFiles.csv）のデータ入力・編集
「\\10.85.33.230\01_全社共有\システム統括部\業改室\★大宮システム部\（NAS）伊藤\新規 テキスト ドキュメント.txt」の操作・実務
「\\10.85.33.230\01_全社共有\システム統括部\業改室\★大宮システム部\（NAS）伊藤\新規 テキスト ドキュメント.txt(更新)」の操作・実務
Webサイト（【レビュー】バッチファイルを配布しやすいEXE型式に変換「Bat To Exe Converter」 - 窓の杜）の閲覧・調査
「【レビュー】バッチファイルを配布しやすいEXE型式に変換「Bat To Exe Converter」」の操作・実務
Webサイト（Amazon.co.jp: 2026母の日特集）の閲覧・調査
Webサイト（Homepage - F2ko）の閲覧・調査
「Homepage」の操作・実務
Webサイト（Get Search Safely in Chrome）の閲覧・調査
Webサイト（Bat To Exe Converter 4.2 | ダウンロードと使い方 | ソフタロウ）の閲覧・調査
「\\10.85.33.230\01_全社共有\システム統括部\業改室\★大宮システム部\（NAS）伊藤\NAS切替TEST.txt」の操作・実務
「NAS切替TEST.txt」の操作・実務
「\\10.85.33.230\01_全社共有\システム統括部\業改室\★大宮システム部\（NAS）伊藤\NAS切替TEST.txt(更新)」の操作・実務
「新規 テキスト ドキュメント.txt」の操作・実務
「開いているファイル」の操作・実務
スクリプト（NAS切替TEST.bat - メモ帳）の開発・デバッグ
スクリプト（*NAS切替TEST.bat - メモ帳）の開発・デバッグ"
2026/05/08,12:00 - 12:59,"「開いているファイル」の操作・実務
スクリプト（NAS切替TEST.bat - メモ帳）の開発・デバッグ
スクリプト（*NAS切替TEST.bat - メモ帳）の開発・デバッグ"
2026/05/08,14:00 - 14:59,"Excelファイル（LargeFiles.csv）のデータ入力・編集
「20260427_ログ表示結果-20260416175217」の操作・実務
Antigravityを用いた「システム開発・改善」の開発・相談"
2026/05/08,15:00 - 15:59,"「20260427_ログ表示結果-20260416175217」の操作・実務
「起動しています」の操作・実務
Word文書（残業調査報告書_山本光克_20260402.docx ）の資料作成・編集
Antigravityを用いた「システム開発・改善」の開発・相談"
2026/05/08,16:00 - 16:59,"Word文書（残業調査報告書_山本光克_20260402.docx ）の資料作成・編集
Antigravityを用いた「システム開発・改善」の開発・相談
Webサイト（「いま」を見つけよう / X）の閲覧・調査
Webサイト（ITの今が見える、明日が分かる - ITmedia NEWS）の閲覧・調査
「ITの今が見える、明日が分かる」の操作・実務
「起動しています」の操作・実務
「20260427_ログ表示結果-20260416175217」の操作・実務
Webサイト（結果の考察 - Claude）の閲覧・調査
「結果の考察」の操作・実務
Word文書（残業調査報告書_山本光克_20260402_再生成.docx ）の資料作成・編集
Word文書（残業調査報告書_山本光克_20260406.docx ）の資料作成・編集
Word文書（残業調査報告書_山本光克_20260409.docx ）の資料作成・編集
Word文書（残業調査報告書_山本光克_20260410.docx ）の資料作成・編集
Word文書（残業調査報告書_山本光克_20260413.docx ）の資料作成・編集
Word文書（残業調査報告書_成川真菜_20260404.docx ）の資料作成・編集"
2026/05/08,17:00 - 17:59,"Antigravityを用いた「システム開発・改善」の開発・相談
Word文書（残業調査報告書_成川真菜_20260404.docx ）の資料作成・編集
「起動しています」の操作・実務
Word文書（残業調査報告書_成川真菜_20260405.docx ）の資料作成・編集
Word文書（残業調査報告書_成川真菜_20260409.docx ）の資料作成・編集
Word文書（残業調査報告書_成川真菜_20260410.docx ）の資料作成・編集
Word文書（残業調査報告書_成川真菜_20260413.docx ）の資料作成・編集
Word文書（残業調査報告書_成川真菜_20260415.docx ）の資料作成・編集
「20260427_ログ表示結果-20260416175217」の操作・実務
Webサイト（結果の考察 - Claude）の閲覧・調査
Webサイト（【セナから20年後の世界】川井一仁が語る「セナとベッテルの決定的な違い」 | web Sportiva (スポルティーバ)）の閲覧・調査
Webサイト（川井一仁が語る「セナとベッテルの決定的な違い」 | web Sportiva (スポルティーバ)）の閲覧・調査
Webサイト（Bat To Exe Converter 4.2 | ダウンロードと使い方 | ソフタロウ）の閲覧・調査
Webサイト（The Yen Redline: Intervention Strategies and 2026 Market Outlook - NotebookLM）の閲覧・調査
Webサイト（Windows 11 のダウンロード）の閲覧・調査
Webサイト（Microsoft Windowsを再インストールする | Dell 日本）の閲覧・調査
Webサイト（Adobe Acrobat Viewer）の閲覧・調査
Webサイト（川井一仁が語る「セナとベッテルの決定的な違い」 (2ページ目) | web Sportiva (スポルティーバ)）の閲覧・調査
Webサイト（川井一仁が語る「セナとベッテルの決定的な違い」 (3ページ目) | web Sportiva (スポルティーバ)）の閲覧・調査
Webサイト（F1の記事一覧 | モーターの記事一覧 | web Sportiva）の閲覧・調査
Webサイト（【セナから20年後の世界】川井一仁が明かす「忘れられないセナとのケンカ」 | web Sportiva (スポルティーバ)）の閲覧・調査
Webサイト（【セナから20年後の世界】今宮純が想う「セナがすべての者に託した遺言」 | web Sportiva (スポルティーバ)）の閲覧・調査
Webサイト（【Ｆ１】今宮純が想う「セナがすべての者に託した遺言」 | web Sportiva (スポルティーバ)）の閲覧・調査
Webサイト（【Ｆ１】今宮純が想う「セナがすべての者に託した遺言」 (2ページ目) | web Sportiva (スポルティーバ)）の閲覧・調査
Word文書（残業調査報告書_岸川恭士_20260409.docx ）の資料作成・編集
Word文書（残業調査報告書_岸川恭士_20260415.docx ）の資料作成・編集"
2026/05/08,18:00 - 18:59,"「20260427_ログ表示結果-20260416175217」の操作・実務
Antigravityを用いた「システム開発・改善」の開発・相談
「起動しています」の操作・実務
Word文書（残業調査報告書_岸川恭士_20260415.docx ）の資料作成・編集"
2026/05/08,19:00 - 19:59,"Excelファイル（ログ表示結果-20260508190210.csv）のデータ入力・編集
「起動しています」の操作・実務
Word文書（残業調査報告書_成川真菜_20260405.docx ）の資料作成・編集"
2026/05/09,13:00 - 13:59,Webサイト（Claude CodeがAPIキー不要に：開発者のセキュリティ負荷を下げる新認証を導入 | XenoSpectrum）の閲覧・調査
2026/05/09,15:00 - 15:59,"Webサイト（FWN-026）の閲覧・調査
Excelファイル（ログ表示結果-20260508190210.csv）のデータ入力・編集
Antigravityを用いた「システム開発・改善」の開発・相談
Webサイト（Claude CodeがAPIキー不要に：開発者のセキュリティ負荷を下げる新認証を導入 | XenoSpectrum）の閲覧・調査"
2026/05/09,18:00 - 18:59,Webサイト（Instagram）の閲覧・調査
2026/05/09,19:00 - 19:59,"Webサイト（Instagram）の閲覧・調査
Webサイト（ストーリーズ • Instagram）の閲覧・調査
Webサイト（LP | 100億円トレーダーになるまで）の閲覧・調査
Webサイト（メルカリ - 日本最大のフリマサービス）の閲覧・調査
Webサイト（マイリスト - メルカリ）の閲覧・調査
Webサイト（【2026年最新】CAAD12の人気アイテム - メルカリ）の閲覧・調査
Webサイト（Cannondale CAAD12 引き取り限定 広島 - メルカリ）の閲覧・調査
Webサイト（キャノンデール　CAAD12 - メルカリ）の閲覧・調査
Webサイト（canondale caad12 ULTEGRA 2016 サイズ54 - メルカリ）の閲覧・調査
Webサイト（■USED■CANNONDELE キャノンデール CAAD12 キャド ブラック 2016 54 SHIMANO 105 5800 2×11s S1457 - メルカリ）の閲覧・調査
Webサイト（【2026年最新】CAAD12 56の人気アイテム - メルカリ）の閲覧・調査
Webサイト（cannondale caad12 レプリカカラー 56cm 105 キシエリ - メルカリ）の閲覧・調査"
2026/05/09,20:00 - 20:59,"Webサイト（Instagram）の閲覧・調査
Webサイト（ストーリーズ • Instagram）の閲覧・調査
Webサイト（Claude）の閲覧・調査
Webサイト（Sign in - Claude）の閲覧・調査
Webサイト（MT5インジケータのSMA自動生成の問題 - Claude）の閲覧・調査"
2026/05/10,05:00 - 05:59,"Webサイト（パーソナル インテリジェンス）の閲覧・調査
Webサイト（メモリーを Gemini にインポート）の閲覧・調査"
2026/05/11,06:00 - 06:59,Webサイト（ノーコードで、すぐに、誰でも、簡単にWebデータ収集｜Webスクレイピング＆WebクローリングツールShtockData（シュトックデータ））の閲覧・調査
2026/05/11,08:00 - 08:59,"Antigravityを用いた「システム開発・改善」の開発・相談
Excelファイル（ログ表示結果-20260508190210.csv）のデータ入力・編集
Webサイト（トップページ - サイボウズ Office）の閲覧・調査
Webサイト（個人フォルダ - サイボウズ Office）の閲覧・調査
Webサイト（メッセージの詳細 - サイボウズ Office）の閲覧・調査"
2026/05/11,09:00 - 09:59,"Antigravityを用いた「システム開発・改善」の開発・相談
「20260427_ログ表示結果-20260416175217」の操作・実務
「起動しています」の操作・実務
Word文書（残業調査報告書_見形藍_20260412.docx ）の資料作成・編集
Word文書（残業調査報告書_岸川恭士_20260401.docx ）の資料作成・編集
Word文書（残業調査報告書_岸川恭士_20260411.docx ）の資料作成・編集
Word文書（残業調査報告書_岸川恭士_20260402.docx ）の資料作成・編集
Word文書（残業調査報告書_岸川恭士_20260415.docx ）の資料作成・編集
Word文書（残業調査報告書_岸川恭士_20260403.docx ）の資料作成・編集
Word文書（残業調査報告書_岸川恭士_20260410.docx ）の資料作成・編集
Word文書（残業調査報告書_岸川恭士_20260409.docx ）の資料作成・編集
Word文書（残業調査報告書_岸川恭士_20260408.docx ）の資料作成・編集
Word文書（残業調査報告書_岸川恭士_20260407.docx ）の資料作成・編集
Word文書（残業調査報告書_岸川恭士_20260404.docx ）の資料作成・編集
Word文書（残業調査報告書_山本光克_20260409.docx ）の資料作成・編集
Word文書（残業調査報告書_山本光克_20260410.docx ）の資料作成・編集
Word文書（残業調査報告書_山本光克_20260413.docx ）の資料作成・編集
Word文書（残業調査報告書_山本光克_20260406.docx ）の資料作成・編集
Word文書（残業調査報告書_山本光克_20260402.docx ）の資料作成・編集
Excelファイル（ログ表示結果-20260508190210.csv）のデータ入力・編集
Excelファイル（TEST.xlsx）のデータ入力・編集
Webサイト（Amazon.co.jp : elecom 切り替え機）の閲覧・調査
Webサイト（Amazon.co.jp: エレコム KVMスイッチ pc切替機 USB DVI スピーカー 2台 KVM-DVHDU2 : パソコン・周辺機器）の閲覧・調査
PDF資料（KVM-DVHDU2.pdf）の閲覧・内容確認
Word文書（残業調査報告書_成川真菜_20260405.docx ）の資料作成・編集
Word文書（残業調査報告書_成川真菜_20260415.docx ）の資料作成・編集
Word文書（残業調査報告書_成川真菜_20260413.docx ）の資料作成・編集
Excelファイル（20260427_ログ表示結果-20260416175217.xlsx ）のデータ入力・編集
Word文書（残業調査報告書_樋口彩水_20260401.docx ）の資料作成・編集"
2026/05/11,10:00 - 10:59,"Antigravityを用いた「システム開発・改善」の開発・相談
Word文書（残業調査報告書_成川真菜_20260415.docx ）の資料作成・編集
Word文書（残業調査報告書_成川真菜_20260413.docx ）の資料作成・編集
「20260427_ログ表示結果-20260416175217」の操作・実務
「起動しています」の操作・実務
Word文書（残業調査報告書_樋口彩水_20260401.docx ）の資料作成・編集
Word文書（残業調査報告書_樋口彩水_20260413.docx ）の資料作成・編集
Word文書（残業調査報告書_樋口彩水_20260403.docx ）の資料作成・編集
Word文書（残業調査報告書_樋口彩水_20260415.docx ）の資料作成・編集
Webサイト（インフォメーション）の閲覧・調査
Webサイト（トップページ - サイボウズ Office）の閲覧・調査
Webサイト（個人フォルダ - サイボウズ Office）の閲覧・調査
Webサイト（メッセージの詳細 - サイボウズ Office）の閲覧・調査
Webサイト（ワークフロー（最新一覧） - サイボウズ Office）の閲覧・調査
Webサイト（ワークフロー（送信一覧） - サイボウズ Office）の閲覧・調査
Word文書（残業調査報告書_岸川恭士_20260401.docx ）の資料作成・編集"
2026/05/11,11:00 - 11:59,"「起動しています」の操作・実務
Word文書（残業調査報告書_岸川恭士_20260402.docx ）の資料作成・編集
「20260427_ログ表示結果-20260416175217」の操作・実務
Word文書（残業調査報告書_岸川恭士_20260403.docx ）の資料作成・編集
Word文書（残業調査報告書_岸川恭士_20260404.docx ）の資料作成・編集
Word文書（残業調査報告書_岸川恭士_20260407.docx ）の資料作成・編集
Word文書（残業調査報告書_岸川恭士_20260401.docx ）の資料作成・編集
Word文書（残業調査報告書_岸川恭士_20260408.docx ）の資料作成・編集
Word文書（残業調査報告書_岸川恭士_20260409.docx ）の資料作成・編集
Antigravityを用いた「システム開発・改善」の開発・相談
Word文書（残業調査報告書_岸川恭士_20260410.docx ）の資料作成・編集
Word文書（残業調査報告書_岸川恭士_20260411.docx ）の資料作成・編集
Word文書（残業調査報告書_岸川恭士_20260415.docx ）の資料作成・編集
Word文書（残業調査報告書_見形藍_20260412.docx ）の資料作成・編集"
2026/05/11,13:00 - 13:59,"Word文書（残業調査報告書_岸川恭士_20260403.docx ）の資料作成・編集
「20260427_ログ表示結果-20260416175217」の操作・実務
Excelファイル（①社用ノートパソコン管理台帳.xlsx ）のデータ入力・編集
「2026/5/1 現在のUSD/JPY相場分析。調べてみて。GWを挟み今後のは？　 2024年のゴールデンウィーク（GW）を彷彿とさせる、極めて神経質な「介入...」の操作・実務
「Perplexity」の操作・実務
Word文書（残業調査報告書_山本光克_20260402.docx ）の資料作成・編集
Excelファイル（本社OAプライベートIPアドレス割当一覧.xlsx ）のデータ入力・編集
Excelファイル（本社OAプライベートIPアドレス割当一覧.xlsx）のデータ入力・編集"
2026/05/11,14:00 - 14:59,"Excelファイル（本社OAプライベートIPアドレス割当一覧.xlsx）のデータ入力・編集
Excelファイル（①社用ノートパソコン管理台帳.xlsx ）のデータ入力・編集
「20260427_ログ表示結果-20260416175217」の操作・実務
Word文書（残業調査報告書_山本光克_20260402.docx ）の資料作成・編集
Word文書（残業調査報告書_岸川恭士_20260403.docx ）の資料作成・編集
Webサイト（アクティブなユーザー - Microsoft 365 管理センター）の閲覧・調査
Webサイト（Microsoft 365 管理センター）の閲覧・調査
「アクティブなユーザー」の操作・実務
Webサイト（ユーザーの詳細パネル - Microsoft 365 管理センター）の閲覧・調査
「ユーザーの詳細パネル」の操作・実務
Word文書（残業調査報告書_山本光克_20260410.docx ）の資料作成・編集
Antigravityを用いた「システム開発・改善」の開発・相談"
2026/05/11,15:00 - 15:59,"Webサイト（これらのランサムウェアの被害者は、データを復旧するためにより多くを支払っています）の閲覧・調査
Webサイト（Windows 10でインデックス作成を有効または無効にする方法 - VPN 2026）の閲覧・調査
「Windows 10でインデックス作成を有効または無効にする方法」の操作・実務
Antigravityを用いた「システム開発・改善」の開発・相談
「\\10.85.33.230\01_全社共有\システム統括部\業改室\★大宮システム部\（NAS）伊藤\WindowsUpdate.txt」の操作・実務
「\\10.85.33.230\01_全社共有\システム統括部\業改室\★大宮システム部\（NAS）伊藤\WindowsUpdate.txt(更新)」の操作・実務
「起動しています」の操作・実務
Word文書（残業調査報告書_山本光克_20260413.docx ）の資料作成・編集
Word文書（残業調査報告書_山本光克_20260413_再生成.docx ）の資料作成・編集
「20260427_ログ表示結果-20260416175217」の操作・実務"
2026/05/11,16:00 - 16:59,"「起動しています」の操作・実務
Word文書（残業調査報告書_成川真菜_20260404.docx ）の資料作成・編集
「20260427_ログ表示結果-20260416175217」の操作・実務
Antigravityを用いた「システム開発・改善」の開発・相談
Excelファイル（本社OAプライベートIPアドレス割当一覧.xlsx）のデータ入力・編集"
2026/05/11,17:00 - 17:59,"Antigravityを用いた「システム開発・改善」の開発・相談
「20260427_ログ表示結果-20260416175217」の操作・実務
Excelファイル（①社用ノートパソコン管理台帳.xlsx ）のデータ入力・編集"
2026/05/11,18:00 - 18:59,"「起動しています」の操作・実務
Word文書（残業調査報告書_成川真菜_20260404.docx ）の資料作成・編集
「20260427_ログ表示結果-20260416175217」の操作・実務
Antigravityを用いた「システム開発・改善」の開発・相談
プログラム（残業調査ツール強化：タイトル中央揃え、15分しきい値判定、システム更新判定、サマリー構成の自動化を実装）の開発および修正
Webサイト（個人フォルダ - サイボウズ Office）の閲覧・調査
Webサイト（スケジュール（グループ週表示） - サイボウズ Office）の閲覧・調査
Webサイト（ファイル管理 - サイボウズ Office）の閲覧・調査
Webサイト（ワークフロー（最新一覧） - サイボウズ Office）の閲覧・調査
Webサイト（トップページ - サイボウズ Office）の閲覧・調査"
2026/05/12,09:00 - 09:59,"Antigravityを用いた「システム開発・改善」の開発・相談
Webサイト（メッセージの詳細 - サイボウズ Office）の閲覧・調査
Webサイト（個人フォルダ - サイボウズ Office）の閲覧・調査
Webサイト（スケジュール（グループ週表示） - サイボウズ Office）の閲覧・調査
「20260427_ログ表示結果-20260416175217」の操作・実務
「起動しています」の操作・実務
Word文書（残業調査報告書_成川真菜_20260405.docx ）の資料作成・編集
Word文書（残業調査報告書_成川真菜_20260409.docx ）の資料作成・編集
Word文書（残業調査報告書_成川真菜_20260415.docx ）の資料作成・編集"
2026/05/12,10:00 - 10:59,"「20260427_ログ表示結果-20260416175217」の操作・実務
Antigravityを用いた「システム開発・改善」の開発・相談
「起動しています」の操作・実務
Word文書（残業調査報告書_樋口彩水_20260403.docx ）の資料作成・編集
Excelファイル（20260427_ログ表示結果-20260416175217.xlsx ）のデータ入力・編集
Excelファイル（管理コンソールメイン画面.csv）のデータ入力・編集
「Module1.bas」の操作・実務
「Microsoft Visual Basic for Applications」の操作・実務
Excelファイル（20260427_ログ表示結果-20260416175217 （読み込み用）.xlsx ）のデータ入力・編集
Excelファイル（20260427_ログ表示結果-20260416175217 （読み込み用）.xlsx）のデータ入力・編集
Word文書（残業調査報告書_樋口彩水_20260401.docx ）の資料作成・編集"
2026/05/12,11:00 - 11:59,"Excelファイル（20260427_ログ表示結果-20260416175217 （読み込み用）.xlsx）のデータ入力・編集
Excelファイル（本社OAプライベートIPアドレス割当一覧.xlsx）のデータ入力・編集
Excelファイル（①社用ノートパソコン管理台帳.xlsx ）のデータ入力・編集
Webサイト（個人フォルダ - サイボウズ Office）の閲覧・調査
Webサイト（メッセージの詳細 - サイボウズ Office）の閲覧・調査
Excelファイル（ログ表示結果-20260416175217.xlsm ）のデータ入力・編集
Excelファイル（ログ表示結果-20260416175217.xlsmのプロパティ）のデータ入力・編集
「Microsoft Visual Basic for Applications」の操作・実務
Excelファイル（管理コンソールメイン画面.csv）のデータ入力・編集
Antigravityを用いた「システム開発・改善」の開発・相談"
2026/05/12,12:00 - 12:59,"Excelファイル（ログ表示結果-20260416175217.xlsm ）のデータ入力・編集
「Microsoft Visual Basic for Applications」の操作・実務
Excelファイル（管理コンソールメイン画面.csv）のデータ入力・編集
Excelファイル（20260427_ログ表示結果-20260416175217.xlsx ）のデータ入力・編集
Excelファイル（20260427_ログ表示結果-20260416175217.xlsx）のデータ入力・編集
「WindowsUpdate.txt」の操作・実務
「\\10.85.33.230\01_全社共有\システム統括部\業改室\★大宮システム部\（NAS）伊藤\WindowsUpdate.txt」の操作・実務
「Module1.bas」の操作・実務
Excelファイル（20260427_ログ表示結果-20260416175217 （読み込み用）.xlsx）のデータ入力・編集
Excelファイル（①社用ノートパソコン管理台帳.xlsx ）のデータ入力・編集
Excelファイル（本社OAプライベートIPアドレス割当一覧.xlsx）のデータ入力・編集
「起動しています」の操作・実務
Webサイト（個人フォルダ - サイボウズ Office）の閲覧・調査
Webサイト（メッセージの詳細 - サイボウズ Office）の閲覧・調査
Antigravityを用いた「システム開発・改善」の開発・相談"
2026/05/12,13:00 - 13:59,"Excelファイル（20260427_ログ表示結果-20260416175217 （読み込み用）.xlsx）のデータ入力・編集
Antigravityを用いた「システム開発・改善」の開発・相談
Excelファイル（20260427_ログ表示結果-20260416175217.xlsx）のデータ入力・編集
Excelファイル（本社OAプライベートIPアドレス割当一覧.xlsx ）のデータ入力・編集
Excelファイル（本社OAプライベートIPアドレス割当一覧.xlsx）のデータ入力・編集
「Module1.bas」の操作・実務
Webサイト（個人フォルダ - サイボウズ Office）の閲覧・調査
Webサイト（メッセージの詳細 - サイボウズ Office）の閲覧・調査
Webサイト（メッセージの変更（標題・本文） - サイボウズ Office）の閲覧・調査
Webサイト（メッセージの変更（宛先） - サイボウズ Office）の閲覧・調査"
2026/05/12,14:00 - 14:59,"Antigravityを用いた「システム開発・改善」の開発・相談
プログラム（残業調査ツール最終調整：変数スコープエラーの修正、API自動リトライ機能の実装、および表示項目の整理）の開発および修正
Webサイト（メッセージの詳細 - サイボウズ Office）の閲覧・調査
Webサイト（個人フォルダ - サイボウズ Office）の閲覧・調査
「起動しています」の操作・実務
Word文書（残業調査報告書_成川真菜_20260405.docx ）の資料作成・編集
Webサイト（トップページ - サイボウズ Office）の閲覧・調査
Webサイト（ファイルの詳細 - サイボウズ Office）の閲覧・調査
Excelファイル（本社OAプライベートIPアドレス割当一覧.xlsx）のデータ入力・編集
Excelファイル（2026年5月度【社員】勤怠申請・承認のご依頼0511.xlsx ）のデータ入力・編集
Webサイト（インフォメーション）の閲覧・調査"
2026/05/12,15:00 - 15:59,"Antigravityを用いた「システム開発・改善」の開発・相談
「起動しています」の操作・実務
Excelファイル（20260427_ログ表示結果-20260416175217 （読み込み用）.xlsx ）のデータ入力・編集
Webサイト（個人フォルダ - サイボウズ Office）の閲覧・調査
Webサイト（GitHub · 常に進化し続けます。GitHubが、あなたをその先へ導く。 · GitHub）の閲覧・調査
Webサイト（Sign in to GitHub · GitHub）の閲覧・調査
Webサイト（GitHub）の閲覧・調査
Webサイト（Create new workflow · csd0910/myproject）の閲覧・調査
Webサイト（Pulse · csd0910/myproject）の閲覧・調査
Webサイト（Comparing 4ac12fe030b6ca9bf8c497e209bc74bac51fcc16...main · csd0910/myproject）の閲覧・調査
Webサイト（残業調査ツール最終調整：変数スコープエラーの修正、API自動リトライ機能の実装、および表示項目の整理 ·CSD0910/myproject@9737bc5）の閲覧・調査
Webサイト（リポジトリ）の閲覧・調査
Webサイト（GitHubダッシュボード）の閲覧・調査
Webサイト（CSD0910/myproject: デフォルト）の閲覧・調査
Webサイト（Activity · csd0910/myproject）の閲覧・調査
Webサイト（結果の考察 - Claude）の閲覧・調査
Webサイト（The Yen Redline: Intervention Strategies and 2026 Market Outlook - NotebookLM）の閲覧・調査
Webサイト（【Ｆ１】今宮純が想う「セナがすべての者に託した遺言」 (2ページ目) | web Sportiva (スポルティーバ)）の閲覧・調査
Webサイト（Microsoft Edge の新機能）の閲覧・調査
Webサイト（Chrome ウェブストア - 拡張機能）の閲覧・調査
Webサイト（Quick Chrome History Export - Chrome ウェブストア）の閲覧・調査
Webサイト（Quick Chrome History Export）の閲覧・調査
Webサイト（無料でウェブを作ってください。Tilda Publishing ウェブサイトビルダーのご紹介）の閲覧・調査"
