発生日時,終了日時,実作業時間,主な作業内容
2026/04/10 09:10,2026/04/10 09:11,0:05,サイボウズ（forestway.cybozu.com/o/ag.cgi?page=MyFolderIndex）での情報確認・処理 / サイボウズ（forestway.cybozu.com/o/ag.cgi?page=MyFolderMessageView&mDBID=10&mEID=90109&mDID=296621&cp=ml&sp=&tp=）での情報確認・処理 / サイボウズ（メッセージ...
2026/04/10 09:12,2026/04/10 09:12,0:05,Antigravityを用いた「システム開発・改善」の開発・相談
2026/04/10 09:12,2026/04/10 09:12,0:05,メール（弊社 ネット回線の契約について）の閲覧・作成
2026/04/10 09:12,2026/04/10 09:20,0:08,Webサイト（Gemini）の閲覧・調査 / Webサイト（お客様のアカウント保護にご協力ください）の閲覧・調査 / Webサイト（テスト - Chat）の閲覧・調査 / Webサイト（リダイレクト中）の閲覧・調査
2026/04/10 09:20,2026/04/10 09:20,0:05,Webサイト（伊藤 健人 - 管理コンソール）の閲覧・調査 / 本人確認 - Google Chrome
2026/04/10 09:20,2026/04/10 09:20,0:05,メール（Gmail アカウントからメールを移行する ?|? Data migration ?|? Google Workspace Help）の閲覧・作成
2026/04/10 09:20,2026/04/10 09:20,0:05,Webサイト（CLASSリリース運用記録：ココデカウ・Forestway保守履歴 - NotebookLM）の閲覧・調査
2026/04/10 09:20,2026/04/10 09:20,0:05,Webサイト（Gemini）の閲覧・調査 / 本人確認 - Google Chrome
2026/04/10 09:20,2026/04/10 09:20,0:05,メール（Gmail アカウントからメールを移行する ?|? Data migration ?|? Google Workspace Help）の閲覧・作成
2026/04/10 09:21,2026/04/10 09:22,0:05,Webサイト（BitLocker解除ができずPCが立ち上がらない - Microsoft Q&A）の閲覧・調査 / Webサイト（bitlockerに回復キーを要求されるループに陥った後の対処 - Microsoft Q&A）の閲覧・調査 / Webサイト（ある日急にBitLockerでパスワードを求められる。 - Google 検索）の閲覧・調査
2026/04/10 09:23,2026/04/10 09:39,0:16,Webサイト（192.169.5.5 - リモート デスクトップ接続）の閲覧・調査 / Webサイト（BitLocker回復キーを突然求められる原因と確認方法をわかりやすく解説｜データ復旧・復元サービス【デジタルデータリカバリー】）の閲覧・調査 / Webサイト（Gemini）の閲覧・調査 / Webサイト（My Account）の閲覧・調査 / Webサイト（bitlockerに回復キーを...
2026/04/10 09:39,2026/04/10 09:39,0:05,サイボウズ（メッセージの詳細 - サイボウズ Office）での情報確認・処理
2026/04/10 09:40,2026/04/10 09:40,0:05,Webサイト（admin.microsoft.com/?auth_upn=t_ito%40forestwayoffice.onmicrosoft.com&source=applauncher#/homepage）の閲覧・調査
2026/04/10 09:40,2026/04/10 09:40,0:05,Webサイト（admin.cloud.microsoft/?auth_upn=t_ito%40forestwayoffice.onmicrosoft.com&source=applauncher&ref=/homepage）の閲覧・調査 / Webサイト（admin.microsoft.com/?auth_upn=t_ito%40forestwayoffice.onmicrosoft.com...
2026/04/10 09:40,2026/04/10 09:41,0:05,Webサイト（Gemini）の閲覧・調査 / Webサイト（Microsoft 365 管理センター）の閲覧・調査 / Webサイト（My Account）の閲覧・調査 / Webサイト（admin.cloud.microsoft/?auth_upn=t_ito%40forestwayoffice.onmicrosoft.com&source=applauncher&ref=%2Fhomep...
2026/04/10 09:43,2026/04/10 09:44,0:05,メール（Thunderbird で Gmail を利用する | Gmailの使い方）の閲覧・作成
2026/04/10 09:44,2026/04/10 09:44,0:05,Webサイト（インフォメーション）の閲覧・調査 / Webサイト（ギガストレージ - Google 検索）の閲覧・調査 / Webサイト（ユーザーの詳細パネル - Microsoft 365 管理センター）の閲覧・調査 / Webサイト（無料大容量 ファイル転送サービス GigaFile(ギガファイル)便）の閲覧・調査
2026/04/10 09:44,2026/04/10 09:44,0:05,サイボウズ（forestway.cybozu.com/o/ag.cgi?page=MyFolderMessageView&mDBID=9&mEID=90110&mDID=300069&cp=ml&sp=&tp=）での情報確認・処理 / サイボウズ（トップページ - サイボウズ Office）での情報確認・処理 / サイボウズ（メッセージの詳細 - サイボウズ Office）での情報確認・処理...
2026/04/10 09:44,2026/04/10 09:47,0:05,Webサイト（192.169.5.5 - リモート デスクトップ接続）の閲覧・調査 / Webサイト（Gemini）の閲覧・調査 / Webサイト（ある日急にBitLockerでパスワードを求められる。 - Google 検索）の閲覧・調査 / Webサイト（ギガストレージ - Google 検索）の閲覧・調査 / Webサイト（コマンド プロンプト のジャンプ リスト）の閲覧・調査 / W...
2026/04/10 09:47,2026/04/10 09:47,0:05,"Webサイト（Gemini）の閲覧・調査 / Webサイト（管理者: コマンド プロンプト - findstr  /C:""gigafile.nu"" C:\WINDOWS\system32\drivers\etc\hosts）の閲覧・調査 / Webサイト（管理者: コマンド プロンプト - ipconfig  /flushdns）の閲覧・調査 / Webサイト（管理者: コマンド プロンプト..."
2026/04/10 09:47,2026/04/10 09:47,0:05,サイボウズ（メッセージの詳細 - サイボウズ Office）での情報確認・処理
2026/04/10 09:47,2026/04/10 09:52,0:05,Webサイト（365管理画面 - 検索 および他 4 ページ）の閲覧・調査 / Webサイト（365管理画面 - 検索 および他 5 ページ）の閲覧・調査 / Webサイト（365管理画面 - 検索）の閲覧・調査 / Webサイト（M365 Copilot および他 5 ページ）の閲覧・調査 / Webサイト（M365 Copilot）の閲覧・調査 / Webサイト（Microsoft 36...
2026/04/10 09:52,2026/04/10 09:52,0:05,サイボウズ（メッセージの詳細 - サイボウズ Office および他 7 ページ）での情報確認・処理
2026/04/10 09:53,2026/04/10 10:16,0:23,Webサイト（bing.com/ck/a?!&&p=e53f8d6e59905c35f76cf03b3edbe45e1f169c9598a96452b2986f2307423151JmltdHM9MTc3NTY5MjgwMA&ptn=3&ver=2&hsh=4&fclid=07717525-73f7-6c18-2851-6332721f6d7e&psq=ギガファイル便&u=a1aHR0cHM...
2026/04/10 10:17,2026/04/10 10:17,0:05,メール（弊社 ネット回線の契約について）の閲覧・作成
2026/04/10 10:17,2026/04/10 10:25,0:08,Webサイト（BitLocker回復キー紛失時の対応 - Google Gemini）の閲覧・調査 / Webサイト（Google Gemini）の閲覧・調査 / Webサイト（bing.com/ck/a?!&&p=e53f8d6e59905c35f76cf03b3edbe45e1f169c9598a96452b2986f2307423151JmltdHM9MTc3NTY5MjgwMA&pt...
2026/04/10 11:45,2026/04/10 11:53,0:08,Webサイト（BitLocker回復キー紛失時の対応 - Google Gemini）の閲覧・調査 / Webサイト（gigafile.nu および他 9 ページ）の閲覧・調査
2026/04/10 11:53,2026/04/10 11:53,0:05,Antigravityを用いた「システム開発・改善」の開発・相談
2026/04/10 11:53,2026/04/10 11:53,0:05,Webサイト（BitLocker回復キー紛失時の対応 - Google Gemini）の閲覧・調査
2026/04/10 12:36,2026/04/10 13:15,0:38,Webサイト（*hosts - メモ帳）の閲覧・調査 / Webサイト（20240222(木)_1633_： ＿伊藤健人＿_Fwd＿ Re＿ 弊社 ネット回線の契約について.txt - サクラエディタ32bit 2.4.2.6048）の閲覧・調査 / Webサイト（365管理画面 - 検索 および他 8 ページ）の閲覧・調査 / Webサイト（BitLocker回復キー紛失時の対応 - Go...
2026/04/10 13:15,2026/04/10 13:15,0:05,サイボウズ（forestway.cybozu.com/logout および他 2 ページ）での情報確認・処理 / サイボウズ（forestway.cybozu.com/logout）での情報確認・処理 / サイボウズ（forestway.cybozu.com/o/ag.cgi?page=CloudLogin および他 2 ページ）での情報確認・処理 / サイボウズ（トップページ - サイボウ...
2026/04/10 13:15,2026/04/10 13:15,0:05,Webサイト（インフォメーション および他 2 ページ）の閲覧・調査 / Webサイト（インフォメーション）の閲覧・調査
2026/04/10 13:15,2026/04/10 13:16,0:05,サイボウズ（forestway.cybozu.com/login および他 2 ページ）での情報確認・処理 / サイボウズ（forestway.cybozu.com/logout および他 2 ページ）での情報確認・処理 / サイボウズ（forestway.cybozu.com/logout）での情報確認・処理 / サイボウズ（forestway.cybozu.com/o/ag.cgi?pa...
2026/04/10 13:16,2026/04/10 13:16,0:05,Webサイト（インフォメーション および他 2 ページ）の閲覧・調査 / Webサイト（インフォメーション）の閲覧・調査
2026/04/10 13:16,2026/04/10 13:16,0:05,サイボウズ（トップページ - サイボウズ Office および他 2 ページ）での情報確認・処理 / サイボウズ（トップページ - サイボウズ Office）での情報確認・処理
2026/04/10 13:17,2026/04/10 13:17,0:05,Webサイト（契約状況 および他 2 ページ）の閲覧・調査
2026/04/10 13:17,2026/04/10 13:17,0:05,Webサイト（インフォメーション および他 2 ページ）の閲覧・調査 / Webサイト（インフォメーション）の閲覧・調査 / Webサイト（組織とユーザーの設定 および他 2 ページ）の閲覧・調査 / Webサイト（組織とユーザーの設定）の閲覧・調査 / 契約状況
2026/04/10 13:17,2026/04/10 13:17,0:05,サイボウズ（forestway.cybozu.com/logout および他 2 ページ）での情報確認・処理 / サイボウズ（forestway.cybozu.com/logout）での情報確認・処理
2026/04/10 13:17,2026/04/10 13:17,0:05,Webサイト（インフォメーション および他 2 ページ）の閲覧・調査 / Webサイト（インフォメーション）の閲覧・調査 / Webサイト（パスワードを保存しますか?）の閲覧・調査
2026/04/10 13:17,2026/04/10 13:18,0:05,サイボウズ（forestway.cybozu.com/o/ag.cgi?page=MailIndex&fid=22770 および他 2 ページ）での情報確認・処理 / サイボウズ（forestway.cybozu.com/o/ag.cgi?page=MailIndex&fid=3033 および他 2 ページ）での情報確認・処理 / サイボウズ（トップページ - サイボウズ Office およ...
2026/04/10 13:18,2026/04/10 13:18,0:05,Antigravityを用いた「システム開発・改善」の開発・相談
2026/04/10 13:18,2026/04/10 13:18,0:05,サイボウズ（サイボウズOffice Eメール バックアップツール）での情報確認・処理
2026/04/10 13:18,2026/04/10 13:18,0:05,Webサイト（フォルダーの選択）の閲覧・調査
2026/04/10 13:19,2026/04/10 13:20,0:05,サイボウズ（サイボウズOffice Eメール バックアップツール）での情報確認・処理 / サイボウズ（メール - サイボウズ Office および他 2 ページ）での情報確認・処理
2026/04/10 13:20,2026/04/10 13:20,0:05,Webサイト（フォルダーの選択）の閲覧・調査
2026/04/10 13:20,2026/04/10 13:20,0:05,サイボウズ（サイボウズOffice Eメール バックアップツール）での情報確認・処理
2026/04/10 13:20,2026/04/10 13:20,0:05,Webサイト（インフォメーション - プロファイル 1 - Microsoft? Edge）の閲覧・調査
2026/04/10 13:20,2026/04/10 13:21,0:05,サイボウズ（サイボウズOffice Eメール バックアップツール）での情報確認・処理 / サイボウズ（トップページ - サイボウズ Office - プロファイル 1 - Microsoft? Edge）での情報確認・処理 / サイボウズ（メール - サイボウズ Office - プロファイル 1 - Microsoft? Edge）での情報確認・処理 / サイボウズ（メール - サイボウズ...
2026/04/10 13:21,2026/04/10 13:23,0:05,Webサイト（192.169.5.5 - リモート デスクトップ接続）の閲覧・調査 / Webサイト（365管理画面 - 検索 および他 1 ページ）の閲覧・調査 / Webサイト（MSN および他 3 ページ）の閲覧・調査 / Webサイト（Windows PowerShell のジャンプ リスト）の閲覧・調査 / Webサイト（「240馬力」の2リッター「直4ターボ」搭載! 新型「“4W...
2026/04/10 13:23,2026/04/10 13:23,0:05,サイボウズ（サイボウズOffice Eメール バックアップツール）での情報確認・処理 / サイボウズ（メールの詳細 - サイボウズ Office - プロファイル 1 - Microsoft? Edge）での情報確認・処理 / サイボウズ（メール本文 - サイボウズ Office - プロファイル 1 - Microsoft? Edge）での情報確認・処理 / サイボウズ（メール送受信履歴一...
2026/04/10 13:24,2026/04/10 13:25,0:05,"Webサイト（365管理画面 - 検索 および他 1 ページ）の閲覧・調査 / Webサイト（Amazon | 本, ファッション, 家電から食品まで | アマゾン および他 1 ページ）の閲覧・調査 / Webサイト（amazon.co.jp および他 1 ページ）の閲覧・調査"
2026/04/10 13:25,2026/04/10 13:25,0:05,サイボウズ（サイボウズOffice Eメール バックアップツール）での情報確認・処理
2026/04/10 13:25,2026/04/10 13:25,0:05,"Webサイト（Amazon | 本, ファッション, 家電から食品まで | アマゾン および他 1 ページ）の閲覧・調査 / Webサイト（Amazon | 本, ファッション, 家電から食品まで | アマゾン）の閲覧・調査"
2026/04/10 13:25,2026/04/10 13:25,0:05,Antigravityを用いた「システム開発・改善」の開発・相談
2026/04/10 13:25,2026/04/10 13:25,0:05,サイボウズ（サイボウズ抽出ログ → MBOX変換ツール）での情報確認・処理
2026/04/10 13:25,2026/04/10 13:25,0:05,Webサイト（フォルダーの選択）の閲覧・調査
2026/04/10 13:25,2026/04/10 13:25,0:05,サイボウズ（サイボウズ抽出ログ → MBOX変換ツール）での情報確認・処理
2026/04/10 13:25,2026/04/10 13:25,0:05,メール（Thunderbirdの存続にご協力ください！ ? Thunderbird）の閲覧・作成
2026/04/10 13:25,2026/04/10 13:25,0:05,サイボウズ（cybozu_sent_migration - ローカルフォルダー - Mozilla Thunderbird）での情報確認・処理
2026/04/10 13:25,2026/04/10 13:25,0:05,メール（受信トレイ）の閲覧・作成
2026/04/10 13:26,2026/04/10 13:26,0:05,サイボウズ（cybozu_sent_migration - ローカルフォルダー - Mozilla Thunderbird）での情報確認・処理
2026/04/10 13:26,2026/04/10 13:26,0:05,Webサイト（フォルダーの削除）の閲覧・調査
2026/04/10 13:26,2026/04/10 13:26,0:05,サイボウズ（cybozu_sent_migration - ローカルフォルダー - Mozilla Thunderbird）での情報確認・処理
2026/04/10 13:26,2026/04/10 13:26,0:05,メール（受信トレイ）の閲覧・作成
2026/04/10 13:26,2026/04/10 13:26,0:05,Webサイト（インポートする mbox ファイルの選択）の閲覧・調査
2026/04/10 13:26,2026/04/10 13:26,0:05,メール（受信トレイ）の閲覧・作成
2026/04/10 13:26,2026/04/10 13:26,0:05,サイボウズ（cybozu_sent_migration - ローカルフォルダー - Mozilla Thunderbird）での情報確認・処理
2026/04/10 13:27,2026/04/10 13:27,0:05,Webサイト（BitLocker回復キー紛失時の対応 - Google Gemini）の閲覧・調査 / Webサイト（【物流・配送】GWS関連 - Chat）の閲覧・調査 / Webサイト（テスト - Chat）の閲覧・調査
2026/04/10 13:27,2026/04/10 13:27,0:05,メール（弊社 ネット回線の契約について）の閲覧・作成
2026/04/10 13:27,2026/04/10 13:27,0:05,Webサイト（【物流・配送】GWS関連 - Chat）の閲覧・調査 / Webサイト（テスト - Chat）の閲覧・調査
2026/04/10 13:27,2026/04/10 13:27,0:05,"メール（""TEST"" (42)）の閲覧・作成"
2026/04/10 13:27,2026/04/10 13:27,0:05,Webサイト（BitLocker回復キー紛失時の対応 - Google Gemini）の閲覧・調査
2026/04/10 13:27,2026/04/10 13:27,0:05,"メール（""TEST"" (75)）の閲覧・作成 / メール（フォーレスト株式会社 メール）の閲覧・作成 / メール（受信トレイ (10,871)）の閲覧・作成"
2026/04/10 13:27,2026/04/10 13:27,0:05,サイボウズ（cybozu_sent_migration - ローカルフォルダー - Mozilla Thunderbird）での情報確認・処理
2026/04/10 13:27,2026/04/10 13:27,0:05,Webサイト（フォルダーの削除）の閲覧・調査
2026/04/10 13:27,2026/04/10 13:27,0:05,サイボウズ（cybozu_sent_migration - ローカルフォルダー - Mozilla Thunderbird）での情報確認・処理
2026/04/10 13:27,2026/04/10 13:28,0:05,"メール（""TEST"" (81)）の閲覧・作成 / メール（""TEST""）の閲覧・作成 / メール（Re: 東日本物流センター アクセスポイントのファームウェアアップデートについて）の閲覧・作成 / メール（TEST）の閲覧・作成 / メール（受信トレイ）の閲覧・作成"
2026/04/10 13:28,2026/04/10 13:28,0:05,Webサイト（インポートする mbox ファイルの選択）の閲覧・調査
2026/04/10 13:28,2026/04/10 13:28,0:05,メール（受信トレイ）の閲覧・作成
2026/04/10 13:28,2026/04/10 13:28,0:05,サイボウズ（cybozu_sent_migration - ローカルフォルダー - Mozilla Thunderbird）での情報確認・処理
2026/04/10 13:28,2026/04/10 13:28,0:05,"メール（""TEST"" (2)）の閲覧・作成 / メール（""TEST""）の閲覧・作成"
2026/04/10 13:28,2026/04/10 13:30,0:05,"Webサイト（Amazon - Google 検索）の閲覧・調査 / Webサイト（Amazon | 本, ファッション, 家電から食品まで | アマゾン）の閲覧・調査 / Webサイト（Amazon.co.jp : usb-typec hdmiUSB-TypeC）の閲覧・調査 / Webサイト（Forestway - Google 検索）の閲覧・調査 / Webサイト（amazon.co...."
2026/04/10 13:36,2026/04/10 13:36,0:05,サイボウズ（cybozu_sent_migration - ローカルフォルダー - Mozilla Thunderbird）での情報確認・処理
2026/04/10 13:36,2026/04/10 13:36,0:05,Antigravityを用いた「システム開発・改善」の開発・相談
2026/04/10 13:36,2026/04/10 13:36,0:05,サイボウズ（cybozu_sent_migration - ローカルフォルダー - Mozilla Thunderbird）での情報確認・処理
2026/04/10 13:36,2026/04/10 13:36,0:05,"Webサイト（Amazon | 本, ファッション, 家電から食品まで | アマゾン および他 1 ページ）の閲覧・調査"
2026/04/10 13:36,2026/04/10 13:36,0:05,サイボウズ（cybozu_sent_migration - ローカルフォルダー - Mozilla Thunderbird）での情報確認・処理
2026/04/10 13:36,2026/04/10 13:36,0:05,Webサイト（「USB-TypeC HDMI」 通販【フォレストウェイ】）の閲覧・調査
2026/04/10 13:36,2026/04/10 13:37,0:05,"メール（""TEST"" (59)）の閲覧・作成 / メール（""TEST"" (60)）の閲覧・作成 / メール（更新登録申請のご案内(多区分)_弊所管理番号：M2008-055）の閲覧・作成"
2026/04/10 13:38,2026/04/10 13:38,0:05,サイボウズ（サイボウズ抽出ログ → MBOX変換ツール）での情報確認・処理
2026/04/10 13:38,2026/04/10 13:38,0:05,"メール（""TEST"" (59)）の閲覧・作成"
2026/04/10 13:38,2026/04/10 13:38,0:05,"Webサイト（Amazon | 本, ファッション, 家電から食品まで | アマゾン および他 1 ページ）の閲覧・調査"
2026/04/10 13:38,2026/04/10 13:38,0:05,"メール（""TEST"" (59)）の閲覧・作成"
2026/04/10 13:38,2026/04/10 13:38,0:05,"Webサイト（Amazon | 本, ファッション, 家電から食品まで | アマゾン および他 1 ページ）の閲覧・調査"
2026/04/10 13:38,2026/04/10 13:38,0:05,サイボウズ（cybozu_sent_migration - ローカルフォルダー - Mozilla Thunderbird）での情報確認・処理
2026/04/10 13:38,2026/04/10 13:38,0:05,"Webサイト（Amazon | 本, ファッション, 家電から食品まで | アマゾン および他 1 ページ）の閲覧・調査"
2026/04/10 13:39,2026/04/10 13:39,0:05,Antigravityを用いた「システム開発・改善」の開発・相談
2026/04/10 13:39,2026/04/10 13:39,0:05,サイボウズ（サイボウズOffice メールエクスポートツール）での情報確認・処理
2026/04/10 13:39,2026/04/10 13:39,0:05,Antigravityを用いた「システム開発・改善」の開発・相談
2026/04/10 13:39,2026/04/10 13:39,0:05,サイボウズ（サイボウズOffice メールエクスポートツール）での情報確認・処理
2026/04/10 13:39,2026/04/10 13:39,0:05,"Webサイト（Amazon | 本, ファッション, 家電から食品まで | アマゾン および他 1 ページ）の閲覧・調査"
2026/04/10 13:39,2026/04/10 13:39,0:05,サイボウズ（サイボウズOffice メールエクスポートツール）での情報確認・処理
2026/04/10 13:40,2026/04/10 13:40,0:05,"Webサイト（Amazon | 本, ファッション, 家電から食品まで | アマゾン および他 1 ページ）の閲覧・調査"
2026/04/10 13:40,2026/04/10 13:40,0:05,サイボウズ（サイボウズOffice メールエクスポートツール）での情報確認・処理
2026/04/10 13:40,2026/04/10 13:40,0:05,"Webサイト（Amazon | 本, ファッション, 家電から食品まで | アマゾン および他 1 ページ）の閲覧・調査"
2026/04/10 13:40,2026/04/10 13:40,0:05,サイボウズ（サイボウズOffice メールエクスポートツール）での情報確認・処理
2026/04/10 13:40,2026/04/10 13:40,0:05,Webサイト（20240222(木)_1633_： ＿伊藤健人＿_Fwd＿ Re＿ 弊社 ネット回線の契約について.txt - サクラエディタ32bit 2.4.2.6048）の閲覧・調査 / Webサイト（デスクトップ\...\20240222(木)_1633_： ＿伊藤健人＿_Fwd＿ Re＿ 弊社 ネット回線の契約について.txt - サクラエディタ32bit 2.4.2.6048）の...
2026/04/10 13:40,2026/04/10 13:40,0:05,Antigravityを用いた「システム開発・改善」の開発・相談
2026/04/10 13:40,2026/04/10 13:40,0:05,サイボウズ（サイボウズOffice メールエクスポートツール）での情報確認・処理
2026/04/10 13:40,2026/04/10 13:40,0:05,Webサイト（新規 Microsoft Word 文書.docx - Word）の閲覧・調査 / Webサイト（起動しています - Word）の閲覧・調査
2026/04/10 13:41,2026/04/10 13:41,0:05,サイボウズ（サイボウズOffice メールエクスポートツール）での情報確認・処理
2026/04/10 13:41,2026/04/10 13:41,0:05,Webサイト（新規 Microsoft Word 文書.docx - Word）の閲覧・調査
2026/04/10 13:41,2026/04/10 13:41,0:05,サイボウズ（サイボウズOffice メールエクスポートツール）での情報確認・処理
2026/04/10 13:41,2026/04/10 13:41,0:05,Webサイト（新規 Microsoft Word 文書.docx - Word）の閲覧・調査
2026/04/10 13:41,2026/04/10 13:41,0:05,サイボウズ（サイボウズOffice メールエクスポートツール）での情報確認・処理
2026/04/10 13:41,2026/04/10 13:41,0:05,Webサイト（新規 Microsoft Word 文書.docx - Word）の閲覧・調査
2026/04/10 13:41,2026/04/10 13:41,0:05,サイボウズ（サイボウズOffice メールエクスポートツール）での情報確認・処理
2026/04/10 13:41,2026/04/10 13:41,0:05,Webサイト（新規 Microsoft Word 文書.docx - Word）の閲覧・調査
2026/04/10 13:41,2026/04/10 13:41,0:05,サイボウズ（サイボウズOffice メールエクスポートツール）での情報確認・処理
2026/04/10 13:41,2026/04/10 13:41,0:05,Webサイト（新規 Microsoft Word 文書.docx - Word）の閲覧・調査
2026/04/10 13:41,2026/04/10 13:41,0:05,サイボウズ（サイボウズOffice メールエクスポートツール）での情報確認・処理
2026/04/10 13:42,2026/04/10 13:42,0:05,Webサイト（新規 Microsoft Word 文書.docx - Word）の閲覧・調査
2026/04/10 13:42,2026/04/10 13:42,0:05,サイボウズ（サイボウズOffice メールエクスポートツール）での情報確認・処理
2026/04/10 13:42,2026/04/10 13:42,0:05,"メール（""TEST"" (59)）の閲覧・作成"
2026/04/10 13:42,2026/04/10 13:43,0:05,Webサイト（BitLocker回復キー紛失時の対応 - Google Gemini）の閲覧・調査
2026/04/10 13:43,2026/04/10 13:43,0:05,サイボウズ（サイボウズOffice メールエクスポートツール）での情報確認・処理
2026/04/10 13:43,2026/04/10 13:43,0:05,Webサイト（新規 Microsoft Word 文書.docx - Word）の閲覧・調査
2026/04/10 13:43,2026/04/10 13:43,0:05,サイボウズ（サイボウズOffice メールエクスポートツール）での情報確認・処理
2026/04/10 13:43,2026/04/10 13:43,0:05,Webサイト（新規 Microsoft Word 文書.docx - Word）の閲覧・調査
2026/04/10 13:44,2026/04/10 13:44,0:05,サイボウズ（サイボウズOffice メールエクスポートツール）での情報確認・処理
2026/04/10 13:44,2026/04/10 13:44,0:05,Webサイト（新規 Microsoft Word 文書.docx - Word）の閲覧・調査
2026/04/10 13:44,2026/04/10 13:44,0:05,サイボウズ（サイボウズOffice メールエクスポートツール）での情報確認・処理
2026/04/10 13:44,2026/04/10 13:45,0:05,Webサイト（54% 完了）の閲覧・調査 / Webサイト（67% 完了）の閲覧・調査 / Webサイト（99% 完了）の閲覧・調査 / Webサイト（新規 Microsoft Word 文書.docx - Word）の閲覧・調査
2026/04/10 13:45,2026/04/10 13:45,0:05,サイボウズ（サイボウズOffice メールエクスポートツール）での情報確認・処理
2026/04/10 13:45,2026/04/10 13:45,0:05,Webサイト（フォルダーの選択）の閲覧・調査
2026/04/10 13:45,2026/04/10 13:45,0:05,サイボウズ（サイボウズOffice メールエクスポートツール）での情報確認・処理
2026/04/10 13:45,2026/04/10 13:45,0:05,Webサイト（フォルダーの選択）の閲覧・調査 / Webサイト（新規 Microsoft Word 文書.docx - Word）の閲覧・調査
2026/04/10 13:45,2026/04/10 13:45,0:05,サイボウズ（サイボウズOffice メールエクスポートツール）での情報確認・処理
2026/04/10 13:45,2026/04/10 13:46,0:05,Webサイト（20240222(木)_1633_： ＿伊藤健人＿_Fwd＿ Re＿ 弊社 ネット回線の契約について.txt - サクラエディタ32bit 2.4.2.6048）の閲覧・調査 / Webサイト（248 項目がリサイクルされました）の閲覧・調査 / Webサイト（83 項目がリサイクルされました）の閲覧・調査 / Webサイト（デスクトップ\...\20240222(木)_163...
2026/04/10 13:46,2026/04/10 13:46,0:05,サイボウズ（サイボウズOffice メールエクスポートツール）での情報確認・処理
2026/04/10 13:46,2026/04/10 13:46,0:05,Webサイト（新規 Microsoft Word 文書.docx - Word）の閲覧・調査
2026/04/10 13:46,2026/04/10 13:46,0:05,サイボウズ（サイボウズOffice メールエクスポートツール）での情報確認・処理
2026/04/10 13:46,2026/04/10 13:47,0:05,"Webサイト（data:, - プロファイル 1 - Microsoft? Edge）の閲覧・調査 / Webサイト（インフォメーション - プロファイル 1 - Microsoft? Edge）の閲覧・調査 / Webサイト（新規 Microsoft Word 文書.docx - Word）の閲覧・調査"
2026/04/10 13:47,2026/04/10 13:47,0:05,サイボウズ（トップページ - サイボウズ Office - プロファイル 1 - Microsoft? Edge）での情報確認・処理
2026/04/10 13:47,2026/04/10 13:47,0:05,Webサイト（新規 Microsoft Word 文書.docx - Word）の閲覧・調査
2026/04/10 13:47,2026/04/10 13:47,0:05,サイボウズ（トップページ - サイボウズ Office - プロファイル 1 - Microsoft? Edge）での情報確認・処理 / サイボウズ（メール - サイボウズ Office - プロファイル 1 - Microsoft? Edge）での情報確認・処理
2026/04/10 13:48,2026/04/10 13:48,0:05,Webサイト（新規 Microsoft Word 文書.docx - Word）の閲覧・調査
2026/04/10 13:48,2026/04/10 13:48,0:05,サイボウズ（サイボウズOffice メールエクスポートツール）での情報確認・処理 / サイボウズ（メール - サイボウズ Office - プロファイル 1 - Microsoft? Edge）での情報確認・処理
2026/04/10 13:48,2026/04/10 13:48,0:05,Webサイト（新規 Microsoft Word 文書.docx - Word）の閲覧・調査
2026/04/10 13:48,2026/04/10 13:49,0:05,サイボウズ（サイボウズOffice メールエクスポートツール）での情報確認・処理 / サイボウズ（メール - サイボウズ Office - プロファイル 1 - Microsoft? Edge）での情報確認・処理
2026/04/10 13:49,2026/04/10 13:49,0:05,Webサイト（新規 Microsoft Word 文書.docx - Word）の閲覧・調査
2026/04/10 13:49,2026/04/10 13:49,0:05,Antigravityを用いた「システム開発・改善」の開発・相談
2026/04/10 13:49,2026/04/10 13:49,0:05,サイボウズ（サイボウズOffice メールエクスポートツール）での情報確認・処理
2026/04/10 13:50,2026/04/10 13:50,0:05,Webサイト（フォルダーの選択）の閲覧・調査
2026/04/10 13:50,2026/04/10 13:50,0:05,サイボウズ（サイボウズOffice メールエクスポートツール）での情報確認・処理
2026/04/10 13:50,2026/04/10 13:50,0:05,Webサイト（フォルダーの選択）の閲覧・調査
2026/04/10 13:50,2026/04/10 13:50,0:05,サイボウズ（サイボウズOffice メールエクスポートツール）での情報確認・処理
2026/04/10 13:50,2026/04/10 13:50,0:05,"Webサイト（data:, - プロファイル 1 - Microsoft? Edge）の閲覧・調査 / Webサイト（インフォメーション - プロファイル 1 - Microsoft? Edge）の閲覧・調査"
2026/04/10 13:50,2026/04/10 13:51,0:05,サイボウズ（サイボウズOffice メールエクスポートツール）での情報確認・処理 / サイボウズ（トップページ - サイボウズ Office - プロファイル 1 - Microsoft? Edge）での情報確認・処理 / サイボウズ（メッセージの詳細 - サイボウズ Office - プロファイル 1 - Microsoft? Edge）での情報確認・処理 / サイボウズ（個人フォルダ -...
2026/04/10 13:51,2026/04/10 13:51,0:05,Antigravityを用いた「システム開発・改善」の開発・相談
2026/04/10 13:51,2026/04/10 13:51,0:05,サイボウズ（サイボウズOffice メールエクスポートツール）での情報確認・処理
2026/04/10 13:51,2026/04/10 13:51,0:05,Webサイト（フォルダーの選択）の閲覧・調査
2026/04/10 13:51,2026/04/10 13:51,0:05,サイボウズ（サイボウズOffice メールエクスポートツール）での情報確認・処理
2026/04/10 13:51,2026/04/10 13:52,0:05,"Webサイト（data:, - プロファイル 1 - Microsoft? Edge）の閲覧・調査 / Webサイト（インフォメーション - プロファイル 1 - Microsoft? Edge）の閲覧・調査"
2026/04/10 13:52,2026/04/10 13:52,0:05,サイボウズ（トップページ - サイボウズ Office - プロファイル 1 - Microsoft? Edge）での情報確認・処理 / サイボウズ（個人フォルダ - サイボウズ Office - プロファイル 1 - Microsoft? Edge）での情報確認・処理
2026/04/10 13:52,2026/04/10 13:52,0:05,Webサイト（新規 Microsoft Word 文書.docx - Word）の閲覧・調査
2026/04/10 13:52,2026/04/10 13:52,0:05,サイボウズ（個人フォルダ - サイボウズ Office - プロファイル 1 - Microsoft? Edge）での情報確認・処理
2026/04/10 13:52,2026/04/10 13:52,0:05,Webサイト（新規 Microsoft Word 文書.docx - Word）の閲覧・調査
2026/04/10 13:53,2026/04/10 13:53,0:05,サイボウズ（サイボウズOffice メールエクスポートツール）での情報確認・処理
2026/04/10 13:53,2026/04/10 13:54,0:05,Webサイト（BitLocker回復キー紛失時の対応 - Google Gemini）の閲覧・調査 / Webサイト（Google Gemini）の閲覧・調査
2026/04/10 13:55,2026/04/10 13:55,0:05,"メール（""TEST"" (59)）の閲覧・作成"
2026/04/10 13:55,2026/04/10 13:56,0:05,Webサイト（Chrome真っ白問題の調査と修正 - Google Gemini）の閲覧・調査 / Webサイト（Google Gemini）の閲覧・調査
2026/04/10 13:56,2026/04/10 13:56,0:05,サイボウズ（サイボウズOffice メールエクスポートツール）での情報確認・処理
2026/04/10 13:57,2026/04/10 13:57,0:05,"Webサイト（Amazon | 本, ファッション, 家電から食品まで | アマゾン および他 1 ページ）の閲覧・調査"
2026/04/10 13:58,2026/04/10 13:58,0:05,サイボウズ（forestway.cybozu.com および他 2 ページ）での情報確認・処理
2026/04/10 13:58,2026/04/10 13:58,0:05,Webサイト（インフォメーション および他 2 ページ）の閲覧・調査 / Webサイト（インフォメーション）の閲覧・調査
2026/04/10 13:58,2026/04/10 13:58,0:05,サイボウズ（トップページ - サイボウズ Office および他 2 ページ）での情報確認・処理 / サイボウズ（トップページ - サイボウズ Office）での情報確認・処理
2026/04/10 13:58,2026/04/10 13:58,0:05,"Webサイト（Amazon | 本, ファッション, 家電から食品まで | アマゾン および他 1 ページ）の閲覧・調査 / Webサイト（インフォメーション および他 2 ページ）の閲覧・調査 / Webサイト（インフォメーション）の閲覧・調査"
2026/04/10 13:58,2026/04/10 13:58,0:05,サイボウズ（forestway.cybozu.com/logout および他 2 ページ）での情報確認・処理 / サイボウズ（forestway.cybozu.com/logout）での情報確認・処理
2026/04/10 13:58,2026/04/10 13:58,0:05,Webサイト（インフォメーション および他 2 ページ）の閲覧・調査 / Webサイト（インフォメーション）の閲覧・調査
2026/04/10 13:58,2026/04/10 13:58,0:05,サイボウズ（forestway.cybozu.com/o/ag.cgi?page=MyFolderIndex および他 2 ページ）での情報確認・処理 / サイボウズ（トップページ - サイボウズ Office および他 2 ページ）での情報確認・処理 / サイボウズ（トップページ - サイボウズ Office）での情報確認・処理 / サイボウズ（メッセージの詳細 - サイボウズ Offic...
2026/04/10 13:58,2026/04/10 14:00,0:05,"Webサイト（Amazon | 本, ファッション, 家電から食品まで | アマゾン および他 1 ページ）の閲覧・調査 / Webサイト（accounts.google.com/v3/signin/accountchooser?continue=https%3A%2F%2Fsites.google.com%2Fforest.co.jp%2Ffrt-portal%2F%25E3%2583%2..."
2026/04/10 14:00,2026/04/10 14:00,0:05,サイボウズ（トップページ - サイボウズ Office および他 2 ページ）での情報確認・処理 / サイボウズ（トップページ - サイボウズ Office）での情報確認・処理 / サイボウズ（掲示の詳細 - サイボウズ Office および他 2 ページ）での情報確認・処理 / サイボウズ（掲示の詳細 - サイボウズ Office）での情報確認・処理
2026/04/10 14:00,2026/04/10 14:00,0:05,PDF資料（FRT組織図-20260401 (1).pdf および他 3 ページ）の確認 / PDF資料（FRT組織図-20260401 (1).pdf）の確認 / PDF資料（file:///C:/Users/026~1/AppData/Local/Temp/MicrosoftEdgeDownloads/599e572c-c44b-4b18-b3f7-64d98999c59b/FRT組織図...
2026/04/10 14:01,2026/04/10 14:05,0:05,Webサイト（文書 1 - Word）の閲覧・調査 / Webサイト（新規 Microsoft Word 文書.docx - Word）の閲覧・調査
2026/04/10 14:05,2026/04/10 14:06,0:05,Excelファイル（新規タスク記録表.xlsx）の入力・編集 / Excelファイル（社内便送り状（注意書き）.xlsx ）の入力・編集 / PDF資料（FRT組織図-20260401 (1).pdf および他 3 ページ）の確認
2026/04/10 14:06,2026/04/10 14:13,0:06,Webサイト（20250210_社内便送り状.docx  -  保護ビュー - Word）の閲覧・調査 / Webサイト（20250210_社内便送り状.docx - Word）の閲覧・調査 / Webサイト（新規 Microsoft Word 文書.docx - Word）の閲覧・調査 / Webサイト（起動しています - Word）の閲覧・調査 / Webサイト（起動しています - 新規...
2026/04/10 14:13,2026/04/10 14:13,0:05,サイボウズ（サイボウズOffice メールエクスポートツール）での情報確認・処理 / サイボウズ（個人フォルダ - サイボウズ Office - プロファイル 1 - Microsoft? Edge）での情報確認・処理
2026/04/10 14:13,2026/04/10 14:13,0:05,Webサイト（新規 Microsoft Word 文書.docx - Word）の閲覧・調査
2026/04/10 14:13,2026/04/10 14:13,0:05,サイボウズ（サイボウズOffice メールエクスポートツール）での情報確認・処理
2026/04/10 14:13,2026/04/10 14:13,0:05,Webサイト（新規 Microsoft Word 文書.docx - Word）の閲覧・調査
2026/04/10 14:13,2026/04/10 14:13,0:05,サイボウズ（個人フォルダ - サイボウズ Office - プロファイル 1 - Microsoft? Edge）での情報確認・処理
2026/04/10 14:13,2026/04/10 14:14,0:05,Webサイト（デスクトップ\...\20220426(火)_1017_境秀行_基幹端末のBIOSパスワード.txt - サクラエディタ32bit 2.4.2.6048）の閲覧・調査 / Webサイト（新規 Microsoft Word 文書.docx - Word）の閲覧・調査
2026/04/10 14:14,2026/04/10 14:14,0:05,PDF資料（FRT組織図-20260401 (1).pdf および他 3 ページ）の確認
2026/04/10 14:14,2026/04/10 14:14,0:05,サイボウズ（掲示の詳細 - サイボウズ Office および他 3 ページ）での情報確認・処理
2026/04/10 14:14,2026/04/10 14:14,0:05,"Webサイト（Amazon | 本, ファッション, 家電から食品まで | アマゾン および他 3 ページ）の閲覧・調査 / Webサイト（インフォメーション および他 4 ページ）の閲覧・調査 / Webサイト（インフォメーション）の閲覧・調査"
2026/04/10 14:14,2026/04/10 14:15,0:05,サイボウズ（トップページ - サイボウズ Office および他 4 ページ）での情報確認・処理 / サイボウズ（トップページ - サイボウズ Office）での情報確認・処理 / サイボウズ（個人フォルダ - サイボウズ Office および他 4 ページ）での情報確認・処理 / サイボウズ（個人フォルダ - サイボウズ Office）での情報確認・処理
2026/04/10 14:15,2026/04/10 14:15,0:05,Webサイト（20220426(火)_1017_境秀行_基幹端末のBIOSパスワード.txt - サクラエディタ32bit 2.4.2.6048）の閲覧・調査 / Webサイト（デスクトップ\...\20220426(火)_1017_境秀行_基幹端末のBIOSパスワード.txt - サクラエディタ32bit 2.4.2.6048）の閲覧・調査
2026/04/10 14:15,2026/04/10 14:15,0:05,サイボウズ（個人フォルダ - サイボウズ Office および他 4 ページ）での情報確認・処理
2026/04/10 14:15,2026/04/10 14:17,0:05,Webサイト（Google Chrome のジャンプ リスト）の閲覧・調査 / Webサイト（Loading...）の閲覧・調査 / Webサイト（「Adobe Acrobat : PDF の編集、変換、署名ツール」が追加されました）の閲覧・調査 / Webサイト（「Microsoft Bing ホームページ & 検索エンジン」が追加されました）の閲覧・調査 / Webサイト（「Micros...
2026/04/10 14:17,2026/04/10 14:17,0:05,PDF資料（Acrobat-for-Chrome.pdf）の確認
2026/04/10 14:17,2026/04/10 14:18,0:05,Webサイト（20260403(金)_1558_田中史一_CS改善プロジェクト会議について.md - サクラエディタ32bit 2.4.2.6048）の閲覧・調査 / Webサイト（20260403(金)_1558_田中史一_CS改善プロジェクト会議について.txt - サクラエディタ32bit 2.4.2.6048）の閲覧・調査 / Webサイト（CS Improvement Projec...
2026/04/10 14:19,2026/04/10 14:19,0:05,サイボウズ（個人フォルダ - サイボウズ Office および他 4 ページ）での情報確認・処理
2026/04/10 14:19,2026/04/10 14:19,0:05,Webサイト（新規 Microsoft Word 文書.docx - Word）の閲覧・調査
2026/04/10 14:19,2026/04/10 14:19,0:05,Excelファイル（新規タスク記録表.xlsx）の入力・編集
2026/04/10 14:19,2026/04/10 14:19,0:05,Webサイト（新規 Microsoft Word 文書.docx - Word）の閲覧・調査
2026/04/10 14:20,2026/04/10 14:20,0:05,サイボウズ（デスクトップ\TESTCybozu\個人フォルダ - サイボウズ Office_2022年04月.txt - サクラエディタ32bit 2.4.2.6048）での情報確認・処理 / サイボウズ（デスクトップ\TESTCybozu\個人フォルダ - サイボウズ Office_2026年04月.txt - サクラエディタ32bit 2.4.2.6048）での情報確認・処理
2026/04/10 14:20,2026/04/10 14:21,0:05,Webサイト（20260403(金)_1558_田中史一_CS改善プロジェクト会議について.txt - サクラエディタ32bit 2.4.2.6048）の閲覧・調査 / Webサイト（デスクトップ\...\20260403(金)_1558_田中史一_CS改善プロジェクト会議について.txt - サクラエディタ32bit 2.4.2.6048）の閲覧・調査 / Webサイト（新規 Micros...
2026/04/10 14:26,2026/04/10 14:26,0:05,サイボウズ（トップページ - サイボウズ Office および他 4 ページ）での情報確認・処理 / サイボウズ（トップページ - サイボウズ Office）での情報確認・処理 / サイボウズ（個人フォルダ - サイボウズ Office および他 4 ページ）での情報確認・処理
2026/04/10 14:26,2026/04/10 14:26,0:05,Webサイト（新規 Microsoft Word 文書.docx - Word）の閲覧・調査
2026/04/10 14:29,2026/04/10 14:29,0:05,サイボウズ（サイボウズOffice メールエクスポートツール）での情報確認・処理
2026/04/10 14:29,2026/04/10 14:58,0:28,Webサイト（デスクトップ\...\20260403(金)_1558_田中史一_CS改善プロジェクト会議について.txt - サクラエディタ32bit 2.4.2.6048）の閲覧・調査 / Webサイト（フォルダーの選択）の閲覧・調査 / Webサイト（新規 Microsoft Word 文書.docx - Word）の閲覧・調査
2026/04/10 14:58,2026/04/10 14:58,0:05,サイボウズ（トップページ - サイボウズ Office および他 4 ページ）での情報確認・処理
2026/04/10 15:03,2026/04/10 15:04,0:05,Webサイト（印刷結果を名前を付けて保存）の閲覧・調査 / Webサイト（新規 Microsoft Word 文書.docx - Word）の閲覧・調査
2026/04/10 15:06,2026/04/10 15:06,0:05,サイボウズ（cybozu_sent_migration - ローカルフォルダー - Mozilla Thunderbird）での情報確認・処理
2026/04/10 15:07,2026/04/10 15:07,0:05,Webサイト（印刷結果を名前を付けて保存）の閲覧・調査 / Webサイト（新規 Microsoft Word 文書.docx - Word）の閲覧・調査
2026/04/10 15:07,2026/04/10 15:07,0:05,サイボウズ（トップページ - サイボウズ Office および他 4 ページ）での情報確認・処理
2026/04/10 15:07,2026/04/10 15:07,0:05,Webサイト（フォルダーの選択）の閲覧・調査
2026/04/10 15:07,2026/04/10 15:07,0:05,サイボウズ（サイボウズOffice メールエクスポートツール）での情報確認・処理 / サイボウズ（トップページ - サイボウズ Office および他 4 ページ）での情報確認・処理
2026/04/10 15:08,2026/04/10 15:08,0:05,Webサイト（リモート アクセス - Chrome リモート デスクトップ）の閲覧・調査
2026/04/10 15:08,2026/04/10 15:09,0:05,PDF資料（①2025年度_下期_人事評価(概要).pdf）の確認 / PDF資料（サイボウズ社内メール抽出ツール説明.pdf）の確認
2026/04/10 15:13,2026/04/10 15:13,0:05,Webサイト（Adobe Acrobat）の閲覧・調査
2026/04/10 15:13,2026/04/10 15:13,0:05,PDF資料（サイボウズ社内メール抽出ツール説明.pdf）の確認
2026/04/10 15:13,2026/04/10 15:13,0:05,Webサイト（Adobe Acrobat Reader (32-bit)）の閲覧・調査 / Webサイト（新規 Microsoft Word 文書.docx - Word）の閲覧・調査
2026/04/10 15:14,2026/04/10 15:14,0:05,サイボウズ（サイボウズ社内メール抽出ツール説明.docx - Word）での情報確認・処理
2026/04/10 15:14,2026/04/10 15:14,0:05,Antigravityを用いた「システム開発・改善」の開発・相談
2026/04/10 15:15,2026/04/10 15:15,0:05,サイボウズ（サイボウズOffice メールエクスポートツール）での情報確認・処理
2026/04/10 15:15,2026/04/10 15:15,0:05,Webサイト（フォルダーの選択）の閲覧・調査
2026/04/10 15:15,2026/04/10 15:15,0:05,サイボウズ（サイボウズOffice メールエクスポートツール）での情報確認・処理
2026/04/10 15:15,2026/04/10 15:16,0:05,"Webサイト（data:, - プロファイル 1 - Microsoft? Edge）の閲覧・調査 / Webサイト（インフォメーション - プロファイル 1 - Microsoft? Edge）の閲覧・調査"
2026/04/10 15:16,2026/04/10 15:16,0:05,サイボウズ（サイボウズOffice メールエクスポートツール）での情報確認・処理 / サイボウズ（トップページ - サイボウズ Office - プロファイル 1 - Microsoft? Edge）での情報確認・処理 / サイボウズ（個人フォルダ - サイボウズ Office - プロファイル 1 - Microsoft? Edge）での情報確認・処理
2026/04/10 15:19,2026/04/10 15:19,0:05,Antigravityを用いた「システム開発・改善」の開発・相談
2026/04/10 15:19,2026/04/10 15:21,0:05,サイボウズ（forestway.cybozu.com/o/ag.cgi?page=MyFolderIndex および他 4 ページ）での情報確認・処理 / サイボウズ（forestway.cybozu.com/o/ag.cgi?page=MyFolderIndex&FID=11360 および他 4 ページ）での情報確認・処理 / サイボウズ（forestway.cybozu.com/o/ag...
2026/04/10 15:21,2026/04/10 15:22,0:05,Antigravityを用いた「システム開発・改善」の開発・相談
2026/04/10 15:22,2026/04/10 15:24,0:05,サイボウズ（forestway.cybozu.com/o/ag.cgi?page=MyFolderMessageView&mDBID=1&mEID=74183&mDID=274165&cp=ml&sp=&tp= および他 4 ページ）での情報確認・処理 / サイボウズ（forestway.cybozu.com/o/ag.cgi?page=MyFolderMessageView&mDBID=9...
2026/04/10 15:25,2026/04/10 15:25,0:05,Webサイト（20260403(金)_1558_田中史一_CS改善プロジェクト会議について.md - サクラエディタ32bit 2.4.2.6048）の閲覧・調査 / Webサイト（デスクトップ\...\20260403(金)_1558_田中史一_CS改善プロジェクト会議について.md - サクラエディタ32bit 2.4.2.6048）の閲覧・調査
2026/04/10 15:25,2026/04/10 15:26,0:05,サイボウズ（個人フォルダ - サイボウズ Office および他 4 ページ）での情報確認・処理 / サイボウズ（個人フォルダ - サイボウズ Office）での情報確認・処理
2026/04/10 15:28,2026/04/10 15:29,0:05,Webサイト（CS Improvement Project Meeting Coordination - NotebookLM）の閲覧・調査 / Webサイト（Google Gemini）の閲覧・調査 / Webサイト（Windows PowerShell）の閲覧・調査 / Webサイト（gemini.google.com/u/0/?utm_source=app_launcher&utm_m...
2026/04/10 15:30,2026/04/10 15:30,0:05,サイボウズ（個人フォルダ - サイボウズ Office および他 4 ページ）での情報確認・処理
2026/04/10 15:30,2026/04/10 15:33,0:05,Webサイト（Windows PowerShell）の閲覧・調査 / Webサイト（フォルダ内ファイル名一覧取得コマンド - Google Gemini）の閲覧・調査
2026/04/10 15:35,2026/04/10 15:37,0:05,サイボウズ（cybozu_sent_migration - ローカルフォルダー - Mozilla Thunderbird）での情報確認・処理 / サイボウズ（メッセージの詳細 - サイボウズ Office および他 4 ページ）での情報確認・処理 / サイボウズ（メッセージの詳細 - サイボウズ Office）での情報確認・処理 / サイボウズ（個人フォルダ - サイボウズ Office ...
2026/04/10 15:37,2026/04/10 15:37,0:05,Webサイト（フォルダ内ファイル名一覧取得コマンド - Google Gemini）の閲覧・調査
2026/04/10 15:38,2026/04/10 15:41,0:05,サイボウズ（メッセージの詳細 - サイボウズ Office および他 4 ページ）での情報確認・処理 / サイボウズ（メッセージの詳細 - サイボウズ Office）での情報確認・処理 / サイボウズ（個人フォルダ - サイボウズ Office および他 4 ページ）での情報確認・処理 / サイボウズ（個人フォルダ - サイボウズ Office）での情報確認・処理 / サイボウズ（個人フォル...
2026/04/10 15:47,2026/04/10 15:51,0:05,Webサイト（インターネット プロトコル バージョン 4 (TCP/IPv4)のプロパティ）の閲覧・調査 / Webサイト（イーサネット 2のプロパティ）の閲覧・調査 / Webサイト（イーサネット 2の状態）の閲覧・調査 / Webサイト（コマンド プロンプト - ipconfig）の閲覧・調査 / Webサイト（コマンド プロンプト）の閲覧・調査 / Webサイト（コントロール パネル\...
2026/04/10 15:54,2026/04/10 15:54,0:05,Antigravityを用いた「システム開発・改善」の開発・相談
2026/04/10 15:59,2026/04/10 15:59,0:05,サイボウズ（個人フォルダの詳細検索 - サイボウズ Office および他 4 ページ）での情報確認・処理
2026/04/10 15:59,2026/04/10 15:59,0:05,Antigravityを用いた「システム開発・改善」の開発・相談
2026/04/10 15:59,2026/04/10 15:59,0:05,サイボウズ（cybozu_sent_migration - ローカルフォルダー - Mozilla Thunderbird）での情報確認・処理
2026/04/10 15:59,2026/04/10 15:59,0:05,Antigravityを用いた「システム開発・改善」の開発・相談
2026/04/10 15:59,2026/04/10 15:59,0:05,Webサイト（コントロール パネル\すべてのコントロール パネル項目\ネットワークと共有センター）の閲覧・調査
2026/04/10 15:59,2026/04/10 15:59,0:05,Antigravityを用いた「システム開発・改善」の開発・相談
2026/04/10 15:59,2026/04/10 15:59,0:05,Webサイト（サクラエディタ32bit）の閲覧・調査
2026/04/10 15:59,2026/04/10 15:59,0:05,Antigravityを用いた「システム開発・改善」の開発・相談
2026/04/10 15:59,2026/04/10 15:59,0:05,Webサイト（フォルダ内ファイル名一覧取得コマンド - Google Gemini）の閲覧・調査
2026/04/10 15:59,2026/04/10 16:05,0:05,Antigravityを用いた「システム開発・改善」の開発・相談 / プログラム（Fix pagination bypass bug in internal email exporter）の開発・修正
2026/04/10 16:06,2026/04/10 16:06,0:05,Webサイト（フォルダ内ファイル名一覧取得コマンド - Google Gemini）の閲覧・調査
2026/04/10 16:06,2026/04/10 16:06,0:05,Antigravityを用いた「システム開発・改善」の開発・相談
2026/04/10 16:06,2026/04/10 16:06,0:05,Webサイト（Windows PowerShell）の閲覧・調査
2026/04/10 16:06,2026/04/10 16:06,0:05,Antigravityを用いた「システム開発・改善」の開発・相談
2026/04/10 16:06,2026/04/10 16:06,0:05,Webサイト（20260403(金)_1558_田中史一_CS改善プロジェクト会議について.md - サクラエディタ32bit 2.4.2.6048）の閲覧・調査 / Webサイト（デスクトップ\...\20260403(金)_1558_田中史一_CS改善プロジェクト会議について.md - サクラエディタ32bit 2.4.2.6048）の閲覧・調査
2026/04/10 16:06,2026/04/10 16:06,0:05,Antigravityを用いた「システム開発・改善」の開発・相談
2026/04/10 16:06,2026/04/10 16:06,0:05,Webサイト（リモート アクセス - Chrome リモート デスクトップ）の閲覧・調査
2026/04/10 16:06,2026/04/10 16:06,0:05,Antigravityを用いた「システム開発・改善」の開発・相談
2026/04/10 16:06,2026/04/10 16:06,0:05,サイボウズ（個人フォルダの詳細検索 - サイボウズ Office および他 4 ページ）での情報確認・処理
2026/04/10 16:06,2026/04/10 16:06,0:05,Webサイト（ショートカット エラー）の閲覧・調査
2026/04/10 16:06,2026/04/10 16:07,0:05,Webサイト（ショートカット エラー）の閲覧・調査 / Webサイト（フォルダ内ファイル名一覧取得コマンド - Google Gemini）の閲覧・調査 / スタート
2026/04/10 16:07,2026/04/10 16:07,0:05,Excelファイル（新規タスク記録表.xlsx）の入力・編集
2026/04/10 16:07,2026/04/10 16:09,0:05,Webサイト（Google Chrome）の閲覧・調査 / Webサイト（HP 830G8　HDMI　タイプCを外すと画面が移ったままフリーズする。これは何？ - Comet）の閲覧・調査 / Webサイト（SQL.XLS - Excel）の閲覧・調査 / Webサイト（コピーテーブル・フィールド一覧.xls  -  読み取り専用  -  互換モード - Excel）の閲覧・調査 / Web...
2026/04/10 16:09,2026/04/10 16:09,0:05,サイボウズ（個人フォルダの詳細検索 - サイボウズ Office および他 4 ページ）での情報確認・処理
2026/04/10 16:10,2026/04/10 16:10,0:05,Webサイト（antigravity - Google 検索）の閲覧・調査 / Webサイト（google.com/search?q=antigravity&oq=Anti&gs_lcrp=EgZjaHJvbWUqCggAEAAYsQMYgAQyCggAEAAYsQMYgAQyBggBEEUYOTIHCAIQABiABDIKCAMQABixAxiABDIKCAQQABixAxiABDIHCA...
2026/04/10 16:10,2026/04/10 16:10,0:05,サイボウズ（個人フォルダの詳細検索 - サイボウズ Office）での情報確認・処理
2026/04/10 16:10,2026/04/10 16:10,0:05,Antigravityを用いた「システム開発・改善」の開発・相談
2026/04/10 16:10,2026/04/10 16:10,0:05,サイボウズ（個人フォルダの詳細検索 - サイボウズ Office）での情報確認・処理
2026/04/10 16:10,2026/04/10 16:10,0:05,"Webサイト（Amazon | 本, ファッション, 家電から食品まで | アマゾン）の閲覧・調査"
2026/04/10 16:10,2026/04/10 16:10,0:05,サイボウズ（掲示の詳細 - サイボウズ Office）での情報確認・処理
2026/04/10 16:10,2026/04/10 16:10,0:05,PDF資料（file:///C:/Users/026~1/AppData/Local/Temp/MicrosoftEdgeDownloads/599e572c-c44b-4b18-b3f7-64d98999c59b/FRT組織図-20260401%20(1).pdf）の確認
2026/04/10 16:10,2026/04/10 16:10,0:05,Antigravityを用いた「システム開発・改善」の開発・相談
2026/04/10 16:10,2026/04/10 16:10,0:05,"Webサイト（Amazon | 本, ファッション, 家電から食品まで | アマゾン）の閲覧・調査 / Webサイト（最近のダウンロード履歴）の閲覧・調査"
2026/04/10 16:10,2026/04/10 16:10,0:05,Antigravityを用いた「システム開発・改善」の開発・相談
2026/04/10 16:11,2026/04/10 16:11,0:05,Webサイト（CS Improvement Project Meeting Coordination - NotebookLM）の閲覧・調査 / Webサイト（フォルダ内ファイル名一覧取得コマンド - Google Gemini）の閲覧・調査 / Webサイト（最近のダウンロード履歴）の閲覧・調査
2026/04/10 16:11,2026/04/10 16:11,0:05,Antigravityを用いた「システム開発・改善」の開発・相談
2026/04/10 16:11,2026/04/10 16:11,0:05,Webサイト（MSN および他 1 ページ）の閲覧・調査 / Webサイト（「警告灯で停車」キャリアカーが炎上 福岡 | Watch および他 1 ページ）の閲覧・調査 / Webサイト（「警告灯で停車」キャリアカーが炎上 福岡 | Watch）の閲覧・調査
2026/04/10 16:11,2026/04/10 16:11,0:05,Antigravityを用いた「システム開発・改善」の開発・相談
2026/04/10 16:11,2026/04/10 16:11,0:05,Webサイト（「警告灯で停車」キャリアカーが炎上 福岡 | Watch および他 1 ページ）の閲覧・調査
2026/04/10 16:11,2026/04/10 16:11,0:05,Antigravityを用いた「システム開発・改善」の開発・相談
2026/04/10 16:12,2026/04/10 16:12,0:05,Webサイト（「警告灯で停車」キャリアカーが炎上 福岡 | Watch および他 1 ページ）の閲覧・調査
2026/04/10 16:12,2026/04/10 16:12,0:05,Antigravityを用いた「システム開発・改善」の開発・相談
2026/04/10 16:12,2026/04/10 16:12,0:05,Webサイト（「警告灯で停車」キャリアカーが炎上 福岡 | Watch および他 1 ページ）の閲覧・調査
2026/04/10 16:13,2026/04/10 16:13,0:05,Antigravityを用いた「システム開発・改善」の開発・相談
2026/04/10 16:13,2026/04/10 16:13,0:05,Webサイト（Google Chrome のジャンプ リスト）の閲覧・調査 / Webサイト（Windows シェル エクスペリエンス ホスト）の閲覧・調査
2026/04/10 16:14,2026/04/10 16:14,0:05,PDF資料（Acrobat-for-Chrome.pdf）の確認
2026/04/10 16:14,2026/04/10 16:14,0:05,Webサイト（bing.com/?pc=HI4C）の閲覧・調査 / Webサイト（検索 - Microsoft Bing）の閲覧・調査
2026/04/10 16:14,2026/04/10 16:14,0:05,PDF資料（chrome-extension://efaidnbmnnnibpcajpcglclefindmkaj/https://acrobat.adobe.com/dc-chrome-extension/mv/ja/Acrobat-for-Chrome.pdf）の確認
2026/04/10 16:14,2026/04/10 16:14,0:05,Webサイト（Loading...）の閲覧・調査 / Webサイト（検索 - Microsoft Bing）の閲覧・調査
2026/04/10 16:14,2026/04/10 16:14,0:05,PDF資料（Acrobat-for-Chrome.pdf）の確認
2026/04/10 16:14,2026/04/10 16:21,0:07,Webサイト（AI搭載Chrome - Google 検索）の閲覧・調査 / Webサイト（AI活用のニュース・記事一覧 | ライフハッカー・ジャパン）の閲覧・調査 / Webサイト（Chrome で Gemini を使用する - コンピューター - Gemini アプリ ヘルプ）の閲覧・調査 / Webサイト（Chrome の AI ?|? AI on Chrome ?|? Chrome ...
2026/04/10 16:21,2026/04/10 16:22,0:05,Antigravityを用いた「システム開発・改善」の開発・相談 / 翻訳済み
2026/04/10 16:22,2026/04/10 16:22,0:05,Webサイト（Chrome で Gemini を使用する - コンピューター - Gemini アプリ ヘルプ）の閲覧・調査
2026/04/10 16:22,2026/04/10 16:22,0:05,Antigravityを用いた「システム開発・改善」の開発・相談
2026/04/10 16:24,2026/04/10 16:24,0:05,Webサイト（Chrome で Gemini を使用する - コンピューター - Gemini アプリ ヘルプ）の閲覧・調査
2026/04/10 16:25,2026/04/10 16:25,0:05,Antigravityを用いた「システム開発・改善」の開発・相談
2026/04/10 16:26,2026/04/10 16:26,0:05,サイボウズ（サイボウズOffice メールエクスポートツール）での情報確認・処理
2026/04/10 16:26,2026/04/10 16:26,0:05,Webサイト（フォルダーの選択）の閲覧・調査
2026/04/10 16:26,2026/04/10 16:27,0:05,サイボウズ（サイボウズOffice メールエクスポートツール）での情報確認・処理
2026/04/10 16:27,2026/04/10 16:29,0:05,Antigravityを用いた「システム開発・改善」の開発・相談
2026/04/10 16:29,2026/04/10 16:29,0:05,Webサイト（英語 のページを翻訳しますか?）の閲覧・調査
2026/04/10 16:29,2026/04/10 16:34,0:05,Antigravityを用いた「システム開発・改善」の開発・相談
2026/04/10 16:35,2026/04/10 16:35,0:05,サイボウズ（サイボウズOffice メールエクスポートツール）での情報確認・処理
2026/04/10 16:35,2026/04/10 16:35,0:05,Webサイト（フォルダーの選択）の閲覧・調査
2026/04/10 16:35,2026/04/10 16:35,0:05,サイボウズ（サイボウズOffice メールエクスポートツール）での情報確認・処理
2026/04/10 16:35,2026/04/10 16:35,0:05,"Webサイト（data:, - プロファイル 1 - Microsoft? Edge）の閲覧・調査 / Webサイト（インフォメーション - プロファイル 1 - Microsoft? Edge）の閲覧・調査"
2026/04/10 16:35,2026/04/10 16:36,0:05,サイボウズ（サイボウズOffice メールエクスポートツール）での情報確認・処理 / サイボウズ（トップページ - サイボウズ Office - プロファイル 1 - Microsoft? Edge）での情報確認・処理 / サイボウズ（メッセージの詳細 - サイボウズ Office - プロファイル 1 - Microsoft? Edge）での情報確認・処理 / サイボウズ（個人フォルダ -...
2026/04/10 16:36,2026/04/10 16:36,0:05,Antigravityを用いた「システム開発・改善」の開発・相談
2026/04/10 16:37,2026/04/10 16:37,0:05,サイボウズ（サイボウズOffice メールエクスポートツール）での情報確認・処理
2026/04/10 16:37,2026/04/10 16:37,0:05,Webサイト（フォルダーの選択）の閲覧・調査
2026/04/10 16:37,2026/04/10 16:37,0:05,サイボウズ（サイボウズOffice メールエクスポートツール）での情報確認・処理
2026/04/10 16:37,2026/04/10 16:37,0:05,"Webサイト（data:, - プロファイル 1 - Microsoft? Edge）の閲覧・調査 / Webサイト（インフォメーション - プロファイル 1 - Microsoft? Edge）の閲覧・調査"
2026/04/10 16:37,2026/04/10 16:40,0:05,サイボウズ（サイボウズOffice メールエクスポートツール）での情報確認・処理 / サイボウズ（トップページ - サイボウズ Office - プロファイル 1 - Microsoft? Edge）での情報確認・処理 / サイボウズ（個人フォルダ - サイボウズ Office - プロファイル 1 - Microsoft? Edge）での情報確認・処理
2026/04/10 16:41,2026/04/10 16:41,0:05,Antigravityを用いた「システム開発・改善」の開発・相談
2026/04/10 16:41,2026/04/10 16:41,0:05,Webサイト（Chrome で Gemini を使用する - コンピューター - Gemini アプリ ヘルプ）の閲覧・調査
2026/04/10 16:41,2026/04/10 16:41,0:05,サイボウズ（個人フォルダ - サイボウズ Office - プロファイル 1 - Microsoft? Edge）での情報確認・処理
2026/04/10 16:41,2026/04/10 16:41,0:05,Webサイト（Chrome で Gemini を使用する - コンピューター - Gemini アプリ ヘルプ）の閲覧・調査
2026/04/10 16:42,2026/04/10 16:43,0:05,Antigravityを用いた「システム開発・改善」の開発・相談
2026/04/10 16:48,2026/04/10 16:53,0:05,サイボウズ（forestway.cybozu.com/o/ag.cgi?page=MyFolderIndex および他 4 ページ）での情報確認・処理 / サイボウズ（forestway.cybozu.com/o/ag.cgi?page=MyFolderIndex&FID=inbox および他 4 ページ）での情報確認・処理 / サイボウズ（サイボウズOffice メールエクスポートツール）...
2026/04/10 16:53,2026/04/10 16:55,0:05,Antigravityを用いた「システム開発・改善」の開発・相談
2026/04/10 16:55,2026/04/10 16:55,0:05,サイボウズ（メッセージの送信 - サイボウズ Office および他 4 ページ）での情報確認・処理
2026/04/10 16:55,2026/04/10 16:58,0:05,Antigravityを用いた「システム開発・改善」の開発・相談
2026/04/10 16:59,2026/04/10 16:59,0:05,Webサイト（開いているファイル - セキュリティの警告）の閲覧・調査
2026/04/10 16:59,2026/04/10 16:59,0:05,Antigravityを用いた「システム開発・改善」の開発・相談 / プログラム（feat: ビルド用バッチファイルの追加とプロジェクトディレクトリの整理）の開発・修正
2026/04/10 16:59,2026/04/10 16:59,0:05,Webサイト（Settings）の閲覧・調査
2026/04/10 16:59,2026/04/10 16:59,0:05,Antigravityを用いた「システム開発・改善」の開発・相談
2026/04/10 17:00,2026/04/10 17:00,0:05,Webサイト（Google One のプラン および他 5 ページ）の閲覧・調査 / Webサイト（Google One のプラン）の閲覧・調査 / Webサイト（Google アカウント および他 6 ページ）の閲覧・調査 / Webサイト（Google アカウント）の閲覧・調査 / Webサイト（myaccount.google.com/?utm_source=OGB&utm_mediu...
2026/04/10 17:00,2026/04/10 17:00,0:05,Webサイト（Google アカウント および他 6 ページ）の閲覧・調査 / Webサイト（Google アカウント）の閲覧・調査 / Webサイト（ウォレットと定期購入 および他 6 ページ）の閲覧・調査 / Webサイト（ウォレットと定期購入）の閲覧・調査 / Webサイト（定期購入 および他 6 ページ）の閲覧・調査 / 定期購入
2026/04/10 17:01,2026/04/10 17:01,0:05,Antigravityを用いた「システム開発・改善」の開発・相談
2026/04/10 17:01,2026/04/10 17:02,0:05,Webサイト（Google Gemini）の閲覧・調査 / Webサイト（フォルダ内ファイル名一覧取得コマンド - Google Gemini）の閲覧・調査 / Webサイト（利用制限通知とプランアップグレード - Google Gemini）の閲覧・調査
2026/04/10 17:02,2026/04/10 17:02,0:05,Antigravityを用いた「システム開発・改善」の開発・相談
2026/04/10 17:03,2026/04/10 17:03,0:05,Webサイト（Google アカウント および他 6 ページ）の閲覧・調査
2026/04/10 17:03,2026/04/10 17:04,0:05,Antigravityを用いた「システム開発・改善」の開発・相談
2026/04/10 17:04,2026/04/10 17:04,0:05,サイボウズ（サイボウズOffice メールエクスポートツール）での情報確認・処理
2026/04/10 17:04,2026/04/10 17:14,0:09,Antigravityを用いた「システム開発・改善」の開発・相談
2026/04/10 17:14,2026/04/10 17:14,0:05,Webサイト（Google One のプラン および他 5 ページ）の閲覧・調査 / Webサイト（Google アカウント および他 6 ページ）の閲覧・調査
2026/04/10 17:14,2026/04/10 17:14,0:05,PDF資料（file:///C:/Users/026~1/AppData/Local/Temp/MicrosoftEdgeDownloads/599e572c-c44b-4b18-b3f7-64d98999c59b/FRT組織図-20260401%20(1).pdf および他 4 ページ）の確認
2026/04/10 17:14,2026/04/10 17:14,0:05,サイボウズ（掲示の詳細 - サイボウズ Office および他 4 ページ）での情報確認・処理
2026/04/10 17:14,2026/04/10 17:14,0:05,PDF資料（file:///C:/Users/026~1/AppData/Local/Temp/MicrosoftEdgeDownloads/599e572c-c44b-4b18-b3f7-64d98999c59b/FRT組織図-20260401%20(1).pdf および他 3 ページ）の確認
2026/04/10 17:14,2026/04/10 17:18,0:05,サイボウズ（forestway.cybozu.com/o/ag.cgi?page=MyFolderIndex&fid= および他 3 ページ）での情報確認・処理 / サイボウズ（forestway.cybozu.com/o/ag.cgi?page=MyFolderMessageView&mDBID=5&mEID=66533&mDID=257398&cp=ml&sp=&tp= および他 3 ペ...
2026/04/10 17:18,2026/04/10 17:18,0:05,Webサイト（利用制限通知とプランアップグレード - Google Gemini）の閲覧・調査
2026/04/10 17:18,2026/04/10 17:19,0:05,"メール（""TEST"" (59)）の閲覧・作成 / メール（Mozilla Thunderbird）の閲覧・作成 / メール（フォーレスト株式会社 メール）の閲覧・作成 / メール（ホーム）の閲覧・作成 / メール（受信トレイ (10,890)）の閲覧・作成"
2026/04/10 17:19,2026/04/10 17:19,0:05,サイボウズ（cybozu_sent_migration - ローカルフォルダー - Mozilla Thunderbird）での情報確認・処理
2026/04/10 17:19,2026/04/10 17:20,0:05,"メール（""TEST"" (58)）の閲覧・作成 / メール（""TEST"" (59)）の閲覧・作成 / メール（TEST）の閲覧・作成 / メール（新規商標登録の件【再送／訂正】）の閲覧・作成 / メール（石丸電気ロゴ）の閲覧・作成"
2026/04/10 17:20,2026/04/10 17:20,0:05,サイボウズ（デスクトップ\...\Eメール_メール - サイボウズ Office_個別(オリジナル)\20200702(木)_1530_： ＿加藤孝廣＿_商標登録の件.txt - サクラエディタ32bit 2.4.2.6048）での情報確認・処理
2026/04/10 17:21,2026/04/10 17:29,0:08,"メール（""TEST"" (56)）の閲覧・作成 / メール（""TEST"" (57)）の閲覧・作成 / メール（""TEST"" (58)）の閲覧・作成 / メール（Re: Fwd: （ココデカウ）公式キャラクター名の公募による商標登録の出願（M2025-261)）の閲覧・作成 / メール（新規商標登録の件【再送／訂正】）の閲覧・作成"
2026/04/10 17:29,2026/04/10 17:29,0:05,Webサイト（フォーレスト株式会社 Mail）の閲覧・調査
2026/04/10 17:29,2026/04/10 17:29,0:05,"メール（""TEST"" (55)）の閲覧・作成 / メール（Fwd: 商標調査報告書）の閲覧・作成 / メール（フォーレスト株式会社 メール）の閲覧・作成"
2026/04/10 17:30,2026/04/10 17:30,0:05,サイボウズ（メッセージの詳細 - サイボウズ Office および他 2 ページ）での情報確認・処理 / サイボウズ（メッセージの詳細 - サイボウズ Office および他 3 ページ）での情報確認・処理
2026/04/10 17:30,2026/04/10 17:30,0:05,"メール（""TEST"" (55)）の閲覧・作成"
2026/04/10 17:30,2026/04/10 17:30,0:05,サイボウズ（メッセージの詳細 - サイボウズ Office および他 2 ページ）での情報確認・処理 / サイボウズ（メッセージの詳細 - サイボウズ Office）での情報確認・処理 / サイボウズ（個人フォルダ - サイボウズ Office および他 2 ページ）での情報確認・処理 / サイボウズ（個人フォルダ - サイボウズ Office）での情報確認・処理
2026/04/10 17:30,2026/04/10 17:30,0:05,"メール（""TEST"" (55)）の閲覧・作成"
2026/04/10 17:30,2026/04/10 17:30,0:05,サイボウズ（メッセージの詳細 - サイボウズ Office および他 2 ページ）での情報確認・処理
2026/04/10 17:30,2026/04/10 17:30,0:05,"メール（""TEST"" (55)）の閲覧・作成"
2026/04/10 17:30,2026/04/10 17:30,0:05,Antigravityを用いた「システム開発・改善」の開発・相談
2026/04/10 17:33,2026/04/10 17:33,0:05,サイボウズ（サイボウズOffice Eメール バックアップツール）での情報確認・処理
2026/04/10 17:33,2026/04/10 17:33,0:05,Webサイト（フォルダーの選択）の閲覧・調査
2026/04/10 17:34,2026/04/10 17:34,0:05,サイボウズ（forestway.cybozu.com/logout および他 2 ページ）での情報確認・処理 / サイボウズ（forestway.cybozu.com/logout）での情報確認・処理 / サイボウズ（forestway.cybozu.com/o/ag.cgi?page=CloudLogin および他 2 ページ）での情報確認・処理 / サイボウズ（メッセージの詳細 - サイ...
2026/04/10 17:34,2026/04/10 17:34,0:05,Webサイト（インフォメーション および他 2 ページ）の閲覧・調査 / Webサイト（インフォメーション）の閲覧・調査 / Webサイト（パスワードを保存しますか?）の閲覧・調査
2026/04/10 17:34,2026/04/10 17:34,0:05,サイボウズ（forestway.cybozu.com/o/ag.cgi?page=MailIndex および他 2 ページ）での情報確認・処理 / サイボウズ（トップページ - サイボウズ Office および他 2 ページ）での情報確認・処理 / サイボウズ（トップページ - サイボウズ Office）での情報確認・処理 / サイボウズ（メール - サイボウズ Office および他 2 ...
2026/04/10 17:34,2026/04/10 17:34,0:05,Webサイト（フォルダーの選択）の閲覧・調査
2026/04/10 17:35,2026/04/10 17:35,0:05,サイボウズ（メール - サイボウズ Office および他 2 ページ）での情報確認・処理
2026/04/10 17:35,2026/04/10 17:35,0:05,Webサイト（フォルダーの選択）の閲覧・調査
2026/04/10 17:35,2026/04/10 17:35,0:05,サイボウズ（サイボウズOffice Eメール バックアップツール）での情報確認・処理
2026/04/10 17:35,2026/04/10 17:35,0:05,"Webサイト（data:, - プロファイル 1 - Microsoft? Edge）の閲覧・調査 / Webサイト（インフォメーション - プロファイル 1 - Microsoft? Edge）の閲覧・調査"
2026/04/10 17:35,2026/04/10 17:40,0:05,サイボウズ（サイボウズOffice Eメール バックアップツール）での情報確認・処理 / サイボウズ（トップページ - サイボウズ Office - プロファイル 1 - Microsoft? Edge）での情報確認・処理 / サイボウズ（メール - サイボウズ Office - プロファイル 1 - Microsoft? Edge）での情報確認・処理 / サイボウズ（メール - サイボウズ...
2026/04/10 17:40,2026/04/10 17:40,0:05,Webサイト（フォルダーの選択）の閲覧・調査
2026/04/10 17:40,2026/04/10 17:40,0:05,サイボウズ（メール - サイボウズ Office - プロファイル 1 - Microsoft? Edge）での情報確認・処理
2026/04/10 17:40,2026/04/10 17:40,0:05,Webサイト（フォルダーの選択）の閲覧・調査
2026/04/10 17:40,2026/04/10 17:41,0:05,サイボウズ（forestway.cybozu.com/logout および他 2 ページ）での情報確認・処理 / サイボウズ（forestway.cybozu.com/logout）での情報確認・処理 / サイボウズ（forestway.cybozu.com/o/ag.cgi?page=CloudLogin および他 2 ページ）での情報確認・処理 / サイボウズ（サイボウズOffice E...
2026/04/10 17:41,2026/04/10 17:41,0:05,Webサイト（インフォメーション および他 2 ページ）の閲覧・調査 / Webサイト（インフォメーション）の閲覧・調査
2026/04/10 17:41,2026/04/10 17:43,0:05,サイボウズ（サイボウズOffice Eメール バックアップツール）での情報確認・処理 / サイボウズ（トップページ - サイボウズ Office および他 2 ページ）での情報確認・処理 / サイボウズ（トップページ - サイボウズ Office）での情報確認・処理 / サイボウズ（メッセージの詳細 - サイボウズ Office および他 2 ページ）での情報確認・処理 / サイボウズ（メッ...
2026/04/10 17:43,2026/04/10 17:43,0:05,Webサイト（フォルダーの選択）の閲覧・調査
2026/04/10 17:43,2026/04/10 17:43,0:05,サイボウズ（サイボウズOffice Eメール バックアップツール）での情報確認・処理 / サイボウズ（メール - サイボウズ Office - プロファイル 1 - Microsoft? Edge）での情報確認・処理
2026/04/10 17:43,2026/04/10 17:43,0:05,Webサイト（フォルダーの選択）の閲覧・調査
2026/04/10 17:44,2026/04/10 17:44,0:05,サイボウズ（サイボウズOffice Eメール バックアップツール）での情報確認・処理
2026/04/10 17:44,2026/04/10 17:44,0:05,"Webサイト（data:, - プロファイル 1 - Microsoft? Edge）の閲覧・調査 / Webサイト（インフォメーション - プロファイル 1 - Microsoft? Edge）の閲覧・調査"
2026/04/10 17:44,2026/04/10 17:45,0:05,サイボウズ（サイボウズOffice Eメール バックアップツール）での情報確認・処理 / サイボウズ（トップページ - サイボウズ Office - プロファイル 1 - Microsoft? Edge）での情報確認・処理 / サイボウズ（メッセージの詳細 - サイボウズ Office および他 2 ページ）での情報確認・処理 / サイボウズ（メール - サイボウズ Office - プロフ...
2026/04/10 17:45,2026/04/10 17:45,0:05,Antigravityを用いた「システム開発・改善」の開発・相談
2026/04/10 17:45,2026/04/10 17:45,0:05,サイボウズ（サイボウズOffice Eメール バックアップツール）での情報確認・処理
2026/04/10 17:45,2026/04/10 17:46,0:05,Webサイト（フォルダーの選択）の閲覧・調査
2026/04/10 17:46,2026/04/10 17:46,0:05,サイボウズ（サイボウズOffice Eメール バックアップツール）での情報確認・処理
2026/04/10 17:46,2026/04/10 17:46,0:05,"Webサイト（data:, - プロファイル 1 - Microsoft? Edge）の閲覧・調査 / Webサイト（インフォメーション - プロファイル 1 - Microsoft? Edge）の閲覧・調査"
2026/04/10 17:46,2026/04/10 17:46,0:05,サイボウズ（トップページ - サイボウズ Office - プロファイル 1 - Microsoft? Edge）での情報確認・処理 / サイボウズ（メッセージの詳細 - サイボウズ Office および他 2 ページ）での情報確認・処理
2026/04/10 17:46,2026/04/10 17:46,0:05,Webサイト（インフォメーション および他 3 ページ）の閲覧・調査 / Webサイト（インフォメーション）の閲覧・調査
2026/04/10 17:46,2026/04/10 17:46,0:05,サイボウズ（トップページ - サイボウズ Office および他 3 ページ）での情報確認・処理 / サイボウズ（トップページ - サイボウズ Office）での情報確認・処理 / サイボウズ（メッセージの詳細 - サイボウズ Office および他 3 ページ）での情報確認・処理 / サイボウズ（メッセージの詳細 - サイボウズ Office）での情報確認・処理 / サイボウズ（個人フォル...
2026/04/10 17:46,2026/04/10 17:50,0:05,Webサイト（Close window）の閲覧・調査 / Webサイト（ExternalLoginCallback - AppSheet）の閲覧・調査 / Webサイト（Login - AppSheet）の閲覧・調査 / Webサイト（appsheet.com/template/app/?newUser=true&onboarding=true&returnUrl=%2fAccount%2f...
2026/04/10 17:51,2026/04/10 17:51,0:05,サイボウズ（サイボウズOffice Eメール バックアップツール）での情報確認・処理 / サイボウズ（トップページ - サイボウズ Office - プロファイル 1 - Microsoft? Edge）での情報確認・処理 / サイボウズ（メール - サイボウズ Office - プロファイル 1 - Microsoft? Edge）での情報確認・処理
2026/04/10 17:52,2026/04/10 17:52,0:05,"メール（""TEST"" (55)）の閲覧・作成 / メール（更新登録申請のご案内(多区分)_弊所管理番号：M2008-055）の閲覧・作成"
2026/04/10 17:52,2026/04/10 17:52,0:05,サイボウズ（サイボウズOffice Eメール バックアップツール）での情報確認・処理
2026/04/10 17:52,2026/04/10 17:52,0:05,Antigravityを用いた「システム開発・改善」の開発・相談
2026/04/10 17:52,2026/04/10 17:52,0:05,Webサイト（フォーレスト社内ポータル - ダッシュボード および他 3 ページ）の閲覧・調査
2026/04/10 17:52,2026/04/10 17:52,0:05,サイボウズ（forestway.cybozu.com/logout および他 3 ページ）での情報確認・処理 / サイボウズ（forestway.cybozu.com/logout）での情報確認・処理 / サイボウズ（forestway.cybozu.com/o/ag.cgi?page=CloudLogin および他 3 ページ）での情報確認・処理 / サイボウズ（https://fores...
2026/04/10 17:52,2026/04/10 17:52,0:05,Webサイト（インフォメーション および他 3 ページ）の閲覧・調査 / Webサイト（インフォメーション）の閲覧・調査
2026/04/10 17:52,2026/04/10 17:53,0:05,サイボウズ（forestway.cybozu.com/o/ag.cgi?page=MailIndex&fid=21521 および他 3 ページ）での情報確認・処理 / サイボウズ（トップページ - サイボウズ Office および他 3 ページ）での情報確認・処理 / サイボウズ（トップページ - サイボウズ Office）での情報確認・処理 / サイボウズ（メール - サイボウズ Offi...
2026/04/10 17:53,2026/04/10 17:53,0:05,Antigravityを用いた「システム開発・改善」の開発・相談
2026/04/10 17:53,2026/04/10 17:53,0:05,サイボウズ（サイボウズOffice Eメール バックアップツール）での情報確認・処理
2026/04/10 17:53,2026/04/10 17:53,0:05,Webサイト（フォルダーの選択）の閲覧・調査
2026/04/10 17:53,2026/04/10 17:53,0:05,サイボウズ（サイボウズOffice Eメール バックアップツール）での情報確認・処理
2026/04/10 17:53,2026/04/10 17:53,0:05,"Webサイト（data:, - プロファイル 1 - Microsoft? Edge）の閲覧・調査 / Webサイト（インフォメーション - プロファイル 1 - Microsoft? Edge）の閲覧・調査"
2026/04/10 17:53,2026/04/10 18:21,0:28,サイボウズ（サイボウズOffice Eメール バックアップツール）での情報確認・処理 / サイボウズ（トップページ - サイボウズ Office - プロファイル 1 - Microsoft? Edge）での情報確認・処理 / サイボウズ（メール - サイボウズ Office - プロファイル 1 - Microsoft? Edge）での情報確認・処理 / サイボウズ（メール - サイボウズ...
2026/04/10 18:22,2026/04/10 18:22,0:05,Antigravityを用いた「システム開発・改善」の開発・相談
2026/04/10 18:22,2026/04/10 18:22,0:05,サイボウズ（サイボウズOffice Eメール バックアップツール）での情報確認・処理
2026/04/10 18:22,2026/04/10 18:22,0:05,Webサイト（フォルダーの選択）の閲覧・調査
2026/04/10 18:22,2026/04/10 18:22,0:05,サイボウズ（メール - サイボウズ Office および他 3 ページ）での情報確認・処理
2026/04/10 18:22,2026/04/10 18:22,0:05,Webサイト（フォルダーの選択）の閲覧・調査
2026/04/10 18:22,2026/04/10 18:22,0:05,サイボウズ（サイボウズOffice Eメール バックアップツール）での情報確認・処理
2026/04/10 18:22,2026/04/10 18:23,0:05,"Webサイト（data:, - プロファイル 1 - Microsoft? Edge）の閲覧・調査 / Webサイト（インフォメーション - プロファイル 1 - Microsoft? Edge）の閲覧・調査"
2026/04/10 18:23,2026/04/10 18:23,0:05,サイボウズ（サイボウズOffice Eメール バックアップツール）での情報確認・処理 / サイボウズ（トップページ - サイボウズ Office - プロファイル 1 - Microsoft? Edge）での情報確認・処理 / サイボウズ（メール - サイボウズ Office - プロファイル 1 - Microsoft? Edge）での情報確認・処理 / サイボウズ（メール - サイボウズ...
2026/04/10 18:23,2026/04/10 18:24,0:05,Webサイト（MSN および他 5 ページ）の閲覧・調査 / Webサイト（msn.com/ja-jp/news/national/京都小6男児行方不明-地域住民が-焼却炉の中を覗いていた-と新証言-ヤフコメでは-元気な姿で見つかってほしい-家出してましたとかでいいので-と無事を願う声/ar-AA20zlUs?ocid=entnewsntp&pc=HCTS&cvid=69d8b912b342...
2026/04/10 18:24,2026/04/10 18:24,0:05,サイボウズ（forestway.cybozu.com/logout および他 5 ページ）での情報確認・処理 / サイボウズ（forestway.cybozu.com/logout）での情報確認・処理
2026/04/10 18:24,2026/04/10 18:24,0:05,Webサイト（インフォメーション および他 5 ページ）の閲覧・調査 / Webサイト（インフォメーション）の閲覧・調査
2026/04/10 18:24,2026/04/10 18:26,0:05,サイボウズ（forestway.cybozu.com/o/ag.cgi?page=MailIndex および他 5 ページ）での情報確認・処理 / サイボウズ（forestway.cybozu.com/o/ag.cgi?page=MailIndex&fid=10449 および他 5 ページ）での情報確認・処理 / サイボウズ（forestway.cybozu.com/o/ag.cgi?pag...
2026/04/10 18:31,2026/04/10 18:31,0:05,Webサイト（Chrome で Gemini を使用する - コンピューター - Gemini アプリ ヘルプ）の閲覧・調査 / Webサイト（Gemini）の閲覧・調査
2026/04/10 18:31,2026/04/10 18:31,0:05,メール（更新登録申請のご案内(多区分)_弊所管理番号：M2008-055）の閲覧・作成
2026/04/10 18:31,2026/04/10 18:31,0:05,Webサイト（利用制限通知とプランアップグレード - Google Gemini）の閲覧・調査
2026/04/10 18:31,2026/04/10 18:31,0:05,サイボウズ（サイボウズOffice Eメール バックアップツール）での情報確認・処理
2026/04/10 18:31,2026/04/10 18:31,0:05,Webサイト（利用制限通知とプランアップグレード - Google Gemini）の閲覧・調査
2026/04/10 18:32,2026/04/10 18:32,0:05,サイボウズ（forestway.cybozu.com/o/ag.cgi?page=MailIndex&FID=3032&unread=&flagged=&ts=ts.1522291156&hid=4265&PC=6&#MailHead および他 4 ページ）での情報確認・処理 / サイボウズ（エラー 14603 - サイボウズ Office および他 4 ページ）での情報確認・処理 / サイ...
2026/04/10 18:32,2026/04/10 18:32,0:05,"Webサイト（Amazon | 本, ファッション, 家電から食品まで | アマゾン および他 3 ページ）の閲覧・調査 / Webサイト（インフォメーション および他 3 ページ）の閲覧・調査 / Webサイト（インフォメーション）の閲覧・調査"
2026/04/10 18:32,2026/04/10 18:32,0:05,サイボウズ（forestway.cybozu.com/logout および他 3 ページ）での情報確認・処理 / サイボウズ（forestway.cybozu.com/logout）での情報確認・処理
2026/04/10 18:32,2026/04/10 18:32,0:05,Webサイト（インフォメーション および他 3 ページ）の閲覧・調査 / Webサイト（インフォメーション）の閲覧・調査
2026/04/10 18:32,2026/04/10 18:32,0:05,サイボウズ（forestway.cybozu.com/o/ag.cgi?page=MailIndex&fid=3032 および他 3 ページ）での情報確認・処理 / サイボウズ（トップページ - サイボウズ Office および他 3 ページ）での情報確認・処理 / サイボウズ（トップページ - サイボウズ Office）での情報確認・処理 / サイボウズ（メール - サイボウズ Offic...
2026/04/10 18:33,2026/04/10 18:33,0:05,Webサイト（MSN および他 3 ページ）の閲覧・調査 / Webサイト（msn.com/ja-jp/news/national/京都-小6男児行方不明-生きていると100パーセント思ってます-スーパーボランティア尾畠さんが直面した-府外ボランティア-の壁-ちょっとどころじゃなく悔しい/ar-AA20zrdr?ocid=entnewsntp&pc=HCTS&cvid=69d8b912b34...
2026/04/10 18:35,2026/04/10 18:35,0:05,サイボウズ（メール - サイボウズ Office および他 3 ページ）での情報確認・処理 / サイボウズ（メール - サイボウズ Office）での情報確認・処理
2026/04/10 18:35,2026/04/10 18:35,0:05,Antigravityを用いた「システム開発・改善」の開発・相談
2026/04/10 18:35,2026/04/10 18:35,0:05,サイボウズ（サイボウズOffice Eメール バックアップツール）での情報確認・処理
2026/04/10 18:35,2026/04/10 18:35,0:05,Webサイト（フォルダーの選択）の閲覧・調査
2026/04/10 18:35,2026/04/10 18:35,0:05,サイボウズ（サイボウズOffice Eメール バックアップツール）での情報確認・処理
2026/04/10 18:35,2026/04/10 18:36,0:05,"Webサイト（data:, - プロファイル 1 - Microsoft? Edge）の閲覧・調査 / Webサイト（インフォメーション - プロファイル 1 - Microsoft? Edge）の閲覧・調査"
2026/04/10 18:36,2026/04/10 18:42,0:06,サイボウズ（forestway.cybozu.com/o/ag.cgi?page=MailView&mEID=61563&cp=el&sp=&tp= および他 3 ページ）での情報確認・処理 / サイボウズ（サイボウズOffice Eメール バックアップツール）での情報確認・処理 / サイボウズ（トップページ - サイボウズ Office - プロファイル 1 - Microsoft? Ed...
2026/04/10 18:42,2026/04/10 18:42,0:05,Webサイト（accounts.secure.freee.co.jp/sessions/new?redirect_url=https%3A%2F%2Fp.secure.freee.co.jp%2Fusers%2Fafter_login%3Fhash%3D&service_name=payroll&sign_up_url=https%3A%2F%2Faccounts.secure.freee....
2026/04/10 18:54,2026/04/10 18:54,0:05,サイボウズ（サイボウズOffice Eメール バックアップツール）での情報確認・処理
2026/04/10 18:54,2026/04/10 18:54,0:05,Webサイト（インフォメーション および他 3 ページ）の閲覧・調査 / Webサイト（インフォメーション）の閲覧・調査
2026/04/10 18:54,2026/04/10 18:54,0:05,サイボウズ（トップページ - サイボウズ Office および他 3 ページ）での情報確認・処理 / サイボウズ（トップページ - サイボウズ Office）での情報確認・処理 / サイボウズ（メール - サイボウズ Office および他 3 ページ）での情報確認・処理 / サイボウズ（メール - サイボウズ Office）での情報確認・処理
2026/04/13 09:06,2026/04/13 09:07,0:05,Webサイト（(538) Pinterest）の閲覧・調査 / Webサイト（MSN および他 1 ページ）の閲覧・調査 / Webサイト（Pinterest - ピンタレスト）の閲覧・調査 / Webサイト（msn.com/ja-jp/news/national/黒スニーカー-発見で強まる事件性-京都小6行方不明で安達家の親しい知人が新証言-行方不明になった週にはすでに刑事が来てた-ご家族...
2026/04/13 09:07,2026/04/13 09:07,0:05,サイボウズ（forestway.cybozu.com/logout および他 3 ページ）での情報確認・処理 / サイボウズ（forestway.cybozu.com/logout）での情報確認・処理
2026/04/13 09:07,2026/04/13 09:07,0:05,Webサイト（インフォメーション および他 3 ページ）の閲覧・調査 / Webサイト（インフォメーション）の閲覧・調査
2026/04/13 09:07,2026/04/13 09:09,0:05,サイボウズ（サイボウズOffice Eメール バックアップツール）での情報確認・処理 / サイボウズ（トップページ - サイボウズ Office および他 3 ページ）での情報確認・処理 / サイボウズ（トップページ - サイボウズ Office）での情報確認・処理 / サイボウズ（メッセージの詳細 - サイボウズ Office および他 3 ページ）での情報確認・処理 / サイボウズ（メッ...
2026/04/13 09:09,2026/04/13 09:09,0:05,Antigravityを用いた「システム開発・改善」の開発・相談
2026/04/13 09:09,2026/04/13 09:10,0:05,サイボウズ（メッセージの詳細 - サイボウズ Office および他 2 ページ）での情報確認・処理 / サイボウズ（メッセージの詳細 - サイボウズ Office および他 3 ページ）での情報確認・処理
2026/04/13 09:11,2026/04/13 09:11,0:05,Webサイト（インフォメーション）の閲覧・調査
2026/04/13 09:11,2026/04/13 09:11,0:05,サイボウズ（forestway.cybozu.com/logout）での情報確認・処理 / サイボウズ（https://forestway.cybozu.com/logout）での情報確認・処理
2026/04/13 09:11,2026/04/13 09:11,0:05,Webサイト（インフォメーション）の閲覧・調査
2026/04/13 09:11,2026/04/13 09:18,0:07,サイボウズ（forestway.cybozu.com/o/ag.cgi?page=MailIndex）での情報確認・処理 / サイボウズ（トップページ - サイボウズ Office）での情報確認・処理 / サイボウズ（メール - サイボウズ Office）での情報確認・処理 / サイボウズ（更新通知の設定 - サイボウズ Office）での情報確認・処理
2026/04/13 09:20,2026/04/13 09:20,0:05,Webサイト（フォルダーの上書きの確認）の閲覧・調査
2026/04/13 09:21,2026/04/13 09:26,0:05,サイボウズ（forestway.cybozu.com/o/ag.cgi?page=MyFolderMessageView&mDBID=3&mEID=61796&mDID=295198&cp=ml&bk=1 および他 2 ページ）での情報確認・処理 / サイボウズ（メッセージの詳細 - サイボウズ Office および他 2 ページ）での情報確認・処理 / サイボウズ（メッセージの詳細 - サ...
2026/04/13 09:27,2026/04/13 09:27,0:05,"Webサイト（《""黒スニーカー""発見で強まる事件性》京都小6行方不明で安達家の親しい知人が新証言「行方不明になった週にはすでに刑事が来てた」「ご家族みんなが結希くんを愛している」 および他 1 ページ）の閲覧・調査"
2026/04/13 09:27,2026/04/13 09:30,0:05,サイボウズ（メール - サイボウズ Office）での情報確認・処理
2026/04/13 09:30,2026/04/13 09:30,0:05,Antigravityを用いた「システム開発・改善」の開発・相談
2026/04/13 09:31,2026/04/13 09:31,0:05,サイボウズ（forestway.cybozu.com/login?redirect=https%3A%2F%2Fforestway.cybozu.com%2F および他 2 ページ）での情報確認・処理
2026/04/13 09:31,2026/04/13 09:31,0:05,Webサイト（インフォメーション および他 2 ページ）の閲覧・調査 / Webサイト（インフォメーション）の閲覧・調査
2026/04/13 09:31,2026/04/13 09:31,0:05,サイボウズ（トップページ - サイボウズ Office および他 2 ページ）での情報確認・処理 / サイボウズ（トップページ - サイボウズ Office）での情報確認・処理 / サイボウズ（メッセージの詳細 - サイボウズ Office および他 2 ページ）での情報確認・処理 / サイボウズ（メッセージの詳細 - サイボウズ Office）での情報確認・処理 / サイボウズ（個人フォル...
2026/04/13 09:31,2026/04/13 09:31,0:05,Webサイト（ようこそ および他 3 ページ）の閲覧・調査 / Webサイト（アカウントを選択してください）の閲覧・調査
2026/04/13 09:31,2026/04/13 09:31,0:05,Webサイト（ようこそ および他 3 ページ）の閲覧・調査 / ようこそ
2026/04/13 09:31,2026/04/13 09:31,0:05,Webサイト（アカウントを選択してください および他 3 ページ）の閲覧・調査 / Webサイト（アカウントを選択してください）の閲覧・調査 / Webサイト（パスキーを使って本人確認を行います および他 3 ページ）の閲覧・調査 / Webサイト（パスキーを使って本人確認を行います）の閲覧・調査 / ようこそ
2026/04/13 09:31,2026/04/13 09:31,0:05,サイボウズ（メッセージの詳細 - サイボウズ Office および他 2 ページ）での情報確認・処理
2026/04/13 09:31,2026/04/13 09:36,0:05,Webサイト（【開発受付一覧 - システム部_システム運営課】 - Google スプレッドシート）の閲覧・調査 / Webサイト（利用制限通知とプランアップグレード - Google Gemini）の閲覧・調査 / Webサイト（起動しています - Excel）の閲覧・調査
2026/04/13 09:36,2026/04/13 09:36,0:05,Excelファイル（新規タスク記録表.xlsx）の入力・編集
2026/04/13 09:37,2026/04/13 09:37,0:05,Webサイト（【開発受付一覧 - システム部_システム運営課】 - Google スプレッドシート）の閲覧・調査
2026/04/13 09:37,2026/04/13 09:37,0:05,Excelファイル（新規タスク記録表.xlsx）の入力・編集
2026/04/13 09:38,2026/04/13 09:38,0:05,Webサイト（Windows シェル エクスペリエンス ホスト）の閲覧・調査
2026/04/13 09:38,2026/04/13 09:38,0:05,Excelファイル（新規タスク記録表.xlsx）の入力・編集
2026/04/13 09:38,2026/04/13 09:38,0:05,Webサイト（【開発受付一覧 - システム部_システム運営課】 - Google スプレッドシート）の閲覧・調査
2026/04/13 09:38,2026/04/13 09:38,0:05,Excelファイル（新規タスク記録表.xlsx）の入力・編集
2026/04/13 09:38,2026/04/13 09:39,0:05,サイボウズ（スケジュール（グループ週表示） - サイボウズ Office および他 2 ページ）での情報確認・処理 / サイボウズ（スケジュール（グループ週表示） - サイボウズ Office）での情報確認・処理 / サイボウズ（メッセージの詳細 - サイボウズ Office および他 2 ページ）での情報確認・処理
2026/04/13 09:39,2026/04/13 09:39,0:05,Excelファイル（新規タスク記録表.xlsx）の入力・編集
2026/04/13 09:41,2026/04/13 09:41,0:05,サイボウズ（スケジュール（グループ週表示） - サイボウズ Office および他 2 ページ）での情報確認・処理 / サイボウズ（スケジュール（グループ週表示） - サイボウズ Office）での情報確認・処理
2026/04/13 09:42,2026/04/13 09:42,0:05,Excelファイル（新規タスク記録表.xlsx）の入力・編集
2026/04/13 09:43,2026/04/13 09:44,0:05,サイボウズ（スケジュール（グループ週表示） - サイボウズ Office および他 2 ページ）での情報確認・処理 / サイボウズ（スケジュール（グループ週表示） - サイボウズ Office）での情報確認・処理
2026/04/13 09:44,2026/04/13 09:44,0:05,Excelファイル（新規タスク記録表.xlsx）の入力・編集
2026/04/13 09:44,2026/04/13 09:44,0:05,サイボウズ（スケジュール（グループ週表示） - サイボウズ Office）での情報確認・処理
2026/04/13 09:44,2026/04/13 09:49,0:05,Excelファイル（新規タスク記録表.xlsx）の入力・編集
2026/04/13 09:49,2026/04/13 09:49,0:05,Excelファイル（新規タスク記録表.xlsx）の入力・編集 / 並べ替え
2026/04/13 09:49,2026/04/13 09:49,0:05,Webサイト（レンズの分析）の閲覧・調査
2026/04/13 09:49,2026/04/13 09:49,0:05,Excelファイル（新規タスク記録表.xlsx）の入力・編集
2026/04/13 09:49,2026/04/13 09:49,0:05,サイボウズ（スケジュール（グループ週表示） - サイボウズ Office および他 2 ページ）での情報確認・処理
2026/04/13 09:49,2026/04/13 09:49,0:05,Webサイト（「警告灯で停車」キャリアカーが炎上 福岡 | Watch および他 2 ページ）の閲覧・調査
2026/04/13 09:49,2026/04/13 09:49,0:05,サイボウズ（スケジュール（グループ週表示） - サイボウズ Office および他 2 ページ）での情報確認・処理
2026/04/13 09:49,2026/04/13 09:49,0:05,Webサイト（【開発受付一覧 - システム部_システム運営課】 - Google スプレッドシート）の閲覧・調査
2026/04/13 09:51,2026/04/13 09:51,0:05,Excelファイル（新規タスク記録表.xlsx）の入力・編集
2026/04/13 09:51,2026/04/13 09:51,0:05,Webサイト（【開発受付一覧 - システム部_システム運営課】 - Google スプレッドシート）の閲覧・調査
2026/04/13 09:54,2026/04/13 09:54,0:05,Excelファイル（新規タスク記録表.xlsx）の入力・編集
2026/04/13 09:54,2026/04/13 09:54,0:05,サイボウズ（スケジュール（グループ週表示） - サイボウズ Office および他 2 ページ）での情報確認・処理
2026/04/13 09:54,2026/04/13 09:54,0:05,Excelファイル（新規タスク記録表.xlsx）の入力・編集
2026/04/13 09:58,2026/04/13 10:04,0:05,サイボウズ（スケジュール（グループ週表示） - サイボウズ Office および他 2 ページ）での情報確認・処理 / サイボウズ（メッセージの詳細 - サイボウズ Office および他 2 ページ）での情報確認・処理 / サイボウズ（メッセージの詳細 - サイボウズ Office）での情報確認・処理 / サイボウズ（メール - サイボウズ Office）での情報確認・処理 / サイボウズ...
2026/04/13 10:04,2026/04/13 10:04,0:05,Antigravityを用いた「システム開発・改善」の開発・相談
2026/04/13 10:04,2026/04/13 10:06,0:05,サイボウズ（forestway.cybozu.com）での情報確認・処理 / サイボウズ（メール - サイボウズ Office）での情報確認・処理
2026/04/13 10:12,2026/04/13 10:12,0:05,Webサイト（Windows Sandbox）の閲覧・調査 / Webサイト（bing.com/search?q=サンドボックス&form=WSBEDG&qs=SW&cvid=50f40ceaff8146a296978764585813a0&pq=サンドボックス&cc=JP&setlang=ja-JP&nclid=97A17AE6C5088F29349140817267B9A2&ts=177...
2026/04/13 10:13,2026/04/13 10:13,0:05,メール（TEST）の閲覧・作成
2026/04/13 10:13,2026/04/13 10:13,0:05,Webサイト（Windows Sandbox）の閲覧・調査
2026/04/13 10:16,2026/04/13 10:16,0:05,サイボウズ（メッセージの詳細 - サイボウズ Office および他 2 ページ）での情報確認・処理
2026/04/13 10:16,2026/04/13 10:17,0:05,メール（TEST）の閲覧・作成 / メール（t_ito）の閲覧・作成 / メール（y_tsuda@forest.co.jp）の閲覧・作成 / メール（【転送】Fwd:）の閲覧・作成 / メール（ホーム）の閲覧・作成 / メール（受信トレイ）の閲覧・作成
2026/04/13 10:17,2026/04/13 10:17,0:05,Webサイト（添付ファイルを保存）の閲覧・調査
2026/04/13 10:17,2026/04/13 10:17,0:05,メール（【転送】Fwd:）の閲覧・作成
2026/04/13 10:17,2026/04/13 10:17,0:05,Webサイト（Windows Sandbox）の閲覧・調査
2026/04/13 10:18,2026/04/13 10:18,0:05,メール（【転送】Fwd:）の閲覧・作成
2026/04/13 10:18,2026/04/13 10:18,0:05,Webサイト（260411_211036.mp4 を開く）の閲覧・調査
2026/04/13 10:18,2026/04/13 10:18,0:05,メール（【転送】Fwd:）の閲覧・作成
2026/04/13 10:18,2026/04/13 10:23,0:05,Webサイト（Microsoft Clipchamp）の閲覧・調査 / Webサイト（Windows Media Player 従来版）の閲覧・調査 / Webサイト（Windows Sandbox）の閲覧・調査 / Webサイト（Windows メディア プレーヤー従来版）の閲覧・調査 / Webサイト（メディア プレーヤー）の閲覧・調査
2026/04/13 10:26,2026/04/13 10:26,0:05,メール（【転送】Fwd: 本日到着分です。）の閲覧・作成 / メール（【転送】Fwd:）の閲覧・作成 / メール（ホーム）の閲覧・作成 / メール（受信トレイ）の閲覧・作成
2026/04/13 10:26,2026/04/13 10:26,0:05,Webサイト（IMG_0101.jpeg）の閲覧・調査
2026/04/13 10:27,2026/04/13 10:28,0:05,メール（【転送】Fwd: 本日到着分です。）の閲覧・作成
2026/04/13 10:36,2026/04/13 10:36,0:05,"Webサイト（《""黒スニーカー""発見で強まる事件性》京都小6行方不明で安達家の親しい知人が新証言「行方不明になった週にはすでに刑事が来てた」「ご家族みんなが結希くんを愛している」 および他 1 ページ）の閲覧・調査 / Webサイト（検索 - Microsoft Bing および他 1 ページ）の閲覧・調査"
2026/04/13 10:36,2026/04/13 10:38,0:05,サイボウズ（forestway.cybozu.com および他 1 ページ）での情報確認・処理 / サイボウズ（メール - サイボウズ Office および他 1 ページ）での情報確認・処理
2026/04/13 10:38,2026/04/13 10:38,0:05,Webサイト（検索 - Microsoft Bing）の閲覧・調査
2026/04/13 10:38,2026/04/13 10:38,0:05,サイボウズ（forestway.cybozu.com）での情報確認・処理
2026/04/13 10:38,2026/04/13 10:38,0:05,Webサイト（インフォメーション）の閲覧・調査
2026/04/13 10:38,2026/04/13 10:39,0:05,サイボウズ（トップページ - サイボウズ Office）での情報確認・処理 / サイボウズ（メール - サイボウズ Office）での情報確認・処理
2026/04/13 10:41,2026/04/13 10:41,0:05,Webサイト（20200702(木)_1530_： ＿加藤孝廣＿_商標登録の件.txt - サクラエディタ32bit 2.4.2.6048）の閲覧・調査 / Webサイト（使用中のフォルダー）の閲覧・調査
2026/04/13 10:41,2026/04/13 10:41,0:05,サイボウズ（デスクトップ\...\Eメール_メール - サイボウズ Office_個別(オリジナル)\20200702(木)_1530_： ＿加藤孝廣＿_商標登録の件.txt - サクラエディタ32bit 2.4.2.6048）での情報確認・処理
2026/04/13 10:41,2026/04/13 10:41,0:05,Webサイト（使用中のフォルダー）の閲覧・調査
2026/04/13 10:41,2026/04/13 10:48,0:06,サイボウズ（メール - サイボウズ Office）での情報確認・処理
2026/04/13 10:49,2026/04/13 10:49,0:05,Webサイト（メディア プレーヤー）の閲覧・調査
2026/04/13 10:49,2026/04/13 10:49,0:05,Antigravityを用いた「システム開発・改善」の開発・相談
2026/04/13 10:49,2026/04/13 10:49,0:05,サイボウズ（サイボウズOffice Eメール バックアップツール）での情報確認・処理
2026/04/13 10:49,2026/04/13 10:50,0:05,Webサイト（フォルダーの選択）の閲覧・調査
2026/04/13 10:50,2026/04/13 10:50,0:05,サイボウズ（サイボウズOffice Eメール バックアップツール）での情報確認・処理
2026/04/13 10:50,2026/04/13 10:50,0:05,Webサイト（フォルダーの選択）の閲覧・調査
2026/04/13 10:50,2026/04/13 10:50,0:05,サイボウズ（サイボウズOffice Eメール バックアップツール）での情報確認・処理
2026/04/13 10:50,2026/04/13 10:50,0:05,"Webサイト（data:, - プロファイル 1 - Microsoft? Edge）の閲覧・調査 / Webサイト（インフォメーション - プロファイル 1 - Microsoft? Edge）の閲覧・調査"
2026/04/13 10:51,2026/04/13 10:51,0:05,サイボウズ（サイボウズOffice Eメール バックアップツール）での情報確認・処理 / サイボウズ（トップページ - サイボウズ Office - プロファイル 1 - Microsoft? Edge）での情報確認・処理 / サイボウズ（メール - サイボウズ Office - プロファイル 1 - Microsoft? Edge）での情報確認・処理
2026/04/13 10:51,2026/04/13 10:51,0:05,Webサイト（フォルダーの選択）の閲覧・調査
2026/04/13 10:51,2026/04/13 10:54,0:05,サイボウズ（サイボウズOffice Eメール バックアップツール）での情報確認・処理 / サイボウズ（メール - サイボウズ Office - プロファイル 1 - Microsoft? Edge）での情報確認・処理 / サイボウズ（メール - サイボウズ Office）での情報確認・処理 / サイボウズ（メールの詳細 - サイボウズ Office - プロファイル 1 - Microsof...
2026/04/13 10:55,2026/04/13 10:55,0:05,Webサイト（RS-UNO - 検索）の閲覧・調査 / Webサイト（検索 - Microsoft Bing）の閲覧・調査 / Webサイト（検索プロバイダを変更するつもりでしたか？）の閲覧・調査
2026/04/13 10:55,2026/04/13 10:55,0:05,Webサイト（RS-UNO - 検索）の閲覧・調査 / Webサイト（設定 - 検索エンジン）の閲覧・調査 / 設定 - Google Chrome
2026/04/13 10:55,2026/04/13 10:55,0:05,PDF資料（Acrobat-for-Chrome.pdf）の確認
2026/04/13 10:56,2026/04/13 10:56,0:05,Webサイト（Google Search）の閲覧・調査 / Webサイト（RS-UNO - CITROEN、PEUGEOT、RENAULTをメインにメンテナンスや修理を行うスペシャルショップ |RS-UNO ? CITROEN、PEUGEOT、RENAULTをメインにメンテナンスや修理を行うスペシャルショップ）の閲覧・調査 / Webサイト（RS-UNO - Google 検索）の閲覧・調査...
2026/04/13 10:56,2026/04/13 10:56,0:05,PDF資料（Acrobat-for-Chrome.pdf）の確認
2026/04/13 10:57,2026/04/13 10:59,0:05,Webサイト（HP 430G8 中古 - Google 検索）の閲覧・調査 / Webサイト（HP 830G8　HDMI　タイプCを外すと画面が移ったままフリーズする。これは何？ - Comet）の閲覧・調査 / Webサイト（HP Probook 430 - Comet）の閲覧・調査 / Webサイト（HP Probook 430G8 中古 - Comet）の閲覧・調査 / Webサイト（...
2026/04/13 11:06,2026/04/13 11:06,0:05,サイボウズ（サイボウズOffice Eメール バックアップツール）での情報確認・処理 / サイボウズ（メール - サイボウズ Office）での情報確認・処理
2026/04/13 11:06,2026/04/13 11:06,0:05,Antigravityを用いた「システム開発・改善」の開発・相談
2026/04/13 11:06,2026/04/13 11:06,0:05,サイボウズ（サイボウズOffice Eメール バックアップツール）での情報確認・処理
2026/04/13 11:06,2026/04/13 11:06,0:05,Webサイト（フォルダーの選択）の閲覧・調査
2026/04/13 11:06,2026/04/13 11:06,0:05,サイボウズ（サイボウズOffice Eメール バックアップツール）での情報確認・処理
2026/04/13 11:06,2026/04/13 11:07,0:05,"Webサイト（data:, - プロファイル 1 - Microsoft? Edge）の閲覧・調査 / Webサイト（インフォメーション - プロファイル 1 - Microsoft? Edge）の閲覧・調査"
2026/04/13 11:07,2026/04/13 11:07,0:05,サイボウズ（サイボウズOffice Eメール バックアップツール）での情報確認・処理 / サイボウズ（トップページ - サイボウズ Office - プロファイル 1 - Microsoft? Edge）での情報確認・処理 / サイボウズ（メール - サイボウズ Office - プロファイル 1 - Microsoft? Edge）での情報確認・処理 / サイボウズ（個人フォルダ - サイ...
2026/04/13 11:07,2026/04/13 11:08,0:05,Webサイト（HP Elitebook830G8がキートップ、タッチパッドの不具合、 HP Probook 430G8 中古　8GB　16GB　256GB... - Comet）の閲覧・調査 / Webサイト（HP Probook 430G8 中古 - Comet）の閲覧・調査 / Webサイト（Perplexity - Comet）の閲覧・調査
2026/04/13 11:08,2026/04/13 11:09,0:05,サイボウズ（サイボウズOffice Eメール バックアップツール）での情報確認・処理 / サイボウズ（メール - サイボウズ Office）での情報確認・処理
2026/04/13 11:09,2026/04/13 11:09,0:05,Antigravityを用いた「システム開発・改善」の開発・相談
2026/04/13 11:09,2026/04/13 11:09,0:05,サイボウズ（サイボウズOffice Eメール バックアップツール）での情報確認・処理
2026/04/13 11:09,2026/04/13 11:09,0:05,Webサイト（フォルダーの選択）の閲覧・調査
2026/04/13 11:09,2026/04/13 11:09,0:05,サイボウズ（メール - サイボウズ Office）での情報確認・処理
2026/04/13 11:09,2026/04/13 11:09,0:05,Webサイト（フォルダーの選択）の閲覧・調査
2026/04/13 11:09,2026/04/13 11:09,0:05,サイボウズ（サイボウズOffice Eメール バックアップツール）での情報確認・処理
2026/04/13 11:09,2026/04/13 11:09,0:05,"Webサイト（data:, - プロファイル 1 - Microsoft? Edge）の閲覧・調査 / Webサイト（インフォメーション - プロファイル 1 - Microsoft? Edge）の閲覧・調査"
2026/04/13 11:09,2026/04/13 11:10,0:05,サイボウズ（サイボウズOffice Eメール バックアップツール）での情報確認・処理 / サイボウズ（トップページ - サイボウズ Office - プロファイル 1 - Microsoft? Edge）での情報確認・処理 / サイボウズ（メール - サイボウズ Office - プロファイル 1 - Microsoft? Edge）での情報確認・処理
2026/04/13 11:10,2026/04/13 11:11,0:05,Webサイト（HP Elitebook830G8がキートップ、タッチパッドの不具合、 HP Probook 430G8 中古　8GB　16GB　256GB... - Comet）の閲覧・調査 / Webサイト（Windows11 24H2から25H2にならない。 - Comet）の閲覧・調査
2026/04/13 11:11,2026/04/13 11:11,0:05,メール（Bizメール＆ウェブ プレミアムとBizメール＆ウェブ ビジネスの違いを調べたい。 ECサイトを運営している会社でr3を使用しているが、Gmailにユーザーのメ...）の閲覧・作成
2026/04/13 11:11,2026/04/13 11:11,0:05,"Webサイト（Aspire UX マニュアル - Comet）の閲覧・調査 / Webサイト（March 10, 2026?KB5079473 (OS Builds 26200.8037 and 26100.8037) - Microsoft Support - Comet）の閲覧・調査 / Webサイト（NEC Aspire UX 7.00 - Comet）の閲覧・調査 / Webサイト（..."
2026/04/13 11:11,2026/04/13 11:11,0:05,サイボウズ（サイボウズOffice Eメール バックアップツール）での情報確認・処理 / サイボウズ（メール - サイボウズ Office）での情報確認・処理
2026/04/13 11:11,2026/04/13 11:11,0:05,Webサイト（Windows Sandbox）の閲覧・調査
2026/04/13 11:11,2026/04/13 11:11,0:05,サイボウズ（メール - サイボウズ Office）での情報確認・処理
2026/04/13 11:11,2026/04/13 11:11,0:05,Antigravityを用いた「システム開発・改善」の開発・相談
2026/04/13 11:11,2026/04/13 11:11,0:05,サイボウズ（サイボウズOffice Eメール バックアップツール）での情報確認・処理
2026/04/13 11:11,2026/04/13 11:11,0:05,Webサイト（フォルダーの選択）の閲覧・調査
2026/04/13 11:12,2026/04/13 11:12,0:05,サイボウズ（サイボウズOffice Eメール バックアップツール）での情報確認・処理
2026/04/13 11:12,2026/04/13 11:12,0:05,Webサイト（インフォメーション - プロファイル 1 - Microsoft? Edge）の閲覧・調査
2026/04/13 11:12,2026/04/13 11:12,0:05,サイボウズ（サイボウズOffice Eメール バックアップツール）での情報確認・処理 / サイボウズ（トップページ - サイボウズ Office - プロファイル 1 - Microsoft? Edge）での情報確認・処理 / サイボウズ（メール - サイボウズ Office - プロファイル 1 - Microsoft? Edge）での情報確認・処理
2026/04/13 11:12,2026/04/13 11:19,0:07,Webサイト（192.169.5.5 - リモート デスクトップ接続）の閲覧・調査 / Webサイト（HP Elitebook830G8がキートップ、タッチパッドの不具合、 HP Probook 430G8 中古　8GB　16GB　256GB... - Comet）の閲覧・調査 / Webサイト（マウスキーボードを2台のPCで切り替えるKVM切り替え機でショートカットキーで切り替えれられるも...
2026/04/13 11:24,2026/04/13 11:25,0:05,サイボウズ（forestway.cybozu.com/o/ag.cgi?page=MailIndex&fid=50744）での情報確認・処理 / サイボウズ（サイボウズOffice Eメール バックアップツール）での情報確認・処理 / サイボウズ（メール - サイボウズ Office）での情報確認・処理
2026/04/13 11:25,2026/04/13 11:25,0:05,Antigravityを用いた「システム開発・改善」の開発・相談
2026/04/13 11:25,2026/04/13 11:25,0:05,サイボウズ（サイボウズOffice Eメール バックアップツール）での情報確認・処理
2026/04/13 11:25,2026/04/13 11:25,0:05,Webサイト（フォルダーの選択）の閲覧・調査
2026/04/13 11:25,2026/04/13 11:25,0:05,サイボウズ（サイボウズOffice Eメール バックアップツール）での情報確認・処理
2026/04/13 11:25,2026/04/13 11:25,0:05,"Webサイト（data:, - プロファイル 1 - Microsoft? Edge）の閲覧・調査 / Webサイト（インフォメーション - プロファイル 1 - Microsoft? Edge）の閲覧・調査"
2026/04/13 11:25,2026/04/13 11:26,0:05,サイボウズ（サイボウズOffice Eメール バックアップツール）での情報確認・処理 / サイボウズ（トップページ - サイボウズ Office - プロファイル 1 - Microsoft? Edge）での情報確認・処理 / サイボウズ（メール - サイボウズ Office - プロファイル 1 - Microsoft? Edge）での情報確認・処理 / サイボウズ（メール - サイボウズ...
2026/04/13 11:26,2026/04/13 11:28,0:05,Webサイト（HP EliteBook 830 G8 ノートブック PC (6A3M8AV) ソフトウェアおよびドライバのダウンロード | HPR サポート - Comet）の閲覧・調査 / Webサイト（HP Elitebook830G8がキートップ、タッチパッドの不具合、 HP Probook 430G8 中古　8GB　16GB　256GB... - Comet）の閲覧・調査 / Web...
2026/04/13 11:28,2026/04/13 11:28,0:05,サイボウズ（サイボウズOffice Eメール バックアップツール）での情報確認・処理
2026/04/13 11:28,2026/04/13 11:28,0:05,Antigravityを用いた「システム開発・改善」の開発・相談
2026/04/13 11:28,2026/04/13 11:28,0:05,サイボウズ（サイボウズOffice Eメール バックアップツール）での情報確認・処理
2026/04/13 11:28,2026/04/13 11:28,0:05,Webサイト（フォルダーの選択）の閲覧・調査
2026/04/13 11:29,2026/04/13 11:29,0:05,サイボウズ（サイボウズOffice Eメール バックアップツール）での情報確認・処理
2026/04/13 11:29,2026/04/13 11:29,0:05,"Webサイト（data:, - プロファイル 1 - Microsoft? Edge）の閲覧・調査"
2026/04/13 11:29,2026/04/13 11:29,0:05,サイボウズ（forestway.cybozu.com/o/ag.cgi?page=MailIndex&fid=50776）での情報確認・処理 / サイボウズ（メール - サイボウズ Office）での情報確認・処理
2026/04/13 11:29,2026/04/13 11:29,0:05,Webサイト（インフォメーション - プロファイル 1 - Microsoft? Edge）の閲覧・調査
2026/04/13 11:29,2026/04/13 11:30,0:05,サイボウズ（サイボウズOffice Eメール バックアップツール）での情報確認・処理 / サイボウズ（トップページ - サイボウズ Office - プロファイル 1 - Microsoft? Edge）での情報確認・処理 / サイボウズ（メッセージの詳細 - サイボウズ Office および他 2 ページ）での情報確認・処理 / サイボウズ（メッセージの詳細 - サイボウズ Office）...
2026/04/13 11:30,2026/04/13 11:30,0:05,Antigravityを用いた「システム開発・改善」の開発・相談
2026/04/13 11:30,2026/04/13 11:30,0:05,サイボウズ（サイボウズOffice Eメール バックアップツール）での情報確認・処理
2026/04/13 11:30,2026/04/13 11:30,0:05,Webサイト（フォルダーの選択）の閲覧・調査
2026/04/13 11:30,2026/04/13 11:30,0:05,サイボウズ（メール - サイボウズ Office）での情報確認・処理
2026/04/13 11:30,2026/04/13 11:30,0:05,Webサイト（フォルダーの選択）の閲覧・調査
2026/04/13 11:31,2026/04/13 11:31,0:05,サイボウズ（サイボウズOffice Eメール バックアップツール）での情報確認・処理
2026/04/13 11:31,2026/04/13 11:31,0:05,"Webサイト（data:, - プロファイル 1 - Microsoft? Edge）の閲覧・調査 / Webサイト（インフォメーション - プロファイル 1 - Microsoft? Edge）の閲覧・調査"
2026/04/13 11:31,2026/04/13 11:33,0:05,サイボウズ（サイボウズOffice Eメール バックアップツール）での情報確認・処理 / サイボウズ（トップページ - サイボウズ Office - プロファイル 1 - Microsoft? Edge）での情報確認・処理 / サイボウズ（メール - サイボウズ Office - プロファイル 1 - Microsoft? Edge）での情報確認・処理 / サイボウズ（メール - サイボウズ...
2026/04/13 11:34,2026/04/13 11:34,0:05,Antigravityを用いた「システム開発・改善」の開発・相談
2026/04/13 11:34,2026/04/13 11:34,0:05,サイボウズ（サイボウズOffice Eメール バックアップツール）での情報確認・処理
2026/04/13 11:34,2026/04/13 11:34,0:05,Webサイト（フォルダーの選択）の閲覧・調査
2026/04/13 11:34,2026/04/13 11:34,0:05,サイボウズ（サイボウズOffice Eメール バックアップツール）での情報確認・処理
2026/04/13 11:34,2026/04/13 11:34,0:05,"Webサイト（data:, - プロファイル 1 - Microsoft? Edge）の閲覧・調査 / Webサイト（インフォメーション - プロファイル 1 - Microsoft? Edge）の閲覧・調査"
2026/04/13 11:34,2026/04/13 11:35,0:05,サイボウズ（サイボウズOffice Eメール バックアップツール）での情報確認・処理 / サイボウズ（トップページ - サイボウズ Office - プロファイル 1 - Microsoft? Edge）での情報確認・処理 / サイボウズ（メール - サイボウズ Office - プロファイル 1 - Microsoft? Edge）での情報確認・処理 / サイボウズ（メール - サイボウズ...
2026/04/13 11:35,2026/04/13 11:35,0:05,Antigravityを用いた「システム開発・改善」の開発・相談
2026/04/13 11:35,2026/04/13 11:35,0:05,サイボウズ（サイボウズOffice Eメール バックアップツール）での情報確認・処理
2026/04/13 11:35,2026/04/13 11:35,0:05,Webサイト（フォルダーの選択）の閲覧・調査
2026/04/13 11:35,2026/04/13 11:35,0:05,サイボウズ（サイボウズOffice Eメール バックアップツール）での情報確認・処理
2026/04/13 11:35,2026/04/13 11:35,0:05,"Webサイト（data:, - プロファイル 1 - Microsoft? Edge）の閲覧・調査 / Webサイト（インフォメーション - プロファイル 1 - Microsoft? Edge）の閲覧・調査"
2026/04/13 11:35,2026/04/13 11:36,0:05,サイボウズ（サイボウズOffice Eメール バックアップツール）での情報確認・処理 / サイボウズ（トップページ - サイボウズ Office - プロファイル 1 - Microsoft? Edge）での情報確認・処理 / サイボウズ（メール - サイボウズ Office - プロファイル 1 - Microsoft? Edge）での情報確認・処理 / サイボウズ（メール - サイボウズ...
2026/04/13 11:36,2026/04/13 11:36,0:05,Antigravityを用いた「システム開発・改善」の開発・相談
2026/04/13 11:36,2026/04/13 11:36,0:05,サイボウズ（サイボウズOffice Eメール バックアップツール）での情報確認・処理
2026/04/13 11:36,2026/04/13 11:36,0:05,Webサイト（フォルダーの選択）の閲覧・調査
2026/04/13 11:36,2026/04/13 11:36,0:05,サイボウズ（サイボウズOffice Eメール バックアップツール）での情報確認・処理
2026/04/13 11:36,2026/04/13 11:36,0:05,"Webサイト（data:, - プロファイル 1 - Microsoft? Edge）の閲覧・調査"
2026/04/13 11:36,2026/04/13 11:36,0:05,サイボウズ（メール - サイボウズ Office）での情報確認・処理
2026/04/13 11:36,2026/04/13 11:36,0:05,Webサイト（インフォメーション - プロファイル 1 - Microsoft? Edge）の閲覧・調査
2026/04/13 11:36,2026/04/13 11:38,0:05,サイボウズ（サイボウズOffice Eメール バックアップツール）での情報確認・処理 / サイボウズ（トップページ - サイボウズ Office - プロファイル 1 - Microsoft? Edge）での情報確認・処理 / サイボウズ（メール - サイボウズ Office - プロファイル 1 - Microsoft? Edge）での情報確認・処理 / サイボウズ（メール - サイボウズ...
2026/04/13 11:38,2026/04/13 11:38,0:05,Antigravityを用いた「システム開発・改善」の開発・相談
2026/04/13 11:38,2026/04/13 11:38,0:05,サイボウズ（サイボウズOffice Eメール バックアップツール）での情報確認・処理 / サイボウズ（メール - サイボウズ Office）での情報確認・処理
2026/04/13 11:38,2026/04/13 11:38,0:05,Webサイト（フォルダーの選択）の閲覧・調査
2026/04/13 11:39,2026/04/13 11:39,0:05,サイボウズ（サイボウズOffice Eメール バックアップツール）での情報確認・処理
2026/04/13 11:39,2026/04/13 11:39,0:05,"Webサイト（data:, - プロファイル 1 - Microsoft? Edge）の閲覧・調査 / Webサイト（インフォメーション - プロファイル 1 - Microsoft? Edge）の閲覧・調査"
2026/04/13 11:39,2026/04/13 11:47,0:08,サイボウズ（サイボウズOffice Eメール バックアップツール）での情報確認・処理 / サイボウズ（トップページ - サイボウズ Office - プロファイル 1 - Microsoft? Edge）での情報確認・処理 / サイボウズ（ファイルの詳細 - サイボウズ Office および他 2 ページ）での情報確認・処理 / サイボウズ（ファイルの詳細 - サイボウズ Office）での...
2026/04/13 11:48,2026/04/13 11:48,0:05,Antigravityを用いた「システム開発・改善」の開発・相談
2026/04/13 11:48,2026/04/13 11:48,0:05,サイボウズ（サイボウズOffice Eメール バックアップツール）での情報確認・処理
2026/04/13 11:48,2026/04/13 11:48,0:05,Webサイト（フォルダーの選択）の閲覧・調査
2026/04/13 11:48,2026/04/13 11:48,0:05,サイボウズ（サイボウズOffice Eメール バックアップツール）での情報確認・処理
2026/04/13 11:48,2026/04/13 11:48,0:05,"Webサイト（data:, - プロファイル 1 - Microsoft? Edge）の閲覧・調査 / Webサイト（インフォメーション - プロファイル 1 - Microsoft? Edge）の閲覧・調査"
2026/04/13 11:48,2026/04/13 11:48,0:05,サイボウズ（サイボウズOffice Eメール バックアップツール）での情報確認・処理 / サイボウズ（トップページ - サイボウズ Office - プロファイル 1 - Microsoft? Edge）での情報確認・処理 / サイボウズ（メール - サイボウズ Office - プロファイル 1 - Microsoft? Edge）での情報確認・処理
2026/04/13 11:48,2026/04/13 11:48,0:05,Excelファイル（新規タスク記録表.xlsx）の入力・編集
2026/04/13 11:48,2026/04/13 11:48,0:05,サイボウズ（サイボウズOffice Eメール バックアップツール）での情報確認・処理
2026/04/13 11:49,2026/04/13 11:49,0:05,"Excelファイル（20260413_OA予備中古ノートPC2台購入_④稟議書（システム関連,社長決裁）20230701.xlsx）の入力・編集 / Excelファイル（新規タスク記録表.xlsx）の入力・編集"
2026/04/13 11:49,2026/04/13 11:49,0:05,サイボウズ（サイボウズOffice Eメール バックアップツール）での情報確認・処理 / サイボウズ（メール - サイボウズ Office）での情報確認・処理
2026/04/13 11:49,2026/04/13 11:49,0:05,Antigravityを用いた「システム開発・改善」の開発・相談
2026/04/13 11:49,2026/04/13 11:49,0:05,サイボウズ（サイボウズOffice Eメール バックアップツール）での情報確認・処理
2026/04/13 11:49,2026/04/13 11:49,0:05,Webサイト（フォルダーの選択）の閲覧・調査
2026/04/13 11:50,2026/04/13 11:50,0:05,サイボウズ（サイボウズOffice Eメール バックアップツール）での情報確認・処理
2026/04/13 11:50,2026/04/13 11:50,0:05,"Webサイト（data:, - プロファイル 1 - Microsoft? Edge）の閲覧・調査 / Webサイト（インフォメーション - プロファイル 1 - Microsoft? Edge）の閲覧・調査"
2026/04/13 11:50,2026/04/13 11:50,0:05,サイボウズ（サイボウズOffice Eメール バックアップツール）での情報確認・処理 / サイボウズ（トップページ - サイボウズ Office - プロファイル 1 - Microsoft? Edge）での情報確認・処理 / サイボウズ（メール - サイボウズ Office - プロファイル 1 - Microsoft? Edge）での情報確認・処理
2026/04/13 11:51,2026/04/13 11:51,0:05,"Excelファイル（20260413_OA予備中古ノートPC2台購入_④稟議書（システム関連,社長決裁）20230701.xlsx）の入力・編集"
2026/04/13 11:51,2026/04/13 11:51,0:05,Webサイト（Copilot）の閲覧・調査
2026/04/13 11:51,2026/04/13 11:51,0:05,"Excelファイル（20260413_OA予備中古ノートPC2台購入_④稟議書（システム関連,社長決裁）20230701.xlsx）の入力・編集"
2026/04/13 11:57,2026/04/13 11:58,0:05,サイボウズ（サイボウズOffice Eメール バックアップツール）での情報確認・処理 / サイボウズ（メール - サイボウズ Office）での情報確認・処理
2026/04/13 11:58,2026/04/13 11:58,0:05,Antigravityを用いた「システム開発・改善」の開発・相談
2026/04/13 11:58,2026/04/13 11:58,0:05,サイボウズ（サイボウズOffice Eメール バックアップツール）での情報確認・処理
2026/04/13 11:58,2026/04/13 11:58,0:05,Webサイト（フォルダーの選択）の閲覧・調査
2026/04/13 11:58,2026/04/13 11:58,0:05,サイボウズ（サイボウズOffice Eメール バックアップツール）での情報確認・処理
2026/04/13 11:58,2026/04/13 11:58,0:05,"Webサイト（data:, - プロファイル 1 - Microsoft? Edge）の閲覧・調査 / Webサイト（インフォメーション - プロファイル 1 - Microsoft? Edge）の閲覧・調査"
2026/04/13 11:58,2026/04/13 11:59,0:05,サイボウズ（サイボウズOffice Eメール バックアップツール）での情報確認・処理 / サイボウズ（トップページ - サイボウズ Office - プロファイル 1 - Microsoft? Edge）での情報確認・処理 / サイボウズ（メール - サイボウズ Office - プロファイル 1 - Microsoft? Edge）での情報確認・処理 / サイボウズ（メール - サイボウズ...
2026/04/13 11:59,2026/04/13 11:59,0:05,"Excelファイル（20260413_OA予備中古ノートPC2台購入_④稟議書（システム関連,社長決裁）20230701.xlsx）の入力・編集"
2026/04/13 12:05,2026/04/13 12:14,0:09,サイボウズ（サイボウズOffice Eメール バックアップツール）での情報確認・処理 / サイボウズ（メール - サイボウズ Office）での情報確認・処理
2026/04/13 12:14,2026/04/13 12:14,0:05,Webサイト（フォルダーの選択）の閲覧・調査
2026/04/13 12:14,2026/04/13 12:15,0:05,サイボウズ（サイボウズOffice Eメール バックアップツール）での情報確認・処理 / サイボウズ（メール - サイボウズ Office - プロファイル 1 - Microsoft? Edge）での情報確認・処理
2026/04/13 12:49,2026/04/13 12:50,0:05,サイボウズ（サイボウズOffice Eメール バックアップツール）での情報確認・処理 / サイボウズ（メール - サイボウズ Office）での情報確認・処理
2026/04/13 12:50,2026/04/13 12:50,0:05,Webサイト（フォルダーの選択）の閲覧・調査
2026/04/13 12:50,2026/04/13 12:50,0:05,サイボウズ（サイボウズOffice Eメール バックアップツール）での情報確認・処理 / サイボウズ（メール - サイボウズ Office）での情報確認・処理
2026/04/13 12:50,2026/04/13 12:50,0:05,Antigravityを用いた「システム開発・改善」の開発・相談
2026/04/13 12:50,2026/04/13 12:50,0:05,サイボウズ（サイボウズOffice Eメール バックアップツール）での情報確認・処理
2026/04/13 12:50,2026/04/13 12:50,0:05,Webサイト（フォルダーの選択）の閲覧・調査
2026/04/13 12:50,2026/04/13 12:50,0:05,サイボウズ（サイボウズOffice Eメール バックアップツール）での情報確認・処理
2026/04/13 12:50,2026/04/13 12:50,0:05,Webサイト（フォルダーの選択）の閲覧・調査
2026/04/13 12:50,2026/04/13 12:50,0:05,サイボウズ（サイボウズOffice Eメール バックアップツール）での情報確認・処理
2026/04/13 12:50,2026/04/13 12:51,0:05,"Webサイト（data:, - プロファイル 1 - Microsoft? Edge）の閲覧・調査 / Webサイト（インフォメーション - プロファイル 1 - Microsoft? Edge）の閲覧・調査"
2026/04/13 12:51,2026/04/13 12:53,0:05,サイボウズ（サイボウズOffice Eメール バックアップツール）での情報確認・処理 / サイボウズ（トップページ - サイボウズ Office - プロファイル 1 - Microsoft? Edge）での情報確認・処理 / サイボウズ（メール - サイボウズ Office - プロファイル 1 - Microsoft? Edge）での情報確認・処理 / サイボウズ（メール - サイボウズ...
2026/04/13 12:53,2026/04/13 12:53,0:05,Antigravityを用いた「システム開発・改善」の開発・相談
2026/04/13 12:53,2026/04/13 12:53,0:05,サイボウズ（サイボウズOffice Eメール バックアップツール）での情報確認・処理
2026/04/13 12:53,2026/04/13 12:53,0:05,Webサイト（フォルダーの選択）の閲覧・調査
2026/04/13 12:53,2026/04/13 12:53,0:05,サイボウズ（サイボウズOffice Eメール バックアップツール）での情報確認・処理
2026/04/13 12:53,2026/04/13 12:53,0:05,"Webサイト（data:, - プロファイル 1 - Microsoft? Edge）の閲覧・調査 / Webサイト（インフォメーション - プロファイル 1 - Microsoft? Edge）の閲覧・調査"
2026/04/13 12:53,2026/04/13 12:55,0:05,サイボウズ（サイボウズOffice Eメール バックアップツール）での情報確認・処理 / サイボウズ（デスクトップ\加藤さんTEST\9.フォーレスト規定関連\Eメール_メール - サイボウズ Office_抽出済み履歴.txt - サクラエディタ32bit 2.4.2.6048）での情報確認・処理 / サイボウズ（トップページ - サイボウズ Office - プロファイル 1 - Mic...
2026/04/13 12:55,2026/04/13 12:55,0:05,Antigravityを用いた「システム開発・改善」の開発・相談
2026/04/13 12:56,2026/04/13 12:56,0:05,サイボウズ（メール - サイボウズ Office）での情報確認・処理
2026/04/13 12:56,2026/04/13 12:56,0:05,Antigravityを用いた「システム開発・改善」の開発・相談
2026/04/13 13:02,2026/04/13 13:02,0:05,サイボウズ（サイボウズOffice Eメール バックアップツール）での情報確認・処理
2026/04/13 13:02,2026/04/13 13:02,0:05,Antigravityを用いた「システム開発・改善」の開発・相談
2026/04/13 13:05,2026/04/13 13:06,0:05,Webサイト（WindowsアプリやAIの活用法、最新ニュース - 窓の杜 および他 3 ページ）の閲覧・調査 / Webサイト（WindowsアプリやAIの活用法、最新ニュース - 窓の杜）の閲覧・調査 / Webサイト（bing.com/ck/a?!&&p=c5018430e0eac94378a6e00187068772fda75a6533c53a5c10467d7c4a1bc933Jm...
2026/04/13 13:07,2026/04/13 13:07,0:05,サイボウズ（メール - サイボウズ Office）での情報確認・処理
2026/04/13 13:07,2026/04/13 13:21,0:14,Webサイト（(538) Pinterest）の閲覧・調査 / Webサイト（192.169.5.5 - リモート デスクトップ接続）の閲覧・調査 / Webサイト（Adobe Acrobat Reader (32-bit)）の閲覧・調査 / Webサイト（Adobe Acrobat Reader Updater）の閲覧・調査 / Webサイト（Adobe Acrobat Reader につ...
2026/04/13 13:21,2026/04/13 13:21,0:05,Antigravityを用いた「システム開発・改善」の開発・相談
2026/04/13 13:21,2026/04/13 13:21,0:05,サイボウズ（サイボウズOffice Eメール バックアップツール）での情報確認・処理
2026/04/13 13:21,2026/04/13 13:21,0:05,Webサイト（フォルダーの選択）の閲覧・調査
2026/04/13 13:21,2026/04/13 13:21,0:05,Antigravityを用いた「システム開発・改善」の開発・相談
2026/04/13 13:22,2026/04/13 13:22,0:05,Webサイト（Gemini）の閲覧・調査
2026/04/13 13:24,2026/04/13 13:24,0:05,Antigravityを用いた「システム開発・改善」の開発・相談
2026/04/13 13:29,2026/04/13 13:29,0:05,Webサイト（Gemini）の閲覧・調査
2026/04/13 13:29,2026/04/13 13:29,0:05,サイボウズ（ファイルの詳細 - サイボウズ Office および他 2 ページ）での情報確認・処理
2026/04/13 13:29,2026/04/13 13:29,0:05,Webサイト（192.169.5.5 - リモート デスクトップ接続）の閲覧・調査
2026/04/13 13:34,2026/04/13 13:34,0:05,Antigravityを用いた「システム開発・改善」の開発・相談
2026/04/13 13:35,2026/04/13 13:35,0:05,Webサイト（192.169.5.5 - リモート デスクトップ接続）の閲覧・調査
2026/04/13 13:35,2026/04/13 13:35,0:05,Antigravityを用いた「システム開発・改善」の開発・相談
2026/04/13 13:35,2026/04/13 13:35,0:05,Webサイト（フォルダーの選択）の閲覧・調査
2026/04/13 13:35,2026/04/13 13:35,0:05,サイボウズ（サイボウズOffice Eメール バックアップツール）での情報確認・処理
2026/04/13 13:35,2026/04/13 13:35,0:05,Antigravityを用いた「システム開発・改善」の開発・相談
2026/04/13 13:35,2026/04/13 13:35,0:05,Webサイト（Adobe Acrobat Reader Updater）の閲覧・調査
2026/04/13 13:35,2026/04/13 13:35,0:05,Antigravityを用いた「システム開発・改善」の開発・相談
2026/04/13 13:35,2026/04/13 13:35,0:05,サイボウズ（ファイルの詳細 - サイボウズ Office および他 2 ページ）での情報確認・処理
2026/04/13 13:35,2026/04/13 13:35,0:05,Antigravityを用いた「システム開発・改善」の開発・相談
2026/04/13 13:35,2026/04/13 13:35,0:05,サイボウズ（メール - サイボウズ Office）での情報確認・処理
2026/04/13 13:35,2026/04/13 13:35,0:05,Antigravityを用いた「システム開発・改善」の開発・相談
2026/04/13 13:35,2026/04/13 13:35,0:05,サイボウズ（サイボウズOffice Eメール バックアップツール）での情報確認・処理
2026/04/13 13:36,2026/04/13 13:36,0:05,Webサイト（フォルダーの選択）の閲覧・調査
2026/04/13 13:36,2026/04/13 13:36,0:05,サイボウズ（サイボウズOffice Eメール バックアップツール）での情報確認・処理
2026/04/13 13:36,2026/04/13 13:36,0:05,"Webサイト（data:, - プロファイル 1 - Microsoft? Edge）の閲覧・調査 / Webサイト（インフォメーション - プロファイル 1 - Microsoft? Edge）の閲覧・調査"
2026/04/13 13:36,2026/04/13 13:38,0:05,サイボウズ（サイボウズOffice Eメール バックアップツール）での情報確認・処理 / サイボウズ（トップページ - サイボウズ Office - プロファイル 1 - Microsoft? Edge）での情報確認・処理 / サイボウズ（ファイルの詳細 - サイボウズ Office および他 2 ページ）での情報確認・処理 / サイボウズ（メッセージの送信 - サイボウズ Office お...
2026/04/13 13:38,2026/04/13 13:38,0:05,Webサイト（Gemini）の閲覧・調査
2026/04/13 13:39,2026/04/13 13:39,0:05,サイボウズ（サイボウズOffice Eメール バックアップツール）での情報確認・処理 / サイボウズ（メッセージの送信 - サイボウズ Office および他 2 ページ）での情報確認・処理
2026/04/13 13:40,2026/04/13 13:40,0:05,Webサイト（Gemini）の閲覧・調査
2026/04/13 13:40,2026/04/13 13:40,0:05,サイボウズ（メッセージの送信 - サイボウズ Office および他 2 ページ）での情報確認・処理
2026/04/13 13:41,2026/04/13 13:41,0:05,Webサイト（Gemini）の閲覧・調査
2026/04/13 13:41,2026/04/13 13:41,0:05,サイボウズ（メッセージの送信 - サイボウズ Office および他 2 ページ）での情報確認・処理
2026/04/13 13:42,2026/04/13 13:42,0:05,Webサイト（192.169.5.5 - リモート デスクトップ接続）の閲覧・調査
2026/04/13 13:42,2026/04/13 13:42,0:05,Antigravityを用いた「システム開発・改善」の開発・相談
2026/04/13 13:42,2026/04/13 13:42,0:05,Webサイト（192.169.5.5 - リモート デスクトップ接続）の閲覧・調査
2026/04/13 13:42,2026/04/13 13:42,0:05,メール（【転送】Fwd: 本日到着分です。）の閲覧・作成
2026/04/13 13:42,2026/04/13 13:42,0:05,Webサイト（Visual Studio Code）の閲覧・調査
2026/04/13 13:42,2026/04/13 13:42,0:05,メール（【転送】Fwd: 本日到着分です。）の閲覧・作成
2026/04/13 13:42,2026/04/13 13:42,0:05,Webサイト（192.169.5.5 - リモート デスクトップ接続）の閲覧・調査 / Webサイト（リモート デスクトップ接続）の閲覧・調査
2026/04/13 13:42,2026/04/13 13:42,0:05,メール（【転送】Fwd: 本日到着分です。）の閲覧・作成
2026/04/13 13:42,2026/04/13 13:42,0:05,サイボウズ（ToDoリスト（ToDo一覧） - サイボウズ Office - プロファイル 1 - Microsoft? Edge）での情報確認・処理 / サイボウズ（メッセージの送信 - サイボウズ Office および他 2 ページ）での情報確認・処理 / サイボウズ（メール - サイボウズ Office - プロファイル 1 - Microsoft? Edge）での情報確認・処理
2026/04/13 13:43,2026/04/13 13:43,0:05,メール（【転送】Fwd: 本日到着分です。）の閲覧・作成
2026/04/13 13:43,2026/04/13 13:43,0:05,サイボウズ（メッセージの送信 - サイボウズ Office および他 2 ページ）での情報確認・処理
2026/04/13 13:43,2026/04/13 13:43,0:05,Webサイト（Gemini）の閲覧・調査
2026/04/13 13:43,2026/04/13 13:43,0:05,サイボウズ（メッセージの送信 - サイボウズ Office および他 2 ページ）での情報確認・処理
2026/04/13 13:44,2026/04/13 13:47,0:05,"Excelファイル（20260413_OA予備中古ノートPC2台購入_④稟議書（システム関連,社長決裁）20230701.xlsx）の入力・編集 / Excelファイル（アプリケーション アプリ別(端末機一覧).csv）の入力・編集"
2026/04/13 13:47,2026/04/13 13:47,0:05,Webサイト（192.169.5.5 - リモート デスクトップ接続）の閲覧・調査 / Webサイト（リモート デスクトップ接続）の閲覧・調査
2026/04/13 13:52,2026/04/13 13:52,0:05,"Excelファイル（20260413_OA予備中古ノートPC2台購入_④稟議書（システム関連,社長決裁）20230701.xlsx）の入力・編集 / Excelファイル（アプリケーション アプリ別(端末機一覧).csv）の入力・編集"
2026/04/13 13:52,2026/04/13 13:52,0:05,Webサイト（192.169.5.5 - リモート デスクトップ接続）の閲覧・調査 / Webサイト（リモート デスクトップ接続）の閲覧・調査
2026/04/13 13:52,2026/04/13 13:52,0:05,Excelファイル（アプリケーション アプリ別(端末機一覧).csv）の入力・編集
2026/04/13 13:52,2026/04/13 13:52,0:05,サイボウズ（ToDoリスト（ToDo一覧） - サイボウズ Office - プロファイル 1 - Microsoft? Edge）での情報確認・処理 / サイボウズ（スケジュール（グループ週表示） - サイボウズ Office - プロファイル 1 - Microsoft? Edge）での情報確認・処理
2026/04/13 13:52,2026/04/13 13:54,0:05,Excelファイル（アプリケーション アプリ別(端末機一覧).csv）の入力・編集
2026/04/13 13:54,2026/04/13 13:54,0:05,サイボウズ（サイボウズOffice Eメール バックアップツール）での情報確認・処理 / サイボウズ（メッセージの送信 - サイボウズ Office および他 2 ページ）での情報確認・処理
2026/04/13 13:55,2026/04/13 13:55,0:05,Webサイト（bing.com/ck/a?!&&p=4a00c10498098bda5781e091c1e0264968f04cb37f5d06d9cd0a33ada23fa9baJmltdHM9MTc3NTk1MjAwMA&ptn=3&ver=2&hsh=4&fclid=0fbd22db-1478-6b06-2de6-346915206a63&psq=窓の杜+adobe&u=a1aHR0c...
2026/04/13 13:55,2026/04/13 13:55,0:05,Excelファイル（アプリケーション アプリ別(端末機一覧).csv）の入力・編集
2026/04/13 13:56,2026/04/13 13:58,0:05,Webサイト（192.169.5.5 - リモート デスクトップ接続）の閲覧・調査 / Webサイト（Gemini）の閲覧・調査 / Webサイト（「Adobe Acrobat Reader」に緊急のセキュリティ更新、一刻も早いアップデートを - 窓の杜 および他 4 ページ）の閲覧・調査 / Webサイト（リモート デスクトップ接続）の閲覧・調査
2026/04/13 13:58,2026/04/13 13:58,0:05,Excelファイル（アプリケーション アプリ別(端末機一覧).csv）の入力・編集
2026/04/13 13:58,2026/04/13 13:58,0:05,Webサイト（192.169.5.5 - リモート デスクトップ接続）の閲覧・調査
2026/04/13 13:59,2026/04/13 13:59,0:05,Excelファイル（アプリケーション アプリ別(端末機一覧).csv）の入力・編集 / Excelファイル（アプリケーション アプリ別(端末機一覧)2.csv）の入力・編集
2026/04/13 14:00,2026/04/13 14:02,0:05,Webサイト（192.169.5.5 - リモート デスクトップ接続）の閲覧・調査 / Webサイト（「Adobe Acrobat Reader」に緊急のセキュリティ更新、一刻も早いアップデートを - 窓の杜 および他 4 ページ）の閲覧・調査
2026/04/13 14:02,2026/04/13 14:02,0:05,サイボウズ（メッセージの送信 - サイボウズ Office および他 4 ページ）での情報確認・処理
2026/04/13 14:03,2026/04/13 14:03,0:05,Webサイト（Gemini）の閲覧・調査
2026/04/13 14:04,2026/04/13 14:04,0:05,サイボウズ（メッセージの送信 - サイボウズ Office および他 4 ページ）での情報確認・処理
2026/04/13 14:07,2026/04/13 14:07,0:05,Webサイト（「Adobe Acrobat Reader」に緊急のセキュリティ更新、一刻も早いアップデートを - 窓の杜 および他 4 ページ）の閲覧・調査
2026/04/13 14:08,2026/04/13 14:08,0:05,サイボウズ（メッセージの送信 - サイボウズ Office および他 4 ページ）での情報確認・処理
2026/04/13 14:15,2026/04/13 14:15,0:05,サイボウズ（メッセージの送信 - サイボウズ Office および他 4 ページ）での情報確認・処理 / スタート
2026/04/13 14:16,2026/04/13 14:16,0:05,Webサイト（Adobe Acrobat Reader (32-bit)）の閲覧・調査
2026/04/13 14:16,2026/04/13 14:16,0:05,サイボウズ（メッセージの送信 - サイボウズ Office および他 4 ページ）での情報確認・処理
2026/04/13 14:16,2026/04/13 14:17,0:05,Webサイト（Adobe Acrobat Reader (32-bit)）の閲覧・調査
2026/04/13 14:17,2026/04/13 14:17,0:05,サイボウズ（メッセージの送信 - サイボウズ Office および他 4 ページ）での情報確認・処理
2026/04/13 14:18,2026/04/13 14:18,0:05,Webサイト（Adobe Acrobat Reader (32-bit)）の閲覧・調査 / Webサイト（Adobe Acrobat Reader Updater）の閲覧・調査
2026/04/13 14:18,2026/04/13 14:18,0:05,サイボウズ（メッセージの送信 - サイボウズ Office および他 4 ページ）での情報確認・処理
2026/04/13 14:18,2026/04/13 14:18,0:05,Webサイト（Adobe Acrobat Reader Updater）の閲覧・調査
2026/04/13 14:18,2026/04/13 14:18,0:05,サイボウズ（メッセージの送信 - サイボウズ Office および他 4 ページ）での情報確認・処理
2026/04/13 14:18,2026/04/13 14:18,0:05,Webサイト（Adobe Acrobat Reader (32-bit)）の閲覧・調査
2026/04/13 14:19,2026/04/13 14:19,0:05,サイボウズ（メッセージの送信 - サイボウズ Office および他 4 ページ）での情報確認・処理
2026/04/13 14:19,2026/04/13 14:19,0:05,Webサイト（Adobe Acrobat Reader (32-bit)）の閲覧・調査 / Webサイト（Adobe Acrobat Reader ラーニングとサポート および他 5 ページ）の閲覧・調査 / Webサイト（Adobe Acrobat Reader ラーニングとサポート）の閲覧・調査 / Webサイト（「Adobe Acrobat Reader」に緊急のセキュリティ更新、一刻...
2026/04/13 14:19,2026/04/13 14:19,0:05,サイボウズ（メール - サイボウズ Office）での情報確認・処理
2026/04/13 14:19,2026/04/13 14:19,0:05,Webサイト（Adobe Acrobat Reader (32-bit)）の閲覧・調査 / Webサイト（Adobe Acrobat Reader Updater）の閲覧・調査
2026/04/13 14:20,2026/04/13 14:20,0:05,サイボウズ（スケジュール（グループ週表示） - サイボウズ Office - プロファイル 1 - Microsoft? Edge）での情報確認・処理
2026/04/13 14:20,2026/04/13 14:20,0:05,Webサイト（Adobe Acrobat Reader ラーニングとサポート および他 5 ページ）の閲覧・調査
2026/04/13 14:20,2026/04/13 14:22,0:05,サイボウズ（メッセージの変更（標題・本文） - サイボウズ Office および他 5 ページ）での情報確認・処理 / サイボウズ（メッセージの変更（標題・本文） - サイボウズ Office）での情報確認・処理 / サイボウズ（メッセージの詳細 - サイボウズ Office および他 5 ページ）での情報確認・処理 / サイボウズ（メッセージの詳細 - サイボウズ Office）での情報確...
2026/04/13 14:25,2026/04/13 14:25,0:05,Webサイト（192.169.5.5 - リモート デスクトップ接続）の閲覧・調査
2026/04/13 14:33,2026/04/13 14:33,0:05,サイボウズ（メッセージの詳細 - サイボウズ Office および他 5 ページ）での情報確認・処理
2026/04/13 14:33,2026/04/13 14:46,0:13,Webサイト（192.169.5.5 - リモート デスクトップ接続）の閲覧・調査 / Webサイト（Gemini）の閲覧・調査
2026/04/13 14:46,2026/04/13 14:47,0:05,サイボウズ（スケジュール（グループ週表示） - サイボウズ Office および他 5 ページ）での情報確認・処理 / サイボウズ（スケジュール（グループ週表示） - サイボウズ Office）での情報確認・処理 / サイボウズ（メッセージの詳細 - サイボウズ Office および他 5 ページ）での情報確認・処理 / サイボウズ（メッセージの詳細 - サイボウズ Office）での情報確...
2026/04/13 14:47,2026/04/13 14:47,0:05,Webサイト（Gemini）の閲覧・調査
2026/04/13 14:48,2026/04/13 14:48,0:05,サイボウズ（サイボウズOffice Eメール バックアップツール）での情報確認・処理
2026/04/13 14:48,2026/04/13 14:48,0:05,Antigravityを用いた「システム開発・改善」の開発・相談
2026/04/13 14:49,2026/04/13 14:52,0:05,サイボウズ（forestway.cybozu.com/o/ag.cgi?page=MailIndex&fid=inbox）での情報確認・処理 / サイボウズ（forestway.cybozu.com/o/ag.cgi?page=MailIndex&fid=sent）での情報確認・処理 / サイボウズ（forestway.cybozu.com/o/ag.cgi?page=MailIndex&f...
2026/04/13 14:52,2026/04/13 14:52,0:05,Antigravityを用いた「システム開発・改善」の開発・相談
2026/04/13 14:52,2026/04/13 14:52,0:05,サイボウズ（メール - サイボウズ Office）での情報確認・処理
2026/04/13 14:52,2026/04/13 14:52,0:05,Antigravityを用いた「システム開発・改善」の開発・相談
2026/04/13 14:52,2026/04/13 14:52,0:05,サイボウズ（メール - サイボウズ Office）での情報確認・処理
2026/04/13 14:53,2026/04/13 14:53,0:05,Antigravityを用いた「システム開発・改善」の開発・相談
2026/04/13 14:53,2026/04/13 14:53,0:05,サイボウズ（メール - サイボウズ Office）での情報確認・処理
2026/04/13 14:53,2026/04/13 14:53,0:05,Antigravityを用いた「システム開発・改善」の開発・相談
2026/04/13 14:54,2026/04/13 14:54,0:05,サイボウズ（メール - サイボウズ Office）での情報確認・処理
2026/04/13 14:54,2026/04/13 14:54,0:05,Antigravityを用いた「システム開発・改善」の開発・相談
2026/04/13 14:57,2026/04/13 14:57,0:05,サイボウズ（サイボウズOffice Eメール バックアップツール）での情報確認・処理
2026/04/13 14:57,2026/04/13 14:57,0:05,Antigravityを用いた「システム開発・改善」の開発・相談
2026/04/13 14:57,2026/04/13 14:59,0:05,Webサイト（192.169.5.5 - リモート デスクトップ接続）の閲覧・調査 / Webサイト（Gemini）の閲覧・調査
2026/04/13 15:00,2026/04/13 15:00,0:05,サイボウズ（メール - サイボウズ Office）での情報確認・処理
2026/04/13 15:00,2026/04/13 15:03,0:05,Webサイト（192.169.5.5 - リモート デスクトップ接続）の閲覧・調査 / Webサイト（192.169.5.5 に接続中）の閲覧・調査 / Webサイト（リモート デスクトップ接続）の閲覧・調査
2026/04/13 15:03,2026/04/13 15:05,0:05,メール（2.システム運営課）の閲覧・作成 / メール（3.Webミーティング）の閲覧・作成 / メール（t_ito@forest.co.jp）の閲覧・作成 / メール（【転送】Fwd: 本日到着分です。）の閲覧・作成 / メール（すべてのメール）の閲覧・作成 / メール（受信トレイ）の閲覧・作成
2026/04/13 15:05,2026/04/13 15:05,0:05,Webサイト（Google Chrome のジャンプ リスト）の閲覧・調査
2026/04/13 15:05,2026/04/13 15:05,0:05,メール（3.Webミーティング）の閲覧・作成
2026/04/13 15:05,2026/04/13 15:05,0:05,サイボウズ（メール - サイボウズ Office）での情報確認・処理
2026/04/13 15:05,2026/04/13 15:05,0:05,Webサイト（CS Improvement Project Meeting Coordination - NotebookLM）の閲覧・調査 / Webサイト（Google Chrome のジャンプ リスト）の閲覧・調査 / Webサイト（【開発受付一覧 - システム部_システム運営課】 - Google スプレッドシート）の閲覧・調査 / Webサイト（健人 - Chrome のジャンプ ...
2026/04/13 15:05,2026/04/13 15:05,0:05,Antigravityを用いた「システム開発・改善」の開発・相談
2026/04/13 15:05,2026/04/13 15:05,0:05,メール（更新登録申請のご案内(多区分)_弊所管理番号：M2008-055）の閲覧・作成
2026/04/13 15:05,2026/04/13 15:05,0:05,Webサイト（【開発受付一覧 - システム部_システム運営課】 - Google スプレッドシート）の閲覧・調査
2026/04/13 15:05,2026/04/13 15:06,0:05,"メール（フォーレスト株式会社 メール）の閲覧・作成 / メール（受信トレイ (11,241)）の閲覧・作成 / メール（進行中: isobe@forest.co.jp さんが、ビデオ通話にあなたを招待しています）の閲覧・作成"
2026/04/13 15:06,2026/04/13 15:06,0:05,Webサイト（meet.google.com/nym-rxiu-wjp?hs=151）の閲覧・調査
2026/04/13 15:06,2026/04/13 15:09,0:05,Meet / Meet - Google Chrome / Webサイト（192.169.5.5 - リモート デスクトップ接続）の閲覧・調査 / Webサイト（Adobe Acrobat Reader Updater）の閲覧・調査 / Webサイト（Meet - nym-rxiu-wjp）の閲覧・調査 / Webサイト（meet.google.com が次の許可を求めています）の閲覧・調査...
2026/04/13 15:09,2026/04/13 15:10,0:05,Excelファイル（アプリケーション アプリ別(アプリ一覧)DC.csv）の入力・編集 / Excelファイル（アプリケーション アプリ別(端末機一覧).csv）の入力・編集
2026/04/13 15:10,2026/04/13 15:10,0:05,Webサイト（Meet - nym-rxiu-wjp）の閲覧・調査
2026/04/13 15:11,2026/04/13 15:12,0:05,Excelファイル（アプリケーション アプリ別(アプリ一覧)DC.csv）の入力・編集 / Excelファイル（アプリケーション アプリ別(端末機一覧).csv）の入力・編集
2026/04/13 15:12,2026/04/13 15:12,0:05,Webサイト（Microsoft Excel）の閲覧・調査
2026/04/13 15:12,2026/04/13 15:12,0:05,Excelファイル（アプリケーション アプリ別(アプリ一覧).csv）の入力・編集 / Excelファイル（アプリケーション アプリ別(アプリ一覧)DC.csv）の入力・編集 / Excelファイル（アプリケーション アプリ別(端末機一覧).csv）の入力・編集
2026/04/13 15:13,2026/04/13 15:13,0:05,Webサイト（Microsoft Excel）の閲覧・調査
2026/04/13 15:13,2026/04/13 15:14,0:05,Excelファイル（アプリケーション アプリ別(アプリ一覧).csv）の入力・編集 / Excelファイル（アプリケーション アプリ別(アプリ一覧)DC.csv）の入力・編集
2026/04/13 15:14,2026/04/13 15:14,0:05,Webサイト（Microsoft Excel）の閲覧・調査
2026/04/13 15:14,2026/04/13 15:14,0:05,Excelファイル（アプリケーション アプリ別(アプリ一覧)DC.csv）の入力・編集 / Excelファイル（アプリケーション アプリ別(端末機一覧).csv）の入力・編集
2026/04/13 15:14,2026/04/13 15:14,0:05,Webサイト（Meet - nym-rxiu-wjp）の閲覧・調査
2026/04/13 15:14,2026/04/13 15:14,0:05,Excelファイル（アプリケーション アプリ別(端末機一覧).csv）の入力・編集
2026/04/13 15:14,2026/04/13 15:14,0:05,Webサイト（192.169.5.5 - リモート デスクトップ接続）の閲覧・調査
2026/04/13 15:18,2026/04/13 15:19,0:05,Excelファイル（アプリケーション アプリ別(端末機一覧)2.csv）の入力・編集 / Excelファイル（アプリケーション アプリ別(端末機一覧)Acrobat.csv）の入力・編集 / Excelファイル（アプリケーション アプリ別(端末機一覧)AcrobatDC.csv）の入力・編集
2026/04/13 15:19,2026/04/13 15:19,0:05,Webサイト（Microsoft Excel）の閲覧・調査
2026/04/13 15:19,2026/04/13 15:19,0:05,Excelファイル（アプリケーション アプリ別(端末機一覧)Acrobat.csv）の入力・編集
2026/04/13 15:19,2026/04/13 15:19,0:05,Webサイト（Microsoft Excel）の閲覧・調査
2026/04/13 15:19,2026/04/13 15:22,0:05,Excelファイル（アプリケーション アプリ別(端末機一覧)2.csv）の入力・編集 / Excelファイル（アプリケーション アプリ別(端末機一覧)Acrobat.csv）の入力・編集 / Excelファイル（アプリケーション アプリ別(端末機一覧)AcrobatDC.csv）の入力・編集
2026/04/13 15:23,2026/04/13 15:41,0:17,Webサイト（192.169.5.5 - リモート デスクトップ接続）の閲覧・調査 / Webサイト（Book1 - Excel）の閲覧・調査 / Webサイト（Excel のジャンプ リスト）の閲覧・調査 / Webサイト（Meet - nym-rxiu-wjp）の閲覧・調査 / Webサイト（リモート デスクトップ接続）の閲覧・調査 / Webサイト（健人 - Chrome のジャンプ ...
2026/04/13 15:41,2026/04/13 15:41,0:05,Antigravityを用いた「システム開発・改善」の開発・相談
2026/04/13 15:41,2026/04/13 15:41,0:05,サイボウズ（サイボウズOffice Eメール バックアップツール）での情報確認・処理
2026/04/13 15:42,2026/04/13 15:42,0:05,Webサイト（フォルダーの選択）の閲覧・調査
2026/04/13 15:42,2026/04/13 15:42,0:05,0% 完了 / Webサイト（11% 完了）の閲覧・調査 / Webサイト（66% 完了）の閲覧・調査 / Webサイト（98% 完了）の閲覧・調査 / Webサイト（フォルダーの選択）の閲覧・調査
2026/04/13 15:42,2026/04/13 15:42,0:05,Webサイト（フォルダーの選択）の閲覧・調査 / Webサイト（項目が見つかりません）の閲覧・調査 / 進行状況
2026/04/13 15:42,2026/04/13 15:42,0:05,サイボウズ（サイボウズOffice Eメール バックアップツール (応答なし)）での情報確認・処理 / サイボウズ（サイボウズOffice Eメール バックアップツール）での情報確認・処理
2026/04/13 15:42,2026/04/13 15:42,0:05,Webサイト（フォルダーの選択）の閲覧・調査
2026/04/13 15:42,2026/04/13 15:42,0:05,サイボウズ（サイボウズOffice Eメール バックアップツール）での情報確認・処理
2026/04/13 15:43,2026/04/13 15:43,0:05,"Webサイト（data:, - プロファイル 1 - Microsoft? Edge）の閲覧・調査 / Webサイト（インフォメーション - プロファイル 1 - Microsoft? Edge）の閲覧・調査"
2026/04/13 15:43,2026/04/13 15:44,0:05,サイボウズ（サイボウズOffice Eメール バックアップツール）での情報確認・処理 / サイボウズ（トップページ - サイボウズ Office - プロファイル 1 - Microsoft? Edge）での情報確認・処理 / サイボウズ（メッセージの詳細 - サイボウズ Office および他 5 ページ）での情報確認・処理 / サイボウズ（メッセージの詳細 - サイボウズ Office）...
2026/04/13 15:44,2026/04/13 15:45,0:05,"Excelファイル（2025年度下期_業績評価シート【3068伊藤健人】.xlsx ）の入力・編集 / Excelファイル（20260413_OA予備中古ノートPC2台購入_④稟議書（システム関連,社長決裁）20230701.xlsx）の入力・編集"
2026/04/13 15:45,2026/04/13 15:45,0:05,サイボウズ（メッセージの詳細 - サイボウズ Office および他 5 ページ）での情報確認・処理
2026/04/13 15:45,2026/04/13 15:45,0:05,Antigravityを用いた「システム開発・改善」の開発・相談
2026/04/13 15:45,2026/04/13 15:45,0:05,サイボウズ（メッセージの詳細 - サイボウズ Office および他 5 ページ）での情報確認・処理 / サイボウズ（個人フォルダ - サイボウズ Office および他 5 ページ）での情報確認・処理 / サイボウズ（個人フォルダ - サイボウズ Office）での情報確認・処理
2026/04/13 15:45,2026/04/13 15:46,0:05,メール（1.システム部（福岡））の閲覧・作成 / メール（3.Webミーティング）の閲覧・作成 / メール（受信トレイ）の閲覧・作成
2026/04/13 15:46,2026/04/13 15:46,0:05,Webサイト（Google Meet）の閲覧・調査
2026/04/13 15:46,2026/04/13 15:46,0:05,メール（Re: 【重要】「ギガファイル便」の利用禁止措置と各社でのアクセスブロック実施のお願い）の閲覧・作成 / メール（ホーム）の閲覧・作成
2026/04/13 15:46,2026/04/13 15:47,0:05,サイボウズ（サイボウズOffice Eメール バックアップツール）での情報確認・処理 / サイボウズ（メッセージの詳細 - サイボウズ Office および他 5 ページ）での情報確認・処理 / サイボウズ（メッセージの詳細 - サイボウズ Office）での情報確認・処理 / サイボウズ（個人フォルダ - サイボウズ Office および他 5 ページ）での情報確認・処理 / サイボウズ（...
2026/04/13 15:50,2026/04/13 15:50,0:05,Antigravityを用いた「システム開発・改善」の開発・相談
2026/04/13 15:52,2026/04/13 15:52,0:05,サイボウズ（メール - サイボウズ Office）での情報確認・処理
2026/04/13 15:54,2026/04/13 15:54,0:05,Antigravityを用いた「システム開発・改善」の開発・相談
2026/04/13 15:55,2026/04/13 15:55,0:05,サイボウズ（メール - サイボウズ Office）での情報確認・処理
2026/04/13 15:58,2026/04/13 15:58,0:05,Antigravityを用いた「システム開発・改善」の開発・相談
2026/04/13 15:59,2026/04/13 15:59,0:05,サイボウズ（メール - サイボウズ Office）での情報確認・処理
2026/04/13 15:59,2026/04/13 15:59,0:05,Antigravityを用いた「システム開発・改善」の開発・相談
2026/04/13 16:00,2026/04/13 16:00,0:05,サイボウズ（メール - サイボウズ Office）での情報確認・処理
2026/04/13 16:00,2026/04/13 16:00,0:05,Antigravityを用いた「システム開発・改善」の開発・相談
2026/04/13 16:00,2026/04/13 16:00,0:05,サイボウズ（メール - サイボウズ Office）での情報確認・処理
2026/04/13 16:00,2026/04/13 16:00,0:05,Antigravityを用いた「システム開発・改善」の開発・相談
2026/04/13 16:00,2026/04/13 16:00,0:05,サイボウズ（メール - サイボウズ Office）での情報確認・処理
2026/04/13 16:00,2026/04/13 16:00,0:05,Antigravityを用いた「システム開発・改善」の開発・相談
2026/04/13 16:00,2026/04/13 16:00,0:05,サイボウズ（メール - サイボウズ Office）での情報確認・処理
2026/04/13 16:00,2026/04/13 16:00,0:05,Antigravityを用いた「システム開発・改善」の開発・相談
2026/04/13 16:01,2026/04/13 16:01,0:05,サイボウズ（メール - サイボウズ Office）での情報確認・処理
2026/04/13 16:01,2026/04/13 16:01,0:05,Antigravityを用いた「システム開発・改善」の開発・相談
2026/04/13 16:01,2026/04/13 16:01,0:05,サイボウズ（メール - サイボウズ Office）での情報確認・処理
2026/04/13 16:01,2026/04/13 16:01,0:05,Antigravityを用いた「システム開発・改善」の開発・相談
2026/04/13 16:06,2026/04/13 16:06,0:05,サイボウズ（サイボウズOffice Eメール バックアップツール）での情報確認・処理
2026/04/13 16:07,2026/04/13 16:07,0:05,Antigravityを用いた「システム開発・改善」の開発・相談
2026/04/13 16:07,2026/04/13 16:07,0:05,サイボウズ（Cybozu Email Exporter - Mirror Edition）での情報確認・処理
2026/04/13 16:07,2026/04/13 16:07,0:05,Webサイト（フォルダーの選択）の閲覧・調査
2026/04/13 16:07,2026/04/13 16:07,0:05,サイボウズ（Cybozu Email Exporter - Mirror Edition）での情報確認・処理
2026/04/13 16:07,2026/04/13 16:07,0:05,"Webサイト（data:, - プロファイル 1 - Microsoft? Edge）の閲覧・調査 / Webサイト（インフォメーション - プロファイル 1 - Microsoft? Edge）の閲覧・調査"
2026/04/13 16:07,2026/04/13 16:08,0:05,サイボウズ（Cybozu Email Exporter - Mirror Edition）での情報確認・処理 / サイボウズ（トップページ - サイボウズ Office - プロファイル 1 - Microsoft? Edge）での情報確認・処理 / サイボウズ（メール - サイボウズ Office - プロファイル 1 - Microsoft? Edge）での情報確認・処理 / サイボウズ...
2026/04/13 16:08,2026/04/13 16:08,0:05,Antigravityを用いた「システム開発・改善」の開発・相談
2026/04/13 16:08,2026/04/13 16:08,0:05,サイボウズ（Cybozu Email Exporter - Mirror Edition）での情報確認・処理
2026/04/13 16:08,2026/04/13 16:08,0:05,Webサイト（フォルダーの選択）の閲覧・調査
2026/04/13 16:08,2026/04/13 16:08,0:05,サイボウズ（Cybozu Email Exporter - Mirror Edition）での情報確認・処理
2026/04/13 16:08,2026/04/13 16:08,0:05,"Webサイト（data:, - プロファイル 1 - Microsoft? Edge）の閲覧・調査 / Webサイト（インフォメーション - プロファイル 1 - Microsoft? Edge）の閲覧・調査"
2026/04/13 16:08,2026/04/13 16:08,0:05,サイボウズ（Cybozu Email Exporter - Mirror Edition）での情報確認・処理 / サイボウズ（トップページ - サイボウズ Office - プロファイル 1 - Microsoft? Edge）での情報確認・処理 / サイボウズ（メール - サイボウズ Office - プロファイル 1 - Microsoft? Edge）での情報確認・処理
2026/04/13 16:09,2026/04/13 16:09,0:05,Antigravityを用いた「システム開発・改善」の開発・相談
2026/04/13 16:09,2026/04/13 16:09,0:05,サイボウズ（Cybozu Email Exporter - Mirror Edition）での情報確認・処理
2026/04/13 16:09,2026/04/13 16:09,0:05,Antigravityを用いた「システム開発・改善」の開発・相談
2026/04/13 16:10,2026/04/13 16:10,0:05,サイボウズ（Cybozu Email Exporter - Mirror Edition V3.1）での情報確認・処理
2026/04/13 16:10,2026/04/13 16:10,0:05,Webサイト（フォルダーの選択）の閲覧・調査
2026/04/13 16:11,2026/04/13 16:11,0:05,サイボウズ（Cybozu Email Exporter - Mirror Edition V3.1）での情報確認・処理
2026/04/13 16:11,2026/04/13 16:11,0:05,"Webサイト（data:, - プロファイル 1 - Microsoft? Edge）の閲覧・調査 / Webサイト（インフォメーション - プロファイル 1 - Microsoft? Edge）の閲覧・調査"
2026/04/13 16:11,2026/04/13 16:14,0:05,サイボウズ（Cybozu Email Exporter - Mirror Edition V3.1）での情報確認・処理 / サイボウズ（トップページ - サイボウズ Office - プロファイル 1 - Microsoft? Edge）での情報確認・処理 / サイボウズ（メール - サイボウズ Office - プロファイル 1 - Microsoft? Edge）での情報確認・処理 / ...
2026/04/13 16:14,2026/04/13 16:14,0:05,Antigravityを用いた「システム開発・改善」の開発・相談
2026/04/13 16:14,2026/04/13 16:14,0:05,サイボウズ（メール - サイボウズ Office - プロファイル 1 - Microsoft? Edge）での情報確認・処理
2026/04/13 16:15,2026/04/13 16:15,0:05,Antigravityを用いた「システム開発・改善」の開発・相談
2026/04/13 16:15,2026/04/13 16:15,0:05,サイボウズ（メール - サイボウズ Office - プロファイル 1 - Microsoft? Edge）での情報確認・処理
2026/04/13 16:15,2026/04/13 16:15,0:05,Antigravityを用いた「システム開発・改善」の開発・相談
2026/04/13 16:17,2026/04/13 16:17,0:05,サイボウズ（メール - サイボウズ Office - プロファイル 1 - Microsoft? Edge）での情報確認・処理
2026/04/13 16:17,2026/04/13 16:17,0:05,Antigravityを用いた「システム開発・改善」の開発・相談
2026/04/13 16:17,2026/04/13 16:17,0:05,サイボウズ（Cybozu Email Exporter - Mirror Edition V3.1）での情報確認・処理
2026/04/13 16:17,2026/04/13 16:17,0:05,Antigravityを用いた「システム開発・改善」の開発・相談
2026/04/13 16:17,2026/04/13 16:17,0:05,サイボウズ（Cybozu Exporter - TreeView Edition V3.2）での情報確認・処理
2026/04/13 16:17,2026/04/13 16:17,0:05,Webサイト（フォルダーの選択）の閲覧・調査
2026/04/13 16:17,2026/04/13 16:17,0:05,サイボウズ（Cybozu Exporter - TreeView Edition V3.2）での情報確認・処理
2026/04/13 16:17,2026/04/13 16:18,0:05,"Webサイト（data:, - プロファイル 1 - Microsoft? Edge）の閲覧・調査 / Webサイト（インフォメーション - プロファイル 1 - Microsoft? Edge）の閲覧・調査"
2026/04/13 16:18,2026/04/13 16:21,0:05,サイボウズ（Cybozu Exporter - TreeView Edition V3.2）での情報確認・処理 / サイボウズ（forestway.cybozu.com/o/ag.cgi?page=MailIndex&fid=39085）での情報確認・処理 / サイボウズ（forestway.cybozu.com/o/ag.cgi?page=MailIndex&fid=inbox）での情報確...
2026/04/13 16:22,2026/04/13 16:22,0:05,Webサイト（デスクトップ\...\個別(オリジナル)\202167月_1849_： ＿岡村浩司＿_フォーレスト定時株主総会、取締役会のご案内.txt - サクラエディタ32bit 2.4.2.6048）の閲覧・調査
2026/04/13 16:22,2026/04/13 16:22,0:05,サイボウズ（Cybozu Exporter - TreeView Edition V3.2）での情報確認・処理
2026/04/13 16:23,2026/04/13 16:23,0:05,Antigravityを用いた「システム開発・改善」の開発・相談
2026/04/13 16:28,2026/04/13 16:28,0:05,サイボウズ（メール - サイボウズ Office）での情報確認・処理
2026/04/13 16:29,2026/04/13 16:29,0:05,Antigravityを用いた「システム開発・改善」の開発・相談
2026/04/13 16:29,2026/04/13 16:29,0:05,サイボウズ（メール - サイボウズ Office）での情報確認・処理
2026/04/13 16:29,2026/04/13 16:29,0:05,Antigravityを用いた「システム開発・改善」の開発・相談
2026/04/13 16:29,2026/04/13 16:29,0:05,サイボウズ（メール - サイボウズ Office）での情報確認・処理
2026/04/13 16:29,2026/04/13 16:29,0:05,Antigravityを用いた「システム開発・改善」の開発・相談
2026/04/13 16:29,2026/04/13 16:29,0:05,サイボウズ（メール - サイボウズ Office）での情報確認・処理
2026/04/13 16:29,2026/04/13 16:30,0:05,Antigravityを用いた「システム開発・改善」の開発・相談
2026/04/13 16:31,2026/04/13 16:31,0:05,サイボウズ（メール - サイボウズ Office）での情報確認・処理
2026/04/13 16:31,2026/04/13 16:31,0:05,Antigravityを用いた「システム開発・改善」の開発・相談
2026/04/13 16:32,2026/04/13 16:32,0:05,サイボウズ（メール - サイボウズ Office）での情報確認・処理
2026/04/13 16:32,2026/04/13 16:32,0:05,Antigravityを用いた「システム開発・改善」の開発・相談
2026/04/13 16:32,2026/04/13 16:32,0:05,サイボウズ（Cybozu Exporter - TreeView Edition V3.2）での情報確認・処理
2026/04/13 16:32,2026/04/13 16:32,0:05,Antigravityを用いた「システム開発・改善」の開発・相談
2026/04/13 16:35,2026/04/13 16:35,0:05,サイボウズ（Cybozu Exporter - Dynamic Numbering V3.8）での情報確認・処理
2026/04/13 16:35,2026/04/13 16:35,0:05,Webサイト（フォルダーの選択）の閲覧・調査
2026/04/13 16:35,2026/04/13 16:35,0:05,サイボウズ（Cybozu Exporter - Dynamic Numbering V3.8）での情報確認・処理
2026/04/13 16:35,2026/04/13 16:35,0:05,"Webサイト（data:, - プロファイル 1 - Microsoft? Edge）の閲覧・調査 / Webサイト（インフォメーション - プロファイル 1 - Microsoft? Edge）の閲覧・調査"
2026/04/13 16:35,2026/04/13 16:35,0:05,サイボウズ（Cybozu Exporter - Dynamic Numbering V3.8）での情報確認・処理 / サイボウズ（トップページ - サイボウズ Office - プロファイル 1 - Microsoft? Edge）での情報確認・処理 / サイボウズ（メール - サイボウズ Office - プロファイル 1 - Microsoft? Edge）での情報確認・処理
2026/04/13 16:35,2026/04/13 16:35,0:05,Antigravityを用いた「システム開発・改善」の開発・相談
2026/04/13 16:42,2026/04/13 16:42,0:05,サイボウズ（Cybozu Exporter - Dynamic Numbering V3.8）での情報確認・処理
2026/04/13 16:42,2026/04/13 16:42,0:05,Antigravityを用いた「システム開発・改善」の開発・相談
2026/04/13 16:42,2026/04/13 16:42,0:05,サイボウズ（Cybozu Exporter - Robust Logic V3.9）での情報確認・処理
2026/04/13 16:42,2026/04/13 16:42,0:05,Webサイト（フォルダーの選択）の閲覧・調査
2026/04/13 16:42,2026/04/13 16:42,0:05,サイボウズ（Cybozu Exporter - Robust Logic V3.9）での情報確認・処理
2026/04/13 16:42,2026/04/13 16:43,0:05,"Webサイト（data:, - プロファイル 1 - Microsoft? Edge）の閲覧・調査 / Webサイト（インフォメーション - プロファイル 1 - Microsoft? Edge）の閲覧・調査"
2026/04/13 16:43,2026/04/13 16:43,0:05,サイボウズ（Cybozu Exporter - Robust Logic V3.9）での情報確認・処理 / サイボウズ（トップページ - サイボウズ Office - プロファイル 1 - Microsoft? Edge）での情報確認・処理 / サイボウズ（メール - サイボウズ Office - プロファイル 1 - Microsoft? Edge）での情報確認・処理 / サイボウズ（メー...
2026/04/13 16:44,2026/04/13 16:44,0:05,Antigravityを用いた「システム開発・改善」の開発・相談
2026/04/13 16:46,2026/04/13 16:46,0:05,サイボウズ（Cybozu Exporter - Robust Logic V3.9）での情報確認・処理
2026/04/13 16:46,2026/04/13 16:46,0:05,Antigravityを用いた「システム開発・改善」の開発・相談
2026/04/13 16:46,2026/04/13 16:46,0:05,サイボウズ（Cybozu Exporter - Zero Leak Edition V4.0）での情報確認・処理
2026/04/13 16:46,2026/04/13 16:46,0:05,Webサイト（フォルダーの選択）の閲覧・調査
2026/04/13 16:46,2026/04/13 16:46,0:05,サイボウズ（Cybozu Exporter - Zero Leak Edition V4.0）での情報確認・処理
2026/04/13 16:46,2026/04/13 16:46,0:05,"Webサイト（data:, - プロファイル 1 - Microsoft? Edge）の閲覧・調査 / Webサイト（インフォメーション - プロファイル 1 - Microsoft? Edge）の閲覧・調査"
2026/04/13 16:46,2026/04/13 16:47,0:05,サイボウズ（Cybozu Exporter - Zero Leak Edition V4.0）での情報確認・処理 / サイボウズ（トップページ - サイボウズ Office - プロファイル 1 - Microsoft? Edge）での情報確認・処理 / サイボウズ（メール - サイボウズ Office - プロファイル 1 - Microsoft? Edge）での情報確認・処理
2026/04/13 16:47,2026/04/13 16:47,0:05,Antigravityを用いた「システム開発・改善」の開発・相談
2026/04/13 16:48,2026/04/13 16:48,0:05,サイボウズ（Cybozu Exporter - Zero Leak Edition V4.0）での情報確認・処理
2026/04/13 16:48,2026/04/13 16:48,0:05,Antigravityを用いた「システム開発・改善」の開発・相談
2026/04/13 16:48,2026/04/13 16:48,0:05,サイボウズ（Cybozu Exporter - Clean Logic V4.1）での情報確認・処理
2026/04/13 16:48,2026/04/13 16:48,0:05,Webサイト（フォルダーの選択）の閲覧・調査
2026/04/13 16:48,2026/04/13 16:48,0:05,サイボウズ（Cybozu Exporter - Clean Logic V4.1）での情報確認・処理
2026/04/13 16:48,2026/04/13 16:48,0:05,"Webサイト（data:, - プロファイル 1 - Microsoft? Edge）の閲覧・調査 / Webサイト（インフォメーション - プロファイル 1 - Microsoft? Edge）の閲覧・調査"
2026/04/13 16:48,2026/04/13 16:48,0:05,サイボウズ（Cybozu Exporter - Clean Logic V4.1）での情報確認・処理 / サイボウズ（トップページ - サイボウズ Office - プロファイル 1 - Microsoft? Edge）での情報確認・処理 / サイボウズ（メール - サイボウズ Office - プロファイル 1 - Microsoft? Edge）での情報確認・処理
2026/04/13 16:49,2026/04/13 16:49,0:05,Antigravityを用いた「システム開発・改善」の開発・相談
2026/04/13 16:49,2026/04/13 16:49,0:05,サイボウズ（Cybozu Exporter - Clean Logic V4.1）での情報確認・処理
2026/04/13 16:49,2026/04/13 16:49,0:05,Antigravityを用いた「システム開発・改善」の開発・相談
2026/04/13 16:50,2026/04/13 16:50,0:05,サイボウズ（メール - サイボウズ Office）での情報確認・処理
2026/04/13 16:50,2026/04/13 16:50,0:05,Antigravityを用いた「システム開発・改善」の開発・相談
2026/04/13 17:00,2026/04/13 17:00,0:05,サイボウズ（Cybozu Exporter - Clean Logic V4.1）での情報確認・処理
2026/04/13 17:01,2026/04/13 17:01,0:05,Antigravityを用いた「システム開発・改善」の開発・相談
2026/04/13 17:01,2026/04/13 17:01,0:05,サイボウズ（Cybozu Exporter - Logic Refined V4.2）での情報確認・処理
2026/04/13 17:01,2026/04/13 17:01,0:05,Webサイト（フォルダーの選択）の閲覧・調査
2026/04/13 17:01,2026/04/13 17:01,0:05,サイボウズ（Cybozu Exporter - Logic Refined V4.2）での情報確認・処理
2026/04/13 17:01,2026/04/13 17:01,0:05,"Webサイト（data:, - プロファイル 1 - Microsoft? Edge）の閲覧・調査 / Webサイト（インフォメーション - プロファイル 1 - Microsoft? Edge）の閲覧・調査"
2026/04/13 17:01,2026/04/13 17:11,0:09,サイボウズ（Cybozu Exporter - Logic Refined V4.2）での情報確認・処理 / サイボウズ（トップページ - サイボウズ Office - プロファイル 1 - Microsoft? Edge）での情報確認・処理 / サイボウズ（メッセージの詳細 - サイボウズ Office および他 5 ページ）での情報確認・処理 / サイボウズ（メール - サイボウズ Of...
2026/04/13 17:11,2026/04/13 17:12,0:05,メール（1.システム部（福岡））の閲覧・作成 / メール（Re: 【重要】「ギガファイル便」の利用禁止措置と各社でのアクセスブロック実施のお願い）の閲覧・作成 / メール（ホーム）の閲覧・作成 / メール（受信トレイ）の閲覧・作成 / メール（進行中: shimomura@forest.co.jp さんが、ビデオ通話にあなたを招待しています）の閲覧・作成
2026/04/13 17:12,2026/04/13 17:12,0:05,Webサイト（Meet および他 6 ページ）の閲覧・調査
2026/04/13 17:12,2026/04/13 17:12,0:05,Meet / Webサイト（Meet - zfv-crsz-epk および他 6 ページ）の閲覧・調査 / Webサイト（meet.google.com は次のことを求めています:）の閲覧・調査
2026/04/13 17:12,2026/04/13 17:12,0:05,メール（ホーム）の閲覧・作成 / メール（進行中: shimomura@forest.co.jp さんが、ビデオ通話にあなたを招待しています）の閲覧・作成
2026/04/13 17:12,2026/04/13 17:12,0:05,Webサイト（Meet および他 7 ページ）の閲覧・調査
2026/04/13 17:12,2026/04/13 17:12,0:05,Meet / Webサイト（Meet - zfv-crsz-epk）の閲覧・調査
2026/04/13 17:12,2026/04/13 17:12,0:05,Meet / Webサイト（Meet - zfv-crsz-epk および他 7 ページ）の閲覧・調査
2026/04/13 17:13,2026/04/13 17:13,0:05,メール（進行中: shimomura@forest.co.jp さんが、ビデオ通話にあなたを招待しています）の閲覧・作成
2026/04/13 17:13,2026/04/13 17:14,0:05,Webサイト（Google Meet: オンライン ウェブ会議通話とビデオ会議通話 | Google Workspace）の閲覧・調査 / Webサイト（Meet - zfv-crsz-epk および他 7 ページ）の閲覧・調査
2026/04/13 17:14,2026/04/13 17:14,0:05,メール（進行中: shimomura@forest.co.jp さんが、ビデオ通話にあなたを招待しています）の閲覧・作成
2026/04/13 17:14,2026/04/13 17:14,0:05,Webサイト（Meet - zfv-crsz-epk および他 7 ページ）の閲覧・調査
2026/04/13 17:14,2026/04/13 17:14,0:05,サイボウズ（メッセージの詳細 - サイボウズ Office および他 7 ページ）での情報確認・処理 / サイボウズ（メッセージの詳細 - サイボウズ Office）での情報確認・処理 / サイボウズ（個人フォルダ - サイボウズ Office および他 7 ページ）での情報確認・処理 / サイボウズ（個人フォルダ - サイボウズ Office）での情報確認・処理
2026/04/13 17:14,2026/04/13 17:14,0:05,Webサイト（Meet - zfv-crsz-epk）の閲覧・調査
2026/04/13 17:14,2026/04/13 17:14,0:05,サイボウズ（メッセージの詳細 - サイボウズ Office および他 7 ページ）での情報確認・処理
2026/04/13 17:14,2026/04/13 17:15,0:05,"Excelファイル（20260413_OA予備中古ノートPC2台購入_④稟議書（システム関連,社長決裁）20230701.xlsx）の入力・編集 / Excelファイル（②2025年度下期_多面評価シート（様式①） (1).xlsx ）の入力・編集"
2026/04/13 17:15,2026/04/13 17:15,0:05,サイボウズ（メッセージの詳細 - サイボウズ Office および他 7 ページ）での情報確認・処理 / サイボウズ（メッセージの詳細 - サイボウズ Office）での情報確認・処理 / サイボウズ（個人フォルダ - サイボウズ Office および他 7 ページ）での情報確認・処理 / サイボウズ（個人フォルダ - サイボウズ Office）での情報確認・処理
2026/04/13 17:15,2026/04/13 17:15,0:05,"Excelファイル（2025年度下期_業績評価シート【3068伊藤健人】 (2).xlsx ）の入力・編集 / Excelファイル（20260413_OA予備中古ノートPC2台購入_④稟議書（システム関連,社長決裁）20230701.xlsx）の入力・編集"
2026/04/13 17:19,2026/04/13 17:20,0:05,Webサイト（Meet - zfv-crsz-epk）の閲覧・調査
2026/04/13 17:21,2026/04/13 17:21,0:05,Excelファイル（2025年度下期_業績評価シート【3068伊藤健人】 (2).xlsx ）の入力・編集 / Excelファイル（2025年度下期_業績評価シート【3068伊藤健人】 (2).xlsx）の入力・編集
2026/04/13 17:28,2026/04/13 17:28,0:05,Webサイト（Meet - zfv-crsz-epk および他 7 ページ）の閲覧・調査 / Webサイト（Meet - zfv-crsz-epk）の閲覧・調査
2026/04/13 17:39,2026/04/13 17:39,0:05,Excelファイル（2025年度下期_業績評価シート【3068伊藤健人】 (2).xlsx）の入力・編集
2026/04/13 17:40,2026/04/13 17:43,0:05,Webサイト（Google Meet: オンライン ウェブ会議通話とビデオ会議通話 | Google Workspace および他 7 ページ）の閲覧・調査 / Webサイト（Google Meet: オンライン ウェブ会議通話とビデオ会議通話 | Google Workspace）の閲覧・調査 / Webサイト（Meet - zfv-crsz-epk および他 7 ページ）の閲覧・調査
2026/04/13 17:54,2026/04/13 17:56,0:05,サイボウズ（Cybozu Exporter - Logic Refined V4.2）での情報確認・処理
2026/04/13 17:56,2026/04/13 17:56,0:05,Antigravityを用いた「システム開発・改善」の開発・相談
2026/04/13 17:56,2026/04/13 17:56,0:05,Webサイト（Google Meet: オンライン ウェブ会議通話とビデオ会議通話 | Google Workspace および他 7 ページ）の閲覧・調査 / Webサイト（窓の杜 adobe - 検索 および他 3 ページ）の閲覧・調査 / Webサイト（窓の杜 adobe - 検索 および他 4 ページ）の閲覧・調査 / Webサイト（窓の杜 adobe - 検索 および他 5 ページ...
2026/04/13 17:56,2026/04/13 17:56,0:05,サイボウズ（メッセージの詳細 - サイボウズ Office および他 2 ページ）での情報確認・処理
2026/04/13 17:56,2026/04/13 17:56,0:05,Antigravityを用いた「システム開発・改善」の開発・相談
2026/04/13 17:56,2026/04/13 18:06,0:09,サイボウズ（Cybozu Exporter - Logic Refined V4.2）での情報確認・処理 / サイボウズ（メール - サイボウズ Office）での情報確認・処理
2026/04/13 18:06,2026/04/13 18:07,0:05,Antigravityを用いた「システム開発・改善」の開発・相談
2026/04/13 18:08,2026/04/13 18:11,0:05,Webサイト（Gemini）の閲覧・調査 / Webサイト（Google Gemini）の閲覧・調査 / Webサイト（NASログからAdobe製品情報をCSVへ - Google Gemini）の閲覧・調査 / Webサイト（hosts - メモ帳）の閲覧・調査 / Webサイト（test.bat - メモ帳）の閲覧・調査 / Webサイト（《黒スニーカー発見で“発覚3時間遅れ”に改めて不...
2026/04/13 18:12,2026/04/13 18:12,0:05,Antigravityを用いた「システム開発・改善」の開発・相談
2026/04/13 18:12,2026/04/13 18:12,0:05,サイボウズ（Cybozu Exporter - Logic Refined V4.2）での情報確認・処理 / サイボウズ（メール - サイボウズ Office）での情報確認・処理
2026/04/13 18:12,2026/04/13 18:12,0:05,Antigravityを用いた「システム開発・改善」の開発・相談
2026/04/13 18:12,2026/04/13 18:12,0:05,"Excelファイル（20260413_OA予備中古ノートPC2台購入_④稟議書（システム関連,社長決裁）20230701.xlsx）の入力・編集"
2026/04/13 18:12,2026/04/13 18:12,0:05,Antigravityを用いた「システム開発・改善」の開発・相談
2026/04/13 18:12,2026/04/13 18:13,0:05,"Webサイト（100% 完了）の閲覧・調査 / Webサイト（11,148 個の項目 (1.43 GB) の検出...）の閲覧・調査 / Webサイト（37% 完了）の閲覧・調査 / Webサイト（57% 完了）の閲覧・調査 / Webサイト（92% 完了）の閲覧・調査 / 進行状況"
2026/04/13 18:13,2026/04/13 18:21,0:08,0% 完了 / 1% 完了 / 2% 完了 / Antigravityを用いた「システム開発・改善」の開発・相談
2026/04/13 18:22,2026/04/13 18:22,0:05,サイボウズ（Cybozu Exporter - Tree Expand Edition V4.3）での情報確認・処理
2026/04/13 18:22,2026/04/13 18:22,0:05,Webサイト（フォルダーの選択）の閲覧・調査
2026/04/13 18:22,2026/04/13 18:22,0:05,サイボウズ（Cybozu Exporter - Tree Expand Edition V4.3）での情報確認・処理
2026/04/13 18:22,2026/04/13 18:23,0:05,"Webサイト（data:, - プロファイル 1 - Microsoft? Edge）の閲覧・調査 / Webサイト（ファイルの置換またはスキップ）の閲覧・調査"
2026/04/13 18:23,2026/04/13 18:23,0:05,0% 完了 / Webサイト（37% 完了）の閲覧・調査 / Webサイト（87% 完了）の閲覧・調査
2026/04/13 18:23,2026/04/13 18:23,0:05,サイボウズ（Cybozu Exporter - Tree Expand Edition V4.3）での情報確認・処理
2026/04/13 18:23,2026/04/13 18:23,0:05,Webサイト（開いているファイル - セキュリティの警告）の閲覧・調査
2026/04/13 18:24,2026/04/13 18:24,0:05,"Excelファイル（20260413_OA予備中古ノートPC2台購入_④稟議書（システム関連,社長決裁）20230701.xlsx）の入力・編集 / Excelファイル（Adobe_Inventory_FWN-026.csv）の入力・編集"
2026/04/13 18:27,2026/04/13 18:31,0:05,Webサイト（バッチファイル出力先とAdobeインベントリ - Google Gemini）の閲覧・調査
2026/04/13 18:32,2026/04/13 18:32,0:05,"Excelファイル（20260413_OA予備中古ノートPC2台購入_④稟議書（システム関連,社長決裁）20230701.xlsx）の入力・編集 / Excelファイル（Adobe_Inventory_FWN-026.csv）の入力・編集"
2026/04/13 18:32,2026/04/13 18:32,0:05,Webサイト（バッチファイル出力先とAdobeインベントリ - Google Gemini）の閲覧・調査
2026/04/13 18:32,2026/04/13 18:45,0:13,Webサイト（*AdobeCheck.bat - メモ帳）の閲覧・調査 / Webサイト（192.169.5.5 - リモート デスクトップ接続）の閲覧・調査 / Webサイト（AdobeCheck.bat - メモ帳）の閲覧・調査 / Webサイト（Excel のジャンプ リスト）の閲覧・調査 / Webサイト（\\10.85.33.230\01_全社共有\...\（NAS）伊藤\Adob...
2026/04/13 18:45,2026/04/13 19:45,1:00,Webサイト（*AdobeCheck.bat - メモ帳）の閲覧・調査 / Webサイト（192.169.5.5 - リモート デスクトップ接続）の閲覧・調査 / Webサイト（2026年4月の記事一覧 - 窓の杜 および他 4 ページ）の閲覧・調査 / Webサイト（2026年4月の記事一覧 - 窓の杜）の閲覧・調査 / Webサイト（22.002.20191 Planned update...
2026/04/13 19:46,2026/04/13 19:46,0:05,サイボウズ（メール - サイボウズ Office）での情報確認・処理
2026/04/13 19:46,2026/04/13 19:46,0:05,Webサイト（ファイルの削除）の閲覧・調査
2026/04/13 19:46,2026/04/13 19:46,0:05,サイボウズ（メール - サイボウズ Office）での情報確認・処理
2026/04/13 19:46,2026/04/13 19:48,0:05,Webサイト（Chrome で Gemini を使用する - コンピューター - Gemini アプリ ヘルプ）の閲覧・調査 / Webサイト（Google）の閲覧・調査 / Webサイト（Pinterest - ピンタレスト）の閲覧・調査 / Webサイト（Pinterest）の閲覧・調査 / Webサイト（Use Gemini in Chrome - Computer - Gemini ...
2026/04/13 19:48,2026/04/13 19:48,0:05,Antigravityを用いた「システム開発・改善」の開発・相談
2026/04/13 19:48,2026/04/13 19:48,0:05,Webサイト（Use Gemini in Chrome - Computer - Gemini アプリ ヘルプ）の閲覧・調査
2026/04/13 19:48,2026/04/13 19:48,0:05,Antigravityを用いた「システム開発・改善」の開発・相談
2026/04/13 19:48,2026/04/13 19:48,0:05,Webサイト（Use Gemini in Chrome - Computer - Gemini アプリ ヘルプ）の閲覧・調査
2026/04/13 19:48,2026/04/13 19:48,0:05,Antigravityを用いた「システム開発・改善」の開発・相談
2026/04/13 19:49,2026/04/13 19:49,0:05,サイボウズ（Cybozu Exporter - Tree Expand Edition V4.3）での情報確認・処理
2026/04/13 19:49,2026/04/13 19:50,0:05,"Webサイト（data:, - プロファイル 1 - Microsoft? Edge）の閲覧・調査 / Webサイト（インフォメーション - プロファイル 1 - Microsoft? Edge）の閲覧・調査"
2026/04/13 19:50,2026/04/13 19:55,0:05,サイボウズ（Cybozu Exporter - Tree Expand Edition V4.3）での情報確認・処理 / サイボウズ（トップページ - サイボウズ Office - プロファイル 1 - Microsoft? Edge）での情報確認・処理 / サイボウズ（メール - サイボウズ Office - プロファイル 1 - Microsoft? Edge）での情報確認・処理 / サ...
2026/04/13 19:55,2026/04/13 19:55,0:05,Antigravityを用いた「システム開発・改善」の開発・相談
2026/04/13 19:55,2026/04/13 19:58,0:05,Webサイト（FWN-026）の閲覧・調査 / Webサイト（Google Meet）の閲覧・調査 / Webサイト（Google）の閲覧・調査 / Webサイト（Use Gemini in Chrome - Computer - Gemini アプリ ヘルプ）の閲覧・調査 / Webサイト（バッチファイル出力先とAdobeインベントリ - Google Gemini）の閲覧・調査 / We...
2026/04/13 19:58,2026/04/13 19:58,0:05,サイボウズ（Cybozu Exporter - Tree Expand Edition V4.3）での情報確認・処理
2026/04/13 20:21,2026/04/13 20:22,0:05,Webサイト（FWN-026）の閲覧・調査 / Webサイト（バッチファイル出力先とAdobeインベントリ - Google Gemini）の閲覧・調査 / Webサイト（リモート アクセス - Chrome リモート デスクトップ）の閲覧・調査
2026/04/13 20:22,2026/04/13 20:22,0:05,サイボウズ（Cybozu Exporter - Tree Expand Edition V4.3）での情報確認・処理
2026/04/13 20:24,2026/04/13 20:24,0:05,Antigravityを用いた「システム開発・改善」の開発・相談
2026/04/13 20:24,2026/04/13 20:24,0:05,サイボウズ（Cybozu Exporter - Tree Expand Edition V4.3）での情報確認・処理
2026/04/13 20:24,2026/04/13 20:24,0:05,Webサイト（バッチファイル出力先とAdobeインベントリ - Google Gemini）の閲覧・調査
2026/04/13 20:24,2026/04/13 20:24,0:05,サイボウズ（Cybozu Exporter - Tree Expand Edition V4.3）での情報確認・処理
2026/04/13 20:24,2026/04/13 20:24,0:05,Antigravityを用いた「システム開発・改善」の開発・相談
2026/04/13 20:27,2026/04/13 20:27,0:05,サイボウズ（Cybozu Exporter - Tree Expand Edition V4.3）での情報確認・処理
2026/04/13 20:27,2026/04/13 20:27,0:05,Antigravityを用いた「システム開発・改善」の開発・相談
2026/04/13 20:28,2026/04/13 20:28,0:05,Webサイト（AdobeCheck_FWN-026.txt - サクラエディタ32bit 2.4.2.6048）の閲覧・調査 / Webサイト（\\10.85.33.230\01_全社共有\...\（NAS）伊藤\AdobeAcrobatReaderログ\AdobeCheck_FWN-026.txt - サクラエディタ32bit 2.4.2.6048）の閲覧・調査
2026/04/13 20:28,2026/04/13 20:28,0:05,Antigravityを用いた「システム開発・改善」の開発・相談
2026/04/13 20:30,2026/04/13 20:30,0:05,サイボウズ（Cybozu Exporter - Perfect Hierarchy V4.5）での情報確認・処理
2026/04/13 20:30,2026/04/13 20:30,0:05,Webサイト（フォルダーの選択）の閲覧・調査
2026/04/13 20:30,2026/04/13 20:30,0:05,サイボウズ（Cybozu Exporter - Perfect Hierarchy V4.5）での情報確認・処理
2026/04/13 20:30,2026/04/13 20:30,0:05,Webサイト（インフォメーション - プロファイル 1 - Microsoft? Edge）の閲覧・調査
2026/04/13 20:30,2026/04/13 20:39,0:09,サイボウズ（Cybozu Exporter - Perfect Hierarchy V4.5）での情報確認・処理 / サイボウズ（トップページ - サイボウズ Office - プロファイル 1 - Microsoft? Edge）での情報確認・処理 / サイボウズ（メール - サイボウズ Office - プロファイル 1 - Microsoft? Edge）での情報確認・処理
2026/04/14 09:02,2026/04/14 09:04,0:05,Antigravityを用いた「システム開発・改善」の開発・相談
2026/04/14 09:05,2026/04/14 09:05,0:05,サイボウズ（forestway.cybozu.com/login?redirect=https%3A%2F%2Fforestway.cybozu.com%2F）での情報確認・処理
2026/04/14 09:05,2026/04/14 09:05,0:05,Webサイト（インフォメーション）の閲覧・調査
2026/04/14 09:05,2026/04/14 09:05,0:05,サイボウズ（トップページ - サイボウズ Office）での情報確認・処理
2026/04/14 09:05,2026/04/14 09:06,0:05,Webサイト（サービスの利用ユーザーの設定）の閲覧・調査 / Webサイト（ユーザー情報の変更）の閲覧・調査 / Webサイト（組織とユーザーの設定）の閲覧・調査 / 契約状況 / 契約状況 - My profile ２ - Microsoft? Edge
2026/04/14 09:06,2026/04/14 09:06,0:05,Antigravityを用いた「システム開発・改善」の開発・相談
2026/04/14 09:11,2026/04/14 09:11,0:05,サイボウズ（Cybozu Exporter - Perfect Hierarchy V4.5）での情報確認・処理
2026/04/14 09:11,2026/04/14 09:11,0:05,Antigravityを用いた「システム開発・改善」の開発・相談
2026/04/14 09:12,2026/04/14 09:12,0:05,サイボウズ（Cybozu MBOX Evolution - Batch Converter V2.0）での情報確認・処理 / サイボウズ（forestway.cybozu.com/login?redirect=https%3A%2F%2Fforestway.cybozu.com%2Fsettings%2Fprofile および他 1 ページ）での情報確認・処理 / サイボウズ（メール - サ...
2026/04/14 09:12,2026/04/14 09:12,0:05,Webサイト（アカウント設定 および他 1 ページ）の閲覧・調査 / Webサイト（アカウント設定）の閲覧・調査
2026/04/14 09:12,2026/04/14 09:12,0:05,サイボウズ（Cybozu MBOX Evolution - Batch Converter V2.0）での情報確認・処理
2026/04/14 09:12,2026/04/14 09:12,0:05,Webサイト（フォルダーの選択）の閲覧・調査
2026/04/14 09:12,2026/04/14 09:12,0:05,サイボウズ（Cybozu MBOX Evolution - Batch Converter V2.0）での情報確認・処理
2026/04/14 09:13,2026/04/14 09:13,0:05,Webサイト（フォルダーの選択）の閲覧・調査
2026/04/14 09:13,2026/04/14 09:13,0:05,サイボウズ（Cybozu MBOX Evolution - Batch Converter V2.0）での情報確認・処理
2026/04/14 09:13,2026/04/14 09:13,0:05,Antigravityを用いた「システム開発・改善」の開発・相談
2026/04/14 09:15,2026/04/14 09:15,0:05,Webサイト（インフォメーション）の閲覧・調査 / Webサイト（組織とユーザーの設定）の閲覧・調査
2026/04/14 09:15,2026/04/14 09:16,0:05,サイボウズ（トップページ - サイボウズ Office）での情報確認・処理 / サイボウズ（メッセージの詳細 - サイボウズ Office）での情報確認・処理 / サイボウズ（個人フォルダ - サイボウズ Office）での情報確認・処理
2026/04/14 09:20,2026/04/14 09:20,0:05,メール（進行中: shimomura@forest.co.jp さんが、ビデオ通話にあなたを招待しています）の閲覧・作成
2026/04/14 09:21,2026/04/14 09:21,0:05,Antigravityを用いた「システム開発・改善」の開発・相談
2026/04/14 09:23,2026/04/14 09:23,0:05,メール（進行中: shimomura@forest.co.jp さんが、ビデオ通話にあなたを招待しています）の閲覧・作成
2026/04/14 09:23,2026/04/14 09:23,0:05,Antigravityを用いた「システム開発・改善」の開発・相談
2026/04/14 09:23,2026/04/14 09:23,0:05,メール（1.システム部（福岡））の閲覧・作成 / メール（進行中: shimomura@forest.co.jp さんが、ビデオ通話にあなたを招待しています）の閲覧・作成
2026/04/14 09:23,2026/04/14 09:23,0:05,Antigravityを用いた「システム開発・改善」の開発・相談
2026/04/14 09:24,2026/04/14 09:24,0:05,メール（1.システム部（福岡））の閲覧・作成
2026/04/14 09:24,2026/04/14 09:24,0:05,サイボウズ（cybozu_sent_migration - ローカルフォルダー - Mozilla Thunderbird）での情報確認・処理
2026/04/14 09:24,2026/04/14 09:24,0:05,メール（受信トレイ）の閲覧・作成
2026/04/14 09:24,2026/04/14 09:24,0:05,サイボウズ（cybozu_sent_migration - ローカルフォルダー - Mozilla Thunderbird）での情報確認・処理
2026/04/14 09:24,2026/04/14 09:24,0:05,メール（受信トレイ）の閲覧・作成
2026/04/14 09:24,2026/04/14 09:24,0:05,サイボウズ（cybozu_sent_migration - ローカルフォルダー - Mozilla Thunderbird）での情報確認・処理
2026/04/14 09:24,2026/04/14 09:24,0:05,Antigravityを用いた「システム開発・改善」の開発・相談
2026/04/14 09:26,2026/04/14 09:26,0:05,サイボウズ（cybozu_sent_migration - ローカルフォルダー - Mozilla Thunderbird）での情報確認・処理
2026/04/14 09:26,2026/04/14 09:26,0:05,メール（受信トレイ）の閲覧・作成
2026/04/14 09:26,2026/04/14 09:29,0:05,Antigravityを用いた「システム開発・改善」の開発・相談
2026/04/14 09:29,2026/04/14 09:29,0:05,メール（受信トレイ）の閲覧・作成
2026/04/14 09:29,2026/04/14 09:29,0:05,Antigravityを用いた「システム開発・改善」の開発・相談
2026/04/14 09:29,2026/04/14 09:29,0:05,サイボウズ（Cybozu MBOX Evolution - Batch Converter V2.0）での情報確認・処理 / サイボウズ（メッセージの詳細 - サイボウズ Office）での情報確認・処理
2026/04/14 09:30,2026/04/14 09:30,0:05,Antigravityを用いた「システム開発・改善」の開発・相談
2026/04/14 09:30,2026/04/14 09:30,0:05,サイボウズ（メッセージの詳細 - サイボウズ Office）での情報確認・処理
2026/04/14 09:30,2026/04/14 09:30,0:05,Antigravityを用いた「システム開発・改善」の開発・相談
2026/04/14 09:30,2026/04/14 09:30,0:05,サイボウズ（Cybozu MBOX Evolution V3.0 - Hierarchy Editor）での情報確認・処理
2026/04/14 09:30,2026/04/14 09:30,0:05,Webサイト（フォルダーの選択）の閲覧・調査
2026/04/14 09:30,2026/04/14 09:31,0:05,サイボウズ（Cybozu MBOX Evolution V3.0 - Hierarchy Editor）での情報確認・処理
2026/04/14 09:31,2026/04/14 09:31,0:05,Antigravityを用いた「システム開発・改善」の開発・相談
2026/04/14 09:32,2026/04/14 09:32,0:05,Webサイト（アカウント設定 および他 1 ページ）の閲覧・調査 / Webサイト（インフォメーション および他 1 ページ）の閲覧・調査 / Webサイト（インフォメーション）の閲覧・調査
2026/04/14 09:32,2026/04/14 09:32,0:05,サイボウズ（トップページ - サイボウズ Office および他 1 ページ）での情報確認・処理 / サイボウズ（トップページ - サイボウズ Office）での情報確認・処理 / サイボウズ（メール - サイボウズ Office および他 1 ページ）での情報確認・処理 / サイボウズ（メール - サイボウズ Office）での情報確認・処理
2026/04/14 09:32,2026/04/14 09:32,0:05,Antigravityを用いた「システム開発・改善」の開発・相談
2026/04/14 09:33,2026/04/14 09:33,0:05,サイボウズ（メール - サイボウズ Office および他 1 ページ）での情報確認・処理
2026/04/14 09:33,2026/04/14 09:33,0:05,Antigravityを用いた「システム開発・改善」の開発・相談
2026/04/14 09:35,2026/04/14 09:35,0:05,サイボウズ（Cybozu MBOX Evolution V3.0 - Hierarchy Editor）での情報確認・処理
2026/04/14 09:35,2026/04/14 09:35,0:05,Antigravityを用いた「システム開発・改善」の開発・相談
2026/04/14 09:36,2026/04/14 09:36,0:05,サイボウズ（メール - サイボウズ Office および他 1 ページ）での情報確認・処理
2026/04/14 09:36,2026/04/14 09:36,0:05,Antigravityを用いた「システム開発・改善」の開発・相談
2026/04/14 09:36,2026/04/14 09:36,0:05,Webサイト（87% 完了）の閲覧・調査
2026/04/14 09:36,2026/04/14 09:36,0:05,8% 完了 / Webサイト（100% 完了）の閲覧・調査 / Webサイト（11% 完了）の閲覧・調査 / Webサイト（12% 完了）の閲覧・調査 / Webサイト（15% 完了）の閲覧・調査 / Webサイト（21% 完了）の閲覧・調査 / Webサイト（25% 完了）の閲覧・調査 / Webサイト（27% 完了）の閲覧・調査 / Webサイト（32% 完了）の閲覧・調査 / Webサ...
2026/04/14 09:36,2026/04/14 09:36,0:05,Antigravityを用いた「システム開発・改善」の開発・相談
2026/04/14 09:36,2026/04/14 09:36,0:05,サイボウズ（Cybozu Exporter V4.6 - High Speed & Precise Hierarchy）での情報確認・処理
2026/04/14 09:36,2026/04/14 09:36,0:05,Webサイト（フォルダーの選択）の閲覧・調査
2026/04/14 09:36,2026/04/14 09:36,0:05,サイボウズ（Cybozu Exporter V4.6 - High Speed & Precise Hierarchy）での情報確認・処理
2026/04/14 09:36,2026/04/14 09:36,0:05,Webサイト（インフォメーション - プロファイル 1 - Microsoft? Edge）の閲覧・調査
2026/04/14 09:37,2026/04/14 09:37,0:05,サイボウズ（Cybozu Exporter V4.6 - High Speed & Precise Hierarchy）での情報確認・処理 / サイボウズ（トップページ - サイボウズ Office - プロファイル 1 - Microsoft? Edge）での情報確認・処理 / サイボウズ（メール - サイボウズ Office - プロファイル 1 - Microsoft? Edge）での...
2026/04/14 09:37,2026/04/14 09:38,0:05,Antigravityを用いた「システム開発・改善」の開発・相談
2026/04/14 09:38,2026/04/14 09:38,0:05,サイボウズ（メール - サイボウズ Office および他 1 ページ）での情報確認・処理 / サイボウズ（メール - サイボウズ Office）での情報確認・処理 / サイボウズ（メール本文 - サイボウズ Office および他 1 ページ）での情報確認・処理 / サイボウズ（メール本文 - サイボウズ Office）での情報確認・処理
2026/04/14 09:39,2026/04/14 09:39,0:05,Antigravityを用いた「システム開発・改善」の開発・相談
2026/04/14 09:40,2026/04/14 09:40,0:05,サイボウズ（メール - サイボウズ Office および他 1 ページ）での情報確認・処理
2026/04/14 09:40,2026/04/14 09:42,0:05,Antigravityを用いた「システム開発・改善」の開発・相談
2026/04/14 09:43,2026/04/14 09:43,0:05,サイボウズ（Cybozu Exporter V4.8 - Syntax Fixed & Tree Scan）での情報確認・処理
2026/04/14 09:43,2026/04/14 09:43,0:05,Webサイト（フォルダーの選択）の閲覧・調査
2026/04/14 09:43,2026/04/14 09:43,0:05,サイボウズ（Cybozu Exporter V4.8 - Syntax Fixed & Tree Scan）での情報確認・処理
2026/04/14 09:43,2026/04/14 09:43,0:05,Webサイト（フォルダーの選択）の閲覧・調査
2026/04/14 09:43,2026/04/14 09:43,0:05,サイボウズ（Cybozu Exporter V4.8 - Syntax Fixed & Tree Scan）での情報確認・処理
2026/04/14 09:44,2026/04/14 09:44,0:05,Webサイト（インフォメーション - プロファイル 1 - Microsoft? Edge）の閲覧・調査
2026/04/14 09:44,2026/04/14 09:44,0:05,サイボウズ（Cybozu Exporter V4.8 - Syntax Fixed & Tree Scan）での情報確認・処理 / サイボウズ（トップページ - サイボウズ Office - プロファイル 1 - Microsoft? Edge）での情報確認・処理 / サイボウズ（メール - サイボウズ Office - プロファイル 1 - Microsoft? Edge）での情報確認・処理
2026/04/14 09:45,2026/04/14 09:46,0:05,Antigravityを用いた「システム開発・改善」の開発・相談
2026/04/14 09:47,2026/04/14 09:47,0:05,サイボウズ（Cybozu Exporter V4.8 - Syntax Fixed & Tree Scan）での情報確認・処理
2026/04/14 09:47,2026/04/14 09:47,0:05,Antigravityを用いた「システム開発・改善」の開発・相談
2026/04/14 09:48,2026/04/14 09:48,0:05,サイボウズ（Cybozu Exporter V4.8 - Syntax Fixed & Tree Scan）での情報確認・処理
2026/04/14 09:48,2026/04/14 09:48,0:05,Antigravityを用いた「システム開発・改善」の開発・相談
2026/04/14 09:48,2026/04/14 09:48,0:05,サイボウズ（Cybozu Exporter V4.9 - Robust Path Edition）での情報確認・処理
2026/04/14 09:48,2026/04/14 09:48,0:05,Webサイト（フォルダーの選択）の閲覧・調査
2026/04/14 09:49,2026/04/14 09:49,0:05,サイボウズ（メール - サイボウズ Office および他 1 ページ）での情報確認・処理
2026/04/14 09:49,2026/04/14 09:49,0:05,Webサイト（フォルダーの選択）の閲覧・調査
2026/04/14 09:49,2026/04/14 09:49,0:05,サイボウズ（Cybozu Exporter V4.9 - Robust Path Edition）での情報確認・処理
2026/04/14 09:49,2026/04/14 09:49,0:05,"Webサイト（data:, - プロファイル 1 - Microsoft? Edge）の閲覧・調査 / Webサイト（インフォメーション - プロファイル 1 - Microsoft? Edge）の閲覧・調査"
2026/04/14 09:49,2026/04/14 09:50,0:05,サイボウズ（Cybozu Exporter V4.9 - Robust Path Edition）での情報確認・処理 / サイボウズ（トップページ - サイボウズ Office - プロファイル 1 - Microsoft? Edge）での情報確認・処理 / サイボウズ（メール - サイボウズ Office - プロファイル 1 - Microsoft? Edge）での情報確認・処理 / サ...
2026/04/14 09:50,2026/04/14 09:50,0:05,Antigravityを用いた「システム開発・改善」の開発・相談
2026/04/14 09:50,2026/04/14 09:51,0:05,サイボウズ（view-source:https://forestway.cybozu.com/o/ag.cgi?page=MailIndex および他 2 ページ）での情報確認・処理 / サイボウズ（view-source:https://forestway.cybozu.com/o/ag.cgi?page=MailIndex）での情報確認・処理 / サイボウズ（メール - サイボウズ Of...
2026/04/14 09:51,2026/04/14 09:51,0:05,Webサイト（名前を付けて保存）の閲覧・調査
2026/04/14 09:51,2026/04/14 09:51,0:05,Antigravityを用いた「システム開発・改善」の開発・相談
2026/04/14 09:55,2026/04/14 09:55,0:05,Webサイト（名前を付けて保存）の閲覧・調査
2026/04/14 09:55,2026/04/14 09:55,0:05,サイボウズ（view-source:https://forestway.cybozu.com/o/ag.cgi?page=MailIndex および他 2 ページ）での情報確認・処理 / サイボウズ（メール - サイボウズ Office および他 1 ページ）での情報確認・処理
2026/04/14 09:55,2026/04/14 09:55,0:05,Antigravityを用いた「システム開発・改善」の開発・相談
2026/04/14 09:55,2026/04/14 09:55,0:05,サイボウズ（Cybozu Exporter V5.0 - Perfect Capture）での情報確認・処理
2026/04/14 09:55,2026/04/14 09:55,0:05,Webサイト（フォルダーの選択）の閲覧・調査
2026/04/14 09:55,2026/04/14 09:56,0:05,サイボウズ（Cybozu Exporter V5.0 - Perfect Capture）での情報確認・処理
2026/04/14 09:56,2026/04/14 09:56,0:05,Webサイト（フォルダーの選択）の閲覧・調査
2026/04/14 09:56,2026/04/14 09:56,0:05,サイボウズ（Cybozu Exporter V5.0 - Perfect Capture）での情報確認・処理
2026/04/14 09:56,2026/04/14 09:56,0:05,"Webサイト（data:, - プロファイル 1 - Microsoft? Edge）の閲覧・調査 / Webサイト（インフォメーション - プロファイル 1 - Microsoft? Edge）の閲覧・調査"
2026/04/14 09:56,2026/04/14 09:56,0:05,サイボウズ（トップページ - サイボウズ Office - プロファイル 1 - Microsoft? Edge）での情報確認・処理
2026/04/14 09:56,2026/04/14 09:57,0:05,メール（NTTドコモ）の閲覧・作成 / メール（ホーム）の閲覧・作成 / メール（受信トレイ）の閲覧・作成 / メール（警告: ファームウェア）の閲覧・作成
2026/04/14 09:57,2026/04/14 09:57,0:05,サイボウズ（Cybozu Exporter V5.0 - Perfect Capture）での情報確認・処理 / サイボウズ（トップページ - サイボウズ Office - プロファイル 1 - Microsoft? Edge）での情報確認・処理 / サイボウズ（メール - サイボウズ Office - プロファイル 1 - Microsoft? Edge）での情報確認・処理
2026/04/14 09:57,2026/04/14 09:57,0:05,Webサイト（インフォメーション - プロファイル 1 - Microsoft? Edge）の閲覧・調査
2026/04/14 09:57,2026/04/14 10:17,0:19,サイボウズ（Cybozu Exporter V5.0 - Perfect Capture）での情報確認・処理 / サイボウズ（メール - サイボウズ Office および他 1 ページ）での情報確認・処理
2026/04/14 10:18,2026/04/14 10:18,0:05,Antigravityを用いた「システム開発・改善」の開発・相談
2026/04/14 10:19,2026/04/14 10:19,0:05,サイボウズ（Cybozu Exporter V5.0 - Perfect Capture）での情報確認・処理
2026/04/14 10:19,2026/04/14 10:19,0:05,Antigravityを用いた「システム開発・改善」の開発・相談
2026/04/14 10:20,2026/04/14 10:20,0:05,サイボウズ（Cybozu Exporter V5.1 - URL Logic Fixed）での情報確認・処理
2026/04/14 10:20,2026/04/14 10:20,0:05,Webサイト（フォルダーの選択）の閲覧・調査
2026/04/14 10:20,2026/04/14 10:20,0:05,サイボウズ（Cybozu Exporter V5.1 - URL Logic Fixed）での情報確認・処理
2026/04/14 10:20,2026/04/14 10:20,0:05,"Webサイト（data:, - プロファイル 1 - Microsoft? Edge）の閲覧・調査 / Webサイト（インフォメーション - プロファイル 1 - Microsoft? Edge）の閲覧・調査"
2026/04/14 10:20,2026/04/14 10:28,0:08,サイボウズ（Cybozu Exporter V5.1 - URL Logic Fixed）での情報確認・処理 / サイボウズ（トップページ - サイボウズ Office - プロファイル 1 - Microsoft? Edge）での情報確認・処理 / サイボウズ（メール - サイボウズ Office - プロファイル 1 - Microsoft? Edge）での情報確認・処理 / サイボウズ...
2026/04/14 10:28,2026/04/14 10:28,0:05,Webサイト（デスクトップ\katoTEST2\5. 取締役会・経営会議\抽出済み履歴.txt - サクラエディタ32bit 2.4.2.6048）の閲覧・調査
2026/04/14 10:29,2026/04/14 10:29,0:05,サイボウズ（メール本文 - サイボウズ Office - プロファイル 1 - Microsoft? Edge）での情報確認・処理
2026/04/14 10:29,2026/04/14 10:29,0:05,Antigravityを用いた「システム開発・改善」の開発・相談
2026/04/14 10:29,2026/04/14 10:29,0:05,Webサイト（バッチファイル出力先とAdobeインベントリ - Google Gemini）の閲覧・調査
2026/04/14 10:30,2026/04/14 10:30,0:05,Antigravityを用いた「システム開発・改善」の開発・相談
2026/04/14 10:30,2026/04/14 10:30,0:05,サイボウズ（Cybozu Exporter V5.1 - URL Logic Fixed）での情報確認・処理
2026/04/14 10:30,2026/04/14 10:30,0:05,Webサイト（*AdobeCheck.bat - メモ帳）の閲覧・調査 / Webサイト（AdobeCheck.bat - メモ帳）の閲覧・調査
2026/04/14 10:30,2026/04/14 10:31,0:05,サイボウズ（Cybozu Exporter V5.1 - URL Logic Fixed）での情報確認・処理
2026/04/14 10:31,2026/04/14 10:33,0:05,Webサイト（*AdobeCheck.bat - メモ帳）の閲覧・調査 / Webサイト（AdobeCheck.bat - メモ帳）の閲覧・調査 / Webサイト（\\10.85.33.230\01_全社共有\...\（NAS）伊藤\AdobeAcrobatReaderログ\AdobeCheck_FWN-026.txt - サクラエディタ32bit 2.4.2.6048）の閲覧・調査 / W...
2026/04/14 10:42,2026/04/14 10:46,0:05,Antigravityを用いた「システム開発・改善」の開発・相談
2026/04/14 10:47,2026/04/14 11:08,0:21,Webサイト（*AdobeCheck.bat - メモ帳）の閲覧・調査 / Webサイト（192.169.5.5 - リモート デスクトップ接続）の閲覧・調査 / Webサイト（AdobeCheck.bat - メモ帳）の閲覧・調査 / Webサイト（AdobeCheck_FWN-026.txt - サクラエディタ32bit 2.4.2.6048）の閲覧・調査 / Webサイト（Google...
2026/04/14 11:08,2026/04/14 11:08,0:05,サイボウズ（Cybozu Exporter V5.1 - URL Logic Fixed）での情報確認・処理
2026/04/14 11:09,2026/04/14 11:39,0:29,Webサイト（100% 完了）の閲覧・調査 / Webサイト（192.169.5.5 - リモート デスクトップ接続）の閲覧・調査 / Webサイト（41% 完了）の閲覧・調査 / Webサイト（51% 完了）の閲覧・調査 / Webサイト（63% 完了）の閲覧・調査 / Webサイト（85% 完了）の閲覧・調査 / Webサイト（99% 完了）の閲覧・調査 / Webサイト（Adobe A...
2026/04/14 11:39,2026/04/14 11:39,0:05,サイボウズ（forestway.cybozu.com および他 8 ページ）での情報確認・処理
2026/04/14 11:39,2026/04/14 11:39,0:05,Webサイト（インフォメーション および他 8 ページ）の閲覧・調査 / Webサイト（インフォメーション）の閲覧・調査
2026/04/14 11:39,2026/04/14 11:39,0:05,サイボウズ（メッセージの詳細 - サイボウズ Office）での情報確認・処理 / サイボウズ（個人フォルダ - サイボウズ Office）での情報確認・処理
2026/04/14 11:44,2026/04/14 11:44,0:05,Webサイト（192.169.5.5 - リモート デスクトップ接続）の閲覧・調査
2026/04/14 11:44,2026/04/14 11:44,0:05,サイボウズ（個人フォルダ - サイボウズ Office）での情報確認・処理
2026/04/14 11:44,2026/04/14 11:44,0:05,Webサイト（AdobeCheck_FWN-034.txt - サクラエディタ32bit 2.4.2.6048）の閲覧・調査 / Webサイト（\\10.85.33.230\01_全社共有\...\（NAS）伊藤\AdobeAcrobatReaderログ\AdobeCheck_FWN-034.txt - サクラエディタ32bit 2.4.2.6048）の閲覧・調査
2026/04/14 11:44,2026/04/14 11:49,0:05,サイボウズ（個人フォルダ - サイボウズ Office）での情報確認・処理 / スタート
2026/04/14 11:54,2026/04/14 11:54,0:05,Webサイト（192.169.5.5 - リモート デスクトップ接続）の閲覧・調査
2026/04/14 12:03,2026/04/14 12:03,0:05,サイボウズ（個人フォルダ - サイボウズ Office）での情報確認・処理
2026/04/14 12:03,2026/04/14 12:12,0:09,Webサイト（192.169.5.5 - リモート デスクトップ接続）の閲覧・調査 / Webサイト（BitLocker回復キー再起動時要求対処 - Google Gemini）の閲覧・調査 / Webサイト（EC売上データと外部要因の可視化 - Google Gemini）の閲覧・調査 / Webサイト（Google Gemini）の閲覧・調査 / Webサイト（バッチファイル出力先とAd...
2026/04/14 12:12,2026/04/14 12:12,0:05,サイボウズ（メッセージの詳細 - サイボウズ Office）での情報確認・処理 / サイボウズ（個人フォルダ - サイボウズ Office）での情報確認・処理
2026/04/14 12:13,2026/04/14 12:13,0:05,Webサイト（BitLocker回復キー再起動時要求対処 - Google Gemini）の閲覧・調査
2026/04/14 12:14,2026/04/14 12:14,0:05,サイボウズ（メッセージの詳細 - サイボウズ Office）での情報確認・処理
2026/04/14 12:15,2026/04/14 12:15,0:05,Webサイト（BitLocker回復キー再起動時要求対処 - Google Gemini）の閲覧・調査
2026/04/14 12:17,2026/04/14 12:17,0:05,サイボウズ（メッセージの詳細 - サイボウズ Office）での情報確認・処理
2026/04/14 12:18,2026/04/14 12:18,0:05,Webサイト（BitLocker回復キー再起動時要求対処 - Google Gemini）の閲覧・調査
2026/04/14 12:21,2026/04/14 12:21,0:05,サイボウズ（メッセージの詳細 - サイボウズ Office）での情報確認・処理
2026/04/14 12:29,2026/04/14 12:29,0:05,Webサイト（BitLocker回復キー再起動時要求対処 - Google Gemini）の閲覧・調査
2026/04/14 12:29,2026/04/14 12:56,0:27,サイボウズ（Cybozu Exporter V5.1 - URL Logic Fixed）での情報確認・処理 / サイボウズ（forestway.cybozu.com/o/ag.cgi?page=MailView&mEID=12987&cp=el&sp=&tp= - プロファイル 1 - Microsoft? Edge）での情報確認・処理 / サイボウズ（forestway.cybozu.c...
2026/04/14 12:57,2026/04/14 12:57,0:05,Webサイト（名前を付けて保存）の閲覧・調査
2026/04/14 12:57,2026/04/14 12:57,0:05,サイボウズ（メッセージの詳細 - サイボウズ Office）での情報確認・処理 / サイボウズ（個人フォルダ - サイボウズ Office）での情報確認・処理
2026/04/14 12:58,2026/04/14 13:04,0:06,Webサイト（192.169.5.5 - リモート デスクトップ接続）の閲覧・調査 / Webサイト（AdobeCheck_WIN10-1004.txt - サクラエディタ32bit 2.4.2.6048）の閲覧・調査 / Webサイト（BitLocker回復キー再起動時要求対処 - Google Gemini）の閲覧・調査 / Webサイト（Google Gemini）の閲覧・調査 / W...
2026/04/14 13:05,2026/04/14 13:05,0:05,"Excelファイル（20260201_ハードウェア一覧.csv）の入力・編集 / Excelファイル（20260413_OA予備中古ノートPC2台購入_④稟議書（システム関連,社長決裁）20230701.xlsx）の入力・編集"
2026/04/14 13:05,2026/04/14 13:05,0:05,Webサイト（NASログからAdobe製品情報をCSVへ - Google Gemini）の閲覧・調査
2026/04/14 13:07,2026/04/14 13:07,0:05,Excelファイル（20260201_ハードウェア一覧.csv）の入力・編集
2026/04/14 13:07,2026/04/14 13:07,0:05,Webサイト（NASログからAdobe製品情報をCSVへ - Google Gemini）の閲覧・調査
2026/04/14 13:07,2026/04/14 13:07,0:05,Excelファイル（20260201_ハードウェア一覧.csv）の入力・編集
2026/04/14 13:07,2026/04/14 13:07,0:05,Webサイト（NASログからAdobe製品情報をCSVへ - Google Gemini）の閲覧・調査
2026/04/14 13:07,2026/04/14 13:07,0:05,"Excelファイル（20260413_OA予備中古ノートPC2台購入_④稟議書（システム関連,社長決裁）20230701.xlsx）の入力・編集"
2026/04/14 13:07,2026/04/14 13:07,0:05,Webサイト（NASログからAdobe製品情報をCSVへ - Google Gemini）の閲覧・調査
2026/04/14 13:08,2026/04/14 13:08,0:05,Excelファイル（20260201_ハードウェア一覧.csv）の入力・編集
2026/04/14 13:08,2026/04/14 13:11,0:05,Webサイト（100% 完了）の閲覧・調査 / Webサイト（192.169.5.5 - リモート デスクトップ接続）の閲覧・調査 / Webサイト（75% 完了）の閲覧・調査 / Webサイト（83% 完了）の閲覧・調査 / Webサイト（NASログからAdobe製品情報をCSVへ - Google Gemini）の閲覧・調査 / Webサイト（\\10.85.33.230\01_全社共有...
2026/04/14 13:11,2026/04/14 13:11,0:05,サイボウズ（メッセージの詳細 - サイボウズ Office）での情報確認・処理
2026/04/14 13:11,2026/04/14 13:11,0:05,Webサイト（AdobeCheck_FWN-034.txt - サクラエディタ32bit 2.4.2.6048）の閲覧・調査 / Webサイト（\\10.85.33.230\01_全社共有\...\（NAS）伊藤\AdobeAcrobatReaderログ\AdobeCheck_FWN-034.txt - サクラエディタ32bit 2.4.2.6048）の閲覧・調査
2026/04/14 13:11,2026/04/14 13:11,0:05,サイボウズ（メッセージの詳細 - サイボウズ Office）での情報確認・処理
2026/04/14 13:11,2026/04/14 13:11,0:05,Webサイト（Google Meet）の閲覧・調査
2026/04/14 13:11,2026/04/14 13:11,0:05,サイボウズ（メッセージの詳細 - サイボウズ Office）での情報確認・処理
2026/04/14 13:11,2026/04/14 13:11,0:05,Webサイト（AdobeCheck_FWN-026.txt - サクラエディタ32bit 2.4.2.6048）の閲覧・調査 / Webサイト（\\10.85.33.230\01_全社共有\...\（NAS）伊藤\AdobeAcrobatReaderログ\AdobeCheck_FWN-026.txt - サクラエディタ32bit 2.4.2.6048）の閲覧・調査
2026/04/14 13:11,2026/04/14 13:11,0:05,サイボウズ（Cybozu Exporter V5.1 - URL Logic Fixed）での情報確認・処理 / サイボウズ（メッセージの詳細 - サイボウズ Office）での情報確認・処理 / サイボウズ（メール本文 - サイボウズ Office - プロファイル 1 - Microsoft? Edge）での情報確認・処理
2026/04/14 13:12,2026/04/14 13:12,0:05,Webサイト（NASログからAdobe製品情報をCSVへ - Google Gemini）の閲覧・調査 / Webサイト（デスクトップ\新規 テキスト ドキュメント (3).txt - サクラエディタ32bit 2.4.2.6048）の閲覧・調査 / Webサイト（デスクトップ\新規 テキスト ドキュメント (3).txt(更新) - サクラエディタ32bit 2.4.2.6048）の閲覧・...
2026/04/14 13:12,2026/04/14 13:13,0:05,Webサイト（C:\Windows\System32\WindowsPowerShell\v1.0\powershell.exe）の閲覧・調査 / Webサイト（NASログからAdobe製品情報をCSVへ - Google Gemini）の閲覧・調査 / Webサイト（Windows PowerShell）の閲覧・調査 / 名前の変更
2026/04/14 13:13,2026/04/14 13:13,0:05,Excelファイル（2025年度下期_業績評価シート【3068伊藤健人】 (2).xlsx）の入力・編集 / Excelファイル（ハードウェア一覧.csv）の入力・編集 / Excelファイル（ハードウェア一覧_updated.csv）の入力・編集
2026/04/14 13:14,2026/04/14 13:15,0:05,Webサイト（192.169.5.5 - リモート デスクトップ接続）の閲覧・調査 / Webサイト（NASログからAdobe製品情報をCSVへ - Google Gemini）の閲覧・調査
2026/04/14 13:17,2026/04/14 13:17,0:05,サイボウズ（メッセージの詳細 - サイボウズ Office）での情報確認・処理 / サイボウズ（個人フォルダ - サイボウズ Office）での情報確認・処理
2026/04/14 13:18,2026/04/14 13:18,0:05,Webサイト（192.169.5.5 - リモート デスクトップ接続）の閲覧・調査
2026/04/14 13:18,2026/04/14 13:18,0:05,サイボウズ（メッセージの詳細 - サイボウズ Office）での情報確認・処理
2026/04/14 13:18,2026/04/14 13:18,0:05,Webサイト（192.169.5.5 - リモート デスクトップ接続）の閲覧・調査
2026/04/14 13:18,2026/04/14 13:18,0:05,Excelファイル（ハードウェア一覧_updated.csv）の入力・編集
2026/04/14 13:18,2026/04/14 13:18,0:05,Webサイト（192.169.5.5 - リモート デスクトップ接続）の閲覧・調査
2026/04/14 13:18,2026/04/14 13:18,0:05,Excelファイル（2025年度下期_業績評価シート【3068伊藤健人】 (2).xlsx）の入力・編集
2026/04/14 13:18,2026/04/14 13:18,0:05,Webサイト（192.169.5.5 - リモート デスクトップ接続）の閲覧・調査
2026/04/14 13:18,2026/04/14 13:18,0:05,サイボウズ（Cybozu Exporter V5.1 - URL Logic Fixed）での情報確認・処理
2026/04/14 13:19,2026/04/14 13:19,0:05,Webサイト（192.169.5.5 - リモート デスクトップ接続）の閲覧・調査
2026/04/14 13:21,2026/04/14 13:21,0:05,サイボウズ（メッセージの詳細 - サイボウズ Office）での情報確認・処理 / サイボウズ（ワークフロー（最新一覧） - サイボウズ Office）での情報確認・処理 / サイボウズ（個人フォルダ - サイボウズ Office）での情報確認・処理
2026/04/14 13:21,2026/04/14 13:21,0:05,Webサイト（192.169.5.5 - リモート デスクトップ接続）の閲覧・調査
2026/04/14 13:22,2026/04/14 13:22,0:05,サイボウズ（個人フォルダ - サイボウズ Office）での情報確認・処理
2026/04/14 13:22,2026/04/14 13:22,0:05,Webサイト（C:\Windows\System32\WindowsPowerShell\v1.0\powershell.exe）の閲覧・調査 / Webサイト（Windows PowerShell）の閲覧・調査
2026/04/14 13:22,2026/04/14 13:22,0:05,Excelファイル（2025年度下期_業績評価シート【3068伊藤健人】 (2).xlsx）の入力・編集 / Excelファイル（ハードウェア一覧_updated.csv）の入力・編集
2026/04/14 13:22,2026/04/14 13:22,0:05,Webサイト（C:\Windows\System32\WindowsPowerShell\v1.0\powershell.exe）の閲覧・調査 / Webサイト（Windows PowerShell）の閲覧・調査
2026/04/14 13:22,2026/04/14 13:27,0:05,Excelファイル（2025年度下期_業績評価シート【3068伊藤健人】 (2).xlsx）の入力・編集 / Excelファイル（ハードウェア一覧_updated.csv）の入力・編集
2026/04/14 13:27,2026/04/14 13:27,0:05,Webサイト（Microsoft Excel）の閲覧・調査
2026/04/14 13:27,2026/04/14 13:29,0:05,Excelファイル（ハードウェア一覧_updated.csv）の入力・編集
2026/04/14 13:29,2026/04/14 13:31,0:05,Excelファイル（ハードウェア一覧_updated.csv）の入力・編集 / 並べ替え
2026/04/14 13:31,2026/04/14 13:31,0:05,Excelファイル（ハードウェア一覧_updated.csv）の入力・編集 / 並べ替え
2026/04/14 13:31,2026/04/14 13:31,0:05,Excelファイル（ハードウェア一覧_updated.csv）の入力・編集 / 重複の削除
2026/04/14 13:31,2026/04/14 13:31,0:05,Webサイト（Microsoft Excel）の閲覧・調査
2026/04/14 13:31,2026/04/14 13:31,0:05,Excelファイル（ハードウェア一覧_updated.csv）の入力・編集
2026/04/14 13:32,2026/04/14 13:32,0:05,Webサイト（Microsoft Excel）の閲覧・調査
2026/04/14 13:32,2026/04/14 13:32,0:05,Excelファイル（ハードウェア一覧_updated.csv）の入力・編集
2026/04/14 13:32,2026/04/14 13:32,0:05,Webサイト（NASログからAdobe製品情報をCSVへ - Google Gemini）の閲覧・調査
2026/04/14 13:34,2026/04/14 13:34,0:05,Excelファイル（2025年度下期_業績評価シート【3068伊藤健人】 (2).xlsx）の入力・編集
2026/04/14 13:34,2026/04/14 13:34,0:05,Webサイト（NASログからAdobe製品情報をCSVへ - Google Gemini）の閲覧・調査
2026/04/14 13:35,2026/04/14 13:35,0:05,Excelファイル（2025年度下期_業績評価シート【3068伊藤健人】 (2).xlsx）の入力・編集 / Excelファイル（ハードウェア一覧_updated.csv）の入力・編集
2026/04/14 13:35,2026/04/14 13:37,0:05,Webサイト（AdobeCheck_FWN-039.txt - サクラエディタ32bit 2.4.2.6048）の閲覧・調査 / Webサイト（NASログからAdobe製品情報をCSVへ - Google Gemini）の閲覧・調査 / Webサイト（Y:\システム統括部\業改室\★大宮システム部\（NAS）伊藤\AdobeAcrobatReaderログ\AdobeCheck_FWN-039...
2026/04/14 13:37,2026/04/14 13:37,0:05,Excelファイル（ハードウェア一覧_updated.csv）の入力・編集
2026/04/14 13:37,2026/04/14 13:37,0:05,Webサイト（192.169.5.5 - リモート デスクトップ接続）の閲覧・調査 / Webサイト（バッチファイル出力先とAdobeインベントリ - Google Gemini）の閲覧・調査
2026/04/14 13:37,2026/04/14 13:37,0:05,Excelファイル（2025年度下期_業績評価シート【3068伊藤健人】 (2).xlsx）の入力・編集
2026/04/14 13:37,2026/04/14 13:37,0:05,Webサイト（AdobeCheck.bat - メモ帳）の閲覧・調査 / Webサイト（BitLocker回復キー再起動時要求対処 - Google Gemini）の閲覧・調査 / Webサイト（NASログからAdobe製品情報をCSVへ - Google Gemini）の閲覧・調査 / Webサイト（バッチファイル出力先とAdobeインベントリ - Google Gemini）の閲覧・調査
2026/04/14 13:38,2026/04/14 13:38,0:05,Excelファイル（2025年度下期_業績評価シート【3068伊藤健人】 (2).xlsx）の入力・編集 / Excelファイル（ハードウェア一覧_updated.csv）の入力・編集
2026/04/14 13:38,2026/04/14 13:38,0:05,Webサイト（NASログからAdobe製品情報をCSVへ - Google Gemini）の閲覧・調査
2026/04/14 13:42,2026/04/14 13:42,0:05,Excelファイル（2025年度下期_業績評価シート【3068伊藤健人】 (2).xlsx）の入力・編集
2026/04/14 13:42,2026/04/14 13:42,0:05,Webサイト（NASログからAdobe製品情報をCSVへ - Google Gemini）の閲覧・調査
2026/04/14 13:42,2026/04/14 13:43,0:05,サイボウズ（Cybozu Exporter V5.1 - URL Logic Fixed）での情報確認・処理 / サイボウズ（メール - サイボウズ Office - プロファイル 1 - Microsoft? Edge）での情報確認・処理
2026/04/14 13:46,2026/04/14 13:46,0:05,Antigravityを用いた「システム開発・改善」の開発・相談
2026/04/14 13:46,2026/04/14 13:46,0:05,サイボウズ（Cybozu Exporter V5.1 - URL Logic Fixed）での情報確認・処理
2026/04/14 13:46,2026/04/14 13:46,0:05,Antigravityを用いた「システム開発・改善」の開発・相談
2026/04/14 13:47,2026/04/14 13:47,0:05,Webサイト（NASログからAdobe製品情報をCSVへ - Google Gemini）の閲覧・調査
2026/04/14 13:47,2026/04/14 13:48,0:05,Excelファイル（ハードウェア一覧_updated.csv）の入力・編集
2026/04/14 13:48,2026/04/14 13:51,0:05,Webサイト（192.169.5.5 - リモート デスクトップ接続）の閲覧・調査 / Webサイト（AdobeCheck.bat - メモ帳）の閲覧・調査 / Webサイト（NASログからAdobe製品情報をCSVへ - Google Gemini）の閲覧・調査 / Webサイト（Windows PowerShell ISE）の閲覧・調査
2026/04/14 13:52,2026/04/14 13:52,0:05,Antigravityを用いた「システム開発・改善」の開発・相談
2026/04/14 13:53,2026/04/14 13:53,0:05,Webサイト（192.169.5.5 - リモート デスクトップ接続）の閲覧・調査
2026/04/14 13:53,2026/04/14 13:53,0:05,Antigravityを用いた「システム開発・改善」の開発・相談
2026/04/14 13:54,2026/04/14 13:54,0:05,サイボウズ（Cybozu Exporter V5.1 - URL Logic Fixed）での情報確認・処理
2026/04/14 13:54,2026/04/14 13:54,0:05,Antigravityを用いた「システム開発・改善」の開発・相談
2026/04/14 13:54,2026/04/14 13:54,0:05,サイボウズ（Cybozu Exporter V5.2 - Safe Save Mode）での情報確認・処理
2026/04/14 13:55,2026/04/14 13:55,0:05,Webサイト（フォルダーの選択）の閲覧・調査
2026/04/14 13:55,2026/04/14 13:55,0:05,サイボウズ（Cybozu Exporter V5.2 - Safe Save Mode）での情報確認・処理
2026/04/14 13:55,2026/04/14 13:55,0:05,Webサイト（100% 完了）の閲覧・調査
2026/04/14 13:55,2026/04/14 13:55,0:05,1% 完了 / 3% 完了 / 6% 完了 / 9% 完了 / Webサイト（100% 完了）の閲覧・調査 / Webサイト（11% 完了）の閲覧・調査 / Webサイト（16% 完了）の閲覧・調査 / Webサイト（20% 完了）の閲覧・調査 / Webサイト（27% 完了）の閲覧・調査 / Webサイト（37% 完了）の閲覧・調査 / Webサイト（44% 完了）の閲覧・調査 / Web...
2026/04/14 13:55,2026/04/14 13:55,0:05,サイボウズ（Cybozu Exporter V5.2 - Safe Save Mode）での情報確認・処理
2026/04/14 13:55,2026/04/14 13:55,0:05,Webサイト（フォルダーの選択）の閲覧・調査
2026/04/14 13:55,2026/04/14 13:55,0:05,サイボウズ（Cybozu Exporter V5.2 - Safe Save Mode）での情報確認・処理
2026/04/14 13:55,2026/04/14 13:56,0:05,"Webサイト（data:, - プロファイル 1 - Microsoft? Edge）の閲覧・調査 / Webサイト（インフォメーション - プロファイル 1 - Microsoft? Edge）の閲覧・調査"
2026/04/14 13:56,2026/04/14 13:56,0:05,サイボウズ（Cybozu Exporter V5.2 - Safe Save Mode）での情報確認・処理 / サイボウズ（トップページ - サイボウズ Office - プロファイル 1 - Microsoft? Edge）での情報確認・処理 / サイボウズ（メール - サイボウズ Office - プロファイル 1 - Microsoft? Edge）での情報確認・処理
2026/04/14 13:56,2026/04/14 14:25,0:28,Webサイト（192.169.5.5 - リモート デスクトップ接続）の閲覧・調査 / Webサイト（BitLocker回復キー再起動時要求対処 - Google Gemini）の閲覧・調査 / Webサイト（NASログからAdobe製品情報をCSVへ - Google Gemini）の閲覧・調査 / Webサイト（バッチファイル出力先とAdobeインベントリ - Google Gemini...
2026/04/14 14:25,2026/04/14 14:25,0:05,サイボウズ（メール本文 - サイボウズ Office - プロファイル 1 - Microsoft? Edge）での情報確認・処理
2026/04/14 14:25,2026/04/14 14:44,0:19,Webサイト（*AdobeCheck.bat - メモ帳）の閲覧・調査 / Webサイト（192.169.5.5 - リモート デスクトップ接続）の閲覧・調査 / Webサイト（AdobeCheck.bat - メモ帳）の閲覧・調査 / Webサイト（AdobeCheck_FWN-026.txt - サクラエディタ32bit 2.4.2.6048）の閲覧・調査 / Webサイト（AdobeC...
2026/04/14 14:45,2026/04/14 14:45,0:05,サイボウズ（Cybozu Exporter V5.2 - Safe Save Mode）での情報確認・処理 / サイボウズ（メール - サイボウズ Office - プロファイル 1 - Microsoft? Edge）での情報確認・処理 / サイボウズ（メール本文 - サイボウズ Office - プロファイル 1 - Microsoft? Edge）での情報確認・処理
2026/04/14 14:45,2026/04/14 14:52,0:07,Webサイト（192.169.5.5 - リモート デスクトップ接続）の閲覧・調査 / Webサイト（C:\Windows\System32\WindowsPowerShell\v1.0\powershell.exe）の閲覧・調査 / Webサイト（NASログからAdobe製品情報をCSVへ - Google Gemini）の閲覧・調査 / Webサイト（Windows PowerShell...
2026/04/14 14:52,2026/04/14 14:53,0:05,Excelファイル（2025年度下期_業績評価シート【3068伊藤健人】 (2).xlsx）の入力・編集 / Excelファイル（ハードウェア一覧.csv）の入力・編集
2026/04/14 14:53,2026/04/14 14:53,0:05,Webサイト（NASログからAdobe製品情報をCSVへ - Google Gemini）の閲覧・調査
2026/04/14 14:54,2026/04/14 14:54,0:05,Excelファイル（2025年度下期_業績評価シート【3068伊藤健人】 (2).xlsx）の入力・編集
2026/04/14 14:54,2026/04/14 14:55,0:05,Webサイト（NASログからAdobe製品情報をCSVへ - Google Gemini）の閲覧・調査 / Webサイト（Windows PowerShell ISE）の閲覧・調査 / Webサイト（Windows PowerShell）の閲覧・調査
2026/04/14 14:55,2026/04/14 14:55,0:05,Excelファイル（2025年度下期_業績評価シート【3068伊藤健人】 (2).xlsx）の入力・編集 / Excelファイル（ハードウェア一覧_Adobe集計版_V2.csv）の入力・編集
2026/04/14 14:56,2026/04/14 14:56,0:05,Webサイト（NASログからAdobe製品情報をCSVへ - Google Gemini）の閲覧・調査
2026/04/14 14:57,2026/04/14 14:57,0:05,Excelファイル（2025年度下期_業績評価シート【3068伊藤健人】 (2).xlsx）の入力・編集
2026/04/14 14:57,2026/04/14 14:57,0:05,Webサイト（NASログからAdobe製品情報をCSVへ - Google Gemini）の閲覧・調査 / Webサイト（Windows PowerShell ISE）の閲覧・調査
2026/04/14 14:58,2026/04/14 14:58,0:05,Excelファイル（ハードウェア一覧_Adobe集計版_V2.csv）の入力・編集
2026/04/14 14:58,2026/04/14 14:58,0:05,Webサイト（NASログからAdobe製品情報をCSVへ - Google Gemini）の閲覧・調査
2026/04/14 14:59,2026/04/14 14:59,0:05,Excelファイル（ハードウェア一覧_Adobe集計版_V2.csv）の入力・編集
2026/04/14 14:59,2026/04/14 14:59,0:05,Webサイト（192.169.5.5 - リモート デスクトップ接続）の閲覧・調査
2026/04/14 15:03,2026/04/14 15:04,0:05,サイボウズ（メッセージの詳細 - サイボウズ Office）での情報確認・処理 / サイボウズ（個人フォルダ - サイボウズ Office）での情報確認・処理
2026/04/14 15:04,2026/04/14 15:04,0:05,Webサイト（BitLocker回復キー再起動時要求対処 - Google Gemini）の閲覧・調査 / Webサイト（EC売上データと外部要因の可視化 - Google Gemini）の閲覧・調査 / Webサイト（NASログからAdobe製品情報をCSVへ - Google Gemini）の閲覧・調査
2026/04/14 15:04,2026/04/14 15:04,0:05,サイボウズ（メッセージの詳細 - サイボウズ Office）での情報確認・処理
2026/04/14 15:05,2026/04/14 15:05,0:05,Webサイト（BitLocker回復キー再起動時要求対処 - Google Gemini）の閲覧・調査
2026/04/14 15:05,2026/04/14 15:05,0:05,サイボウズ（メッセージの詳細 - サイボウズ Office）での情報確認・処理
2026/04/14 15:05,2026/04/14 15:10,0:05,Webサイト（BitLocker回復キー再起動時要求対処 - Google Gemini）の閲覧・調査 / Webサイト（FWN-026 上の FWN-026\フォーレスト026 および他 1 ページ）の閲覧・調査 / Webサイト（FWN-026 上の FWN-026\フォーレスト026）の閲覧・調査 / Webサイト（コマンド プロンプト のジャンプ リスト）の閲覧・調査 / Webサイ...
2026/04/14 15:10,2026/04/14 15:10,0:05,サイボウズ（メッセージの詳細 - サイボウズ Office および他 1 ページ）での情報確認・処理
2026/04/14 15:12,2026/04/14 15:21,0:08,Webサイト（192.169.5.5 - リモート デスクトップ接続）の閲覧・調査 / Webサイト（BitLocker　ある日急にパスワードを聞かれるようになる問題 - Comet）の閲覧・調査 / Webサイト（BitLocker回復キー再起動時要求対処 - Google Gemini）の閲覧・調査 / Webサイト（HP EliteBook 830 G8 ノートブック PC (6A3M...
2026/04/14 15:22,2026/04/14 15:22,0:05,サイボウズ（メッセージの詳細 - サイボウズ Office および他 1 ページ）での情報確認・処理
2026/04/14 15:22,2026/04/14 15:22,0:05,Webサイト（BitLocker　ある日急にパスワードを聞かれるようになる問題 - Comet）の閲覧・調査
2026/04/14 15:22,2026/04/14 15:22,0:05,サイボウズ（メッセージの詳細 - サイボウズ Office および他 1 ページ）での情報確認・処理
2026/04/14 15:23,2026/04/14 15:23,0:05,Webサイト（(21) Grok / X および他 8 ページ）の閲覧・調査 / Webサイト（(21) Grok / X）の閲覧・調査 / Webサイト（BitLocker　ある日急にパスワードを聞かれるようになる問題 - Comet）の閲覧・調査 / Webサイト（Grok / X および他 8 ページ）の閲覧・調査 / Webサイト（X および他 8 ページ）の閲覧・調査 / Webサ...
2026/04/14 15:26,2026/04/14 15:26,0:05,サイボウズ（メッセージの詳細 - サイボウズ Office および他 1 ページ）での情報確認・処理
2026/04/14 15:28,2026/04/14 15:28,0:05,Webサイト（192.169.5.5 - リモート デスクトップ接続）の閲覧・調査
2026/04/14 15:28,2026/04/14 15:28,0:05,サイボウズ（メッセージの詳細 - サイボウズ Office および他 1 ページ）での情報確認・処理
2026/04/14 15:28,2026/04/14 15:28,0:05,Excelファイル（ハードウェア一覧_Adobe集計版_V2.csv）の入力・編集
2026/04/14 15:28,2026/04/14 15:28,0:05,サイボウズ（メッセージの詳細 - サイボウズ Office および他 1 ページ）での情報確認・処理
2026/04/14 15:28,2026/04/14 15:28,0:05,Webサイト（AdobeCheck_WIN10-1082.txt - サクラエディタ32bit 2.4.2.6048）の閲覧・調査 / Webサイト（\\10.85.33.230\01_全社共有\...\（NAS）伊藤\AdobeAcrobatReaderログ\AdobeCheck_WIN10-1082.txt - サクラエディタ32bit 2.4.2.6048）の閲覧・調査
2026/04/14 15:28,2026/04/14 15:28,0:05,サイボウズ（メッセージの詳細 - サイボウズ Office および他 1 ページ）での情報確認・処理
2026/04/14 15:28,2026/04/14 15:29,0:05,Webサイト（(21) Grok / X および他 8 ページ）の閲覧・調査 / Webサイト（C:\Windows\System32\WindowsPowerShell\v1.0\powershell.exe）の閲覧・調査 / Webサイト（Windows PowerShell）の閲覧・調査 / Webサイト（選択管理者: コマンド プロンプト）の閲覧・調査
2026/04/14 15:29,2026/04/14 15:29,0:05,Excelファイル（ハードウェア一覧_Adobe集計版_V2.csv）の入力・編集
2026/04/14 15:29,2026/04/14 15:29,0:05,Webサイト（Windows PowerShell）の閲覧・調査
2026/04/14 15:29,2026/04/14 15:32,0:05,Excelファイル（2025年度下期_業績評価シート【3068伊藤健人】 (2).xlsx）の入力・編集 / Excelファイル（ハードウェア一覧_Adobe集計版_V2.csv）の入力・編集
2026/04/14 15:32,2026/04/14 15:32,0:05,Webサイト（並べ替えの前に）の閲覧・調査
2026/04/14 15:32,2026/04/14 15:32,0:05,Excelファイル（ハードウェア一覧_Adobe集計版_V2.csv）の入力・編集
2026/04/14 15:32,2026/04/14 15:33,0:05,Excelファイル（2025年度下期_業績評価シート【3068伊藤健人】 (2).xlsx）の入力・編集 / Excelファイル（ハードウェア一覧_Adobe集計版_V2.csv）の入力・編集 / 並べ替え
2026/04/14 15:33,2026/04/14 15:33,0:05,Webサイト（(21) Grok / X および他 8 ページ）の閲覧・調査
2026/04/14 15:33,2026/04/14 15:33,0:05,Excelファイル（2025年度下期_業績評価シート【3068伊藤健人】 (2).xlsx）の入力・編集
2026/04/14 15:33,2026/04/14 15:33,0:05,Webサイト（(21) Grok / X および他 8 ページ）の閲覧・調査
2026/04/14 15:33,2026/04/14 15:37,0:05,サイボウズ（Cybozu Exporter V5.2 - Safe Save Mode）での情報確認・処理 / サイボウズ（トップページ - サイボウズ Office および他 1 ページ）での情報確認・処理 / サイボウズ（トップページ - サイボウズ Office）での情報確認・処理 / サイボウズ（メール - サイボウズ Office - プロファイル 1 - Microsoft? E...
2026/04/14 15:37,2026/04/14 15:37,0:05,Antigravityを用いた「システム開発・改善」の開発・相談
2026/04/14 15:38,2026/04/14 15:38,0:05,サイボウズ（Cybozu Exporter V5.2 - Safe Save Mode）での情報確認・処理
2026/04/14 15:39,2026/04/14 15:39,0:05,Antigravityを用いた「システム開発・改善」の開発・相談
2026/04/14 15:39,2026/04/14 15:39,0:05,サイボウズ（Cybozu Exporter V5.3 - Zero Leak Mode）での情報確認・処理
2026/04/14 15:39,2026/04/14 15:39,0:05,Webサイト（フォルダーの選択）の閲覧・調査
2026/04/14 15:39,2026/04/14 15:39,0:05,サイボウズ（Cybozu Exporter V5.3 - Zero Leak Mode）での情報確認・処理
2026/04/14 15:39,2026/04/14 15:39,0:05,Webサイト（インフォメーション - プロファイル 1 - Microsoft? Edge）の閲覧・調査
2026/04/14 15:39,2026/04/14 15:42,0:05,サイボウズ（Cybozu Exporter V5.3 - Zero Leak Mode）での情報確認・処理 / サイボウズ（トップページ - サイボウズ Office - プロファイル 1 - Microsoft? Edge）での情報確認・処理 / サイボウズ（メッセージの詳細 - サイボウズ Office および他 1 ページ）での情報確認・処理 / サイボウズ（メッセージの詳細 - サイ...
2026/04/14 15:51,2026/04/14 15:51,0:05,Webサイト（192.169.5.5 - リモート デスクトップ接続）の閲覧・調査
2026/04/14 15:55,2026/04/14 15:56,0:05,サイボウズ（forestway.cybozu.com/o/ag.cgi?page=MyFolderIndex および他 1 ページ）での情報確認・処理 / サイボウズ（メッセージの詳細 - サイボウズ Office および他 1 ページ）での情報確認・処理 / サイボウズ（メッセージの詳細 - サイボウズ Office）での情報確認・処理 / サイボウズ（個人フォルダ - サイボウズ Off...
2026/04/14 15:57,2026/04/14 16:01,0:05,Webサイト（BitLocker回復キー再起動時要求対処 - Google Gemini）の閲覧・調査 / Webサイト（Creating Notebook...）の閲覧・調査 / Webサイト（EC売上データと外部要因の可視化 - Google Gemini）の閲覧・調査 / Webサイト（Gemini）の閲覧・調査 / Webサイト（Google NotebookLM）の閲覧・調査 / ...
2026/04/14 16:01,2026/04/14 16:01,0:05,Webサイト（アナリティクスレポートツールを、無料でまとめて比較）の閲覧・調査 / 拡張機能
2026/04/14 16:02,2026/04/14 16:03,0:05,Webサイト（Chrome ウェブストア - 拡張機能）の閲覧・調査 / Webサイト（Chrome ウェブストア - 検索結果）の閲覧・調査 / Webサイト（Notebooklm Source Importer - Chrome ウェブストア）の閲覧・調査 / Webサイト（「Notebooklm Source Importer」が Chrome に追加されました）の閲覧・調査 / 拡張...
2026/04/14 16:03,2026/04/14 16:03,0:05,Webサイト（Notebooklm Source Importer - Chrome ウェブストア）の閲覧・調査 / 拡張機能
2026/04/14 16:04,2026/04/14 16:04,0:05,Webサイト（Notebooklm Source Importer - Chrome ウェブストア）の閲覧・調査 / 拡張機能
2026/04/14 16:04,2026/04/14 16:04,0:05,サイボウズ（個人フォルダ - サイボウズ Office および他 1 ページ）での情報確認・処理
2026/04/14 16:04,2026/04/14 16:04,0:05,Webサイト（「Adobe Acrobat : PDF の編集、変換、署名ツール」が追加されました）の閲覧・調査 / Webサイト（コマンド プロンプト のジャンプ リスト）の閲覧・調査 / Webサイト（健人 - Chrome のジャンプ リスト）の閲覧・調査
2026/04/14 16:04,2026/04/14 16:04,0:05,PDF資料（Acrobat-for-Chrome.pdf）の確認
2026/04/14 16:04,2026/04/14 16:04,0:05,Webサイト（Google Gemini）の閲覧・調査
2026/04/14 16:04,2026/04/14 16:04,0:05,PDF資料（Acrobat-for-Chrome.pdf）の確認 / PDF資料（acrobat.adobe.com/dc-chrome-extension/mv/ja/Acrobat-for-Chrome.pdf）の確認
2026/04/14 16:04,2026/04/14 16:04,0:05,Webサイト（Loading...）の閲覧・調査
2026/04/14 16:04,2026/04/14 16:04,0:05,PDF資料（Acrobat-for-Chrome.pdf）の確認
2026/04/14 16:04,2026/04/14 16:08,0:05,"Webサイト（EC,小売りの 売り上げ動向予測の手法 - Google 検索）の閲覧・調査 / Webサイト（EC売上データと外部要因の可視化 - Google Gemini）の閲覧・調査 / Webサイト（EC売上データと外部要因の可視化 - NotebookLM）の閲覧・調査 / Webサイト（Google Gemini）の閲覧・調査 / Webサイト（Google NotebookLM..."
2026/04/14 16:11,2026/04/14 16:11,0:05,サイボウズ（個人フォルダ - サイボウズ Office および他 1 ページ）での情報確認・処理
2026/04/14 16:11,2026/04/14 16:14,0:05,"Webサイト（AI需要予測・価格最適化で実現する、次世代のEC需給管理 | 【公式】ecbeing ECサイト構築国内シェアNo.1）の閲覧・調査 / Webサイト（EC,小売りの 売り上げ動向予測の手法 - Google 検索）の閲覧・調査 / Webサイト（ECサイトの分析手法とは？重要な12の指標や無料の分析ツールも解説 - awoo）の閲覧・調査 / Webサイト（ECサイトの売上分..."
2026/04/14 16:16,2026/04/14 16:16,0:05,サイボウズ（個人フォルダ - サイボウズ Office および他 1 ページ）での情報確認・処理
2026/04/14 16:16,2026/04/14 16:25,0:09,Webサイト（192.169.5.5 - リモート デスクトップ接続）の閲覧・調査 / Webサイト（EC売上データと外部要因の可視化 - Google Gemini）の閲覧・調査 / Webサイト（Gemini）の閲覧・調査 / Webサイト（Google Gemini）の閲覧・調査 / Webサイト（NotebookLM）の閲覧・調査 / Webサイト（リモート デスクトップ接続）の閲覧...
2026/04/14 16:26,2026/04/14 16:28,0:05,Excelファイル（2025年度下期_業績評価シート【3068伊藤健人】 (2).xlsx）の入力・編集 / Excelファイル（管理コンソールメイン画面.csv）の入力・編集
2026/04/14 16:28,2026/04/14 16:28,0:05,Webサイト（レンズの分析）の閲覧・調査
2026/04/14 16:28,2026/04/14 16:42,0:13,Excelファイル（管理コンソールメイン画面.csv）の入力・編集
2026/04/14 16:42,2026/04/14 16:42,0:05,Webサイト（EC売上データと外部要因の可視化 - Google Gemini）の閲覧・調査
2026/04/14 16:45,2026/04/14 16:45,0:05,Excelファイル（管理コンソールメイン画面.csv）の入力・編集
2026/04/14 16:45,2026/04/14 16:45,0:05,Webサイト（EC売上データと外部要因の可視化 - Google Gemini）の閲覧・調査
2026/04/14 16:46,2026/04/14 16:46,0:05,Antigravityを用いた「システム開発・改善」の開発・相談
2026/04/14 16:46,2026/04/14 16:47,0:05,Webサイト（EC売上データと外部要因の可視化 - Google Gemini）の閲覧・調査 / Webサイト（NotebookLM）の閲覧・調査
2026/04/14 17:01,2026/04/14 17:02,0:05,Excelファイル（2025年度下期_業績評価シート【3068伊藤健人】 (2).xlsx）の入力・編集 / Excelファイル（管理コンソールメイン画面.csv）の入力・編集
2026/04/14 17:02,2026/04/14 17:02,0:05,サイボウズ（トップページ - サイボウズ Office および他 1 ページ）での情報確認・処理 / サイボウズ（トップページ - サイボウズ Office）での情報確認・処理 / サイボウズ（個人フォルダ - サイボウズ Office および他 1 ページ）での情報確認・処理 / サイボウズ（掲示の詳細 - サイボウズ Office および他 1 ページ）での情報確認・処理 / サイボウズ...
2026/04/14 17:02,2026/04/14 17:31,0:29,Excelファイル（管理コンソールメイン画面.csv）の入力・編集 / PDF資料（FRT組織図-20260401.pdf および他 2 ページ）の確認 / PDF資料（FRT組織図-20260401.pdf）の確認
2026/04/14 17:32,2026/04/14 17:32,0:05,サイボウズ（Cybozu Exporter V5.3 - Zero Leak Mode）での情報確認・処理
2026/04/14 17:37,2026/04/14 17:40,0:05,Webサイト（EC売上データと外部要因の可視化 - Google Gemini）の閲覧・調査 / Webサイト（e-Stat APIの取得 - Google 検索）の閲覧・調査 / Webサイト（すべて | 統計データを探す | 政府統計の総合窓口）の閲覧・調査 / Webサイト（ユーザ登録 | 政府統計の総合窓口）の閲覧・調査 / Webサイト（分野から探す | 政府統計の総合窓口）の閲覧...
2026/04/14 17:40,2026/04/14 17:40,0:05,サイボウズ（Cybozu Exporter V5.3 - Zero Leak Mode）での情報確認・処理
2026/04/14 17:41,2026/04/14 17:41,0:05,Webサイト（小売物価統計調査 小売物価統計調査（動向編） 主要品目の都市別小売価格－都道府県庁所在市及び人口15万以上の市(2000年1月～) 月次 | データベース | 統計データを探す | 政府統計の総合窓口）の閲覧・調査
2026/04/14 17:41,2026/04/14 17:41,0:05,Excelファイル（管理コンソールメイン画面.csv）の入力・編集
2026/04/14 17:41,2026/04/14 17:41,0:05,Webサイト（小売物価統計調査 小売物価統計調査（動向編） 主要品目の都市別小売価格－都道府県庁所在市及び人口15万以上の市(2000年1月～) 月次 | データベース | 統計データを探す | 政府統計の総合窓口）の閲覧・調査
2026/04/14 17:41,2026/04/14 17:41,0:05,サイボウズ（メール本文 - サイボウズ Office - プロファイル 1 - Microsoft? Edge）での情報確認・処理 / サイボウズ（個人フォルダ - サイボウズ Office - プロファイル 1 - Microsoft? Edge）での情報確認・処理
2026/04/14 17:41,2026/04/14 17:41,0:05,Webサイト（小売物価統計調査 小売物価統計調査（動向編） 主要品目の都市別小売価格－都道府県庁所在市及び人口15万以上の市(2000年1月～) 月次 | データベース | 統計データを探す | 政府統計の総合窓口）の閲覧・調査
2026/04/14 17:41,2026/04/14 17:41,0:05,サイボウズ（メール - サイボウズ Office および他 1 ページ）での情報確認・処理
2026/04/14 17:41,2026/04/14 17:41,0:05,Webサイト（小売物価統計調査 小売物価統計調査（動向編） 主要品目の都市別小売価格－都道府県庁所在市及び人口15万以上の市(2000年1月～) 月次 | データベース | 統計データを探す | 政府統計の総合窓口）の閲覧・調査
2026/04/14 17:41,2026/04/14 17:41,0:05,PDF資料（FRT組織図-20260401.pdf および他 2 ページ）の確認
2026/04/14 17:41,2026/04/14 17:41,0:05,サイボウズ（forestway.cybozu.com/o/ag.cgi?page=MyFolderIndex および他 1 ページ）での情報確認・処理 / サイボウズ（メッセージの詳細 - サイボウズ Office および他 1 ページ）での情報確認・処理 / サイボウズ（メッセージの詳細 - サイボウズ Office）での情報確認・処理 / サイボウズ（個人フォルダ - サイボウズ Off...
2026/04/14 17:42,2026/04/14 17:42,0:05,Webサイト（EC売上データと外部要因の可視化 - Google Gemini）の閲覧・調査 / Webサイト（GPR Index - Google 検索）の閲覧・調査 / Webサイト（Geopolitical Risk (GPR) Index）の閲覧・調査 / Webサイト（小売物価統計調査 小売物価統計調査（動向編） 主要品目の都市別小売価格－都道府県庁所在市及び人口15万以上の市(2...
2026/04/14 17:42,2026/04/14 17:44,0:05,"Webサイト（Data: Querying, Analyzing and Downloading: The GDELT Project）の閲覧・調査 / Webサイト（EC売上データと外部要因の可視化 - Google Gemini）の閲覧・調査 / Webサイト（GDELT Project - Google 検索）の閲覧・調査 / Webサイト（GPR Index - Google 検索）..."
2026/04/14 17:44,2026/04/14 17:45,0:05,Webサイト（EC売上データと外部要因の可視化 - Google Gemini）の閲覧・調査 / Webサイト（データ：クエリ、分析、ダウンロード：GDELTプロジェクト）の閲覧・調査 / 翻訳済み
2026/04/14 17:46,2026/04/14 17:47,0:05,サイボウズ（Cybozu Exporter V5.3 - Zero Leak Mode）での情報確認・処理 / サイボウズ（forestway.cybozu.com/o/ag.cgi?page=MailIndex&fid=3034 および他 1 ページ）での情報確認・処理 / サイボウズ（エラー 14708 - サイボウズ Office - プロファイル 1 - Microsoft? Edg...
2026/04/14 17:47,2026/04/14 17:47,0:05,Webサイト（EC売上データと外部要因の可視化 - Google Gemini）の閲覧・調査 / Webサイト（データ：クエリ、分析、ダウンロード：GDELTプロジェクト）の閲覧・調査
2026/04/14 17:50,2026/04/14 17:50,0:05,サイボウズ（メッセージの詳細 - サイボウズ Office および他 1 ページ）での情報確認・処理 / サイボウズ（メッセージの詳細 - サイボウズ Office）での情報確認・処理 / サイボウズ（ワークフロー（最新一覧） - サイボウズ Office および他 1 ページ）での情報確認・処理 / サイボウズ（ワークフロー（最新一覧） - サイボウズ Office）での情報確認・処理 /...
2026/04/14 17:52,2026/04/14 17:57,0:05,Webサイト（EC売上データと外部要因の可視化 - Google Gemini）の閲覧・調査 / Webサイト（NotebookLM）の閲覧・調査
2026/04/14 18:28,2026/04/14 18:28,0:05,サイボウズ（ワークフロー（最新一覧） - サイボウズ Office および他 1 ページ）での情報確認・処理
2026/04/15 09:19,2026/04/15 09:19,0:05,Webサイト（(21) Grok / X）の閲覧・調査
2026/04/15 09:19,2026/04/15 09:19,0:05,サイボウズ（ワークフロー（最新一覧） - サイボウズ Office および他 2 ページ）での情報確認・処理
2026/04/15 09:35,2026/04/15 09:56,0:20,Webサイト（Creating Notebook...）の閲覧・調査 / Webサイト（NotebookLM）の閲覧・調査 / Webサイト（Unified Application Management and Security Policy Framework - NotebookLM）の閲覧・調査 / Webサイト（Untitled notebook - NotebookLM）の閲覧・調...
2026/04/15 09:57,2026/04/15 09:57,0:05,サイボウズ（forestway.cybozu.com/o/ag.cgi?page=MyFolderIndex および他 2 ページ）での情報確認・処理 / サイボウズ（ワークフロー（最新一覧） - サイボウズ Office および他 2 ページ）での情報確認・処理 / サイボウズ（個人フォルダ - サイボウズ Office および他 2 ページ）での情報確認・処理 / サイボウズ（個人フォル...
2026/04/15 09:57,2026/04/15 09:57,0:05,Webサイト（NotebookLM）の閲覧・調査
2026/04/15 10:00,2026/04/15 10:00,0:05,サイボウズ（メッセージの詳細 - サイボウズ Office および他 2 ページ）での情報確認・処理 / サイボウズ（メッセージの詳細 - サイボウズ Office）での情報確認・処理 / サイボウズ（個人フォルダ - サイボウズ Office および他 2 ページ）での情報確認・処理
2026/04/15 10:02,2026/04/15 10:02,0:05,Webサイト（NotebookLM）の閲覧・調査
2026/04/15 10:02,2026/04/15 10:03,0:05,サイボウズ（Cybozu Exporter V5.3 - Zero Leak Mode）での情報確認・処理 / サイボウズ（https://forestway.cybozu.com/o/ag.cgi?）での情報確認・処理 / サイボウズ（メッセージの詳細 - サイボウズ Office および他 2 ページ）での情報確認・処理
2026/04/15 10:03,2026/04/15 10:05,0:05,Webサイト（NotebookLM）の閲覧・調査 / Webサイト（Unified Application Management and Security Policy Framework - NotebookLM）の閲覧・調査
2026/04/15 10:06,2026/04/15 10:06,0:05,サイボウズ（メッセージの詳細 - サイボウズ Office および他 2 ページ）での情報確認・処理
2026/04/15 10:06,2026/04/15 10:06,0:05,Webサイト（(21) Grok / X および他 8 ページ）の閲覧・調査
2026/04/15 10:06,2026/04/15 10:06,0:05,サイボウズ（メッセージの詳細 - サイボウズ Office および他 2 ページ）での情報確認・処理
2026/04/15 10:06,2026/04/15 10:06,0:05,Webサイト（EC売上データと外部要因の可視化 - Google Gemini）の閲覧・調査 / Webサイト（Unified Application Management and Security Policy Framework - NotebookLM）の閲覧・調査 / Webサイト（hostsファイルでサイトアクセスを制限 - Google Gemini）の閲覧・調査 / Webサイ...
2026/04/15 10:08,2026/04/15 10:10,0:05,サイボウズ（トップページ - サイボウズ Office および他 2 ページ）での情報確認・処理 / サイボウズ（トップページ - サイボウズ Office）での情報確認・処理 / サイボウズ（ファイルの詳細 - サイボウズ Office および他 2 ページ）での情報確認・処理 / サイボウズ（ファイルの詳細 - サイボウズ Office）での情報確認・処理 / サイボウズ（ファイル管理 ...
2026/04/15 10:10,2026/04/15 10:16,0:06,PDF資料（本社内線表(20260402).pdf および他 3 ページ）の確認 / PDF資料（本社内線表(20260402).pdf）の確認
2026/04/15 10:16,2026/04/15 10:16,0:05,Webサイト（社内SEの仕事なんでも相談 - Google Gemini）の閲覧・調査
2026/04/15 10:16,2026/04/15 10:16,0:05,サイボウズ（メール - サイボウズ Office および他 1 ページ）での情報確認・処理
2026/04/15 10:16,2026/04/15 10:16,0:05,PDF資料（本社内線表(20260402).pdf および他 3 ページ）の確認
2026/04/15 10:16,2026/04/15 10:16,0:05,サイボウズ（ファイルの詳細 - サイボウズ Office および他 3 ページ）での情報確認・処理 / サイボウズ（メッセージの詳細 - サイボウズ Office および他 3 ページ）での情報確認・処理 / サイボウズ（メッセージの詳細 - サイボウズ Office）での情報確認・処理 / サイボウズ（個人フォルダ - サイボウズ Office および他 3 ページ）での情報確認・処理 /...
2026/04/15 10:17,2026/04/15 10:17,0:05,Webサイト（名前を付けて保存）の閲覧・調査
2026/04/15 10:17,2026/04/15 10:27,0:10,サイボウズ（メッセージの詳細 - サイボウズ Office および他 3 ページ）での情報確認・処理 / サイボウズ（メッセージの詳細 - サイボウズ Office）での情報確認・処理 / サイボウズ（メッセージの送信 - サイボウズ Office および他 3 ページ）での情報確認・処理 / サイボウズ（メッセージの送信 - サイボウズ Office）での情報確認・処理 / サイボウズ（個...
2026/04/15 10:27,2026/04/15 10:29,0:05,Webサイト（Google NotebookLM）の閲覧・調査 / Webサイト（NotebookLM）の閲覧・調査 / Webサイト（Unified Application Management and Security Policy Framework - NotebookLM）の閲覧・調査 / Webサイト（社内SEの仕事なんでも相談 - Google Gemini）の閲覧・調査
2026/04/15 10:30,2026/04/15 10:31,0:05,サイボウズ（メッセージの詳細 - サイボウズ Office および他 3 ページ）での情報確認・処理 / サイボウズ（メッセージの送信 - サイボウズ Office および他 3 ページ）での情報確認・処理 / サイボウズ（メッセージの送信 - サイボウズ Office）での情報確認・処理 / サイボウズ（個人フォルダ - サイボウズ Office および他 3 ページ）での情報確認・処理 ...
2026/04/15 10:39,2026/04/15 10:41,0:05,Webサイト（192.169.5.5 - リモート デスクトップ接続）の閲覧・調査 / Webサイト（リモート デスクトップ接続）の閲覧・調査
2026/04/15 10:41,2026/04/15 10:41,0:05,サイボウズ（個人フォルダ - サイボウズ Office および他 3 ページ）での情報確認・処理
2026/04/15 10:41,2026/04/15 10:41,0:05,メール（ImportExportTools NG ヘルプ）の閲覧・作成
2026/04/15 10:41,2026/04/15 10:41,0:05,Webサイト（Windows PowerShell）の閲覧・調査
2026/04/15 10:41,2026/04/15 10:44,0:05,Excelファイル（2025年度下期_業績評価シート【3068伊藤健人】 (2).xlsx）の入力・編集 / Excelファイル（ハードウェア一覧_Adobe集計版_V2.csv）の入力・編集
2026/04/15 10:44,2026/04/15 10:53,0:09,Excelファイル（2025年度下期_業績評価シート【3068伊藤健人】 (2).xlsx）の入力・編集 / Excelファイル（ハードウェア一覧_Adobe集計版_V2.csv）の入力・編集 / 並べ替え
2026/04/15 10:53,2026/04/15 10:53,0:05,サイボウズ（個人フォルダ - サイボウズ Office および他 3 ページ）での情報確認・処理
2026/04/15 10:53,2026/04/15 11:18,0:24,Excelファイル（ハードウェア一覧_Adobe集計版_V2.csv）の入力・編集 / PDF資料（本社内線表(20260402).pdf および他 3 ページ）の確認
2026/04/15 11:18,2026/04/15 11:18,0:05,Webサイト（Unified Application Management and Security Policy Framework - NotebookLM）の閲覧・調査
2026/04/15 11:29,2026/04/15 11:29,0:05,Excelファイル（ハードウェア一覧_Adobe集計版_V2.csv）の入力・編集
2026/04/15 11:29,2026/04/15 11:37,0:07,Webサイト（Unified Application Management and Security Policy Framework - NotebookLM）の閲覧・調査
2026/04/15 11:37,2026/04/15 11:37,0:05,Antigravityを用いた「システム開発・改善」の開発・相談
2026/04/15 11:37,2026/04/15 11:37,0:05,PDF資料（本社内線表(20260402).pdf および他 3 ページ）の確認
2026/04/15 11:37,2026/04/15 11:37,0:05,Antigravityを用いた「システム開発・改善」の開発・相談
2026/04/15 11:37,2026/04/15 11:37,0:05,サイボウズ（forestway.cybozu.com/o/ag.cgi?page=MailIndex&fid=inbox および他 1 ページ）での情報確認・処理 / サイボウズ（メール - サイボウズ Office および他 1 ページ）での情報確認・処理 / サイボウズ（メール - サイボウズ Office）での情報確認・処理
2026/04/15 11:37,2026/04/15 11:37,0:05,Webサイト（デスクトップ\katoTEST2\1. \抽出済み履歴.txt - サクラエディタ32bit 2.4.2.6048）の閲覧・調査
2026/04/15 11:37,2026/04/15 11:37,0:05,サイボウズ（メール - サイボウズ Office および他 1 ページ）での情報確認・処理
2026/04/15 11:38,2026/04/15 11:38,0:05,Webサイト（デスクトップ\katoTEST2\1. \抽出済み履歴.txt - サクラエディタ32bit 2.4.2.6048）の閲覧・調査 / Webサイト（抽出済み履歴.txt - サクラエディタ32bit 2.4.2.6048）の閲覧・調査
2026/04/15 11:38,2026/04/15 11:38,0:05,サイボウズ（メール - サイボウズ Office および他 1 ページ）での情報確認・処理
2026/04/15 11:38,2026/04/15 11:38,0:05,Webサイト（デスクトップ\katoTEST2\1. \抽出済み履歴.txt - サクラエディタ32bit 2.4.2.6048）の閲覧・調査
2026/04/15 11:38,2026/04/15 11:39,0:05,サイボウズ（メール - サイボウズ Office および他 1 ページ）での情報確認・処理 / サイボウズ（メール - サイボウズ Office）での情報確認・処理
2026/04/15 11:44,2026/04/15 12:11,0:27,Webサイト（Unified Application Management and Security Policy Framework - NotebookLM）の閲覧・調査 / Webサイト（「いま」を見つけよう / X）の閲覧・調査 / Webサイト（社内SEの仕事なんでも相談 - Google Gemini）の閲覧・調査
2026/04/15 12:11,2026/04/15 12:22,0:11,Webサイト（(21) Windows　　フリーズする - 検索 / X）の閲覧・調査 / Webサイト（(21) X）の閲覧・調査 / Webサイト（(21) ホーム / X）の閲覧・調査 / Webサイト（BitLocker　ある日急にパスワードを聞かれるようになる問題 - Comet）の閲覧・調査 / Webサイト（windows 画面そのまま フリーズ 原因 - Google 検索）...
2026/04/15 12:22,2026/04/15 12:27,0:05,Webサイト（BitLocker　ある日急にパスワードを聞かれるようになる問題 - Comet）の閲覧・調査 / Webサイト（Gemini）の閲覧・調査 / Webサイト（Google Gemini）の閲覧・調査 / Webサイト（hostsファイルでサイトアクセスを制限 - Google Gemini）の閲覧・調査 / Webサイト（ホーム / X）の閲覧・調査 / Webサイト（社内S...
2026/04/15 13:11,2026/04/15 13:11,0:05,Webサイト（BitLocker　ある日急にパスワードを聞かれるようになる問題 - Comet）の閲覧・調査
2026/04/15 13:11,2026/04/15 13:11,0:05,サイボウズ（Cybozu Exporter V5.3 - Zero Leak Mode）での情報確認・処理
2026/04/15 13:12,2026/04/15 13:12,0:05,Webサイト（デスクトップ\katoTEST2\5. 取締役会・経営会議\抽出済み履歴.txt - サクラエディタ32bit 2.4.2.6048）の閲覧・調査
2026/04/15 13:13,2026/04/15 13:14,0:05,サイボウズ（Cybozu Exporter V5.3 - Zero Leak Mode）での情報確認・処理
2026/04/15 13:15,2026/04/15 13:15,0:05,Antigravityを用いた「システム開発・改善」の開発・相談
2026/04/15 13:16,2026/04/15 13:16,0:05,サイボウズ（Cybozu MBOX Evolution V3.0 - Hierarchy Editor）での情報確認・処理 / サイボウズ（メール - サイボウズ Office および他 1 ページ）での情報確認・処理
2026/04/15 13:16,2026/04/15 13:16,0:05,Webサイト（フォルダーの選択）の閲覧・調査
2026/04/15 13:16,2026/04/15 13:16,0:05,サイボウズ（Cybozu MBOX Evolution V3.0 - Hierarchy Editor）での情報確認・処理
2026/04/15 13:16,2026/04/15 13:16,0:05,Antigravityを用いた「システム開発・改善」の開発・相談
2026/04/15 13:18,2026/04/15 13:18,0:05,サイボウズ（Cybozu MBOX Evolution V3.0 - Hierarchy Editor）での情報確認・処理
2026/04/15 13:18,2026/04/15 13:18,0:05,Antigravityを用いた「システム開発・改善」の開発・相談
2026/04/15 13:19,2026/04/15 13:19,0:05,サイボウズ（Cybozu MBOX Converter V3.3 - UI Fixed）での情報確認・処理
2026/04/15 13:19,2026/04/15 13:19,0:05,Webサイト（フォルダーの選択）の閲覧・調査
2026/04/15 13:19,2026/04/15 13:19,0:05,サイボウズ（Cybozu MBOX Converter V3.3 - UI Fixed）での情報確認・処理
2026/04/15 13:20,2026/04/15 13:21,0:05,Webサイト（192.169.5.5 - リモート デスクトップ接続）の閲覧・調査 / Webサイト（リモート デスクトップ接続）の閲覧・調査
2026/04/15 13:24,2026/04/15 13:24,0:05,サイボウズ（Cybozu MBOX Converter V3.3 - UI Fixed）での情報確認・処理
2026/04/15 13:24,2026/04/15 13:24,0:05,Webサイト（192.169.5.5 - リモート デスクトップ接続）の閲覧・調査 / Webサイト（リモート デスクトップ接続）の閲覧・調査
2026/04/15 13:24,2026/04/15 13:24,0:05,サイボウズ（Cybozu MBOX Converter V3.3 - UI Fixed）での情報確認・処理
2026/04/15 13:24,2026/04/15 13:24,0:05,メール（ImportExportTools NG ヘルプ）の閲覧・作成
2026/04/15 13:24,2026/04/15 13:24,0:05,サイボウズ（Cybozu MBOX Converter V3.3 - UI Fixed）での情報確認・処理
2026/04/15 13:24,2026/04/15 13:25,0:05,メール（Fwd: 【重要】「ギガファイル便」の利用禁止措置と各社でのアクセスブロック実施のお願い）の閲覧・作成 / メール（ImportExportTools NG ヘルプ）の閲覧・作成 / メール（Re: 【重要】「ギガファイル便」の利用禁止措置と各社でのアクセスブロック実施のお願い）の閲覧・作成 / メール（【転送】Fwd: 本日到着分です。）の閲覧・作成 / メール（【転送】Fwd:）...
2026/04/15 13:25,2026/04/15 13:25,0:05,サイボウズ（cybozu_sent_migration - ローカルフォルダー - Mozilla Thunderbird）での情報確認・処理 / サイボウズ（cybozu_sent_migration(10) - ローカルフォルダー - Mozilla Thunderbird）での情報確認・処理
2026/04/15 13:25,2026/04/15 13:25,0:05,メール（ごみ箱）の閲覧・作成
2026/04/15 13:25,2026/04/15 13:25,0:05,"Webサイト（""ごみ箱"" を空にする）の閲覧・調査"
2026/04/15 13:25,2026/04/15 13:25,0:05,メール（cybouz）の閲覧・作成 / メール（t_ito）の閲覧・作成 / メール（ごみ箱）の閲覧・作成
2026/04/15 13:26,2026/04/15 13:26,0:05,サイボウズ（cybozu_sent_migration - ローカルフォルダー - Mozilla Thunderbird）での情報確認・処理
2026/04/15 13:26,2026/04/15 13:26,0:05,メール（すべてのメール）の閲覧・作成 / メール（受信トレイ）の閲覧・作成
2026/04/15 13:27,2026/04/15 13:27,0:05,サイボウズ（Cybozu MBOX Converter V3.3 - UI Fixed）での情報確認・処理
2026/04/15 13:27,2026/04/15 13:27,0:05,メール（Thunderbirdの 'Local Folders' を選択）の閲覧・作成
2026/04/15 13:27,2026/04/15 13:27,0:05,サイボウズ（Cybozu MBOX Converter V3.3 - UI Fixed）での情報確認・処理
2026/04/15 13:27,2026/04/15 13:27,0:05,Antigravityを用いた「システム開発・改善」の開発・相談
2026/04/15 13:27,2026/04/15 13:28,0:05,メール（すべてのメール）の閲覧・作成
2026/04/15 13:28,2026/04/15 13:28,0:05,Antigravityを用いた「システム開発・改善」の開発・相談
2026/04/15 13:33,2026/04/15 13:33,0:05,サイボウズ（Cybozu MBOX Converter V3.3 - UI Fixed）での情報確認・処理
2026/04/15 13:33,2026/04/15 13:33,0:05,Antigravityを用いた「システム開発・改善」の開発・相談
2026/04/15 13:33,2026/04/15 13:33,0:05,メール（t_ito@forest.co.jp）の閲覧・作成 / メール（すべてのメール）の閲覧・作成
2026/04/15 13:33,2026/04/15 13:33,0:05,サイボウズ（cybozu_sent_migration - ローカルフォルダー - Mozilla Thunderbird）での情報確認・処理
2026/04/15 13:33,2026/04/15 13:33,0:05,Webサイト（フォルダーの削除）の閲覧・調査
2026/04/15 13:33,2026/04/15 13:33,0:05,サイボウズ（cybozu_sent_migration - ローカルフォルダー - Mozilla Thunderbird）での情報確認・処理
2026/04/15 13:33,2026/04/15 13:33,0:05,メール（ごみ箱）の閲覧・作成 / メール（受信トレイ）の閲覧・作成
2026/04/15 13:33,2026/04/15 13:33,0:05,"Webサイト（""ごみ箱"" を空にする）の閲覧・調査"
2026/04/15 13:33,2026/04/15 13:33,0:05,メール（ごみ箱）の閲覧・作成
2026/04/15 13:34,2026/04/15 13:34,0:05,Antigravityを用いた「システム開発・改善」の開発・相談
2026/04/15 13:34,2026/04/15 13:34,0:05,サイボウズ（Cybozu MBOX Converter V3.5 - Visual Sync Guide）での情報確認・処理
2026/04/15 13:34,2026/04/15 13:34,0:05,Webサイト（フォルダーの選択）の閲覧・調査
2026/04/15 13:34,2026/04/15 13:34,0:05,サイボウズ（Cybozu MBOX Converter V3.5 - Visual Sync Guide）での情報確認・処理
2026/04/15 13:35,2026/04/15 13:35,0:05,Webサイト（同期完了と次のステップ）の閲覧・調査
2026/04/15 13:35,2026/04/15 13:35,0:05,サイボウズ（Cybozu MBOX Converter V3.5 - Visual Sync Guide）での情報確認・処理
2026/04/15 13:35,2026/04/15 13:35,0:05,メール（ごみ箱）の閲覧・作成
2026/04/15 13:35,2026/04/15 13:35,0:05,サイボウズ（Cybozu MBOX Converter V3.5 - Visual Sync Guide）での情報確認・処理
2026/04/15 13:35,2026/04/15 13:35,0:05,Antigravityを用いた「システム開発・改善」の開発・相談
2026/04/15 13:35,2026/04/15 13:37,0:05,メール（TEST）の閲覧・作成 / メール（t_ito@forest.co.jp）の閲覧・作成 / メール（ごみ箱）の閲覧・作成 / メール（すべてのメール）の閲覧・作成 / メール（ゴミ箱）の閲覧・作成 / メール（スター付き）の閲覧・作成 / メール（ローカルフォルダー）の閲覧・作成 / メール（受信トレイ）の閲覧・作成 / メール（迷惑メール）の閲覧・作成 / メール（重要）の閲覧・作成
2026/04/15 13:37,2026/04/15 13:37,0:05,Antigravityを用いた「システム開発・改善」の開発・相談
2026/04/15 13:37,2026/04/15 13:37,0:05,サイボウズ（Cybozu MBOX Converter V3.5 - Visual Sync Guide）での情報確認・処理
2026/04/15 13:37,2026/04/15 13:37,0:05,Webサイト（フォルダーの選択）の閲覧・調査
2026/04/15 13:37,2026/04/15 13:38,0:05,サイボウズ（Cybozu MBOX Converter V3.5 - Visual Sync Guide）での情報確認・処理
2026/04/15 13:38,2026/04/15 13:38,0:05,Webサイト（同期完了と次のステップ）の閲覧・調査
2026/04/15 13:38,2026/04/15 13:38,0:05,サイボウズ（Cybozu MBOX Converter V3.5 - Visual Sync Guide）での情報確認・処理
2026/04/15 13:38,2026/04/15 13:39,0:05,メール（Mozilla Thunderbird）の閲覧・作成 / メール（TEST）の閲覧・作成 / メール（すべてのメール）の閲覧・作成 / メール（スター付き）の閲覧・作成 / メール（ホーム）の閲覧・作成 / メール（ローカルフォルダー）の閲覧・作成 / メール（受信トレイ）の閲覧・作成 / メール（重要）の閲覧・作成
2026/04/15 13:40,2026/04/15 13:40,0:05,サイボウズ（Cybozu_Backup_0415 - Mozilla Thunderbird）での情報確認・処理
2026/04/15 13:40,2026/04/15 13:40,0:05,メール（すべてのメール）の閲覧・作成 / メール（受信トレイ）の閲覧・作成
2026/04/15 13:40,2026/04/15 13:40,0:05,Antigravityを用いた「システム開発・改善」の開発・相談
2026/04/15 13:40,2026/04/15 13:41,0:05,メール（Server情報）の閲覧・作成 / メール（ごみ箱）の閲覧・作成 / メール（すべてのメール）の閲覧・作成
2026/04/15 13:41,2026/04/15 13:41,0:05,メール（ごみ箱）の閲覧・作成 / 削除の確認
2026/04/15 13:41,2026/04/15 13:41,0:05,Antigravityを用いた「システム開発・改善」の開発・相談
2026/04/15 13:42,2026/04/15 13:42,0:05,サイボウズ（Cybozu MBOX Converter V3.5 - Visual Sync Guide）での情報確認・処理
2026/04/15 13:42,2026/04/15 13:42,0:05,Antigravityを用いた「システム開発・改善」の開発・相談
2026/04/15 13:42,2026/04/15 13:42,0:05,メール（ごみ箱）の閲覧・作成
2026/04/15 13:42,2026/04/15 13:42,0:05,Antigravityを用いた「システム開発・改善」の開発・相談
2026/04/15 13:42,2026/04/15 13:42,0:05,Webサイト（フォルダーを開く）の閲覧・調査
2026/04/15 13:42,2026/04/15 13:42,0:05,Antigravityを用いた「システム開発・改善」の開発・相談
2026/04/15 13:44,2026/04/15 13:45,0:05,Webサイト（「Adobe Acrobat : PDF の編集、変換、署名ツール」が追加されました）の閲覧・調査 / Webサイト（社内SEの仕事なんでも相談 - Google Gemini）の閲覧・調査
2026/04/15 13:45,2026/04/15 13:45,0:05,PDF資料（acrobat.adobe.com/dc-chrome-extension/mv/ja/Acrobat-for-Chrome.pdf）の確認
2026/04/15 13:45,2026/04/15 13:45,0:05,Webサイト（Loading...）の閲覧・調査
2026/04/15 13:45,2026/04/15 13:45,0:05,PDF資料（Acrobat-for-Chrome.pdf）の確認
2026/04/15 13:45,2026/04/15 13:45,0:05,Webサイト（社内SEの仕事なんでも相談 - Google Gemini）の閲覧・調査
2026/04/15 13:45,2026/04/15 13:45,0:05,Antigravityを用いた「システム開発・改善」の開発・相談
2026/04/15 13:45,2026/04/15 13:45,0:05,Webサイト（社内SEの仕事なんでも相談 - Google Gemini）の閲覧・調査
2026/04/15 13:45,2026/04/15 13:45,0:05,Antigravityを用いた「システム開発・改善」の開発・相談
2026/04/15 13:47,2026/04/15 13:47,0:05,Webサイト（社内SEの仕事なんでも相談 - Google Gemini）の閲覧・調査
2026/04/15 13:48,2026/04/15 13:48,0:05,PDF資料（本社内線表(20260402).pdf および他 3 ページ）の確認
2026/04/15 13:48,2026/04/15 13:48,0:05,Webサイト（(21) Grok / X および他 8 ページ）の閲覧・調査 / Webサイト（Downdetector - リアルタイムのサービス問題と障害を確認 - JP および他 7 ページ）の閲覧・調査 / Webサイト（Downdetector - リアルタイムのサービス問題と障害を確認 - JP）の閲覧・調査 / Webサイト（Google 接続/システム障害発生？サービス中断な...
2026/04/15 13:49,2026/04/15 13:49,0:05,Antigravityを用いた「システム開発・改善」の開発・相談
2026/04/15 13:49,2026/04/15 13:49,0:05,Webサイト（Googleでアンチグラビティサポートを）の閲覧・調査
2026/04/15 13:49,2026/04/15 13:49,0:05,Antigravityを用いた「システム開発・改善」の開発・相談
2026/04/15 13:49,2026/04/15 13:49,0:05,Webサイト（英語 のページを翻訳しますか?）の閲覧・調査
2026/04/15 13:49,2026/04/15 13:49,0:05,Antigravityを用いた「システム開発・改善」の開発・相談
2026/04/15 13:49,2026/04/15 13:49,0:05,Webサイト（Google 接続/システム障害発生？サービス中断などの問題をリアルタイムでお知らせ - JP および他 7 ページ）の閲覧・調査 / Webサイト（Google 接続/システム障害発生？サービス中断などの問題をリアルタイムでお知らせ - JP）の閲覧・調査 / Webサイト（Googleでアンチグラビティサポートを および他 8 ページ）の閲覧・調査
2026/04/15 13:49,2026/04/15 13:49,0:05,Antigravityを用いた「システム開発・改善」の開発・相談
2026/04/15 13:49,2026/04/15 13:49,0:05,Webサイト（社内SEの仕事なんでも相談 - Google Gemini）の閲覧・調査
2026/04/15 13:50,2026/04/15 13:50,0:05,Antigravityを用いた「システム開発・改善」の開発・相談
2026/04/15 13:51,2026/04/15 13:51,0:05,サイボウズ（Cybozu MBOX Converter V3.6 - Native Path Fixed）での情報確認・処理
2026/04/15 13:51,2026/04/15 13:51,0:05,Webサイト（フォルダーの選択）の閲覧・調査
2026/04/15 13:51,2026/04/15 13:51,0:05,サイボウズ（Cybozu MBOX Converter V3.6 - Native Path Fixed）での情報確認・処理
2026/04/15 13:51,2026/04/15 13:52,0:05,Webサイト（Select Local Folders path）の閲覧・調査
2026/04/15 13:52,2026/04/15 13:52,0:05,サイボウズ（Cybozu MBOX Converter V3.6 - Native Path Fixed）での情報確認・処理
2026/04/15 13:52,2026/04/15 13:52,0:05,Antigravityを用いた「システム開発・改善」の開発・相談
2026/04/15 13:53,2026/04/15 13:53,0:05,サイボウズ（Cybozu MBOX Converter V3.6 - Native Path Fixed）での情報確認・処理
2026/04/15 13:53,2026/04/15 13:53,0:05,メール（ごみ箱）の閲覧・作成 / メール（ローカルフォルダー）の閲覧・作成 / メール（受信トレイ）の閲覧・作成
2026/04/15 13:53,2026/04/15 13:53,0:05,Antigravityを用いた「システム開発・改善」の開発・相談
2026/04/15 13:55,2026/04/15 13:55,0:05,サイボウズ（Cybozu MBOX Converter V3.6 - Native Path Fixed）での情報確認・処理
2026/04/15 13:55,2026/04/15 13:55,0:05,Antigravityを用いた「システム開発・改善」の開発・相談
2026/04/15 13:56,2026/04/15 13:56,0:05,サイボウズ（Cybozu MBOX Converter V3.6 - Native Path Fixed）での情報確認・処理
2026/04/15 13:56,2026/04/15 13:56,0:05,Webサイト（フォルダーの選択）の閲覧・調査
2026/04/15 13:56,2026/04/15 13:56,0:05,サイボウズ（Cybozu MBOX Converter V3.6 - Native Path Fixed）での情報確認・処理
2026/04/15 13:56,2026/04/15 13:56,0:05,メール（受信トレイ）の閲覧・作成
2026/04/15 13:56,2026/04/15 13:56,0:05,サイボウズ（Cybozu MBOX Converter V3.6 - Native Path Fixed）での情報確認・処理
2026/04/15 13:57,2026/04/15 13:58,0:05,サイボウズ（Cybozu MBOX Converter V3.6 - Native Path Fixed）での情報確認・処理 / 作成完了
2026/04/15 13:58,2026/04/15 13:58,0:05,Antigravityを用いた「システム開発・改善」の開発・相談
2026/04/15 13:58,2026/04/15 13:58,0:05,サイボウズ（Cybozu MBOX Converter V3.6 - Native Path Fixed）での情報確認・処理
2026/04/15 13:58,2026/04/15 13:58,0:05,Webサイト（フォルダーの選択）の閲覧・調査
2026/04/15 13:58,2026/04/15 13:58,0:05,サイボウズ（Cybozu MBOX Converter V3.6 - Native Path Fixed）での情報確認・処理
2026/04/15 13:59,2026/04/15 13:59,0:05,サイボウズ（Cybozu MBOX Converter V3.6 - Native Path Fixed）での情報確認・処理 / 作成完了
2026/04/15 14:00,2026/04/15 14:01,0:05,サイボウズ（Cybozu MBOX Converter V3.6 - Native Path Fixed）での情報確認・処理 / 作成完了
2026/04/15 14:01,2026/04/15 14:01,0:05,Antigravityを用いた「システム開発・改善」の開発・相談
2026/04/15 14:02,2026/04/15 14:02,0:05,サイボウズ（Cybozu MBOX Converter V3.6 - Native Path Fixed）での情報確認・処理
2026/04/15 14:02,2026/04/15 14:02,0:05,Webサイト（フォルダーの選択）の閲覧・調査
2026/04/15 14:02,2026/04/15 14:02,0:05,サイボウズ（Cybozu MBOX Converter V3.6 - Native Path Fixed）での情報確認・処理
2026/04/15 14:03,2026/04/15 14:03,0:05,Antigravityを用いた「システム開発・改善」の開発・相談
2026/04/15 14:03,2026/04/15 14:03,0:05,サイボウズ（Cybozu MBOX Converter V3.6 - Native Path Fixed）での情報確認・処理 / 作成完了
2026/04/15 14:03,2026/04/15 14:03,0:05,Antigravityを用いた「システム開発・改善」の開発・相談
2026/04/15 14:04,2026/04/15 14:04,0:05,サイボウズ（Cybozu MBOX Converter V3.6 - Native Path Fixed）での情報確認・処理
2026/04/15 14:04,2026/04/15 14:04,0:05,Webサイト（フォルダーの選択）の閲覧・調査
2026/04/15 14:04,2026/04/15 14:04,0:05,サイボウズ（Cybozu MBOX Converter V3.6 - Native Path Fixed）での情報確認・処理
2026/04/15 14:05,2026/04/15 14:05,0:05,サイボウズ（Cybozu MBOX Converter V3.6 - Native Path Fixed）での情報確認・処理 / 作成完了
2026/04/15 14:05,2026/04/15 14:05,0:05,Webサイト（Select Local Folders path）の閲覧・調査
2026/04/15 14:05,2026/04/15 14:05,0:05,サイボウズ（Cybozu MBOX Converter V3.6 - Native Path Fixed）での情報確認・処理
2026/04/15 14:05,2026/04/15 14:06,0:05,メール（Mozilla Thunderbird）の閲覧・作成 / メール（t_ito）の閲覧・作成 / メール（ホーム）の閲覧・作成 / メール（ローカルフォルダー）の閲覧・作成 / メール（受信トレイ）の閲覧・作成
2026/04/15 14:06,2026/04/15 14:08,0:05,Antigravityを用いた「システム開発・改善」の開発・相談
2026/04/15 14:13,2026/04/15 14:13,0:05,メール（ローカルフォルダー）の閲覧・作成 / メール（受信トレイ）の閲覧・作成
2026/04/15 14:13,2026/04/15 14:13,0:05,Webサイト（100% 完了）の閲覧・調査 / Webサイト（76% 完了）の閲覧・調査 / Webサイト（93% 完了）の閲覧・調査 / Webサイト（99% 完了）の閲覧・調査
2026/04/15 14:14,2026/04/15 14:14,0:05,メール（Mozilla Thunderbird）の閲覧・作成 / メール（ホーム）の閲覧・作成 / メール（受信トレイ）の閲覧・作成
2026/04/15 14:14,2026/04/15 14:14,0:05,サイボウズ（Cybozu_Backup_0415_1404 - t_ito - Mozilla Thunderbird）での情報確認・処理
2026/04/15 14:14,2026/04/15 14:14,0:05,メール（10. Forestway・cocodecow会員規約）の閲覧・作成 / メール（11. 契約書審査）の閲覧・作成 / メール（Mozilla Thunderbird）の閲覧・作成 / メール（NoTitle）の閲覧・作成 / メール（ホーム）の閲覧・作成
2026/04/15 14:14,2026/04/15 14:14,0:05,サイボウズ（Cybozu_Backup_0415_1404 - t_ito - Mozilla Thunderbird）での情報確認・処理
2026/04/15 14:15,2026/04/15 14:15,0:05,メール（28. 独占禁止法違反事件）の閲覧・作成 / メール（TEST）の閲覧・作成 / メール（t_ito）の閲覧・作成
2026/04/15 14:16,2026/04/15 14:16,0:05,Webサイト（Google Meet）の閲覧・調査
2026/04/15 14:16,2026/04/15 14:16,0:05,"メール（""TEST""）の閲覧・作成 / メール（28. 独占禁止法違反事件）の閲覧・作成 / メール（フォーレスト株式会社 メール）の閲覧・作成 / メール（受信トレイ (11,651)）の閲覧・作成 / メール（進行中: isobe@forest.co.jp さんが、ビデオ通話にあなたを招待しています）の閲覧・作成"
2026/04/15 14:16,2026/04/15 14:16,0:05,サイボウズ（Cybozu_Backup_0415_1404 - ローカルフォルダー - Mozilla Thunderbird）での情報確認・処理
2026/04/15 14:16,2026/04/15 14:16,0:05,メール（受信トレイ）の閲覧・作成
2026/04/15 14:16,2026/04/15 14:16,0:05,サイボウズ（Cybozu_Backup_0415_1404 - ローカルフォルダー - Mozilla Thunderbird）での情報確認・処理
2026/04/15 14:17,2026/04/15 14:17,0:05,メール（11-11. フォーレスト酒販）の閲覧・作成 / メール（11-12. 契約書ひな型）の閲覧・作成 / メール（11-13. 英文契約書）の閲覧・作成 / メール（11-7. 物流部）の閲覧・作成 / メール（11-8. 配送サービス部）の閲覧・作成 / メール（11-9. システム部）の閲覧・作成 / メール（12. 内部統制・コンプライアンス・リスク管理関連）の閲覧・作成 / メ...
2026/04/15 14:17,2026/04/15 14:17,0:05,サイボウズ（Cybozu_Backup_0415_1404 - ローカルフォルダー - Mozilla Thunderbird）での情報確認・処理
2026/04/15 14:17,2026/04/15 14:17,0:05,Webサイト（フォルダーの削除）の閲覧・調査
2026/04/15 14:17,2026/04/15 14:17,0:05,サイボウズ（Cybozu_Backup_0415_1404 - ローカルフォルダー - Mozilla Thunderbird）での情報確認・処理
2026/04/15 14:17,2026/04/15 14:17,0:05,メール（11. 契約書審査）の閲覧・作成 / メール（16. 商品管理部）の閲覧・作成 / メール（17. マーケティング部）の閲覧・作成 / メール（18. 新規開発部）の閲覧・作成 / メール（20. 顧客課・サービス課）の閲覧・作成 / メール（受信トレイ）の閲覧・作成
2026/04/15 14:17,2026/04/15 14:17,0:05,サイボウズ（Cybozu_Backup_0415_1404 - ローカルフォルダー - Mozilla Thunderbird）での情報確認・処理
2026/04/15 14:17,2026/04/15 14:17,0:05,メール（ごみ箱）の閲覧・作成
2026/04/15 14:17,2026/04/15 14:17,0:05,サイボウズ（Cybozu_Backup_0415_1404 - t_ito - Mozilla Thunderbird）での情報確認・処理
2026/04/15 14:17,2026/04/15 14:18,0:05,メール（13. 管理部）の閲覧・作成 / メール（14. 事業管理部・ＡＩ推進関連）の閲覧・作成 / メール（15. 商品部）の閲覧・作成 / メール（16. 商品管理部）の閲覧・作成 / メール（22. 配送サービス部）の閲覧・作成 / メール（23. システム部）の閲覧・作成 / メール（26. 商標登録）の閲覧・作成 / メール（29. 独占禁止法／従業員派遣・演出装飾作業）の閲覧・作成
2026/04/15 14:18,2026/04/15 14:18,0:05,サイボウズ（Cybozu_Backup_0415_1404 - t_ito - Mozilla Thunderbird）での情報確認・処理
2026/04/15 14:18,2026/04/15 14:18,0:05,メール（Github）の閲覧・作成
2026/04/15 14:18,2026/04/15 14:18,0:05,サイボウズ（Cybozu_Backup_0415_1404 - t_ito - Mozilla Thunderbird）での情報確認・処理
2026/04/15 14:18,2026/04/15 14:19,0:05,"メール（""TEST""）の閲覧・作成 / メール（TEST）の閲覧・作成 / メール（フォーレスト株式会社 メール）の閲覧・作成"
2026/04/15 14:20,2026/04/15 14:20,0:05,Webサイト（AdBlock が更新されました！）の閲覧・調査
2026/04/15 14:20,2026/04/15 14:20,0:05,メール（TEST）の閲覧・作成
2026/04/15 14:20,2026/04/15 14:20,0:05,サイボウズ（Cybozu_Backup_0415_1404 - t_ito@forest.co.jp - Mozilla Thunderbird）での情報確認・処理
2026/04/15 14:20,2026/04/15 14:20,0:05,メール（22. 配送サービス部）の閲覧・作成
2026/04/15 14:20,2026/04/15 14:20,0:05,サイボウズ（Cybozu_Backup_0415_1404 - t_ito@forest.co.jp - Mozilla Thunderbird）での情報確認・処理
2026/04/15 14:20,2026/04/15 14:20,0:05,メール（10. Forestway・cocodecow会員規約）の閲覧・作成 / メール（複数のフォルダーが選択されています）の閲覧・作成
2026/04/15 14:20,2026/04/15 14:20,0:05,サイボウズ（Cybozu_Backup_0415_1404 - t_ito@forest.co.jp - Mozilla Thunderbird）での情報確認・処理
2026/04/15 14:20,2026/04/15 14:20,0:05,メール（複数のフォルダーが選択されています）の閲覧・作成
2026/04/15 14:21,2026/04/15 14:21,0:05,サイボウズ（Cybozu_Backup_0415_1404 - t_ito@forest.co.jp - Mozilla Thunderbird）での情報確認・処理
2026/04/15 14:21,2026/04/15 14:21,0:05,Webサイト（フォルダーの削除）の閲覧・調査
2026/04/15 14:21,2026/04/15 14:21,0:05,サイボウズ（Cybozu_Backup_0415_1404 - t_ito@forest.co.jp - Mozilla Thunderbird）での情報確認・処理
2026/04/15 14:21,2026/04/15 14:21,0:05,メール（TEST）の閲覧・作成
2026/04/15 14:21,2026/04/15 14:21,0:05,Antigravityを用いた「システム開発・改善」の開発・相談
2026/04/15 14:22,2026/04/15 14:22,0:05,メール（TEST）の閲覧・作成
2026/04/15 14:22,2026/04/15 14:22,0:05,サイボウズ（Cybozu_Backup_0415_1404 - t_ito - Mozilla Thunderbird）での情報確認・処理
2026/04/15 14:22,2026/04/15 14:22,0:05,メール（10. Forestway・cocodecow会員規約）の閲覧・作成 / メール（11. 契約書審査）の閲覧・作成 / メール（12. 内部統制・コンプライアンス・リスク管理関連）の閲覧・作成 / メール（13. 管理部）の閲覧・作成 / メール（14. 事業管理部・ＡＩ推進関連）の閲覧・作成 / メール（15. 商品部）の閲覧・作成 / メール（16. 商品管理部）の閲覧・作成 /...
2026/04/15 14:23,2026/04/15 14:23,0:05,サイボウズ（Cybozu_Backup_0415_1404 - t_ito - Mozilla Thunderbird）での情報確認・処理
2026/04/15 14:23,2026/04/15 14:23,0:05,メール（TEST）の閲覧・作成
2026/04/15 14:23,2026/04/15 14:23,0:05,サイボウズ（Cybozu_Backup_0415_1404 - t_ito - Mozilla Thunderbird）での情報確認・処理
2026/04/15 14:23,2026/04/15 14:24,0:05,"メール（""TEST""）の閲覧・作成 / メール（TEST）の閲覧・作成 / メール（フォーレスト株式会社 メール）の閲覧・作成"
2026/04/15 14:24,2026/04/15 14:25,0:05,"サイボウズ（""/ゴミ箱/Cybozu_Backup_0415_1404/14. 事業管理部・ＡＩ推進関連"" - t_ito@forest.co.jp - フォーレスト株式会社 メール）での情報確認・処理 / サイボウズ（""/ゴミ箱/Cybozu_Backup_0415_1404/15. 商品部"" - t_ito@forest.co.jp - フォーレスト株式会社 メール）での情報確認・処理"
2026/04/15 14:25,2026/04/15 14:25,0:05,メール（フォーレスト株式会社 メール）の閲覧・作成
2026/04/15 14:25,2026/04/15 14:25,0:05,"サイボウズ（""/ゴミ箱/Cybozu_Backup_0415_1404/15. 商品部"" - t_ito@forest.co.jp - フォーレスト株式会社 メール）での情報確認・処理"
2026/04/15 14:25,2026/04/15 14:25,0:05,"メール（""TEST""）の閲覧・作成 / メール（TEST）の閲覧・作成"
2026/04/15 14:25,2026/04/15 14:25,0:05,Antigravityを用いた「システム開発・改善」の開発・相談
2026/04/15 14:26,2026/04/15 14:26,0:05,"メール（""TEST""）の閲覧・作成 / メール（TEST）の閲覧・作成 / メール（スター付き）の閲覧・作成 / メール（受信トレイ）の閲覧・作成"
2026/04/15 14:26,2026/04/15 14:26,0:05,Webサイト（AdBlock が更新されました！ および他 8 ページ）の閲覧・調査
2026/04/15 14:26,2026/04/15 14:26,0:05,サイボウズ（メール - サイボウズ Office および他 1 ページ）での情報確認・処理
2026/04/15 14:27,2026/04/15 14:27,0:05,メール（TEST）の閲覧・作成
2026/04/15 14:27,2026/04/15 14:27,0:05,サイボウズ（Cybozu_Backup_0415_1404 - t_ito - Mozilla Thunderbird）での情報確認・処理
2026/04/15 14:27,2026/04/15 14:30,0:05,"メール（""TEST""）の閲覧・作成 / メール（13-1. 総務・人事課）の閲覧・作成 / メール（13-2. 経理課）の閲覧・作成 / メール（13. 管理部）の閲覧・作成 / メール（23. システム部）の閲覧・作成 / メール（24. 監査業務・監査法人関連）の閲覧・作成 / メール（26. 商標登録）の閲覧・作成 / メール（4. 株主総会）の閲覧・作成 / メール（Re: Fwd:..."
2026/04/15 14:30,2026/04/15 14:30,0:05,"サイボウズ（""/ゴミ箱/Cybozu_Backup_0415_1404"" - t_ito@forest.co.jp - フォーレスト株式会社 メール）での情報確認・処理 / サイボウズ（""/ゴミ箱/Cybozu_Backup_0415_1404/22. 配送サービス部"" - t_ito@forest.co.jp - フォーレスト株式会社 メール）での情報確認・処理"
2026/04/15 14:30,2026/04/15 14:31,0:05,"メール（""TEST""）の閲覧・作成 / メール（TEST）の閲覧・作成 / メール（すべてのメール）の閲覧・作成"
2026/04/15 14:31,2026/04/15 14:31,0:05,サイボウズ（Cybozu_Backup_0415_1404 - t_ito - Mozilla Thunderbird）での情報確認・処理
2026/04/15 14:31,2026/04/15 14:31,0:05,Webサイト（フォルダーの削除）の閲覧・調査
2026/04/15 14:31,2026/04/15 14:31,0:05,サイボウズ（Cybozu_Backup_0415_1404 - t_ito - Mozilla Thunderbird）での情報確認・処理
2026/04/15 14:31,2026/04/15 14:31,0:05,メール（7-2. 東京配送サービス株式会社）の閲覧・作成 / メール（7-3. 寿堂紙製造株式会社）の閲覧・作成 / メール（7. 物流プロジェクト会議）の閲覧・作成 / メール（8. ㈱エディオン連携）の閲覧・作成 / メール（9. フォーレスト規程関連）の閲覧・作成
2026/04/15 14:31,2026/04/15 14:31,0:05,サイボウズ（Cybozu_Backup_0415_1404 - t_ito - Mozilla Thunderbird）での情報確認・処理
2026/04/15 14:31,2026/04/15 14:31,0:05,Webサイト（フォルダーの削除）の閲覧・調査
2026/04/15 14:31,2026/04/15 14:31,0:05,サイボウズ（Cybozu_Backup_0415_1404 - t_ito - Mozilla Thunderbird）での情報確認・処理
2026/04/15 14:31,2026/04/15 14:31,0:05,メール（31. 福徳・フォーレスト酒販関連）の閲覧・作成 / メール（9. フォーレスト規程関連）の閲覧・作成
2026/04/15 14:31,2026/04/15 14:31,0:05,サイボウズ（Cybozu_Backup_0415_1404 - t_ito - Mozilla Thunderbird）での情報確認・処理
2026/04/15 14:31,2026/04/15 14:31,0:05,Webサイト（フォルダーの削除）の閲覧・調査
2026/04/15 14:31,2026/04/15 14:31,0:05,サイボウズ（Cybozu_Backup_0415_1404 - t_ito - Mozilla Thunderbird）での情報確認・処理
2026/04/15 14:31,2026/04/15 14:31,0:05,メール（Github）の閲覧・作成 / メール（ごみ箱）の閲覧・作成
2026/04/15 14:31,2026/04/15 14:31,0:05,"Webサイト（""ごみ箱"" を空にする）の閲覧・調査"
2026/04/15 14:32,2026/04/15 14:33,0:05,"メール（""TEST""）の閲覧・作成 / メール（Mozilla Thunderbird）の閲覧・作成 / メール（t_ito@forest.co.jp）の閲覧・作成 / メール（t_ito）の閲覧・作成 / メール（ごみ箱）の閲覧・作成 / メール（ホーム）の閲覧・作成 / メール（受信トレイ）の閲覧・作成"
2026/04/15 14:33,2026/04/15 14:33,0:05,サイボウズ（Cybozu_Backup_0415_1404 - t_ito - Mozilla Thunderbird）での情報確認・処理
2026/04/15 14:34,2026/04/15 14:35,0:05,Antigravityを用いた「システム開発・改善」の開発・相談
2026/04/15 14:36,2026/04/15 14:36,0:05,Webサイト（AdBlock が更新されました！ および他 8 ページ）の閲覧・調査 / Webサイト（Downdetector - リアルタイムのサービス問題と障害を確認 - JP および他 7 ページ）の閲覧・調査 / Webサイト（Downdetector - リアルタイムのサービス問題と障害を確認 - JP）の閲覧・調査 / Webサイト（Google 接続/システム障害発生？サービ...
2026/04/15 14:38,2026/04/15 14:38,0:05,Antigravityを用いた「システム開発・改善」の開発・相談
2026/04/15 14:44,2026/04/15 14:44,0:05,サイボウズ（Cybozu MBOX Converter V3.6 - Native Path Fixed）での情報確認・処理
2026/04/15 14:44,2026/04/15 14:44,0:05,Antigravityを用いた「システム開発・改善」の開発・相談
2026/04/15 14:44,2026/04/15 14:44,0:05,サイボウズ（Cybozu MBOX Converter V3.6 - Native Path Fixed）での情報確認・処理
2026/04/15 14:44,2026/04/15 14:44,0:05,Webサイト（フォルダーの選択）の閲覧・調査
2026/04/15 14:44,2026/04/15 14:44,0:05,サイボウズ（Cybozu MBOX Converter V3.6 - Native Path Fixed）での情報確認・処理
2026/04/15 14:45,2026/04/15 14:47,0:05,サイボウズ（Cybozu MBOX Converter V3.6 - Native Path Fixed）での情報確認・処理 / 作成完了
2026/04/15 14:47,2026/04/15 14:47,0:05,"メール（""TEST""）の閲覧・作成"
2026/04/15 14:47,2026/04/15 14:47,0:05,サイボウズ（Cybozu_Backup_0415_1404 - t_ito - Mozilla Thunderbird）での情報確認・処理
2026/04/15 14:47,2026/04/15 14:48,0:05,"メール（""TEST""）の閲覧・作成 / メール（t_ito）の閲覧・作成"
2026/04/15 14:54,2026/04/15 14:54,0:05,サイボウズ（Cybozu MBOX Converter V3.6 - Native Path Fixed）での情報確認・処理
2026/04/15 14:56,2026/04/15 14:56,0:05,メール（Mozilla Thunderbird）の閲覧・作成 / メール（TEST）の閲覧・作成 / メール（t_ito@forest.co.jp）の閲覧・作成 / メール（t_ito）の閲覧・作成 / メール（ホーム）の閲覧・作成 / メール（受信トレイ）の閲覧・作成
2026/04/15 14:57,2026/04/15 14:57,0:05,サイボウズ（Cybozu_Backup_0415_1404 - t_ito - Mozilla Thunderbird）での情報確認・処理
2026/04/15 14:57,2026/04/15 14:57,0:05,メール（複数のフォルダーが選択されています）の閲覧・作成
2026/04/15 14:57,2026/04/15 14:57,0:05,Webサイト（フォルダーの削除）の閲覧・調査
2026/04/15 14:57,2026/04/15 14:57,0:05,メール（複数のフォルダーが選択されています）の閲覧・作成
2026/04/15 14:57,2026/04/15 14:57,0:05,Webサイト（フォルダーの削除）の閲覧・調査
2026/04/15 14:57,2026/04/15 14:57,0:05,メール（複数のフォルダーが選択されています）の閲覧・作成
2026/04/15 14:57,2026/04/15 14:57,0:05,Webサイト（フォルダーの削除）の閲覧・調査
2026/04/15 14:57,2026/04/15 14:57,0:05,メール（複数のフォルダーが選択されています）の閲覧・作成
2026/04/15 14:57,2026/04/15 14:57,0:05,Webサイト（フォルダーの削除）の閲覧・調査
2026/04/15 14:57,2026/04/15 14:57,0:05,メール（複数のフォルダーが選択されています）の閲覧・作成
2026/04/15 14:57,2026/04/15 14:57,0:05,Webサイト（フォルダーの削除）の閲覧・調査
2026/04/15 14:57,2026/04/15 14:57,0:05,メール（複数のフォルダーが選択されています）の閲覧・作成
2026/04/15 14:57,2026/04/15 14:57,0:05,Webサイト（フォルダーの削除）の閲覧・調査
2026/04/15 14:57,2026/04/15 14:57,0:05,メール（複数のフォルダーが選択されています）の閲覧・作成
2026/04/15 14:57,2026/04/15 14:57,0:05,Webサイト（フォルダーの削除）の閲覧・調査
2026/04/15 14:57,2026/04/15 14:57,0:05,メール（複数のフォルダーが選択されています）の閲覧・作成
2026/04/15 14:57,2026/04/15 14:57,0:05,Webサイト（フォルダーの削除）の閲覧・調査
2026/04/15 14:57,2026/04/15 14:57,0:05,メール（複数のフォルダーが選択されています）の閲覧・作成
2026/04/15 14:57,2026/04/15 14:57,0:05,Webサイト（フォルダーの削除）の閲覧・調査
2026/04/15 14:57,2026/04/15 14:57,0:05,メール（複数のフォルダーが選択されています）の閲覧・作成
2026/04/15 14:57,2026/04/15 14:57,0:05,Webサイト（フォルダーの削除）の閲覧・調査
2026/04/15 14:57,2026/04/15 14:57,0:05,メール（複数のフォルダーが選択されています）の閲覧・作成
2026/04/15 14:57,2026/04/15 14:57,0:05,Webサイト（フォルダーの削除）の閲覧・調査
2026/04/15 14:57,2026/04/15 14:57,0:05,メール（複数のフォルダーが選択されています）の閲覧・作成
2026/04/15 14:57,2026/04/15 14:57,0:05,Webサイト（フォルダーの削除）の閲覧・調査
2026/04/15 14:57,2026/04/15 14:57,0:05,メール（複数のフォルダーが選択されています）の閲覧・作成
2026/04/15 14:57,2026/04/15 14:57,0:05,Webサイト（フォルダーの削除）の閲覧・調査
2026/04/15 14:57,2026/04/15 14:57,0:05,メール（複数のフォルダーが選択されています）の閲覧・作成
2026/04/15 14:57,2026/04/15 14:57,0:05,Webサイト（フォルダーの削除）の閲覧・調査
2026/04/15 14:57,2026/04/15 14:57,0:05,メール（複数のフォルダーが選択されています）の閲覧・作成
2026/04/15 14:57,2026/04/15 14:57,0:05,Webサイト（フォルダーの削除）の閲覧・調査
2026/04/15 14:57,2026/04/15 14:57,0:05,メール（複数のフォルダーが選択されています）の閲覧・作成
2026/04/15 14:57,2026/04/15 14:57,0:05,Webサイト（フォルダーの削除）の閲覧・調査
2026/04/15 14:57,2026/04/15 14:57,0:05,メール（複数のフォルダーが選択されています）の閲覧・作成
2026/04/15 14:57,2026/04/15 14:57,0:05,Webサイト（フォルダーの削除）の閲覧・調査
2026/04/15 14:57,2026/04/15 14:57,0:05,メール（複数のフォルダーが選択されています）の閲覧・作成
2026/04/15 14:57,2026/04/15 14:57,0:05,Webサイト（フォルダーの削除）の閲覧・調査
2026/04/15 14:57,2026/04/15 14:57,0:05,メール（複数のフォルダーが選択されています）の閲覧・作成
2026/04/15 14:57,2026/04/15 14:57,0:05,Webサイト（フォルダーの削除）の閲覧・調査
2026/04/15 14:57,2026/04/15 14:57,0:05,メール（複数のフォルダーが選択されています）の閲覧・作成
2026/04/15 14:57,2026/04/15 14:57,0:05,Webサイト（フォルダーの削除）の閲覧・調査
2026/04/15 14:57,2026/04/15 14:57,0:05,メール（複数のフォルダーが選択されています）の閲覧・作成
2026/04/15 14:57,2026/04/15 14:57,0:05,Webサイト（フォルダーの削除）の閲覧・調査
2026/04/15 14:57,2026/04/15 14:57,0:05,メール（複数のフォルダーが選択されています）の閲覧・作成
2026/04/15 14:57,2026/04/15 14:57,0:05,Webサイト（フォルダーの削除）の閲覧・調査
2026/04/15 14:57,2026/04/15 14:57,0:05,メール（複数のフォルダーが選択されています）の閲覧・作成
2026/04/15 14:57,2026/04/15 14:57,0:05,Webサイト（フォルダーの削除）の閲覧・調査
2026/04/15 14:57,2026/04/15 14:57,0:05,メール（複数のフォルダーが選択されています）の閲覧・作成
2026/04/15 14:57,2026/04/15 14:57,0:05,Webサイト（フォルダーの削除）の閲覧・調査
2026/04/15 14:57,2026/04/15 14:57,0:05,メール（複数のフォルダーが選択されています）の閲覧・作成
2026/04/15 14:57,2026/04/15 14:57,0:05,Webサイト（フォルダーの削除）の閲覧・調査
2026/04/15 14:57,2026/04/15 14:57,0:05,メール（複数のフォルダーが選択されています）の閲覧・作成
2026/04/15 14:57,2026/04/15 14:57,0:05,Webサイト（フォルダーの削除）の閲覧・調査
2026/04/15 14:57,2026/04/15 14:57,0:05,メール（複数のフォルダーが選択されています）の閲覧・作成
2026/04/15 14:57,2026/04/15 14:57,0:05,Webサイト（フォルダーの削除）の閲覧・調査
2026/04/15 14:57,2026/04/15 14:57,0:05,メール（複数のフォルダーが選択されています）の閲覧・作成
2026/04/15 14:57,2026/04/15 14:57,0:05,Webサイト（フォルダーの削除）の閲覧・調査
2026/04/15 14:57,2026/04/15 14:57,0:05,メール（複数のフォルダーが選択されています）の閲覧・作成
2026/04/15 14:57,2026/04/15 14:57,0:05,Webサイト（フォルダーの削除）の閲覧・調査
2026/04/15 14:57,2026/04/15 14:57,0:05,メール（複数のフォルダーが選択されています）の閲覧・作成
2026/04/15 14:57,2026/04/15 14:57,0:05,Webサイト（フォルダーの削除）の閲覧・調査
2026/04/15 14:57,2026/04/15 14:57,0:05,メール（複数のフォルダーが選択されています）の閲覧・作成
2026/04/15 14:57,2026/04/15 14:57,0:05,Webサイト（フォルダーの削除）の閲覧・調査
2026/04/15 14:57,2026/04/15 14:57,0:05,メール（複数のフォルダーが選択されています）の閲覧・作成
2026/04/15 14:57,2026/04/15 14:57,0:05,Webサイト（フォルダーの削除）の閲覧・調査
2026/04/15 14:57,2026/04/15 14:57,0:05,メール（複数のフォルダーが選択されています）の閲覧・作成
2026/04/15 14:57,2026/04/15 14:57,0:05,Webサイト（フォルダーの削除）の閲覧・調査
2026/04/15 14:57,2026/04/15 14:57,0:05,メール（複数のフォルダーが選択されています）の閲覧・作成
2026/04/15 14:57,2026/04/15 14:57,0:05,Webサイト（フォルダーの削除）の閲覧・調査
2026/04/15 14:57,2026/04/15 14:57,0:05,メール（複数のフォルダーが選択されています）の閲覧・作成
2026/04/15 14:57,2026/04/15 14:57,0:05,Webサイト（フォルダーの削除）の閲覧・調査
2026/04/15 14:57,2026/04/15 14:57,0:05,メール（複数のフォルダーが選択されています）の閲覧・作成
2026/04/15 14:57,2026/04/15 14:57,0:05,Webサイト（フォルダーの削除）の閲覧・調査
2026/04/15 14:57,2026/04/15 14:57,0:05,メール（複数のフォルダーが選択されています）の閲覧・作成
2026/04/15 14:57,2026/04/15 14:57,0:05,Webサイト（フォルダーの削除）の閲覧・調査
2026/04/15 14:57,2026/04/15 14:57,0:05,メール（複数のフォルダーが選択されています）の閲覧・作成
2026/04/15 14:57,2026/04/15 14:57,0:05,Webサイト（フォルダーの削除）の閲覧・調査
2026/04/15 14:57,2026/04/15 14:57,0:05,メール（複数のフォルダーが選択されています）の閲覧・作成
2026/04/15 14:57,2026/04/15 14:57,0:05,Webサイト（フォルダーの削除）の閲覧・調査
2026/04/15 14:57,2026/04/15 14:57,0:05,メール（複数のフォルダーが選択されています）の閲覧・作成
2026/04/15 14:57,2026/04/15 14:57,0:05,Webサイト（フォルダーの削除）の閲覧・調査
2026/04/15 14:57,2026/04/15 14:57,0:05,メール（複数のフォルダーが選択されています）の閲覧・作成
2026/04/15 14:57,2026/04/15 14:57,0:05,Webサイト（フォルダーの削除）の閲覧・調査
2026/04/15 14:57,2026/04/15 14:57,0:05,メール（複数のフォルダーが選択されています）の閲覧・作成
2026/04/15 14:57,2026/04/15 14:57,0:05,Webサイト（フォルダーの削除）の閲覧・調査
2026/04/15 14:57,2026/04/15 14:57,0:05,メール（複数のフォルダーが選択されています）の閲覧・作成
2026/04/15 14:57,2026/04/15 14:57,0:05,Webサイト（フォルダーの削除）の閲覧・調査
2026/04/15 14:57,2026/04/15 14:57,0:05,メール（複数のフォルダーが選択されています）の閲覧・作成
2026/04/15 14:57,2026/04/15 14:57,0:05,Webサイト（フォルダーの削除）の閲覧・調査
2026/04/15 14:57,2026/04/15 14:57,0:05,メール（複数のフォルダーが選択されています）の閲覧・作成
2026/04/15 14:57,2026/04/15 14:57,0:05,Webサイト（フォルダーの削除）の閲覧・調査
2026/04/15 14:57,2026/04/15 14:57,0:05,メール（複数のフォルダーが選択されています）の閲覧・作成
2026/04/15 14:58,2026/04/15 14:58,0:05,Webサイト（フォルダーの削除）の閲覧・調査
2026/04/15 14:58,2026/04/15 14:58,0:05,メール（複数のフォルダーが選択されています）の閲覧・作成
2026/04/15 14:58,2026/04/15 14:58,0:05,Webサイト（フォルダーの削除）の閲覧・調査
2026/04/15 14:58,2026/04/15 14:58,0:05,メール（複数のフォルダーが選択されています）の閲覧・作成
2026/04/15 14:58,2026/04/15 14:58,0:05,Webサイト（フォルダーの削除）の閲覧・調査
2026/04/15 14:58,2026/04/15 14:58,0:05,メール（複数のフォルダーが選択されています）の閲覧・作成
2026/04/15 14:58,2026/04/15 14:58,0:05,Webサイト（フォルダーの削除）の閲覧・調査
2026/04/15 14:58,2026/04/15 14:58,0:05,メール（複数のフォルダーが選択されています）の閲覧・作成
2026/04/15 14:58,2026/04/15 14:58,0:05,Webサイト（フォルダーの削除）の閲覧・調査
2026/04/15 14:58,2026/04/15 14:58,0:05,メール（複数のフォルダーが選択されています）の閲覧・作成
2026/04/15 14:58,2026/04/15 14:58,0:05,Webサイト（フォルダーの削除）の閲覧・調査
2026/04/15 14:58,2026/04/15 14:58,0:05,メール（複数のフォルダーが選択されています）の閲覧・作成
2026/04/15 14:58,2026/04/15 14:58,0:05,Webサイト（フォルダーの削除）の閲覧・調査
2026/04/15 14:58,2026/04/15 14:58,0:05,メール（複数のフォルダーが選択されています）の閲覧・作成
2026/04/15 14:58,2026/04/15 14:58,0:05,Webサイト（フォルダーの削除）の閲覧・調査
2026/04/15 14:58,2026/04/15 14:58,0:05,メール（複数のフォルダーが選択されています）の閲覧・作成
2026/04/15 14:58,2026/04/15 14:58,0:05,Webサイト（フォルダーの削除）の閲覧・調査
2026/04/15 14:58,2026/04/15 14:58,0:05,メール（複数のフォルダーが選択されています）の閲覧・作成
2026/04/15 14:58,2026/04/15 14:58,0:05,Webサイト（フォルダーの削除）の閲覧・調査
2026/04/15 14:58,2026/04/15 14:58,0:05,メール（複数のフォルダーが選択されています）の閲覧・作成
2026/04/15 14:58,2026/04/15 14:58,0:05,Webサイト（フォルダーの削除）の閲覧・調査
2026/04/15 14:58,2026/04/15 14:58,0:05,メール（複数のフォルダーが選択されています）の閲覧・作成
2026/04/15 14:58,2026/04/15 14:58,0:05,Webサイト（フォルダーの削除）の閲覧・調査
2026/04/15 14:58,2026/04/15 14:58,0:05,メール（複数のフォルダーが選択されています）の閲覧・作成
2026/04/15 14:58,2026/04/15 14:58,0:05,Webサイト（フォルダーの削除）の閲覧・調査
2026/04/15 14:58,2026/04/15 14:58,0:05,メール（複数のフォルダーが選択されています）の閲覧・作成
2026/04/15 14:58,2026/04/15 14:58,0:05,Webサイト（フォルダーの削除）の閲覧・調査
2026/04/15 14:58,2026/04/15 14:58,0:05,メール（複数のフォルダーが選択されています）の閲覧・作成
2026/04/15 14:58,2026/04/15 14:58,0:05,Webサイト（フォルダーの削除）の閲覧・調査
2026/04/15 14:58,2026/04/15 14:58,0:05,メール（複数のフォルダーが選択されています）の閲覧・作成
2026/04/15 14:58,2026/04/15 14:58,0:05,Webサイト（フォルダーの削除）の閲覧・調査
2026/04/15 14:58,2026/04/15 14:58,0:05,メール（複数のフォルダーが選択されています）の閲覧・作成
2026/04/15 14:58,2026/04/15 14:58,0:05,Webサイト（フォルダーの削除）の閲覧・調査
2026/04/15 14:58,2026/04/15 14:58,0:05,メール（複数のフォルダーが選択されています）の閲覧・作成
2026/04/15 14:58,2026/04/15 14:58,0:05,Webサイト（フォルダーの削除）の閲覧・調査
2026/04/15 14:58,2026/04/15 14:58,0:05,メール（複数のフォルダーが選択されています）の閲覧・作成
2026/04/15 14:58,2026/04/15 14:58,0:05,Webサイト（フォルダーの削除）の閲覧・調査
2026/04/15 14:58,2026/04/15 14:58,0:05,メール（複数のフォルダーが選択されています）の閲覧・作成
2026/04/15 14:58,2026/04/15 14:58,0:05,Webサイト（フォルダーの削除）の閲覧・調査
2026/04/15 14:58,2026/04/15 14:58,0:05,メール（Github）の閲覧・作成 / メール（ごみ箱）の閲覧・作成 / メール（複数のフォルダーが選択されています）の閲覧・作成
2026/04/15 14:58,2026/04/15 14:58,0:05,"Webサイト（""ごみ箱"" を空にする）の閲覧・調査"
2026/04/15 14:58,2026/04/15 14:59,0:05,メール（Mozilla Thunderbird）の閲覧・作成 / メール（TEST）の閲覧・作成 / メール（t_ito@forest.co.jp）の閲覧・作成 / メール（t_ito）の閲覧・作成 / メール（ごみ箱）の閲覧・作成 / メール（ホーム）の閲覧・作成 / メール（受信トレイ）の閲覧・作成
2026/04/15 14:59,2026/04/15 14:59,0:05,サイボウズ（Cybozu_Backup_0415_1444 - t_ito - Mozilla Thunderbird）での情報確認・処理
2026/04/15 14:59,2026/04/15 15:03,0:05,Antigravityを用いた「システム開発・改善」の開発・相談
2026/04/15 15:03,2026/04/15 15:03,0:05,サイボウズ（Cybozu_Backup_0415_1444 - t_ito - Mozilla Thunderbird）での情報確認・処理
2026/04/15 15:03,2026/04/15 15:03,0:05,メール（1.Forest）の閲覧・作成 / メール（1.システム部（福岡））の閲覧・作成 / メール（ホーム）の閲覧・作成 / メール（進行中: isobe@forest.co.jp さんが、ビデオ通話にあなたを招待しています）の閲覧・作成
2026/04/15 15:03,2026/04/15 15:03,0:05,Webサイト（meet.google.com/iyh-sqmf-hzm?hs=151 および他 8 ページ）の閲覧・調査
2026/04/15 15:03,2026/04/15 15:03,0:05,Meet / Webサイト（Meet および他 8 ページ）の閲覧・調査
2026/04/15 15:03,2026/04/15 15:05,0:05,Meet / Webサイト（Meet - iyh-sqmf-hzm および他 7 ページ）の閲覧・調査 / Webサイト（Meet - iyh-sqmf-hzm および他 8 ページ）の閲覧・調査 / Webサイト（Meet - iyh-sqmf-hzm）の閲覧・調査
2026/04/15 15:05,2026/04/15 15:05,0:05,Antigravityを用いた「システム開発・改善」の開発・相談
2026/04/15 15:05,2026/04/15 15:05,0:05,Webサイト（Meet - iyh-sqmf-hzm および他 7 ページ）の閲覧・調査
2026/04/15 15:05,2026/04/15 15:09,0:05,Antigravityを用いた「システム開発・改善」の開発・相談
2026/04/15 15:09,2026/04/15 15:09,0:05,サイボウズ（Cybozu MBOX Converter V3.6 - Native Path Fixed）での情報確認・処理
2026/04/15 15:09,2026/04/15 15:09,0:05,Webサイト（フォルダーの選択）の閲覧・調査
2026/04/15 15:09,2026/04/15 15:09,0:05,サイボウズ（Cybozu MBOX Converter V3.6 - Native Path Fixed）での情報確認・処理
2026/04/15 15:10,2026/04/15 15:10,0:05,サイボウズ（Cybozu MBOX Converter V3.6 - Native Path Fixed）での情報確認・処理 / 作成完了
2026/04/15 15:10,2026/04/15 15:10,0:05,Antigravityを用いた「システム開発・改善」の開発・相談
2026/04/15 15:10,2026/04/15 15:10,0:05,Webサイト（Meet - iyh-sqmf-hzm および他 7 ページ）の閲覧・調査
2026/04/15 15:10,2026/04/15 15:12,0:05,メール（Mozilla Thunderbird）の閲覧・作成 / メール（t_ito@forest.co.jp）の閲覧・作成 / メール（ごみ箱）の閲覧・作成 / メール（ホーム）の閲覧・作成
2026/04/15 15:12,2026/04/15 15:12,0:05,"Webサイト（""ごみ箱"" を空にする）の閲覧・調査"
2026/04/15 15:12,2026/04/15 15:13,0:05,メール（ごみ箱）の閲覧・作成 / メール（アーカイブ）の閲覧・作成
2026/04/15 15:13,2026/04/15 15:13,0:05,サイボウズ（Cybozu_Backup_0415_1444 - t_ito - Mozilla Thunderbird）での情報確認・処理
2026/04/15 15:13,2026/04/15 15:13,0:05,Webサイト（フォルダーの削除）の閲覧・調査
2026/04/15 15:13,2026/04/15 15:13,0:05,サイボウズ（Cybozu_Backup_0415_1444 - t_ito - Mozilla Thunderbird）での情報確認・処理
2026/04/15 15:13,2026/04/15 15:14,0:05,メール（t_ito@forest.co.jp）の閲覧・作成 / メール（ごみ箱）の閲覧・作成 / メール（すべてのメール）の閲覧・作成 / メール（ローカルフォルダー）の閲覧・作成 / メール（受信トレイ）の閲覧・作成
2026/04/15 15:15,2026/04/15 15:15,0:05,Webサイト（Meet - iyh-sqmf-hzm および他 7 ページ）の閲覧・調査
2026/04/15 15:20,2026/04/15 15:21,0:05,メール（Mozilla Thunderbird）の閲覧・作成 / メール（t_ito）の閲覧・作成 / メール（ホーム）の閲覧・作成 / メール（ローカルフォルダー）の閲覧・作成 / メール（受信トレイ）の閲覧・作成
2026/04/15 15:21,2026/04/15 15:21,0:05,サイボウズ（Cybozu_Backup_0415_1509 - t_ito - Mozilla Thunderbird）での情報確認・処理
2026/04/15 15:23,2026/04/15 15:23,0:05,"メール（""TEST""）の閲覧・作成 / メール（フォーレスト株式会社 メール）の閲覧・作成"
2026/04/15 15:23,2026/04/15 15:24,0:05,"サイボウズ（""TEST/Cybozu_Backup_0415_1509/1. "" - t_ito@forest.co.jp - フォーレスト株式会社 メール）での情報確認・処理 / サイボウズ（""TEST/Cybozu_Backup_0415_1509/11. 契約書審査/11-10. エディオン"" - t_ito@forest.co.jp - フォーレスト株式会社 メール）での情報確認・処..."
2026/04/15 15:24,2026/04/15 15:24,0:05,メール（1.）の閲覧・作成 / メール（11-1. ファイル保管済）の閲覧・作成
2026/04/15 15:24,2026/04/15 15:24,0:05,サイボウズ（Cybozu_Backup_0415_1509 - t_ito - Mozilla Thunderbird）での情報確認・処理
2026/04/15 15:25,2026/04/15 15:25,0:05,メール（11-1. ファイル保管済）の閲覧・作成
2026/04/15 15:25,2026/04/15 15:25,0:05,サイボウズ（Cybozu_Backup_0415_1509 - t_ito@forest.co.jp - Mozilla Thunderbird）での情報確認・処理
2026/04/15 15:25,2026/04/15 15:25,0:05,メール（1.）の閲覧・作成
2026/04/15 15:27,2026/04/15 15:27,0:05,"サイボウズ（""TEST/Cybozu_Backup_0415_1509/1. "" (27) - t_ito@forest.co.jp - フォーレスト株式会社 メール）での情報確認・処理 / サイボウズ（""TEST/Cybozu_Backup_0415_1509/1. "" - t_ito@forest.co.jp - フォーレスト株式会社 メール）での情報確認・処理"
2026/04/15 15:28,2026/04/15 15:28,0:05,Webサイト（社内SEの仕事なんでも相談 - Google Gemini）の閲覧・調査
2026/04/15 15:29,2026/04/15 15:29,0:05,"サイボウズ（""TEST/Cybozu_Backup_0415_1509/1. "" (27) - t_ito@forest.co.jp - フォーレスト株式会社 メール）での情報確認・処理"
2026/04/15 15:29,2026/04/15 15:40,0:10,Webサイト（Acrobat Reader の旧バージョンをインストールする および他 6 ページ）の閲覧・調査 / Webサイト（Meet - iyh-sqmf-hzm および他 7 ページ）の閲覧・調査 / Webサイト（社内SEの仕事なんでも相談 - Google Gemini）の閲覧・調査
2026/04/15 15:42,2026/04/15 15:42,0:05,"サイボウズ（""TEST/Cybozu_Backup_0415_1509/1. "" (27) - t_ito@forest.co.jp - フォーレスト株式会社 メール）での情報確認・処理 / サイボウズ（""TEST/Cybozu_Backup_0415_1509/2. "" - t_ito@forest.co.jp - フォーレスト株式会社 メール）での情報確認・処理"
2026/04/15 15:42,2026/04/15 15:42,0:05,Webサイト（社内SEの仕事なんでも相談 - Google Gemini）の閲覧・調査
2026/04/15 15:42,2026/04/15 15:42,0:05,メール（1.）の閲覧・作成 / メール（アカウントのセットアップ）の閲覧・作成 / メール（アカウント設定）の閲覧・作成 / メール（ホーム）の閲覧・作成 / メール（読み込み中...）の閲覧・作成
2026/04/15 15:42,2026/04/15 15:42,0:05,Webサイト（社内SEの仕事なんでも相談 - Google Gemini）の閲覧・調査
2026/04/15 15:43,2026/04/15 15:43,0:05,メール（アカウントのセットアップ）の閲覧・作成
2026/04/15 15:46,2026/04/15 15:46,0:05,Webサイト（詳細設定の確認）の閲覧・調査
2026/04/15 15:46,2026/04/15 15:46,0:05,メール（アカウントのセットアップ）の閲覧・作成 / メール（アカウント設定）の閲覧・作成 / メール（読み込み中...）の閲覧・作成
2026/04/15 15:46,2026/04/15 15:46,0:05,Webサイト（imap.gmail.com のアカウント kato@forest.co.jp の認証情報を入力してください）の閲覧・調査
2026/04/15 15:47,2026/04/15 15:49,0:05,メール（1.）の閲覧・作成 / メール（TEST）の閲覧・作成 / メール（t_ito@forest.co.jp）の閲覧・作成 / メール（アカウント設定）の閲覧・作成 / メール（受信トレイ）の閲覧・作成 / メール（読み込み中...）の閲覧・作成
2026/04/15 15:50,2026/04/15 15:51,0:05,Webサイト（imap.gmail.com のアカウント kato@forest.co.jp の認証情報を入力してください）の閲覧・調査 / Webサイト（社内SEの仕事なんでも相談 - Google Gemini）の閲覧・調査
2026/04/15 15:51,2026/04/15 15:52,0:05,メール（ローカルフォルダー）の閲覧・作成
2026/04/15 15:52,2026/04/15 15:52,0:05,サイボウズ（サイボウズ／バックアップ - kato@forest.co.jp - Mozilla Thunderbird）での情報確認・処理
2026/04/15 15:52,2026/04/15 15:52,0:05,メール（1.）の閲覧・作成
2026/04/15 15:52,2026/04/15 15:52,0:05,サイボウズ（サイボウズ／バックアップ - kato@forest.co.jp - Mozilla Thunderbird）での情報確認・処理
2026/04/15 15:52,2026/04/15 15:56,0:05,メール（1.）の閲覧・作成 / メール（10. Forestway・cocodecow会員規約）の閲覧・作成 / メール（11-1. ファイル保管済）の閲覧・作成 / メール（11-10. エディオン）の閲覧・作成 / メール（NEC）の閲覧・作成 / メール（PDF.js viewer）の閲覧・作成 / メール（Re: 年間スケジュール変更の件）の閲覧・作成 / メール（ホーム）の閲覧・作...
2026/04/15 15:56,2026/04/15 15:56,0:05,PDF資料（NL5E2630006-0000.pdf）の確認 / PDF資料（a??c´“a?†a?，a”§a†?.pdf）の確認
2026/04/15 15:56,2026/04/15 15:57,0:05,メール（PDF.js viewer）の閲覧・作成 / メール（Re: 年間スケジュール変更の件）の閲覧・作成 / メール（読み込み中...）の閲覧・作成
2026/04/15 15:57,2026/04/15 15:57,0:05,PDF資料（NL5E2630006-0000.pdf）の確認 / PDF資料（a??c´“a?†a?，a”§a†?.pdf）の確認
2026/04/15 16:03,2026/04/15 16:04,0:05,メール（PDF.js viewer）の閲覧・作成 / メール（Re: 年間スケジュール変更の件）の閲覧・作成 / メール（ホーム）の閲覧・作成 / メール（年間スケジュール変更の件）の閲覧・作成 / メール（読み込み中...）の閲覧・作成
2026/04/15 16:04,2026/04/15 16:04,0:05,PDF資料（NL5E2630006-0000.pdf）の確認 / PDF資料（a??c´“a?†a?，a”§a†?.pdf）の確認
2026/04/15 16:04,2026/04/15 16:07,0:05,メール（1.）の閲覧・作成 / メール（10. Forestway・cocodecow会員規約）の閲覧・作成 / メール（11-1. ファイル保管済）の閲覧・作成 / メール（11-10. エディオン）の閲覧・作成 / メール（11-11. フォーレスト酒販）の閲覧・作成 / メール（11. 契約書審査）の閲覧・作成 / メール（13-1. 総務・人事課）の閲覧・作成 / メール（13-2....
2026/04/15 16:09,2026/04/15 16:09,0:05,Webサイト（Acrobat Reader の旧バージョンをインストールする および他 6 ページ）の閲覧・調査
2026/04/15 16:09,2026/04/15 16:09,0:05,メール（11. 契約書審査）の閲覧・作成
2026/04/15 16:09,2026/04/15 16:09,0:05,サイボウズ（forestway.cybozu.com/o/ag.cgi?page=MailIndex&fid=unsent および他 1 ページ）での情報確認・処理 / サイボウズ（メール - サイボウズ Office および他 1 ページ）での情報確認・処理 / サイボウズ（メール - サイボウズ Office）での情報確認・処理
2026/04/15 16:09,2026/04/15 16:10,0:05,メール（1.）の閲覧・作成 / メール（11. 契約書審査）の閲覧・作成
2026/04/15 16:10,2026/04/15 16:10,0:05,Webサイト（社内SEの仕事なんでも相談 - Google Gemini）の閲覧・調査
2026/04/15 16:10,2026/04/15 16:10,0:05,PDF資料（本社内線表(20260402).pdf および他 3 ページ）の確認
2026/04/15 16:10,2026/04/15 16:10,0:05,Webサイト（社内SEの仕事なんでも相談 - Google Gemini）の閲覧・調査
2026/04/15 16:10,2026/04/15 16:10,0:05,"Excelファイル（20260413_OA予備中古ノートPC2台購入_④稟議書（システム関連,社長決裁）20230701.xlsx）の入力・編集"
2026/04/15 16:10,2026/04/15 16:12,0:05,Webサイト（Adobe Reader XI - パーソナル コンピューターでの使用に関する配布の使用許諾契約）の閲覧・調査 / Webサイト（Adobe Reader）の閲覧・調査 / Webサイト（使用許諾契約書に同意しない）の閲覧・調査 / Webサイト（社内SEの仕事なんでも相談 - Google Gemini）の閲覧・調査
2026/04/15 16:12,2026/04/15 16:20,0:07,Webサイト（Adobe - Adobe Acrobat Reader をインストール）の閲覧・調査 / Webサイト（Adobe - Download Adobe Acrobat Reader）の閲覧・調査 / Webサイト（Adobe Acrobat Reader (無料の PDF ビューア) をダウンロード）の閲覧・調査 / Webサイト（Adobe Reader XI (11.0.0...
2026/04/15 16:20,2026/04/15 16:21,0:05,メール（11-1. ファイル保管済）の閲覧・作成 / メール（11-10. エディオン）の閲覧・作成 / メール（11-11. フォーレスト酒販）の閲覧・作成 / メール（11-12. 契約書ひな型）の閲覧・作成 / メール（11. 契約書審査）の閲覧・作成 / メール（受信トレイ）の閲覧・作成
2026/04/15 16:22,2026/04/15 16:22,0:05,Webサイト（Adobe - Adobe Acrobat Reader をインストール）の閲覧・調査 / Webサイト（Adobe Acrobat Reader インストーラー）の閲覧・調査 / Webサイト（Adobe Download Manager）の閲覧・調査 / Webサイト（最近のダウンロード履歴）の閲覧・調査
2026/04/15 16:22,2026/04/15 16:23,0:05,メール（11-12. 契約書ひな型）の閲覧・作成 / メール（11-13. 英文契約書）の閲覧・作成 / メール（11-2. 商品部）の閲覧・作成 / メール（11-3. 管理部）の閲覧・作成 / メール（11-4. 商品管理部）の閲覧・作成 / メール（11-5. 営業部）の閲覧・作成 / メール（11-6. マーケティング部）の閲覧・作成 / メール（11-7. 物流部）の閲覧・作成 /...
2026/04/15 16:24,2026/04/15 16:25,0:05,サイボウズ（メール - サイボウズ Office および他 1 ページ）での情報確認・処理 / サイボウズ（メール - サイボウズ Office）での情報確認・処理
2026/04/15 16:25,2026/04/15 16:25,0:05,メール（13-1. 総務・人事課）の閲覧・作成
2026/04/15 16:25,2026/04/15 16:25,0:05,サイボウズ（メール - サイボウズ Office および他 1 ページ）での情報確認・処理
2026/04/15 16:25,2026/04/15 16:25,0:05,Antigravityを用いた「システム開発・改善」の開発・相談
2026/04/15 16:25,2026/04/15 16:25,0:05,Webサイト（Adobe - Adobe Acrobat Reader をインストール）の閲覧・調査 / Webサイト（Adobe Acrobat Reader インストーラー）の閲覧・調査
2026/04/15 16:25,2026/04/15 16:25,0:05,サイボウズ（メール - サイボウズ Office および他 1 ページ）での情報確認・処理
2026/04/15 16:25,2026/04/15 16:26,0:05,Webサイト（100% 完了）の閲覧・調査 / Webサイト（Adobe Acrobat Reader インストーラー）の閲覧・調査
2026/04/15 16:26,2026/04/15 16:27,0:05,2% 完了 / 3% 完了 / 4% 完了 / 6% 完了 / 7% 完了 / 8% 完了 / Webサイト（100% 完了）の閲覧・調査 / Webサイト（11% 完了）の閲覧・調査 / Webサイト（12% 完了）の閲覧・調査 / Webサイト（14% 完了）の閲覧・調査 / Webサイト（17% 完了）の閲覧・調査 / Webサイト（18% 完了）の閲覧・調査 / Webサイト（20%...
2026/04/15 16:27,2026/04/15 16:27,0:05,Antigravityを用いた「システム開発・改善」の開発・相談
2026/04/15 16:27,2026/04/15 16:27,0:05,"Webサイト（Data: Querying, Analyzing and Downloading: The GDELT Project）の閲覧・調査"
2026/04/15 16:27,2026/04/15 16:27,0:05,Antigravityを用いた「システム開発・改善」の開発・相談
2026/04/15 16:27,2026/04/15 16:27,0:05,Webサイト（Adobe Acrobat Reader インストーラー）の閲覧・調査
2026/04/15 16:27,2026/04/15 16:27,0:05,Antigravityを用いた「システム開発・改善」の開発・相談
2026/04/15 16:27,2026/04/15 16:27,0:05,サイボウズ（Cybozu MBOX Converter V3.6 - Native Path Fixed）での情報確認・処理
2026/04/15 16:27,2026/04/15 16:27,0:05,Antigravityを用いた「システム開発・改善」の開発・相談
2026/04/15 16:33,2026/04/15 16:35,0:05,Webサイト（Adobe Acrobat Reader インストーラー）の閲覧・調査
2026/04/15 16:35,2026/04/15 16:35,0:05,メール（13-1. 総務・人事課）の閲覧・作成
2026/04/15 16:36,2026/04/15 16:36,0:05,PDF資料（本社内線表(20260402).pdf および他 3 ページ）の確認
2026/04/15 16:36,2026/04/15 16:36,0:05,メール（13-1. 総務・人事課）の閲覧・作成
2026/04/15 16:36,2026/04/15 16:36,0:05,Webサイト（インフォメーション）の閲覧・調査
2026/04/15 16:36,2026/04/15 16:36,0:05,サイボウズ（トップページ - サイボウズ Office）での情報確認・処理 / サイボウズ（メッセージの詳細 - サイボウズ Office）での情報確認・処理 / サイボウズ（個人フォルダ - サイボウズ Office）での情報確認・処理
2026/04/15 16:36,2026/04/15 16:37,0:05,メール（1.）の閲覧・作成 / メール（13-1. 総務・人事課）の閲覧・作成 / メール（7-9. 垂直搬送機の関する件）の閲覧・作成 / メール（ホーム）の閲覧・作成 / メール（職務分担書のご報告）の閲覧・作成 / メール（複数のフォルダーが選択されています）の閲覧・作成
2026/04/15 16:37,2026/04/15 16:37,0:05,サイボウズ（サイボウズ／バックアップ - kato@forest.co.jp - Mozilla Thunderbird）での情報確認・処理
2026/04/15 16:37,2026/04/15 16:37,0:05,メール（1.）の閲覧・作成
2026/04/15 16:37,2026/04/15 16:37,0:05,Webサイト（Adobe Acrobat Reader インストーラー）の閲覧・調査
2026/04/15 16:37,2026/04/15 16:37,0:05,メール（1.）の閲覧・作成
2026/04/15 16:37,2026/04/15 16:38,0:05,Webサイト（Adobe - Adobe Acrobat Reader をダウンロード および他 1 ページ）の閲覧・調査 / Webサイト（Adobe - Adobe Acrobat Reader をダウンロード）の閲覧・調査 / Webサイト（Adobe - Download Adobe Acrobat Reader および他 1 ページ）の閲覧・調査 / Webサイト（Adobe Ac...
2026/04/15 16:38,2026/04/15 16:38,0:05,メール（1.）の閲覧・作成 / メール（7-8. 物件紹介・コマーシャル）の閲覧・作成 / メール（7-9. 垂直搬送機の関する件）の閲覧・作成 / メール（8-1. ドロップシッピング）の閲覧・作成 / メール（8-2. 表示関連）の閲覧・作成 / メール（8. ㈱エディオン連携）の閲覧・作成 / メール（9. フォーレスト規程関連）の閲覧・作成 / メール（複数のフォルダーが選択されてい...
2026/04/15 16:38,2026/04/15 16:38,0:05,サイボウズ（サイボウズ／バックアップ - kato@forest.co.jp - Mozilla Thunderbird）での情報確認・処理
2026/04/15 16:38,2026/04/15 16:39,0:05,メール（1.）の閲覧・作成 / メール（9. フォーレスト規程関連）の閲覧・作成 / メール（すべてのメール）の閲覧・作成 / メール（複数のフォルダーが選択されています）の閲覧・作成
2026/04/15 16:39,2026/04/15 16:39,0:05,Webサイト（Adobe - Adobe Acrobat Reader をダウンロード および他 1 ページ）の閲覧・調査
2026/04/15 16:39,2026/04/15 16:39,0:05,Webサイト（Adobe - Adobe Acrobat Reader をインストール および他 1 ページ）の閲覧・調査 / Webサイト（Adobe - Adobe Acrobat Reader をインストール）の閲覧・調査 / Webサイト（Adobe - Adobe Acrobat Reader をダウンロード および他 1 ページ）の閲覧・調査 / Webサイト（Adobe - A...
2026/04/15 16:40,2026/04/15 16:40,0:05,メール（複数のフォルダーが選択されています）の閲覧・作成
2026/04/15 16:40,2026/04/15 16:40,0:05,Webサイト（Adobe - Adobe Acrobat Reader をダウンロード および他 2 ページ）の閲覧・調査 / Webサイト（Adobe - Adobe Acrobat Reader をダウンロード）の閲覧・調査 / Webサイト（AdobeCheck_FWN-034.txt - サクラエディタ32bit 2.4.2.6048）の閲覧・調査 / Webサイト（\\10.85....
2026/04/15 16:43,2026/04/15 16:43,0:05,Antigravityを用いた「システム開発・改善」の開発・相談
2026/04/15 16:43,2026/04/15 16:43,0:05,Webサイト（auto_manual_creatorのプロパティ）の閲覧・調査
2026/04/15 16:46,2026/04/15 16:46,0:05,Antigravityを用いた「システム開発・改善」の開発・相談
2026/04/15 16:46,2026/04/15 16:49,0:05,Webサイト（Adobe - Adobe Acrobat Reader をインストール）の閲覧・調査 / Webサイト（Adobe - Download Adobe Acrobat Reader）の閲覧・調査 / Webサイト（Adobe Acrobat Reader (無料の PDF ビューア) をダウンロード）の閲覧・調査 / Webサイト（Adobe Acrobat Reader イン...
2026/04/15 16:49,2026/04/15 16:49,0:05,Antigravityを用いた「システム開発・改善」の開発・相談
2026/04/15 16:50,2026/04/15 16:50,0:05,Webサイト（Adobe - Adobe Acrobat Reader をインストール）の閲覧・調査
2026/04/15 16:50,2026/04/15 16:50,0:05,Antigravityを用いた「システム開発・改善」の開発・相談
2026/04/15 16:50,2026/04/15 16:50,0:05,Webサイト（Adobe - Adobe Acrobat Reader をインストール）の閲覧・調査 / Webサイト（「いま」を見つけよう / X）の閲覧・調査
2026/04/15 16:50,2026/04/15 16:51,0:05,Webサイト（(21) Antigrabity - 検索 / X）の閲覧・調査 / Webサイト（(21) Antigrabity　遅くない？ - 検索 / X）の閲覧・調査 / Webサイト（(21) Google　Gemini遅くない？ - 検索 / X）の閲覧・調査 / Webサイト（(21) ホーム / X）の閲覧・調査 / Webサイト（ホーム / X）の閲覧・調査 / X - G...
2026/04/15 16:51,2026/04/15 16:51,0:05,Antigravityを用いた「システム開発・改善」の開発・相談
2026/04/15 16:52,2026/04/15 16:52,0:05,サイボウズ（サイボウズ抽出ログ → MBOX変換ツール）での情報確認・処理
2026/04/15 16:52,2026/04/15 16:53,0:05,Antigravityを用いた「システム開発・改善」の開発・相談
2026/04/15 16:53,2026/04/15 16:53,0:05,"Webサイト（(21) Antigrabity - 検索 / X）の閲覧・調査 / Webサイト（Data: Querying, Analyzing and Downloading: The GDELT Project）の閲覧・調査"
2026/04/15 16:53,2026/04/15 16:53,0:05,Antigravityを用いた「システム開発・改善」の開発・相談
2026/04/15 16:53,2026/04/15 16:53,0:05,サイボウズ（サイボウズOffice Eメール バックアップツール (手動版)）での情報確認・処理
2026/04/15 16:53,2026/04/15 16:53,0:05,Webサイト（フォルダーの選択）の閲覧・調査
2026/04/15 16:54,2026/04/15 16:54,0:05,サイボウズ（サイボウズOffice Eメール バックアップツール (手動版)）での情報確認・処理
2026/04/15 16:54,2026/04/15 16:54,0:05,"Webサイト（data:, - プロファイル 1 - Microsoft? Edge）の閲覧・調査 / Webサイト（インフォメーション - プロファイル 1 - Microsoft? Edge）の閲覧・調査"
2026/04/15 16:54,2026/04/15 16:55,0:05,サイボウズ（サイボウズOffice Eメール バックアップツール (手動版)）での情報確認・処理 / サイボウズ（トップページ - サイボウズ Office - プロファイル 1 - Microsoft? Edge）での情報確認・処理 / サイボウズ（メール - サイボウズ Office - プロファイル 1 - Microsoft? Edge）での情報確認・処理 / サイボウズ（メール本文...
2026/04/15 16:56,2026/04/15 16:57,0:05,Antigravityを用いた「システム開発・改善」の開発・相談
2026/04/15 16:59,2026/04/15 16:59,0:05,"Webサイト（Data: Querying, Analyzing and Downloading: The GDELT Project）の閲覧・調査"
2026/04/15 16:59,2026/04/15 16:59,0:05,Antigravityを用いた「システム開発・改善」の開発・相談
2026/04/15 16:59,2026/04/15 16:59,0:05,Webサイト（Adobe Acrobat Reader インストーラー）の閲覧・調査
2026/04/15 16:59,2026/04/15 16:59,0:05,Antigravityを用いた「システム開発・改善」の開発・相談
2026/04/15 16:59,2026/04/15 16:59,0:05,Webサイト（Adobe - Adobe Acrobat Reader をダウンロード および他 1 ページ）の閲覧・調査 / Webサイト（Adobe - Adobe Acrobat Reader をダウンロード）の閲覧・調査 / Webサイト（Adobe - Download Adobe Acrobat Reader および他 1 ページ）の閲覧・調査 / Webサイト（Adobe Ac...
2026/04/15 16:59,2026/04/15 16:59,0:05,Antigravityを用いた「システム開発・改善」の開発・相談
2026/04/15 16:59,2026/04/15 16:59,0:05,Webサイト（Adobe - Adobe Acrobat Reader をダウンロード および他 2 ページ）の閲覧・調査
2026/04/15 16:59,2026/04/15 16:59,0:05,"サイボウズ（""TEST/Cybozu_Backup_0415_1509/1. "" (27) - t_ito@forest.co.jp - フォーレスト株式会社 メール）での情報確認・処理"
2026/04/15 16:59,2026/04/15 16:59,0:05,メール（メモ: 「会議：2026年度1次予算案（2次案）報告」（2026年3月23日））の閲覧・作成
2026/04/15 16:59,2026/04/15 16:59,0:05,"サイボウズ（""TEST/Cybozu_Backup_0415_1509"" - t_ito@forest.co.jp - フォーレスト株式会社 メール）での情報確認・処理"
2026/04/15 16:59,2026/04/15 16:59,0:05,"メール（""TEST""）の閲覧・作成"
2026/04/15 16:59,2026/04/15 16:59,0:05,"サイボウズ（""TEST/Cybozu_Backup_0415_1509"" - t_ito@forest.co.jp - フォーレスト株式会社 メール）での情報確認・処理 / サイボウズ（""TEST/Cybozu_Backup_0415_1509/34. TKC・Freee・バクラク関連"" - t_ito@forest.co.jp - フォーレスト株式会社 メール）での情報確認・処理"
2026/04/15 16:59,2026/04/15 17:00,0:05,Webサイト（コントロール パネル\すべてのコントロール パネル項目\プログラムと機能）の閲覧・調査 / Webサイト（コントロール パネル\すべてのコントロール パネル項目）の閲覧・調査 / Webサイト（プログラムと機能）の閲覧・調査 / スタート
2026/04/15 17:01,2026/04/15 17:01,0:05,"サイボウズ（""TEST/Cybozu_Backup_0415_1509/34. TKC・Freee・バクラク関連"" - t_ito@forest.co.jp - フォーレスト株式会社 メール）での情報確認・処理"
2026/04/15 17:01,2026/04/15 17:06,0:05,Webサイト（100% 完了）の閲覧・調査 / Webサイト（84% 完了）の閲覧・調査 / Webサイト（92% 完了）の閲覧・調査 / Webサイト（99% 完了）の閲覧・調査 / Webサイト（Adobe - Adobe Acrobat Reader をインストール および他 3 ページ）の閲覧・調査 / Webサイト（Adobe - Adobe Acrobat Reader をインス...
2026/04/15 17:06,2026/04/15 17:06,0:05,Antigravityを用いた「システム開発・改善」の開発・相談
2026/04/15 17:07,2026/04/15 17:08,0:05,Webサイト（Adobe Acrobat Reader インストーラー）の閲覧・調査 / Webサイト（Windows  (C:)のプロパティ）の閲覧・調査 / Webサイト（Windows更新ツール（煮詰める）のプロパティ）の閲覧・調査 / Webサイト（☆スマホキッティング（熟成させよう）のプロパティ）の閲覧・調査 / Webサイト（エラー チェック (Windows  (C:))）の閲...
2026/04/15 17:08,2026/04/15 17:08,0:05,Antigravityを用いた「システム開発・改善」の開発・相談
2026/04/15 17:09,2026/04/15 17:09,0:05,サイボウズ（BizStorage_Cybozu_Agentのプロパティ）での情報確認・処理
2026/04/15 17:09,2026/04/15 17:10,0:05,Antigravityを用いた「システム開発・改善」の開発・相談
2026/04/15 17:10,2026/04/15 17:11,0:05,Webサイト（100% 完了）の閲覧・調査 / Webサイト（97% 完了）の閲覧・調査 / Webサイト（Adobe Acrobat Reader インストーラー）の閲覧・調査 / Webサイト（エラー チェック (Windows  (C:))）の閲覧・調査
2026/04/15 17:11,2026/04/15 17:11,0:05,メール（複数のフォルダーが選択されています）の閲覧・作成
2026/04/15 17:11,2026/04/15 17:11,0:05,サイボウズ（Cybozu_Backup_0415_1509 - t_ito - Mozilla Thunderbird）での情報確認・処理
2026/04/15 17:11,2026/04/15 17:11,0:05,Webサイト（フォルダーの削除）の閲覧・調査
2026/04/15 17:11,2026/04/15 17:11,0:05,サイボウズ（Cybozu_Backup_0415_1509 - t_ito - Mozilla Thunderbird）での情報確認・処理
2026/04/15 17:11,2026/04/15 17:12,0:05,メール（1.Forest）の閲覧・作成 / メール（5.Forestシステム通知）の閲覧・作成 / メール（t_ito@forest.co.jp）の閲覧・作成 / メール（ホーム）の閲覧・作成 / メール（動的配車情報）の閲覧・作成 / メール（受信トレイ）の閲覧・作成 / メール（未引き）の閲覧・作成 / メール（未引当）の閲覧・作成 / メール（未引）の閲覧・作成
2026/04/15 17:14,2026/04/15 17:18,0:05,Webサイト（100% 完了）の閲覧・調査 / Webサイト（Adobe - Adobe Acrobat Reader をダウンロード および他 4 ページ）の閲覧・調査 / Webサイト（Adobe - Adobe Acrobat Reader をダウンロード）の閲覧・調査 / Webサイト（Adobe - Download Adobe Acrobat Reader および他 4 ページ）...
2026/04/15 17:18,2026/04/15 17:24,0:06,Webサイト（Diagnosticsのプロパティ）の閲覧・調査 / Webサイト（System Volume Informationのプロパティ）の閲覧・調査 / Webサイト（pagefile.sysのプロパティ）の閲覧・調査 / Webサイト（コマンド プロンプト - powercfg.exe  /hibernate off）の閲覧・調査 / Webサイト（コマンド プロンプト）の閲覧・...
2026/04/15 17:24,2026/04/15 17:24,0:05,サイボウズ（サイボウズOffice Eメール バックアップツール (手動版)）での情報確認・処理
2026/04/15 17:24,2026/04/15 17:24,0:05,Webサイト（Adobe - Adobe Acrobat Reader をダウンロード および他 7 ページ）の閲覧・調査 / Webサイト（Adobe - Adobe Acrobat Reader をダウンロード）の閲覧・調査 / Webサイト（Adobe - Download Adobe Acrobat Reader および他 7 ページ）の閲覧・調査 / Webサイト（Adobe Ac...
2026/04/15 17:25,2026/04/15 17:25,0:05,サイボウズ（サイボウズOffice Eメール バックアップツール (手動版)）での情報確認・処理
2026/04/15 17:25,2026/04/15 17:25,0:05,Webサイト（Adobe - Adobe Acrobat Reader をダウンロード および他 7 ページ）の閲覧・調査 / Webサイト（システムのプロパティ）の閲覧・調査 / Webサイト（パフォーマンス オプション）の閲覧・調査 / Webサイト（社内SEの仕事なんでも相談 - Google Gemini）の閲覧・調査
2026/04/15 17:25,2026/04/15 17:25,0:05,Webサイト（Microsoft Windows）の閲覧・調査 / Webサイト（システムのプロパティ）の閲覧・調査 / Webサイト（パフォーマンス オプション）の閲覧・調査 / Webサイト（社内SEの仕事なんでも相談 - Google Gemini）の閲覧・調査 / 仮想メモリ
2026/04/15 17:26,2026/04/15 17:26,0:05,"Excelファイル（2025年度下期_業績評価シート【3068伊藤健人】 (2).xlsx）の入力・編集 / Excelファイル（20260413_OA予備中古ノートPC2台購入_④稟議書（システム関連,社長決裁）20230701.xlsx）の入力・編集 / Excelファイル（ハードウェア一覧_Adobe集計版_V2.csv）の入力・編集 / Excelファイル（新規タスク記録表.xlsx..."
2026/04/15 17:39,2026/04/15 18:29,0:49,9% 完了 / Webサイト（1 件の中断されたアクション）の閲覧・調査 / Webサイト（100% 完了）の閲覧・調査 / Webサイト（14% 完了）の閲覧・調査 / Webサイト（16% 完了）の閲覧・調査 / Webサイト（25% 完了）の閲覧・調査 / Webサイト（33% 完了）の閲覧・調査 / Webサイト（41% 完了）の閲覧・調査 / Webサイト（50% 完了）の閲覧・調...
2026/04/15 18:29,2026/04/15 18:32,0:05,"0% 完了 / 1% 完了 / Webサイト（100% 完了）の閲覧・調査 / Webサイト（101,831 個の項目 (2.79 GB) の検出...）の閲覧・調査 / Webサイト（107,905 個の項目 (2.83 GB) の検出...）の閲覧・調査 / Webサイト（113,943 個の項目 (2.86 GB) の検出...）の閲覧・調査 / Webサイト（116,085 個の項目..."
2026/04/15 18:32,2026/04/15 18:32,0:05,"0% 完了 / Webサイト（15,736 項目がリサイクルされました）の閲覧・調査 / Webサイト（181 項目がリサイクルされました）の閲覧・調査 / Webサイト（227 項目がリサイクルされました）の閲覧・調査 / Webサイト（877 項目がリサイクルされました）の閲覧・調査 / Webサイト（フォルダー アクセスの拒否）の閲覧・調査"
2026/04/15 18:32,2026/04/15 18:32,0:05,5% 完了 / Webサイト（1 件の中断されたアクション）の閲覧・調査 / Webサイト（2 件の実行中のアクション）の閲覧・調査 / Webサイト（Rene.E Laboratoryのプロパティ）の閲覧・調査
2026/04/15 18:32,2026/04/15 18:33,0:05,5% 完了 / Webサイト（フォルダーの削除）の閲覧・調査
2026/04/15 18:33,2026/04/15 18:34,0:05,5% 完了 / Webサイト（Windows  (C:)のプロパティ）の閲覧・調査 / Webサイト（社内SEの仕事なんでも相談 - Google Gemini）の閲覧・調査
2026/04/16 08:59,2026/04/16 09:00,0:05,Webサイト（Microsoft Edge の新機能）の閲覧・調査 / Webサイト（Windows  (C:)のプロパティ）の閲覧・調査 / Webサイト（社内SEの仕事なんでも相談 - Google Gemini）の閲覧・調査
2026/04/16 09:00,2026/04/16 09:00,0:05,Webサイト（社内SEの仕事なんでも相談 - Google Gemini）の閲覧・調査 / スタート
2026/04/16 09:00,2026/04/16 09:00,0:05,Antigravityを用いた「システム開発・改善」の開発・相談
2026/04/16 09:00,2026/04/16 09:00,0:05,Webサイト（Adobe - Download Adobe Acrobat Reader）の閲覧・調査 / Webサイト（Adobe Acrobat Reader (無料の PDF ビューア) をダウンロード）の閲覧・調査 / Webサイト（acrobatreader ダウンロード - Google 検索）の閲覧・調査 / Webサイト（社内SEの仕事なんでも相談 - Google Gemi...
2026/04/16 09:00,2026/04/16 09:00,0:05,Antigravityを用いた「システム開発・改善」の開発・相談
2026/04/16 09:01,2026/04/16 09:12,0:10,Webサイト（Adobe - Adobe Acrobat Reader をインストール）の閲覧・調査 / Webサイト（Adobe Acrobat Reader (無料の PDF ビューア) をダウンロード）の閲覧・調査 / Webサイト（Adobe Acrobat Reader インストーラー）の閲覧・調査 / Webサイト（Adobe Download Manager）の閲覧・調査 / ...
2026/04/16 09:13,2026/04/16 09:13,0:05,Antigravityを用いた「システム開発・改善」の開発・相談
2026/04/16 09:19,2026/04/16 09:21,0:05,Webサイト（Adobe - Adobe Acrobat Reader をインストール）の閲覧・調査 / Webサイト（Adobe Acrobat Reader インストーラー）の閲覧・調査 / Webサイト（「Adobe Acrobat : PDF の編集、変換、署名ツール」が追加されました）の閲覧・調査
2026/04/16 09:21,2026/04/16 09:21,0:05,PDF資料（Acrobat-for-Chrome.pdf）の確認 / PDF資料（acrobat.adobe.com/dc-chrome-extension/mv/ja/Acrobat-for-Chrome.pdf）の確認
2026/04/16 09:21,2026/04/16 09:21,0:05,Webサイト（Loading...）の閲覧・調査
2026/04/16 09:21,2026/04/16 09:21,0:05,PDF資料（Acrobat-for-Chrome.pdf）の確認
2026/04/16 09:21,2026/04/16 09:21,0:05,Webサイト（Adobe Acrobat Reader インストーラー）の閲覧・調査
2026/04/16 09:21,2026/04/16 09:21,0:05,PDF資料（Acrobat-for-Chrome.pdf）の確認
2026/04/16 09:21,2026/04/16 09:21,0:05,Webサイト（Adobe - Adobe Acrobat Reader をダウンロード および他 2 ページ）の閲覧・調査 / Webサイト（Adobe - Adobe Acrobat Reader をダウンロード）の閲覧・調査 / Webサイト（Adobe Acrobat Reader (64-bit)）の閲覧・調査 / Webサイト（Adobe Acrobat について 26.0）の閲覧・調査
2026/04/16 09:21,2026/04/16 09:21,0:05,PDF資料（Acrobat-for-Chrome.pdf）の確認
2026/04/16 09:21,2026/04/16 09:21,0:05,Webサイト（accounts.secure.freee.co.jp/sessions/new?redirect_url=https%3A%2F%2Fp.secure.freee.co.jp%2Fusers%2Fafter_login%3Fhash%3D&service_name=payroll&sign_up_url=https%3A%2F%2Faccounts.secure.freee....
2026/04/16 09:21,2026/04/16 09:21,0:05,サイボウズ（forestway.cybozu.com/login?redirect=https%3A%2F%2Fforestway.cybozu.com%2F）での情報確認・処理
2026/04/16 09:21,2026/04/16 09:21,0:05,Webサイト（インフォメーション）の閲覧・調査
2026/04/16 09:22,2026/04/16 09:22,0:05,サイボウズ（forestway.cybozu.com/o/ag.cgi?page=MyFolderIndex）での情報確認・処理 / サイボウズ（トップページ - サイボウズ Office）での情報確認・処理 / サイボウズ（メッセージの詳細 - サイボウズ Office）での情報確認・処理 / サイボウズ（個人フォルダ - サイボウズ Office）での情報確認・処理
2026/04/16 09:22,2026/04/16 09:22,0:05,PDF資料（Acrobat-for-Chrome.pdf）の確認
2026/04/16 09:22,2026/04/16 09:23,0:05,Webサイト（94% 完了）の閲覧・調査 / Webサイト（95% 完了）の閲覧・調査 / Webサイト（96% 完了）の閲覧・調査 / Webサイト（97% 完了）の閲覧・調査 / Webサイト（98% 完了）の閲覧・調査 / Webサイト（99% 完了）の閲覧・調査 / Webサイト（項目が見つかりません）の閲覧・調査
2026/04/16 09:23,2026/04/16 09:23,0:05,PDF資料（Acrobat-for-Chrome.pdf）の確認
2026/04/16 09:23,2026/04/16 09:23,0:05,Webサイト（99% 完了）の閲覧・調査 / Webサイト（Windows PowerShell のジャンプ リスト）の閲覧・調査
2026/04/16 09:23,2026/04/16 09:23,0:05,Antigravityを用いた「システム開発・改善」の開発・相談
2026/04/16 09:35,2026/04/16 09:35,0:05,Webサイト（インフォメーション および他 1 ページ）の閲覧・調査 / Webサイト（インフォメーション）の閲覧・調査 / Webサイト（パスワードを保存しますか?）の閲覧・調査
2026/04/16 09:35,2026/04/16 09:43,0:07,サイボウズ（トップページ - サイボウズ Office および他 1 ページ）での情報確認・処理 / サイボウズ（トップページ - サイボウズ Office）での情報確認・処理 / サイボウズ（メール - サイボウズ Office および他 1 ページ）での情報確認・処理 / サイボウズ（メール - サイボウズ Office）での情報確認・処理
2026/04/16 09:44,2026/04/16 09:44,0:05,Antigravityを用いた「システム開発・改善」の開発・相談
2026/04/16 09:44,2026/04/16 09:44,0:05,サイボウズ（メール - サイボウズ Office および他 1 ページ）での情報確認・処理
2026/04/16 09:46,2026/04/16 09:46,0:05,Antigravityを用いた「システム開発・改善」の開発・相談
2026/04/16 09:46,2026/04/16 09:46,0:05,サイボウズ（メール - サイボウズ Office および他 1 ページ）での情報確認・処理
2026/04/16 09:46,2026/04/16 09:46,0:05,Antigravityを用いた「システム開発・改善」の開発・相談
2026/04/16 09:47,2026/04/16 09:47,0:05,サイボウズ（メール - サイボウズ Office および他 1 ページ）での情報確認・処理
2026/04/16 09:47,2026/04/16 09:47,0:05,Antigravityを用いた「システム開発・改善」の開発・相談
2026/04/16 09:47,2026/04/16 09:47,0:05,サイボウズ（メール - サイボウズ Office および他 1 ページ）での情報確認・処理
2026/04/16 10:05,2026/04/16 10:05,0:05,Antigravityを用いた「システム開発・改善」の開発・相談
2026/04/16 10:05,2026/04/16 10:05,0:05,サイボウズ（メール - サイボウズ Office および他 1 ページ）での情報確認・処理
2026/04/16 10:08,2026/04/16 10:08,0:05,Antigravityを用いた「システム開発・改善」の開発・相談
2026/04/16 10:08,2026/04/16 10:08,0:05,サイボウズ（メール - サイボウズ Office および他 1 ページ）での情報確認・処理
2026/04/16 10:08,2026/04/16 10:08,0:05,Antigravityを用いた「システム開発・改善」の開発・相談
2026/04/16 10:08,2026/04/16 10:08,0:05,サイボウズ（メール - サイボウズ Office および他 1 ページ）での情報確認・処理
2026/04/16 10:09,2026/04/16 10:09,0:05,Antigravityを用いた「システム開発・改善」の開発・相談
2026/04/16 10:09,2026/04/16 10:09,0:05,サイボウズ（メール - サイボウズ Office および他 1 ページ）での情報確認・処理
2026/04/16 10:09,2026/04/16 10:09,0:05,Antigravityを用いた「システム開発・改善」の開発・相談
2026/04/16 10:09,2026/04/16 10:09,0:05,サイボウズ（メール - サイボウズ Office および他 1 ページ）での情報確認・処理
2026/04/16 10:09,2026/04/16 10:09,0:05,Antigravityを用いた「システム開発・改善」の開発・相談
2026/04/16 10:09,2026/04/16 10:09,0:05,サイボウズ（メール - サイボウズ Office および他 1 ページ）での情報確認・処理
2026/04/16 10:09,2026/04/16 10:09,0:05,Antigravityを用いた「システム開発・改善」の開発・相談
2026/04/16 10:10,2026/04/16 10:10,0:05,サイボウズ（メール - サイボウズ Office および他 1 ページ）での情報確認・処理
2026/04/16 10:10,2026/04/16 10:10,0:05,Antigravityを用いた「システム開発・改善」の開発・相談
2026/04/16 10:10,2026/04/16 10:10,0:05,サイボウズ（メール - サイボウズ Office および他 1 ページ）での情報確認・処理
2026/04/16 10:10,2026/04/16 10:10,0:05,Antigravityを用いた「システム開発・改善」の開発・相談
2026/04/16 10:11,2026/04/16 10:11,0:05,サイボウズ（メール - サイボウズ Office および他 1 ページ）での情報確認・処理
2026/04/16 10:11,2026/04/16 10:11,0:05,Antigravityを用いた「システム開発・改善」の開発・相談
2026/04/16 10:12,2026/04/16 10:12,0:05,サイボウズ（メール - サイボウズ Office および他 1 ページ）での情報確認・処理
2026/04/16 10:12,2026/04/16 10:12,0:05,Antigravityを用いた「システム開発・改善」の開発・相談
2026/04/16 10:12,2026/04/16 10:12,0:05,サイボウズ（メール - サイボウズ Office および他 1 ページ）での情報確認・処理
2026/04/16 10:29,2026/04/16 10:29,0:05,Antigravityを用いた「システム開発・改善」の開発・相談
2026/04/16 10:30,2026/04/16 10:30,0:05,サイボウズ（メール - サイボウズ Office および他 1 ページ）での情報確認・処理
2026/04/16 10:30,2026/04/16 10:30,0:05,Antigravityを用いた「システム開発・改善」の開発・相談
2026/04/16 10:30,2026/04/16 10:30,0:05,サイボウズ（メール - サイボウズ Office および他 1 ページ）での情報確認・処理 / サイボウズ（メール - サイボウズ Office）での情報確認・処理 / サイボウズ（メール本文 - サイボウズ Office および他 1 ページ）での情報確認・処理 / サイボウズ（メール本文 - サイボウズ Office）での情報確認・処理
2026/04/16 10:31,2026/04/16 10:31,0:05,Antigravityを用いた「システム開発・改善」の開発・相談
2026/04/16 10:33,2026/04/16 10:33,0:05,サイボウズ（forestway.cybozu.com/o/ag.cgi?page=MailIndex&fid=21521 および他 1 ページ）での情報確認・処理 / サイボウズ（メール - サイボウズ Office および他 1 ページ）での情報確認・処理 / サイボウズ（メール - サイボウズ Office）での情報確認・処理
2026/04/16 10:33,2026/04/16 10:33,0:05,Antigravityを用いた「システム開発・改善」の開発・相談
2026/04/16 10:34,2026/04/16 10:34,0:05,サイボウズ（メール - サイボウズ Office および他 1 ページ）での情報確認・処理
2026/04/16 10:34,2026/04/16 10:34,0:05,Antigravityを用いた「システム開発・改善」の開発・相談
2026/04/16 10:35,2026/04/16 10:35,0:05,サイボウズ（メール - サイボウズ Office および他 1 ページ）での情報確認・処理
2026/04/16 10:35,2026/04/16 10:35,0:05,Antigravityを用いた「システム開発・改善」の開発・相談
2026/04/16 10:35,2026/04/16 10:35,0:05,サイボウズ（メール - サイボウズ Office および他 1 ページ）での情報確認・処理
2026/04/16 10:35,2026/04/16 10:35,0:05,Antigravityを用いた「システム開発・改善」の開発・相談
2026/04/16 10:35,2026/04/16 10:35,0:05,サイボウズ（メール - サイボウズ Office および他 1 ページ）での情報確認・処理
2026/04/16 10:36,2026/04/16 10:36,0:05,Antigravityを用いた「システム開発・改善」の開発・相談
2026/04/16 10:36,2026/04/16 10:36,0:05,サイボウズ（メッセージの詳細 - サイボウズ Office）での情報確認・処理 / サイボウズ（個人フォルダ - サイボウズ Office）での情報確認・処理
2026/04/16 10:36,2026/04/16 10:36,0:05,Antigravityを用いた「システム開発・改善」の開発・相談
2026/04/16 10:43,2026/04/16 10:43,0:05,サイボウズ（Cybozu Exporter V6.0 - Smart Integrity Mode）での情報確認・処理
2026/04/16 10:43,2026/04/16 10:43,0:05,Webサイト（フォルダーの選択）の閲覧・調査
2026/04/16 10:43,2026/04/16 10:43,0:05,サイボウズ（Cybozu Exporter V6.0 - Smart Integrity Mode）での情報確認・処理
2026/04/16 10:43,2026/04/16 10:43,0:05,"Webサイト（data:, - プロファイル 1 - Microsoft? Edge）の閲覧・調査 / Webサイト（インフォメーション - プロファイル 1 - Microsoft? Edge）の閲覧・調査"
2026/04/16 10:43,2026/04/16 10:43,0:05,サイボウズ（Cybozu Exporter V6.0 - Smart Integrity Mode）での情報確認・処理 / サイボウズ（トップページ - サイボウズ Office - プロファイル 1 - Microsoft? Edge）での情報確認・処理 / サイボウズ（メール - サイボウズ Office - プロファイル 1 - Microsoft? Edge）での情報確認・処理
2026/04/16 10:44,2026/04/16 10:44,0:05,Antigravityを用いた「システム開発・改善」の開発・相談
2026/04/16 10:45,2026/04/16 10:45,0:05,サイボウズ（Cybozu Exporter V6.0 - Smart Integrity Mode）での情報確認・処理
2026/04/16 10:45,2026/04/16 10:45,0:05,Antigravityを用いた「システム開発・改善」の開発・相談
2026/04/16 10:45,2026/04/16 10:45,0:05,サイボウズ（Cybozu Exporter V6.1 - Strict Physical Audit Mode）での情報確認・処理
2026/04/16 10:46,2026/04/16 10:46,0:05,Webサイト（フォルダーの選択）の閲覧・調査
2026/04/16 10:46,2026/04/16 10:46,0:05,サイボウズ（Cybozu Exporter V6.1 - Strict Physical Audit Mode）での情報確認・処理
2026/04/16 10:46,2026/04/16 10:46,0:05,"Webサイト（data:, - プロファイル 1 - Microsoft? Edge）の閲覧・調査 / Webサイト（インフォメーション - プロファイル 1 - Microsoft? Edge）の閲覧・調査"
2026/04/16 10:46,2026/04/16 10:46,0:05,サイボウズ（Cybozu Exporter V6.1 - Strict Physical Audit Mode）での情報確認・処理 / サイボウズ（トップページ - サイボウズ Office - プロファイル 1 - Microsoft? Edge）での情報確認・処理 / サイボウズ（メール - サイボウズ Office - プロファイル 1 - Microsoft? Edge）での情報確認・処理
2026/04/16 10:47,2026/04/16 10:47,0:05,Antigravityを用いた「システム開発・改善」の開発・相談
2026/04/16 10:47,2026/04/16 10:47,0:05,サイボウズ（Cybozu Exporter V6.0 - Smart Integrity Mode）での情報確認・処理
2026/04/16 10:47,2026/04/16 10:47,0:05,Antigravityを用いた「システム開発・改善」の開発・相談
2026/04/16 10:48,2026/04/16 10:49,0:05,サイボウズ（forestway.cybozu.com/o/ag.cgi?page=MailIndex&FID=37338&unread=&flagged=&ts=ts.1640655395&hid=30121&PC=4&#MailHead および他 1 ページ）での情報確認・処理 / サイボウズ（forestway.cybozu.com/o/ag.cgi?page=MailIndex&fid...
2026/04/16 10:53,2026/04/16 10:53,0:05,PDF資料（Acrobat-for-Chrome.pdf）の確認
2026/04/16 10:53,2026/04/16 10:55,0:05,"Webサイト（コマンド プロンプト - tree  ""C:\Users\フォーレスト026\Desktop\katoTEST2"" /f /a）の閲覧・調査 / Webサイト（コマンド プロンプト）の閲覧・調査 / Webサイト（社内SEの仕事なんでも相談 - Google Gemini）の閲覧・調査"
2026/04/16 10:55,2026/04/16 10:55,0:05,サイボウズ（メール - サイボウズ Office および他 1 ページ）での情報確認・処理
2026/04/16 10:55,2026/04/16 11:00,0:05,Webサイト（Windows PowerShell のジャンプ リスト）の閲覧・調査 / Webサイト（Windows PowerShell）の閲覧・調査 / Webサイト（katoTEST2_folder_tree.txt - サクラエディタ32bit 2.4.2.6048）の閲覧・調査 / Webサイト（katoTEST2_tree.txt - サクラエディタ32bit 2.4.2.60...
2026/04/16 11:00,2026/04/16 11:00,0:05,Antigravityを用いた「システム開発・改善」の開発・相談
2026/04/16 11:01,2026/04/16 11:02,0:05,Webサイト（デスクトップ\katoTEST2\11. 契約書審査\新規 テキスト ドキュメント.txt - サクラエディタ32bit 2.4.2.6048）の閲覧・調査 / Webサイト（デスクトップ\katoTEST2\11. 契約書審査\新規 テキスト ドキュメント.txt(更新) - サクラエディタ32bit 2.4.2.6048）の閲覧・調査 / Webサイト（管理者: Windo...
2026/04/16 11:02,2026/04/16 11:02,0:05,Antigravityを用いた「システム開発・改善」の開発・相談
2026/04/16 11:02,2026/04/16 11:03,0:05,Webサイト（デスクトップ\katoTEST2\11. 契約書審査\新規 テキスト ドキュメント.txt - サクラエディタ32bit 2.4.2.6048）の閲覧・調査 / Webサイト（社内SEの仕事なんでも相談 - Google Gemini）の閲覧・調査
2026/04/16 11:04,2026/04/16 11:04,0:05,Antigravityを用いた「システム開発・改善」の開発・相談
2026/04/16 11:04,2026/04/16 11:04,0:05,サイボウズ（Cybozu Exporter V6.1 - Strict Physical Audit Mode）での情報確認・処理
2026/04/16 11:04,2026/04/16 11:06,0:05,Antigravityを用いた「システム開発・改善」の開発・相談
2026/04/16 11:07,2026/04/16 11:07,0:05,Webサイト（社内SEの仕事なんでも相談 - Google Gemini）の閲覧・調査
2026/04/16 11:08,2026/04/16 11:08,0:05,Antigravityを用いた「システム開発・改善」の開発・相談
2026/04/16 11:08,2026/04/16 11:08,0:05,Webサイト（社内SEの仕事なんでも相談 - Google Gemini）の閲覧・調査
2026/04/16 11:08,2026/04/16 11:08,0:05,サイボウズ（Cybozu Exporter V6.1 - Strict Physical Audit Mode）での情報確認・処理
2026/04/16 11:08,2026/04/16 11:08,0:05,Webサイト（katoTEST2_folder_tree.txt - サクラエディタ32bit 2.4.2.6048）の閲覧・調査 / Webサイト（デスクトップ\katoTEST2_folder_tree.txt - サクラエディタ32bit 2.4.2.6048）の閲覧・調査
2026/04/16 11:08,2026/04/16 11:08,0:05,サイボウズ（Cybozu Exporter V6.1 - Strict Physical Audit Mode）での情報確認・処理
2026/04/16 11:09,2026/04/16 11:09,0:05,Antigravityを用いた「システム開発・改善」の開発・相談
2026/04/16 11:09,2026/04/16 11:09,0:05,サイボウズ（Cybozu Exporter V6.1 - Strict Physical Audit Mode）での情報確認・処理
2026/04/16 11:09,2026/04/16 11:09,0:05,Webサイト（社内SEの仕事なんでも相談 - Google Gemini）の閲覧・調査
2026/04/16 11:09,2026/04/16 11:10,0:05,Antigravityを用いた「システム開発・改善」の開発・相談
2026/04/16 11:11,2026/04/16 11:11,0:05,サイボウズ（Cybozu Exporter V6.2 - High Accuracy Mode）での情報確認・処理
2026/04/16 11:11,2026/04/16 11:11,0:05,Webサイト（フォルダーの選択）の閲覧・調査
2026/04/16 11:11,2026/04/16 11:11,0:05,サイボウズ（Cybozu Exporter V6.2 - High Accuracy Mode）での情報確認・処理
2026/04/16 11:11,2026/04/16 11:12,0:05,"Webサイト（data:, - プロファイル 1 - Microsoft? Edge）の閲覧・調査 / Webサイト（インフォメーション - プロファイル 1 - Microsoft? Edge）の閲覧・調査"
2026/04/16 11:12,2026/04/16 11:12,0:05,サイボウズ（Cybozu Exporter V6.2 - High Accuracy Mode）での情報確認・処理 / サイボウズ（トップページ - サイボウズ Office - プロファイル 1 - Microsoft? Edge）での情報確認・処理 / サイボウズ（メール - サイボウズ Office - プロファイル 1 - Microsoft? Edge）での情報確認・処理
2026/04/16 11:13,2026/04/16 11:13,0:05,Webサイト（社内SEの仕事なんでも相談 - Google Gemini）の閲覧・調査
2026/04/16 11:15,2026/04/16 11:15,0:05,サイボウズ（メール - サイボウズ Office - プロファイル 1 - Microsoft? Edge）での情報確認・処理
2026/04/16 11:15,2026/04/16 11:15,0:05,Webサイト（社内SEの仕事なんでも相談 - Google Gemini）の閲覧・調査
2026/04/16 11:15,2026/04/16 11:15,0:05,サイボウズ（Cybozu Exporter V6.2 - High Accuracy Mode）での情報確認・処理
2026/04/16 11:15,2026/04/16 11:15,0:05,Webサイト（社内SEの仕事なんでも相談 - Google Gemini）の閲覧・調査
2026/04/16 11:15,2026/04/16 11:15,0:05,Antigravityを用いた「システム開発・改善」の開発・相談
2026/04/16 11:15,2026/04/16 11:15,0:05,Webサイト（katoTEST2_folder_tree.txt - サクラエディタ32bit 2.4.2.6048）の閲覧・調査 / Webサイト（デスクトップ\katoTEST2_folder_tree.txt - サクラエディタ32bit 2.4.2.6048）の閲覧・調査 / Webサイト（社内SEの仕事なんでも相談 - Google Gemini）の閲覧・調査
2026/04/16 11:15,2026/04/16 11:15,0:05,サイボウズ（Cybozu Exporter V6.2 - High Accuracy Mode）での情報確認・処理 / サイボウズ（メール - サイボウズ Office - プロファイル 1 - Microsoft? Edge）での情報確認・処理 / サイボウズ（メール本文 - サイボウズ Office - プロファイル 1 - Microsoft? Edge）での情報確認・処理
2026/04/16 11:17,2026/04/16 11:21,0:05,Webサイト（katoTEST2_folder_tree.txtのプロパティ）の閲覧・調査 / Webサイト（社内SEの仕事なんでも相談 - Google Gemini）の閲覧・調査 / Webサイト（管理者: Windows PowerShell）の閲覧・調査
2026/04/16 11:22,2026/04/16 11:22,0:05,サイボウズ（個人フォルダ - サイボウズ Office）での情報確認・処理
2026/04/16 11:22,2026/04/16 11:25,0:05,Webサイト（社内SEの仕事なんでも相談 - Google Gemini）の閲覧・調査 / Webサイト（管理者: Windows PowerShell）の閲覧・調査 / Webサイト（選択管理者: Windows PowerShell）の閲覧・調査
2026/04/16 11:25,2026/04/16 11:25,0:05,サイボウズ（Cybozu Exporter V6.2 - High Accuracy Mode）での情報確認・処理
2026/04/16 11:25,2026/04/16 11:25,0:05,Webサイト（社内SEの仕事なんでも相談 - Google Gemini）の閲覧・調査
2026/04/16 11:27,2026/04/16 11:27,0:05,サイボウズ（Cybozu Exporter V6.2 - High Accuracy Mode）での情報確認・処理
2026/04/16 11:28,2026/04/16 11:28,0:05,Webサイト（社内SEの仕事なんでも相談 - Google Gemini）の閲覧・調査
2026/04/16 11:28,2026/04/16 11:28,0:05,Antigravityを用いた「システム開発・改善」の開発・相談
2026/04/16 11:28,2026/04/16 11:28,0:05,サイボウズ（Cybozu Exporter V6.2 - High Accuracy Mode）での情報確認・処理
2026/04/16 11:28,2026/04/16 11:28,0:05,Antigravityを用いた「システム開発・改善」の開発・相談
2026/04/16 11:29,2026/04/16 11:29,0:05,サイボウズ（Cybozu Exporter V6.2 - High Accuracy Mode）での情報確認・処理
2026/04/16 11:29,2026/04/16 11:29,0:05,Webサイト（フォルダーの選択）の閲覧・調査
2026/04/16 11:29,2026/04/16 11:29,0:05,サイボウズ（Cybozu Exporter V6.2 - High Accuracy Mode）での情報確認・処理
2026/04/16 11:29,2026/04/16 11:29,0:05,"Webサイト（data:, - プロファイル 1 - Microsoft? Edge）の閲覧・調査 / Webサイト（インフォメーション - プロファイル 1 - Microsoft? Edge）の閲覧・調査"
2026/04/16 11:29,2026/04/16 11:31,0:05,サイボウズ（Cybozu Exporter V6.2 - High Accuracy Mode）での情報確認・処理 / サイボウズ（エラー 14708 - サイボウズ Office - プロファイル 1 - Microsoft? Edge）での情報確認・処理 / サイボウズ（トップページ - サイボウズ Office - プロファイル 1 - Microsoft? Edge）での情報確認・処...
2026/04/16 11:31,2026/04/16 11:32,0:05,Antigravityを用いた「システム開発・改善」の開発・相談
2026/04/16 11:32,2026/04/16 11:32,0:05,サイボウズ（Cybozu Exporter V6.2 - High Accuracy Mode）での情報確認・処理
2026/04/16 11:32,2026/04/16 11:32,0:05,Webサイト（フォルダーの選択）の閲覧・調査
2026/04/16 11:32,2026/04/16 11:32,0:05,サイボウズ（Cybozu Exporter V6.2 - High Accuracy Mode）での情報確認・処理
2026/04/16 11:32,2026/04/16 11:32,0:05,"Webサイト（data:, - プロファイル 1 - Microsoft? Edge）の閲覧・調査 / Webサイト（インフォメーション - プロファイル 1 - Microsoft? Edge）の閲覧・調査"
2026/04/16 11:32,2026/04/16 11:32,0:05,サイボウズ（Cybozu Exporter V6.2 - High Accuracy Mode）での情報確認・処理 / サイボウズ（トップページ - サイボウズ Office - プロファイル 1 - Microsoft? Edge）での情報確認・処理 / サイボウズ（メール - サイボウズ Office - プロファイル 1 - Microsoft? Edge）での情報確認・処理
2026/04/16 11:32,2026/04/16 11:33,0:05,Webサイト（192.169.5.5 - リモート デスクトップ接続）の閲覧・調査 / Webサイト（リモート デスクトップ接続）の閲覧・調査 / Webサイト（社内SEの仕事なんでも相談 - Google Gemini）の閲覧・調査
2026/04/16 11:33,2026/04/16 11:33,0:05,サイボウズ（エラー 14708 - サイボウズ Office - プロファイル 1 - Microsoft? Edge）での情報確認・処理
2026/04/16 11:33,2026/04/16 11:33,0:05,Antigravityを用いた「システム開発・改善」の開発・相談
2026/04/16 11:34,2026/04/16 11:43,0:09,Webサイト（192.169.5.5 - リモート デスクトップ接続）の閲覧・調査 / Webサイト（リモート デスクトップ接続）の閲覧・調査
2026/04/16 11:43,2026/04/16 11:43,0:05,Antigravityを用いた「システム開発・改善」の開発・相談
2026/04/16 11:52,2026/04/16 12:00,0:08,Webサイト（192.169.5.5 - リモート デスクトップ接続）の閲覧・調査 / Webサイト（リモート デスクトップ接続）の閲覧・調査
2026/04/16 12:40,2026/04/16 12:45,0:05,Webサイト（192.169.5.5 - リモート デスクトップ接続）の閲覧・調査 / Webサイト（ばりとくこだま - Google 検索）の閲覧・調査 / Webサイト（リモート デスクトップ接続）の閲覧・調査 / Webサイト（社内SEの仕事なんでも相談 - Google Gemini）の閲覧・調査
2026/04/16 12:45,2026/04/16 12:45,0:05,Antigravityを用いた「システム開発・改善」の開発・相談
2026/04/16 12:55,2026/04/16 12:55,0:05,Webサイト（デスクトップ\...\11-2. 商品部\個別(オリジナル)\20251281615_51979_Re_ アートプラス社との契約書の確認の件.txt - サクラエディタ32bit 2.4.2.6048）の閲覧・調査 / Webサイト（デスクトップ\katoTEST2\11. 契約書審査\11-2. 商品部\個別(オリジナル)\20241011053_49319_Fwd_ 合意書...
2026/04/16 12:56,2026/04/16 12:56,0:05,サイボウズ（Cybozu Exporter V6.2 - High Accuracy Mode）での情報確認・処理
2026/04/16 12:56,2026/04/16 12:56,0:05,Webサイト（デスクトップ\...\11-2. 商品部\個別(オリジナル)\_46799_マスプロ電工株式会社売買基本契約書確認依頼.txt - サクラエディタ32bit 2.4.2.6048）の閲覧・調査
2026/04/16 12:56,2026/04/16 12:56,0:05,Antigravityを用いた「システム開発・改善」の開発・相談
2026/04/16 12:57,2026/04/16 12:57,0:05,Webサイト（デスクトップ\...\11-2. 商品部\個別(オリジナル)\_46799_マスプロ電工株式会社売買基本契約書確認依頼.txt - サクラエディタ32bit 2.4.2.6048）の閲覧・調査
2026/04/16 12:57,2026/04/16 12:57,0:05,Antigravityを用いた「システム開発・改善」の開発・相談
2026/04/16 12:59,2026/04/16 12:59,0:05,サイボウズ（Cybozu Exporter V6.3 - Clean Content Mode）での情報確認・処理
2026/04/16 12:59,2026/04/16 12:59,0:05,Antigravityを用いた「システム開発・改善」の開発・相談
2026/04/16 12:59,2026/04/16 12:59,0:05,サイボウズ（Cybozu Exporter V6.4 - Reliable Extraction Mode）での情報確認・処理
2026/04/16 12:59,2026/04/16 12:59,0:05,Antigravityを用いた「システム開発・改善」の開発・相談
2026/04/16 13:00,2026/04/16 13:00,0:05,Webサイト（_46799_マスプロ電工株式会社売買基本契約書確認依頼.txt - サクラエディタ32bit 2.4.2.6048）の閲覧・調査 / Webサイト（デスクトップ\...\11-2. 商品部\個別(オリジナル)\_46799_マスプロ電工株式会社売買基本契約書確認依頼.txt - サクラエディタ32bit 2.4.2.6048）の閲覧・調査
2026/04/16 13:00,2026/04/16 13:00,0:05,Antigravityを用いた「システム開発・改善」の開発・相談
2026/04/16 13:00,2026/04/16 13:00,0:05,Webサイト（100% 完了）の閲覧・調査 / Webサイト（82% 完了）の閲覧・調査 / Webサイト（デスクトップ\katoTEST2\1. \個別(オリジナル)\_60808_［Bizストレージ ファイルシェア］仮パスワードのお知らせ.txt - サクラエディタ32bit 2.4.2.6048）の閲覧・調査
2026/04/16 13:00,2026/04/16 13:00,0:05,Antigravityを用いた「システム開発・改善」の開発・相談
2026/04/16 13:00,2026/04/16 13:00,0:05,サイボウズ（Cybozu Exporter V6.4 - Reliable Extraction Mode）での情報確認・処理
2026/04/16 13:01,2026/04/16 13:01,0:05,Webサイト（フォルダーの選択）の閲覧・調査
2026/04/16 13:01,2026/04/16 13:01,0:05,サイボウズ（Cybozu Exporter V6.4 - Reliable Extraction Mode）での情報確認・処理
2026/04/16 13:01,2026/04/16 13:01,0:05,"Webサイト（data:, - プロファイル 1 - Microsoft? Edge）の閲覧・調査 / Webサイト（インフォメーション - プロファイル 1 - Microsoft? Edge）の閲覧・調査"
2026/04/16 13:01,2026/04/16 13:01,0:05,サイボウズ（Cybozu Exporter V6.4 - Reliable Extraction Mode）での情報確認・処理 / サイボウズ（トップページ - サイボウズ Office - プロファイル 1 - Microsoft? Edge）での情報確認・処理 / サイボウズ（メール - サイボウズ Office - プロファイル 1 - Microsoft? Edge）での情報確認・処理
2026/04/16 13:01,2026/04/16 13:01,0:05,Webサイト（デスクトップ\...\1. \個別(オリジナル)\_61307_Re_ クレイトエージェンシー株式会社との契約トラブルのご相談.txt - サクラエディタ32bit 2.4.2.6048）の閲覧・調査 / Webサイト（デスクトップ\katoTEST2\1. \個別(オリジナル)\_61717_旧フォーレスト酒販　2026年03月度資料の送付.txt - サクラエディタ32bi...
2026/04/16 13:01,2026/04/16 13:01,0:05,サイボウズ（Cybozu Exporter V6.4 - Reliable Extraction Mode）での情報確認・処理 / サイボウズ（エラー 14708 - サイボウズ Office - プロファイル 1 - Microsoft? Edge）での情報確認・処理
2026/04/16 13:01,2026/04/16 13:01,0:05,Webサイト（デスクトップ\katoTEST2\1. \個別(オリジナル)\_61717_旧フォーレスト酒販　2026年03月度資料の送付.txt - サクラエディタ32bit 2.4.2.6048）の閲覧・調査
2026/04/16 13:02,2026/04/16 13:02,0:05,サイボウズ（Cybozu Exporter V6.4 - Reliable Extraction Mode）での情報確認・処理
2026/04/16 13:02,2026/04/16 13:02,0:05,Webサイト（デスクトップ\...\個別(オリジナル)\_61859_Re_ 【事前共有】中東情勢緊迫化に伴う緊急在庫積み増しの実施について.txt - サクラエディタ32bit 2.4.2.6048）の閲覧・調査
2026/04/16 13:02,2026/04/16 13:02,0:05,Antigravityを用いた「システム開発・改善」の開発・相談
2026/04/16 13:03,2026/04/16 13:03,0:05,サイボウズ（Cybozu Exporter V6.5 - Perfect Extraction Mode）での情報確認・処理
2026/04/16 13:08,2026/04/16 13:08,0:05,Webサイト（フォルダーの選択）の閲覧・調査
2026/04/16 13:08,2026/04/16 13:08,0:05,サイボウズ（Cybozu Exporter V6.5 - Perfect Extraction Mode）での情報確認・処理
2026/04/16 13:08,2026/04/16 13:08,0:05,"Webサイト（data:, - プロファイル 1 - Microsoft? Edge）の閲覧・調査 / Webサイト（インフォメーション - プロファイル 1 - Microsoft? Edge）の閲覧・調査"
2026/04/16 13:08,2026/04/16 13:08,0:05,サイボウズ（Cybozu Exporter V6.5 - Perfect Extraction Mode）での情報確認・処理 / サイボウズ（トップページ - サイボウズ Office - プロファイル 1 - Microsoft? Edge）での情報確認・処理 / サイボウズ（メール - サイボウズ Office - プロファイル 1 - Microsoft? Edge）での情報確認・処理
2026/04/16 13:09,2026/04/16 13:09,0:05,Webサイト（デスクトップ\...\32026317113012303515562601320265310486103120558070451066183300844211313161400170031...txt - サクラエディタ32bit 2.4.2.6048）の閲覧・調査 / Webサイト（デスクトップ\...\個別(オリジナル)\_61383_メモ_ 「会議：2026年度1次予算案...
2026/04/16 13:09,2026/04/16 13:10,0:05,サイボウズ（Cybozu Exporter V6.5 - Perfect Extraction Mode）での情報確認・処理 / サイボウズ（エラー 14708 - サイボウズ Office - プロファイル 1 - Microsoft? Edge）での情報確認・処理 / サイボウズ（メール - サイボウズ Office - プロファイル 1 - Microsoft? Edge）での情報確認...
2026/04/16 13:10,2026/04/16 13:10,0:05,Webサイト（デスクトップ\...\32026317113012303515562601320265310486103120558070451066183300844211313161400170031...txt - サクラエディタ32bit 2.4.2.6048）の閲覧・調査
2026/04/16 13:10,2026/04/16 13:10,0:05,サイボウズ（forestway.cybozu.com/o/ag.cgi?page=MailIndex および他 1 ページ）での情報確認・処理 / サイボウズ（メール - サイボウズ Office および他 1 ページ）での情報確認・処理 / サイボウズ（メール - サイボウズ Office）での情報確認・処理 / サイボウズ（メール本文 - サイボウズ Office および他 1 ページ）...
2026/04/16 13:10,2026/04/16 13:11,0:05,Antigravityを用いた「システム開発・改善」の開発・相談
2026/04/16 13:11,2026/04/16 13:11,0:05,Webサイト（デスクトップ\katoTEST2\1. \個別(オリジナル)\_61474_【営業戦略統括部】2026年度方針2026.03.25(詳細版).txt - サクラエディタ32bit 2.4.2.6048）の閲覧・調査
2026/04/16 13:11,2026/04/16 13:11,0:05,Antigravityを用いた「システム開発・改善」の開発・相談
2026/04/16 13:12,2026/04/16 13:12,0:05,Webサイト（デスクトップ\katoTEST2\1. \個別(オリジナル)\_61474_【営業戦略統括部】2026年度方針2026.03.25(詳細版).txt - サクラエディタ32bit 2.4.2.6048）の閲覧・調査
2026/04/16 13:12,2026/04/16 13:12,0:05,サイボウズ（forestway.cybozu.com/o/ag.cgi?page=MailIndex および他 1 ページ）での情報確認・処理 / サイボウズ（メール - サイボウズ Office および他 1 ページ）での情報確認・処理 / サイボウズ（メール - サイボウズ Office）での情報確認・処理 / サイボウズ（メール本文 - サイボウズ Office および他 1 ページ）...
2026/04/16 13:12,2026/04/16 13:12,0:05,Antigravityを用いた「システム開発・改善」の開発・相談
2026/04/16 13:14,2026/04/16 13:14,0:05,Webサイト（192.169.5.5 - リモート デスクトップ接続）の閲覧・調査 / Webサイト（リモート デスクトップ接続）の閲覧・調査
2026/04/16 13:15,2026/04/16 13:15,0:05,サイボウズ（Cybozu Exporter V6.7 - Origin Robust Mode）での情報確認・処理
2026/04/16 13:15,2026/04/16 13:15,0:05,Webサイト（192.169.5.5 - リモート デスクトップ接続）の閲覧・調査
2026/04/16 13:15,2026/04/16 13:15,0:05,Antigravityを用いた「システム開発・改善」の開発・相談
2026/04/16 13:15,2026/04/16 13:15,0:05,サイボウズ（Cybozu Exporter V6.7 - Origin Robust Mode）での情報確認・処理
2026/04/16 13:16,2026/04/16 13:16,0:05,Webサイト（100% 完了）の閲覧・調査 / Webサイト（3 項目がリサイクルされました）の閲覧・調査 / Webサイト（69 項目がリサイクルされました）の閲覧・調査 / Webサイト（フォルダーの選択）の閲覧・調査 / Webサイト（使用中のフォルダー）の閲覧・調査
2026/04/16 13:16,2026/04/16 13:16,0:05,サイボウズ（Cybozu Exporter V6.7 - Origin Robust Mode）での情報確認・処理
2026/04/16 13:16,2026/04/16 13:16,0:05,"Webサイト（data:, - プロファイル 1 - Microsoft? Edge）の閲覧・調査 / Webサイト（インフォメーション - プロファイル 1 - Microsoft? Edge）の閲覧・調査"
2026/04/16 13:16,2026/04/16 13:16,0:05,サイボウズ（Cybozu Exporter V6.7 - Origin Robust Mode）での情報確認・処理 / サイボウズ（トップページ - サイボウズ Office - プロファイル 1 - Microsoft? Edge）での情報確認・処理 / サイボウズ（メール - サイボウズ Office - プロファイル 1 - Microsoft? Edge）での情報確認・処理
2026/04/16 13:16,2026/04/16 13:19,0:05,Webサイト（192.169.5.5 - リモート デスクトップ接続）の閲覧・調査 / Webサイト（デスクトップ\...\1. \個別(オリジナル)\2026226932_60808_［Bizストレージ ファイルシェア］仮パスワードのお知らせ.txt - サクラエディタ32bit 2.4.2.6048）の閲覧・調査
2026/04/16 13:19,2026/04/16 13:19,0:05,サイボウズ（Cybozu Exporter V6.7 - Origin Robust Mode）での情報確認・処理
2026/04/16 13:19,2026/04/16 13:19,0:05,Antigravityを用いた「システム開発・改善」の開発・相談
2026/04/16 13:20,2026/04/16 13:20,0:05,サイボウズ（Cybozu Exporter V6.8 - Authentic Org Mode）での情報確認・処理
2026/04/16 13:20,2026/04/16 13:21,0:05,Webサイト（フォルダーの選択）の閲覧・調査
2026/04/16 13:21,2026/04/16 13:21,0:05,サイボウズ（Cybozu Exporter V6.8 - Authentic Org Mode）での情報確認・処理
2026/04/16 13:21,2026/04/16 13:21,0:05,"Webサイト（data:, - プロファイル 1 - Microsoft? Edge）の閲覧・調査 / Webサイト（インフォメーション - プロファイル 1 - Microsoft? Edge）の閲覧・調査"
2026/04/16 13:21,2026/04/16 13:21,0:05,サイボウズ（Cybozu Exporter V6.8 - Authentic Org Mode）での情報確認・処理 / サイボウズ（トップページ - サイボウズ Office - プロファイル 1 - Microsoft? Edge）での情報確認・処理 / サイボウズ（メール - サイボウズ Office - プロファイル 1 - Microsoft? Edge）での情報確認・処理
2026/04/16 13:21,2026/04/16 13:23,0:05,Webサイト（192.169.5.5 - リモート デスクトップ接続）の閲覧・調査 / Webサイト（デスクトップ\...\個別(オリジナル)\2026323952_61373_Updated invitation_ 会議：2026年度1次予算案（2次案）報.txt - サクラエディタ32bit 2.4.2.6048）の閲覧・調査 / Webサイト（リモート デスクトップ接続）の閲覧・調査
2026/04/16 13:23,2026/04/16 13:23,0:05,サイボウズ（Cybozu Exporter V6.8 - Authentic Org Mode）での情報確認・処理
2026/04/16 13:23,2026/04/16 13:23,0:05,Antigravityを用いた「システム開発・改善」の開発・相談
2026/04/16 13:24,2026/04/16 13:24,0:05,Webサイト（192.169.5.5 - リモート デスクトップ接続）の閲覧・調査
2026/04/16 13:25,2026/04/16 13:25,0:05,サイボウズ（Cybozu Exporter V6.9 - Combined High Accuracy & Audit）での情報確認・処理
2026/04/16 13:25,2026/04/16 13:25,0:05,Webサイト（フォルダーの選択）の閲覧・調査
2026/04/16 13:25,2026/04/16 13:25,0:05,サイボウズ（Cybozu Exporter V6.9 - Combined High Accuracy & Audit）での情報確認・処理
2026/04/16 13:25,2026/04/16 13:26,0:05,"Webサイト（data:, - プロファイル 1 - Microsoft? Edge）の閲覧・調査 / Webサイト（インフォメーション - プロファイル 1 - Microsoft? Edge）の閲覧・調査"
2026/04/16 13:26,2026/04/16 13:26,0:05,サイボウズ（Cybozu Exporter V6.9 - Combined High Accuracy & Audit）での情報確認・処理 / サイボウズ（トップページ - サイボウズ Office - プロファイル 1 - Microsoft? Edge）での情報確認・処理 / サイボウズ（メール - サイボウズ Office - プロファイル 1 - Microsoft? Edge）での...
2026/04/16 13:26,2026/04/16 13:31,0:05,Webサイト（192.169.5.5 - リモート デスクトップ接続）の閲覧・調査 / Webサイト（デスクトップ\...\1. \個別(オリジナル)\2026411357_61666_（公取協）本部規約指導委員会開催のご案内.txt - サクラエディタ32bit 2.4.2.6048）の閲覧・調査
2026/04/16 13:31,2026/04/16 13:31,0:05,サイボウズ（メール本文 - サイボウズ Office および他 1 ページ）での情報確認・処理
2026/04/16 13:31,2026/04/16 13:31,0:05,Webサイト（192.169.5.5 - リモート デスクトップ接続）の閲覧・調査
2026/04/16 13:36,2026/04/16 13:37,0:05,サイボウズ（Cybozu Exporter V6.9 - Combined High Accuracy & Audit）での情報確認・処理 / サイボウズ（forestway.cybozu.com/o/ag.cgi?page=MailIndex および他 1 ページ）での情報確認・処理 / サイボウズ（forestway.cybozu.com/o/ag.cgi?page=MailIndex&...
2026/04/16 13:37,2026/04/16 13:37,0:05,Antigravityを用いた「システム開発・改善」の開発・相談
2026/04/16 13:37,2026/04/16 13:37,0:05,サイボウズ（Cybozu Exporter V6.8 - Authentic Org Mode）での情報確認・処理
2026/04/16 13:37,2026/04/16 13:37,0:05,Antigravityを用いた「システム開発・改善」の開発・相談
2026/04/16 13:37,2026/04/16 13:37,0:05,サイボウズ（Cybozu Exporter V6.9 - Combined High Accuracy & Audit）での情報確認・処理
2026/04/16 13:37,2026/04/16 13:37,0:05,Antigravityを用いた「システム開発・改善」の開発・相談
2026/04/16 13:38,2026/04/16 13:39,0:05,Webサイト（192.169.5.5 - リモート デスクトップ接続）の閲覧・調査
2026/04/16 13:39,2026/04/16 13:39,0:05,サイボウズ（Cybozu Exporter V6.10 - Audit Pro）での情報確認・処理
2026/04/16 13:39,2026/04/16 13:39,0:05,Antigravityを用いた「システム開発・改善」の開発・相談
2026/04/16 13:39,2026/04/16 13:39,0:05,サイボウズ（Cybozu Exporter V6.10 - Audit Pro）での情報確認・処理
2026/04/16 13:39,2026/04/16 13:39,0:05,Webサイト（フォルダーの選択）の閲覧・調査
2026/04/16 13:39,2026/04/16 13:39,0:05,サイボウズ（Cybozu Exporter V6.10 - Audit Pro）での情報確認・処理
2026/04/16 13:40,2026/04/16 13:40,0:05,Webサイト（インフォメーション - プロファイル 1 - Microsoft? Edge）の閲覧・調査
2026/04/16 13:40,2026/04/16 13:40,0:05,サイボウズ（Cybozu Exporter V6.10 - Audit Pro）での情報確認・処理 / サイボウズ（トップページ - サイボウズ Office - プロファイル 1 - Microsoft? Edge）での情報確認・処理 / サイボウズ（メール - サイボウズ Office - プロファイル 1 - Microsoft? Edge）での情報確認・処理
2026/04/16 13:40,2026/04/16 13:40,0:05,Webサイト（192.169.5.5 - リモート デスクトップ接続）の閲覧・調査 / Webサイト（リモート デスクトップ接続）の閲覧・調査
2026/04/16 13:40,2026/04/16 13:41,0:05,サイボウズ（Cybozu Exporter V6.10 - Audit Pro）での情報確認・処理 / サイボウズ（メール - サイボウズ Office - プロファイル 1 - Microsoft? Edge）での情報確認・処理
2026/04/16 13:41,2026/04/16 13:41,0:05,Antigravityを用いた「システム開発・改善」の開発・相談
2026/04/16 13:41,2026/04/16 13:41,0:05,Webサイト（起動しています - Excel）の閲覧・調査
2026/04/16 13:41,2026/04/16 13:41,0:05,Excelファイル（営業部ログ表示結果-20260416133509.csv）の入力・編集
2026/04/16 13:42,2026/04/16 13:44,0:05,Webサイト（192.169.5.5 - リモート デスクトップ接続）の閲覧・調査 / Webサイト（リモート デスクトップ接続）の閲覧・調査
2026/04/16 13:44,2026/04/16 13:44,0:05,Excelファイル（営業部ログ表示結果-20260416133509.csv）の入力・編集
2026/04/16 13:44,2026/04/16 13:45,0:05,サイボウズ（Cybozu Exporter V6.10 - Audit Pro）での情報確認・処理 / サイボウズ（メール本文 - サイボウズ Office - プロファイル 1 - Microsoft? Edge）での情報確認・処理
2026/04/16 13:45,2026/04/16 13:46,0:05,Excelファイル（営業部ログ表示結果-20260416133509.csv）の入力・編集
2026/04/16 13:46,2026/04/16 13:46,0:05,サイボウズ（Cybozu Exporter V6.10 - Audit Pro）での情報確認・処理
2026/04/16 13:46,2026/04/16 13:46,0:05,Antigravityを用いた「システム開発・改善」の開発・相談
2026/04/16 13:47,2026/04/16 13:47,0:05,サイボウズ（Cybozu Exporter V6.10 - Audit Pro）での情報確認・処理
2026/04/16 13:47,2026/04/16 13:47,0:05,Antigravityを用いた「システム開発・改善」の開発・相談
2026/04/16 13:47,2026/04/16 13:47,0:05,Excelファイル（営業部ログ表示結果-20260416133509.csv）の入力・編集 / Excelファイル（管理コンソールメイン画面.csv）の入力・編集
2026/04/16 13:47,2026/04/16 13:49,0:05,Webサイト（ばりとくこだま - Google 検索）の閲覧・調査 / Webサイト（社内SEの仕事なんでも相談 - Google Gemini）の閲覧・調査
2026/04/16 13:49,2026/04/16 13:49,0:05,Excelファイル（管理コンソールメイン画面.csv）の入力・編集
2026/04/16 13:49,2026/04/16 13:49,0:05,Webサイト（社内SEの仕事なんでも相談 - Google Gemini）の閲覧・調査
2026/04/16 13:49,2026/04/16 13:50,0:05,Excelファイル（営業部ログ表示結果-20260416133509.csv）の入力・編集 / Excelファイル（管理コンソールメイン画面.csv）の入力・編集
2026/04/16 13:50,2026/04/16 13:51,0:05,Webサイト（社内SEの仕事なんでも相談 - Google Gemini）の閲覧・調査
2026/04/16 13:51,2026/04/16 13:51,0:05,Excelファイル（営業部ログ表示結果-20260416133509.csv）の入力・編集
2026/04/16 13:51,2026/04/16 13:51,0:05,Webサイト（社内SEの仕事なんでも相談 - Google Gemini）の閲覧・調査
2026/04/16 13:51,2026/04/16 13:51,0:05,Excelファイル（営業部ログ表示結果-20260416133509.csv）の入力・編集
2026/04/16 13:52,2026/04/16 13:52,0:05,Webサイト（社内SEの仕事なんでも相談 - Google Gemini）の閲覧・調査
2026/04/16 13:52,2026/04/16 13:52,0:05,Excelファイル（営業部ログ表示結果-20260416133509.csv）の入力・編集 / Excelファイル（管理コンソールメイン画面.csv）の入力・編集
2026/04/16 13:52,2026/04/16 13:52,0:05,Webサイト（社内SEの仕事なんでも相談 - Google Gemini）の閲覧・調査
2026/04/16 13:53,2026/04/16 13:53,0:05,Excelファイル（営業部ログ表示結果-20260416133509.csv）の入力・編集
2026/04/16 13:54,2026/04/16 13:54,0:05,Webサイト（社内SEの仕事なんでも相談 - Google Gemini）の閲覧・調査
2026/04/16 13:54,2026/04/16 13:54,0:05,Excelファイル（営業部ログ表示結果-20260416133509.csv）の入力・編集
2026/04/16 13:54,2026/04/16 13:54,0:05,Webサイト（社内SEの仕事なんでも相談 - Google Gemini）の閲覧・調査
2026/04/16 13:55,2026/04/16 13:55,0:05,Excelファイル（営業部ログ表示結果-20260416133509.csv）の入力・編集
2026/04/16 13:55,2026/04/16 13:55,0:05,Webサイト（社内SEの仕事なんでも相談 - Google Gemini）の閲覧・調査
2026/04/16 13:59,2026/04/16 13:59,0:05,Excelファイル（営業部ログ表示結果-20260416133509.csv）の入力・編集
2026/04/16 13:59,2026/04/16 13:59,0:05,Webサイト（Microsoft Visual Basic for Applications - Project1）の閲覧・調査 / Webサイト（Microsoft Visual Basic for Applications - VBAProject）の閲覧・調査 / Webサイト（Microsoft Visual Basic for Applications）の閲覧・調査
2026/04/16 13:59,2026/04/16 14:00,0:05,Excelファイル（Microsoft Visual Basic for Applications）の入力・編集 / Excelファイル（営業部ログ表示結果-20260416133509.csv）の入力・編集
2026/04/16 14:00,2026/04/16 14:00,0:05,Webサイト（Microsoft Visual Basic）の閲覧・調査
2026/04/16 14:00,2026/04/16 14:00,0:05,Excelファイル（Microsoft Visual Basic for Applications）の入力・編集 / Excelファイル（営業部ログ表示結果-20260416133509.csv）の入力・編集
2026/04/16 14:00,2026/04/16 14:00,0:05,Webサイト（社内SEの仕事なんでも相談 - Google Gemini）の閲覧・調査
2026/04/16 14:00,2026/04/16 14:00,0:05,サイボウズ（メール - サイボウズ Office および他 1 ページ）での情報確認・処理
2026/04/16 14:00,2026/04/16 14:00,0:05,Excelファイル（Microsoft Visual Basic for Applications）の入力・編集
2026/04/16 14:00,2026/04/16 14:00,0:05,Webサイト（Microsoft Visual Basic for Applications）の閲覧・調査
2026/04/16 14:01,2026/04/16 14:01,0:05,Excelファイル（Microsoft Visual Basic for Applications）の入力・編集 / Excelファイル（営業部ログ表示結果-20260416133509.csv）の入力・編集
2026/04/16 14:01,2026/04/16 14:01,0:05,サイボウズ（Cybozu Exporter V6.11 - Deep Scan Mode）での情報確認・処理
2026/04/16 14:01,2026/04/16 14:01,0:05,Excelファイル（営業部ログ表示結果-20260416133509.csv）の入力・編集
2026/04/16 14:01,2026/04/16 14:01,0:05,Antigravityを用いた「システム開発・改善」の開発・相談
2026/04/16 14:01,2026/04/16 14:01,0:05,Webサイト（社内SEの仕事なんでも相談 - Google Gemini）の閲覧・調査
2026/04/16 14:01,2026/04/16 14:02,0:05,Excelファイル（Microsoft Visual Basic for Applications）の入力・編集 / Excelファイル（営業部ログ表示結果-20260416133509.csv）の入力・編集
2026/04/16 14:02,2026/04/16 14:02,0:05,Webサイト（社内SEの仕事なんでも相談 - Google Gemini）の閲覧・調査
2026/04/16 14:02,2026/04/16 14:02,0:05,Excelファイル（Microsoft Visual Basic for Applications）の入力・編集 / Excelファイル（営業部ログ表示結果-20260416133509.csv）の入力・編集
2026/04/16 14:02,2026/04/16 14:02,0:05,Webサイト（Microsoft Visual Basic for Applications）の閲覧・調査
2026/04/16 14:02,2026/04/16 14:02,0:05,Excelファイル（Microsoft Visual Basic for Applications）の入力・編集
2026/04/16 14:02,2026/04/16 14:02,0:05,Webサイト（プロシージャの外では無効です | Microsoft Learn および他 2 ページ）の閲覧・調査 / Webサイト（プロシージャの外では無効です | Microsoft Learn）の閲覧・調査
2026/04/16 14:02,2026/04/16 14:02,0:05,サイボウズ（メール - サイボウズ Office および他 1 ページ）での情報確認・処理
2026/04/16 14:02,2026/04/16 14:02,0:05,Excelファイル（Microsoft Visual Basic for Applications）の入力・編集 / Excelファイル（営業部ログ表示結果-20260416133509.csv）の入力・編集 / Excelファイル（管理コンソールメイン画面.csv）の入力・編集
2026/04/16 14:02,2026/04/16 14:02,0:05,Webサイト（Microsoft Visual Basic for Applications - VBAProject）の閲覧・調査
2026/04/16 14:02,2026/04/16 14:02,0:05,Excelファイル（Microsoft Visual Basic for Applications）の入力・編集
2026/04/16 14:02,2026/04/16 14:02,0:05,Webサイト（社内SEの仕事なんでも相談 - Google Gemini）の閲覧・調査
2026/04/16 14:02,2026/04/16 14:03,0:05,Excelファイル（Microsoft Visual Basic for Applications）の入力・編集 / Excelファイル（営業部ログ表示結果-20260416133509.csv）の入力・編集
2026/04/16 14:03,2026/04/16 14:03,0:05,Webサイト（社内SEの仕事なんでも相談 - Google Gemini）の閲覧・調査
2026/04/16 14:03,2026/04/16 14:03,0:05,Excelファイル（Microsoft Visual Basic for Applications）の入力・編集
2026/04/16 14:03,2026/04/16 14:03,0:05,Webサイト（社内SEの仕事なんでも相談 - Google Gemini）の閲覧・調査
2026/04/16 14:03,2026/04/16 14:04,0:05,Excelファイル（Microsoft Visual Basic for Applications）の入力・編集 / Excelファイル（営業部ログ表示結果-20260416133509.csv）の入力・編集
2026/04/16 14:04,2026/04/16 14:04,0:05,Webサイト（Microsoft Visual Basic for Applications）の閲覧・調査
2026/04/16 14:04,2026/04/16 14:04,0:05,Excelファイル（Microsoft Visual Basic for Applications）の入力・編集
2026/04/16 14:04,2026/04/16 14:04,0:05,Webサイト（社内SEの仕事なんでも相談 - Google Gemini）の閲覧・調査
2026/04/16 14:04,2026/04/16 14:04,0:05,Excelファイル（Microsoft Visual Basic for Applications）の入力・編集
2026/04/16 14:04,2026/04/16 14:04,0:05,Webサイト（Microsoft Visual Basic for Applications）の閲覧・調査
2026/04/16 14:04,2026/04/16 14:05,0:05,Excelファイル（Microsoft Visual Basic for Applications）の入力・編集 / Excelファイル（営業部ログ表示結果-20260416133509.csv）の入力・編集
2026/04/16 14:05,2026/04/16 14:05,0:05,Webサイト（Microsoft Excel）の閲覧・調査
2026/04/16 14:05,2026/04/16 14:06,0:05,Excelファイル（商品部ログ表示結果-20260416133509.csvのプロパティ）の入力・編集 / Excelファイル（商品部ログ表示結果-20260416133509.csv）の入力・編集 / Excelファイル（営業部ログ表示結果-20260416133509.csv）の入力・編集 / Excelファイル（管理コンソールメイン画面.csv）の入力・編集
2026/04/16 14:06,2026/04/16 14:06,0:05,サイボウズ（Cybozu Exporter V6.10 - Audit Pro）での情報確認・処理
2026/04/16 14:07,2026/04/16 14:07,0:05,Antigravityを用いた「システム開発・改善」の開発・相談
2026/04/16 14:07,2026/04/16 14:07,0:05,サイボウズ（Cybozu Exporter V6.11 - Deep Scan Mode）での情報確認・処理
2026/04/16 14:07,2026/04/16 14:07,0:05,Webサイト（フォルダーの選択）の閲覧・調査
2026/04/16 14:07,2026/04/16 14:07,0:05,サイボウズ（Cybozu Exporter V6.11 - Deep Scan Mode）での情報確認・処理
2026/04/16 14:07,2026/04/16 14:07,0:05,"Webサイト（data:, - プロファイル 1 - Microsoft? Edge）の閲覧・調査 / Webサイト（インフォメーション - プロファイル 1 - Microsoft? Edge）の閲覧・調査"
2026/04/16 14:07,2026/04/16 14:07,0:05,サイボウズ（Cybozu Exporter V6.11 - Deep Scan Mode）での情報確認・処理 / サイボウズ（トップページ - サイボウズ Office - プロファイル 1 - Microsoft? Edge）での情報確認・処理 / サイボウズ（メール - サイボウズ Office - プロファイル 1 - Microsoft? Edge）での情報確認・処理
2026/04/16 14:08,2026/04/16 14:09,0:05,Webサイト（192.169.5.5 - リモート デスクトップ接続）の閲覧・調査 / Webサイト（リモート デスクトップ接続）の閲覧・調査
2026/04/16 14:09,2026/04/16 14:09,0:05,サイボウズ（Cybozu Exporter V6.11 - Deep Scan Mode）での情報確認・処理 / サイボウズ（メール本文 - サイボウズ Office - プロファイル 1 - Microsoft? Edge）での情報確認・処理
2026/04/16 14:10,2026/04/16 14:10,0:05,Antigravityを用いた「システム開発・改善」の開発・相談
2026/04/16 14:10,2026/04/16 14:10,0:05,Excelファイル（Microsoft Visual Basic for Applications）の入力・編集 / Excelファイル（営業部_ログ検索結果-20260416140900.csv）の入力・編集 / Excelファイル（管理コンソールメイン画面.csv）の入力・編集
2026/04/16 14:10,2026/04/16 14:10,0:05,Webサイト（Microsoft Visual Basic for Applications - VBAProject）の閲覧・調査
2026/04/16 14:10,2026/04/16 14:10,0:05,Excelファイル（Microsoft Visual Basic for Applications）の入力・編集
2026/04/16 14:10,2026/04/16 14:10,0:05,Webサイト（社内SEの仕事なんでも相談 - Google Gemini）の閲覧・調査
2026/04/16 14:10,2026/04/16 14:10,0:05,Excelファイル（Microsoft Visual Basic for Applications）の入力・編集 / Excelファイル（営業部_ログ検索結果-20260416140900.csv）の入力・編集
2026/04/16 14:10,2026/04/16 14:10,0:05,Webサイト（Microsoft Excel）の閲覧・調査
2026/04/16 14:10,2026/04/16 14:11,0:05,Excelファイル（営業部_ログ検索結果-20260416140900.csv）の入力・編集 / Excelファイル（管理コンソールメイン画面.csv）の入力・編集
2026/04/16 14:11,2026/04/16 14:11,0:05,Webサイト（社内SEの仕事なんでも相談 - Google Gemini）の閲覧・調査
2026/04/16 14:11,2026/04/16 14:11,0:05,Excelファイル（営業部_ログ検索結果-20260416140900.csv）の入力・編集
2026/04/16 14:11,2026/04/16 14:11,0:05,Webサイト（社内SEの仕事なんでも相談 - Google Gemini）の閲覧・調査
2026/04/16 14:12,2026/04/16 14:12,0:05,Excelファイル（営業部_ログ検索結果-20260416140900.csv）の入力・編集 / Excelファイル（管理コンソールメイン画面.csv）の入力・編集
2026/04/16 14:12,2026/04/16 14:12,0:05,Webサイト（社内SEの仕事なんでも相談 - Google Gemini）の閲覧・調査
2026/04/16 14:12,2026/04/16 14:12,0:05,Excelファイル（営業部_ログ検索結果-20260416140900.csv）の入力・編集 / Excelファイル（管理コンソールメイン画面.csv）の入力・編集
2026/04/16 14:12,2026/04/16 14:12,0:05,Webサイト（社内SEの仕事なんでも相談 - Google Gemini）の閲覧・調査
2026/04/16 14:13,2026/04/16 14:13,0:05,Excelファイル（営業部_ログ検索結果-20260416140900.csv）の入力・編集
2026/04/16 14:13,2026/04/16 14:13,0:05,Webサイト（社内SEの仕事なんでも相談 - Google Gemini）の閲覧・調査
2026/04/16 14:13,2026/04/16 14:14,0:05,サイボウズ（Cybozu Exporter V6.11 - Deep Scan Mode）での情報確認・処理 / サイボウズ（メール - サイボウズ Office および他 1 ページ）での情報確認・処理
2026/04/16 14:14,2026/04/16 14:14,0:05,Antigravityを用いた「システム開発・改善」の開発・相談
2026/04/16 14:15,2026/04/16 14:15,0:05,Webサイト（社内SEの仕事なんでも相談 - Google Gemini）の閲覧・調査
2026/04/16 14:15,2026/04/16 14:15,0:05,Excelファイル（営業部_ログ検索結果-20260416140900.csv）の入力・編集
2026/04/16 14:15,2026/04/16 14:15,0:05,Webサイト（Microsoft Excel）の閲覧・調査
2026/04/16 14:15,2026/04/16 14:15,0:05,Excelファイル（Microsoft Visual Basic for Applications）の入力・編集 / Excelファイル（営業部_ログ検索結果-20260416140900.csv）の入力・編集
2026/04/16 14:15,2026/04/16 14:15,0:05,Webサイト（社内SEの仕事なんでも相談 - Google Gemini）の閲覧・調査
2026/04/16 14:15,2026/04/16 14:15,0:05,Excelファイル（Microsoft Visual Basic for Applications）の入力・編集 / Excelファイル（営業部_ログ検索結果-20260416140900.csv）の入力・編集
2026/04/16 14:15,2026/04/16 14:15,0:05,Webサイト（Microsoft Excel）の閲覧・調査
2026/04/16 14:15,2026/04/16 14:15,0:05,Excelファイル（営業部_ログ検索結果-20260416140900.csv）の入力・編集
2026/04/16 14:16,2026/04/16 14:16,0:05,Antigravityを用いた「システム開発・改善」の開発・相談
2026/04/16 14:21,2026/04/16 14:22,0:05,Excelファイル（①社用ノートパソコン管理台帳.xlsx ）の入力・編集 / Excelファイル（営業部_ログ検索結果-20260416140900.csv）の入力・編集
2026/04/16 14:25,2026/04/16 14:26,0:05,Webサイト（192.169.5.5 - リモート デスクトップ接続）の閲覧・調査 / Webサイト（リモート デスクトップ接続）の閲覧・調査
2026/04/16 14:26,2026/04/16 14:27,0:05,Excelファイル（①社用ノートパソコン管理台帳.xlsx ）の入力・編集 / Excelファイル（営業部_ログ検索結果-20260416140900.csv）の入力・編集 / Excelファイル（管理コンソールメイン画面.csv）の入力・編集
2026/04/16 14:28,2026/04/16 14:30,0:05,Excelファイル（営業部_ログ検索結果-20260416140900.csv）の入力・編集 / Excelファイル（管理コンソールメイン画面.csv）の入力・編集 / 検索と置換
2026/04/16 14:30,2026/04/16 14:30,0:05,Excelファイル（営業部_ログ検索結果-20260416140900.csv）の入力・編集 / Excelファイル（管理コンソールメイン画面.csv）の入力・編集 / 検索と置換
2026/04/16 14:30,2026/04/16 14:30,0:05,Webサイト（社内SEの仕事なんでも相談 - Google Gemini）の閲覧・調査
2026/04/16 14:31,2026/04/16 14:31,0:05,サイボウズ（Cybozu Exporter V6.12 - Ultra Scan Mode）での情報確認・処理
2026/04/16 14:31,2026/04/16 14:32,0:05,Webサイト（フォルダーの選択）の閲覧・調査
2026/04/16 14:32,2026/04/16 14:32,0:05,サイボウズ（Cybozu Exporter V6.12 - Ultra Scan Mode）での情報確認・処理
2026/04/16 14:32,2026/04/16 14:32,0:05,"Webサイト（data:, - プロファイル 1 - Microsoft? Edge）の閲覧・調査 / Webサイト（インフォメーション - プロファイル 1 - Microsoft? Edge）の閲覧・調査"
2026/04/16 14:32,2026/04/16 14:32,0:05,サイボウズ（Cybozu Exporter V6.12 - Ultra Scan Mode）での情報確認・処理 / サイボウズ（トップページ - サイボウズ Office - プロファイル 1 - Microsoft? Edge）での情報確認・処理 / サイボウズ（メール - サイボウズ Office - プロファイル 1 - Microsoft? Edge）での情報確認・処理
2026/04/16 14:32,2026/04/16 14:32,0:05,Webサイト（社内SEの仕事なんでも相談 - Google Gemini）の閲覧・調査
2026/04/16 14:32,2026/04/16 14:32,0:05,Excelファイル（営業部_ログ検索結果-20260416140900.csv）の入力・編集
2026/04/16 14:32,2026/04/16 14:32,0:05,Webサイト（Microsoft Excel）の閲覧・調査
2026/04/16 14:32,2026/04/16 14:33,0:05,Excelファイル（Microsoft Visual Basic for Applications）の入力・編集 / Excelファイル（営業部_ログ検索結果-20260416140900.csv）の入力・編集
2026/04/16 14:33,2026/04/16 14:33,0:05,Webサイト（Microsoft Excel）の閲覧・調査
2026/04/16 14:33,2026/04/16 14:33,0:05,Excelファイル（営業部_ログ検索結果-20260416140900.csv）の入力・編集
2026/04/16 14:34,2026/04/16 14:34,0:05,Webサイト（リモート デスクトップ接続）の閲覧・調査
2026/04/16 14:34,2026/04/16 14:34,0:05,Excelファイル（管理コンソールメイン画面.csv）の入力・編集
2026/04/16 14:34,2026/04/16 14:34,0:05,Excelファイル（営業部_ログ検索結果-20260416140900.csv）の入力・編集 / Excelファイル（管理コンソールメイン画面.csv）の入力・編集 / 検索と置換
2026/04/16 14:34,2026/04/16 14:35,0:05,Excelファイル（営業部_ログ検索結果-20260416140900.csv）の入力・編集 / Excelファイル（管理コンソールメイン画面.csv）の入力・編集 / 検索と置換
2026/04/16 14:35,2026/04/16 14:35,0:05,Excelファイル（営業部_ログ検索結果-20260416140900.csv）の入力・編集 / Excelファイル（管理コンソールメイン画面.csv）の入力・編集 / 検索と置換
2026/04/16 14:36,2026/04/16 14:36,0:05,Webサイト（192.169.5.5 - リモート デスクトップ接続）の閲覧・調査 / Webサイト（リモート デスクトップ接続）の閲覧・調査
2026/04/16 14:36,2026/04/16 14:36,0:05,サイボウズ（Cybozu Exporter V6.12 - Ultra Scan Mode）での情報確認・処理
2026/04/16 14:36,2026/04/16 14:36,0:05,Webサイト（192.169.5.5 - リモート デスクトップ接続）の閲覧・調査
2026/04/16 14:36,2026/04/16 14:36,0:05,Antigravityを用いた「システム開発・改善」の開発・相談
2026/04/16 14:36,2026/04/16 14:36,0:05,サイボウズ（Cybozu Exporter V6.12 - Ultra Scan Mode）での情報確認・処理
2026/04/16 14:37,2026/04/16 14:37,0:05,Webサイト（フォルダーの選択）の閲覧・調査
2026/04/16 14:37,2026/04/16 14:37,0:05,サイボウズ（Cybozu Exporter V6.12 - Ultra Scan Mode）での情報確認・処理
2026/04/16 14:37,2026/04/16 14:37,0:05,"Webサイト（data:, - プロファイル 1 - Microsoft? Edge）の閲覧・調査 / Webサイト（インフォメーション - プロファイル 1 - Microsoft? Edge）の閲覧・調査"
2026/04/16 14:37,2026/04/16 14:37,0:05,サイボウズ（トップページ - サイボウズ Office - プロファイル 1 - Microsoft? Edge）での情報確認・処理
2026/04/16 14:37,2026/04/16 14:37,0:05,Webサイト（192.169.5.5 - リモート デスクトップ接続）の閲覧・調査 / Webサイト（リモート デスクトップ接続）の閲覧・調査
2026/04/16 14:37,2026/04/16 14:37,0:05,サイボウズ（Cybozu Exporter V6.12 - Ultra Scan Mode）での情報確認・処理 / サイボウズ（forestway.cybozu.com/o/ag.cgi?page=MailIndex&fid=inbox および他 1 ページ）での情報確認・処理 / サイボウズ（トップページ - サイボウズ Office - プロファイル 1 - Microsoft? Edg...
2026/04/16 14:38,2026/04/16 14:38,0:05,Webサイト（リモート デスクトップ接続）の閲覧・調査
2026/04/16 14:38,2026/04/16 14:38,0:05,サイボウズ（メール - サイボウズ Office および他 1 ページ）での情報確認・処理 / サイボウズ（メール - サイボウズ Office）での情報確認・処理
2026/04/16 14:38,2026/04/16 14:38,0:05,Webサイト（192.169.5.5 - リモート デスクトップ接続）の閲覧・調査 / Webサイト（リモート デスクトップ接続）の閲覧・調査
2026/04/16 14:38,2026/04/16 14:38,0:05,サイボウズ（メール - サイボウズ Office - プロファイル 1 - Microsoft? Edge）での情報確認・処理
2026/04/16 14:38,2026/04/16 14:38,0:05,Webサイト（192.169.5.5 - リモート デスクトップ接続）の閲覧・調査
2026/04/16 14:39,2026/04/16 14:39,0:05,サイボウズ（メール - サイボウズ Office および他 1 ページ）での情報確認・処理
2026/04/16 14:39,2026/04/16 14:39,0:05,Antigravityを用いた「システム開発・改善」の開発・相談
2026/04/16 14:40,2026/04/16 14:41,0:05,サイボウズ（forestway.cybozu.com/o/ag.cgi?page=MailView&mEID=61666&cp=el&sp=&tp= および他 1 ページ）での情報確認・処理 / サイボウズ（エラー 14708 - サイボウズ Office - プロファイル 1 - Microsoft? Edge）での情報確認・処理 / サイボウズ（メール - サイボウズ Office およ...
2026/04/16 14:41,2026/04/16 14:41,0:05,Webサイト（body (1).html および他 2 ページ）の閲覧・調査 / Webサイト（body (1).html）の閲覧・調査 / Webサイト（file:///C:/Users/%E3%83%95%E3%82%A9%E3%83%BC%E3%83）の閲覧・調査
2026/04/16 14:42,2026/04/16 14:43,0:05,サイボウズ（Cybozu Exporter V6.12 - Ultra Scan Mode）での情報確認・処理 / サイボウズ（forestway.cybozu.com/o/ag.cgi?page=MailIndex および他 1 ページ）での情報確認・処理 / サイボウズ（エラー 14708 - サイボウズ Office - プロファイル 1 - Microsoft? Edge）での情報確...
2026/04/16 14:43,2026/04/16 14:43,0:05,Antigravityを用いた「システム開発・改善」の開発・相談
2026/04/16 14:44,2026/04/16 14:44,0:05,Webサイト（192.169.5.5 - リモート デスクトップ接続）の閲覧・調査
2026/04/16 14:44,2026/04/16 14:44,0:05,Excelファイル（営業部_ログ検索結果-20260416140900.csv）の入力・編集
2026/04/16 14:44,2026/04/16 14:44,0:05,Webサイト（192.169.5.5 - リモート デスクトップ接続）の閲覧・調査
2026/04/16 14:44,2026/04/16 14:44,0:05,Excelファイル（営業部_ログ検索結果-20260416140900.csv）の入力・編集
2026/04/16 14:44,2026/04/16 14:44,0:05,Webサイト（192.169.5.5 - リモート デスクトップ接続）の閲覧・調査
2026/04/16 14:46,2026/04/16 14:46,0:05,サイボウズ（Cybozu Exporter V6.14 - Master Bridge Mode）での情報確認・処理
2026/04/16 14:46,2026/04/16 14:46,0:05,Excelファイル（営業部_ログ検索結果-20260416140900.csv）の入力・編集 / Excelファイル（管理コンソールメイン画面.csv）の入力・編集
2026/04/16 14:47,2026/04/16 14:47,0:05,Excelファイル（管理コンソールメイン画面.csv）の入力・編集 / 検索と置換
2026/04/16 14:47,2026/04/16 14:47,0:05,Excelファイル（管理コンソールメイン画面.csv）の入力・編集 / 検索と置換
2026/04/16 14:47,2026/04/16 14:54,0:06,Excelファイル（営業部_ログ検索結果-20260416140900.csv）の入力・編集 / Excelファイル（管理コンソールメイン画面.csv）の入力・編集 / 検索と置換
2026/04/16 14:54,2026/04/16 14:55,0:05,Excelファイル（営業部_ログ検索結果-20260416140900.csv）の入力・編集 / Excelファイル（管理コンソールメイン画面.csv）の入力・編集 / 検索と置換
2026/04/16 14:55,2026/04/16 14:55,0:05,Webサイト（192.169.5.5 - リモート デスクトップ接続）の閲覧・調査
2026/04/16 14:55,2026/04/16 14:55,0:05,Excelファイル（営業部_ログ検索結果-20260416140900.csv）の入力・編集
2026/04/16 14:56,2026/04/16 14:56,0:05,Webサイト（192.169.5.5 - リモート デスクトップ接続）の閲覧・調査
2026/04/16 14:57,2026/04/16 14:57,0:05,サイボウズ（ユーザーの検索 - サイボウズ Office）での情報確認・処理 / サイボウズ（ユーザー名簿 - サイボウズ Office）での情報確認・処理 / サイボウズ（個人フォルダ - サイボウズ Office）での情報確認・処理
2026/04/16 14:58,2026/04/16 14:58,0:05,Webサイト（192.169.5.5 - リモート デスクトップ接続）の閲覧・調査
2026/04/16 15:00,2026/04/16 15:00,0:05,サイボウズ（スケジュール（グループ週表示） - サイボウズ Office）での情報確認・処理 / サイボウズ（ユーザーの検索 - サイボウズ Office）での情報確認・処理
2026/04/16 15:05,2026/04/16 15:10,0:05,メール（1.）の閲覧・作成 / メール（Mozilla Thunderbird）の閲覧・作成 / メール（ホーム）の閲覧・作成 / メール（受信トレイ）の閲覧・作成
2026/04/16 15:10,2026/04/16 15:10,0:05,サイボウズ（スケジュール（グループ週表示） - サイボウズ Office）での情報確認・処理
2026/04/16 15:10,2026/04/16 15:10,0:05,Excelファイル（Microsoft Visual Basic for Applications）の入力・編集
2026/04/16 15:10,2026/04/16 15:10,0:05,サイボウズ（メール - サイボウズ Office および他 1 ページ）での情報確認・処理
2026/04/16 15:10,2026/04/16 15:10,0:05,Webサイト（192.169.5.5 - リモート デスクトップ接続）の閲覧・調査 / Webサイト（ネットワーク接続の復元）の閲覧・調査 / Webサイト（リモート デスクトップ接続）の閲覧・調査 / Webサイト（社内SEの仕事なんでも相談 - Google Gemini）の閲覧・調査
2026/04/16 15:14,2026/04/16 15:14,0:05,Excelファイル（Microsoft Visual Basic for Applications）の入力・編集 / Excelファイル（営業部_ログ検索結果-20260416140900.csv）の入力・編集
2026/04/16 15:14,2026/04/16 15:14,0:05,Webサイト（Microsoft Visual Basic）の閲覧・調査
2026/04/16 15:14,2026/04/16 15:15,0:05,Excelファイル（営業部_ログ検索結果-20260416140900.csv）の入力・編集
2026/04/16 15:15,2026/04/16 15:15,0:05,Webサイト（Microsoft Visual Basic for Applications - Project1）の閲覧・調査 / Webサイト（Microsoft Visual Basic for Applications - VBAProject）の閲覧・調査 / Webサイト（Microsoft Visual Basic for Applications）の閲覧・調査
2026/04/16 15:15,2026/04/16 15:15,0:05,Excelファイル（Microsoft Visual Basic for Applications）の入力・編集 / Excelファイル（営業部_ログ検索結果-20260416140900.csv）の入力・編集
2026/04/16 15:15,2026/04/16 15:16,0:05,Excel / Excelファイル（Microsoft Visual Basic for Applications）の入力・編集 / Excelファイル（営業部_ログ検索結果-20260416140900.csv）の入力・編集 / Excelファイル（新規 Microsoft Excel ワークシート.xlsx）の入力・編集
2026/04/16 15:16,2026/04/16 15:16,0:05,Webサイト（社内SEの仕事なんでも相談 - Google Gemini）の閲覧・調査
2026/04/16 15:16,2026/04/16 15:16,0:05,Excelファイル（Microsoft Visual Basic for Applications）の入力・編集 / Excelファイル（営業部_ログ検索結果-20260416140900.csv）の入力・編集
2026/04/16 15:16,2026/04/16 15:16,0:05,Webサイト（Microsoft Excel）の閲覧・調査
2026/04/16 15:16,2026/04/16 15:17,0:05,Excelファイル（営業部_ログ検索結果-20260416140900.csv）の入力・編集 / Excelファイル（管理コンソールメイン画面.csv）の入力・編集
2026/04/16 15:17,2026/04/16 15:17,0:05,Webサイト（Microsoft Excel）の閲覧・調査
2026/04/16 15:17,2026/04/16 15:17,0:05,Excelファイル（営業部_ログ検索結果-20260416140900.csv）の入力・編集
2026/04/16 15:17,2026/04/16 15:17,0:05,Webサイト（社内SEの仕事なんでも相談 - Google Gemini）の閲覧・調査
2026/04/16 15:17,2026/04/16 15:17,0:05,Excelファイル（管理コンソールメイン画面.csv）の入力・編集
2026/04/16 15:17,2026/04/16 15:17,0:05,Webサイト（社内SEの仕事なんでも相談 - Google Gemini）の閲覧・調査
2026/04/16 15:17,2026/04/16 15:17,0:05,Excelファイル（営業部_ログ検索結果-20260416140900.csv）の入力・編集
2026/04/16 15:17,2026/04/16 15:17,0:05,Webサイト（Microsoft Excel）の閲覧・調査
2026/04/16 15:17,2026/04/16 15:17,0:05,Excelファイル（営業部_ログ検索結果-20260416140900.csv）の入力・編集
2026/04/16 15:18,2026/04/16 15:18,0:05,Webサイト（社内SEの仕事なんでも相談 - Google Gemini）の閲覧・調査
2026/04/16 15:18,2026/04/16 15:19,0:05,Excelファイル（Microsoft Visual Basic for Applications）の入力・編集 / Excelファイル（営業部_ログ検索結果-20260416140900.csv）の入力・編集
2026/04/16 15:19,2026/04/16 15:19,0:05,Webサイト（Microsoft Excel）の閲覧・調査
2026/04/16 15:19,2026/04/16 15:19,0:05,Excelファイル（営業部_ログ検索結果-20260416140900.csv）の入力・編集
2026/04/16 15:19,2026/04/16 15:19,0:05,Webサイト（管理コンソールファイルを選択）の閲覧・調査
2026/04/16 15:19,2026/04/16 15:19,0:05,Excelファイル（営業部_ログ検索結果-20260416140900.csv）の入力・編集
2026/04/16 15:19,2026/04/16 15:19,0:05,Excel / Excelファイル（営業部_ログ検索結果-20260416140900.csv）の入力・編集 / Excelファイル（管理コンソールメイン画面.csv）の入力・編集
2026/04/16 15:19,2026/04/16 15:19,0:05,Webサイト（Microsoft Excel）の閲覧・調査
2026/04/16 15:19,2026/04/16 15:19,0:05,Excelファイル（営業部_ログ検索結果-20260416140900.csv）の入力・編集
2026/04/16 15:19,2026/04/16 15:19,0:05,Webサイト（社内SEの仕事なんでも相談 - Google Gemini）の閲覧・調査
2026/04/16 15:19,2026/04/16 15:19,0:05,Excelファイル（営業部_ログ検索結果-20260416140900.csv）の入力・編集 / Excelファイル（管理コンソールメイン画面.csv）の入力・編集
2026/04/16 15:19,2026/04/16 15:19,0:05,Excelファイル（管理コンソールメイン画面.csv）の入力・編集 / 検索と置換
2026/04/16 15:19,2026/04/16 15:19,0:05,Excelファイル（管理コンソールメイン画面.csv）の入力・編集 / 検索と置換
2026/04/16 15:20,2026/04/16 15:20,0:05,Excelファイル（管理コンソールメイン画面.csv）の入力・編集 / 検索と置換
2026/04/16 15:20,2026/04/16 15:20,0:05,Excelファイル（管理コンソールメイン画面.csv）の入力・編集 / 検索と置換
2026/04/16 15:20,2026/04/16 15:21,0:05,Excelファイル（管理コンソールメイン画面.csv）の入力・編集 / 検索と置換
2026/04/16 15:21,2026/04/16 15:21,0:05,Webサイト（Microsoft Excel）の閲覧・調査 / 検索と置換
2026/04/16 15:21,2026/04/16 15:21,0:05,Excelファイル（管理コンソールメイン画面.csv）の入力・編集 / 検索と置換
2026/04/16 15:21,2026/04/16 15:21,0:05,Webサイト（重複の削除に関する警告）の閲覧・調査
2026/04/16 15:21,2026/04/16 15:21,0:05,Excelファイル（管理コンソールメイン画面.csv）の入力・編集
2026/04/16 15:21,2026/04/16 15:21,0:05,Excelファイル（管理コンソールメイン画面.csv）の入力・編集 / 重複の削除
2026/04/16 15:21,2026/04/16 15:21,0:05,Webサイト（Microsoft Excel）の閲覧・調査
2026/04/16 15:21,2026/04/16 15:21,0:05,Excelファイル（管理コンソールメイン画面.csv）の入力・編集
2026/04/16 15:21,2026/04/16 15:22,0:05,Excelファイル（管理コンソールメイン画面.csv）の入力・編集 / 検索と置換
2026/04/16 15:22,2026/04/16 15:22,0:05,Excelファイル（管理コンソールメイン画面.csv）の入力・編集 / 検索と置換
2026/04/16 15:22,2026/04/16 15:22,0:05,Excelファイル（①社用ノートパソコン管理台帳.xlsx ）の入力・編集 / 検索と置換
2026/04/16 15:22,2026/04/16 15:22,0:05,Webサイト（Microsoft Excel）の閲覧・調査
2026/04/16 15:22,2026/04/16 15:24,0:05,Excelファイル（①社用ノートパソコン管理台帳.xlsx ）の入力・編集
2026/04/16 15:25,2026/04/16 15:25,0:05,Webサイト（192.169.5.5 - リモート デスクトップ接続）の閲覧・調査 / Webサイト（リモート デスクトップ接続）の閲覧・調査
2026/04/16 15:27,2026/04/16 15:27,0:05,Excelファイル（①社用ノートパソコン管理台帳.xlsx ）の入力・編集
2026/04/16 15:27,2026/04/16 15:27,0:05,Webサイト（192.169.5.5 - リモート デスクトップ接続）の閲覧・調査
2026/04/16 15:31,2026/04/16 15:31,0:05,Excelファイル（①社用ノートパソコン管理台帳.xlsx ）の入力・編集
2026/04/16 15:31,2026/04/16 15:31,0:05,Excelファイル（①社用ノートパソコン管理台帳.xlsx ）の入力・編集 / 検索と置換
2026/04/16 15:31,2026/04/16 15:31,0:05,Excelファイル（①社用ノートパソコン管理台帳.xlsx ）の入力・編集 / Excelファイル（営業部_ログ検索結果-20260416140900.csv）の入力・編集 / Excelファイル（管理コンソールメイン画面.csv）の入力・編集 / 検索と置換
2026/04/16 15:31,2026/04/16 15:31,0:05,サイボウズ（スケジュール（グループ週表示） - サイボウズ Office）での情報確認・処理 / サイボウズ（ユーザーの検索 - サイボウズ Office）での情報確認・処理 / サイボウズ（ユーザー名簿 - サイボウズ Office）での情報確認・処理
2026/04/16 15:32,2026/04/16 15:32,0:05,Excelファイル（①社用ノートパソコン管理台帳.xlsx ）の入力・編集
2026/04/16 15:32,2026/04/16 15:32,0:05,Webサイト（192.169.5.5 - リモート デスクトップ接続）の閲覧・調査 / Webサイト（リモート デスクトップ接続）の閲覧・調査
2026/04/16 15:40,2026/04/16 15:40,0:05,Excelファイル（①社用ノートパソコン管理台帳.xlsx ）の入力・編集 / Excelファイル（営業部_ログ検索結果-20260416140900.csv）の入力・編集
2026/04/16 15:43,2026/04/16 15:44,0:05,Excelファイル（営業部_ログ検索結果-20260416140900.csv）の入力・編集 / 検索と置換
2026/04/16 15:46,2026/04/16 15:46,0:05,Excelファイル（営業部_ログ検索結果-20260416140900.csv）の入力・編集 / 検索と置換
2026/04/16 15:47,2026/04/16 15:49,0:05,Webサイト（192.169.5.5 - リモート デスクトップ接続）の閲覧・調査 / Webサイト（リモート デスクトップ接続）の閲覧・調査
2026/04/16 15:57,2026/04/16 15:57,0:05,Excelファイル（営業部_ログ検索結果-20260416140900.csv）の入力・編集
2026/04/16 15:58,2026/04/16 16:01,0:05,Webサイト（Acrobat Reader 脆弱性アップデート案内 - Google Gemini）の閲覧・調査 / Webサイト（WindowsアプリやAIの活用法、最新ニュース - 窓の杜）の閲覧・調査 / Webサイト（forest.watch.impress.co.jp/category/security/vulner/）の閲覧・調査 / Webサイト（forest.watch.im...
2026/04/16 16:01,2026/04/16 16:01,0:05,PDF資料（Acrobat-for-Chrome.pdf）の確認
2026/04/16 16:01,2026/04/16 16:03,0:05,Webサイト（Acrobat Reader 脆弱性アップデート案内 - Google Gemini）の閲覧・調査 / Webサイト（WindowsアプリやAIの活用法、最新ニュース - 窓の杜）の閲覧・調査 / Webサイト（「Acrobat Reader」に追加の脆弱性修正 ～2026年4月のAdobeセキュリティ情報 - 窓の杜）の閲覧・調査 / Webサイト（「Google Chrom...
2026/04/16 16:03,2026/04/16 16:03,0:05,メール（無料のメールソフト「Thunderbird」にセキュリティ修正 ～最大深刻度はhigh）の閲覧・作成
2026/04/16 16:03,2026/04/16 16:03,0:05,Webサイト（セキュリティ 脆弱性 - 窓の杜）の閲覧・調査
2026/04/16 16:03,2026/04/16 16:03,0:05,メール（無料のメールソフト「Thunderbird」にセキュリティ修正 ～最大深刻度はhigh）の閲覧・作成
2026/04/16 16:06,2026/04/16 16:06,0:05,Webサイト（Acrobat Reader 脆弱性アップデート案内 - Google Gemini）の閲覧・調査
2026/04/16 16:07,2026/04/16 16:07,0:05,メール（無料のメールソフト「Thunderbird」にセキュリティ修正 ～最大深刻度はhigh）の閲覧・作成
2026/04/16 16:07,2026/04/16 16:09,0:05,Webサイト（Acrobat Reader 脆弱性アップデート案内 - Google Gemini）の閲覧・調査 / Webサイト（セキュリティ 脆弱性 - 窓の杜）の閲覧・調査
2026/04/16 16:09,2026/04/16 16:09,0:05,メール（無料のメールソフト「Thunderbird」にセキュリティ修正 ～最大深刻度はhigh）の閲覧・作成
2026/04/16 16:09,2026/04/16 16:10,0:05,Webサイト（Acrobat Reader 脆弱性アップデート案内 - Google Gemini）の閲覧・調査 / Webサイト（forest.watch.impress.co.jp/docs/news/2099906.html）の閲覧・調査 / Webサイト（「Firefox 149.0.2」が公開 ～細かな不具合と5件の脆弱性に対処 - 窓の杜）の閲覧・調査 / Webサイト（セキュリ...
2026/04/16 16:12,2026/04/16 16:12,0:05,Excelファイル（管理コンソールメイン画面.csv）の入力・編集
2026/04/16 16:12,2026/04/16 16:12,0:05,Webサイト（コマンド プロンプト）の閲覧・調査
2026/04/16 16:12,2026/04/16 16:30,0:18,Excelファイル（Microsoft Visual Basic for Applications）の入力・編集 / Excelファイル（①社用ノートパソコン管理台帳.xlsx ）の入力・編集 / Excelファイル（営業部_ログ検索結果-20260416140900.csv）の入力・編集 / Excelファイル（管理コンソールメイン画面.csv）の入力・編集
2026/04/16 16:31,2026/04/16 16:31,0:05,Webサイト（192.169.5.5 - リモート デスクトップ接続）の閲覧・調査
2026/04/16 16:34,2026/04/16 16:34,0:05,Excelファイル（営業部_ログ検索結果-20260416140900.csv）の入力・編集
2026/04/16 16:37,2026/04/16 16:37,0:05,Webサイト（192.169.5.5 - リモート デスクトップ接続）の閲覧・調査
2026/04/16 16:37,2026/04/16 16:37,0:05,Excelファイル（①社用ノートパソコン管理台帳.xlsx ）の入力・編集
2026/04/16 16:37,2026/04/16 16:37,0:05,Webサイト（192.169.5.5 - リモート デスクトップ接続）の閲覧・調査
2026/04/16 16:37,2026/04/16 16:37,0:05,Excelファイル（管理コンソールメイン画面.csv）の入力・編集
2026/04/16 16:37,2026/04/16 16:37,0:05,Webサイト（192.169.5.5 - リモート デスクトップ接続）の閲覧・調査
2026/04/16 16:37,2026/04/16 16:37,0:05,Excelファイル（営業部_ログ検索結果-20260416140900.csv）の入力・編集 / Excelファイル（営業部_ログ検索結果-20260416140900.xlsm）の入力・編集
2026/04/16 16:37,2026/04/16 16:37,0:05,サイボウズ（forestway.cybozu.com/o/ag.cgi?page=MyFolderIndex）での情報確認・処理 / サイボウズ（メッセージの送信 - サイボウズ Office）での情報確認・処理 / サイボウズ（ユーザーの検索 - サイボウズ Office）での情報確認・処理 / サイボウズ（個人フォルダ - サイボウズ Office）での情報確認・処理
2026/04/16 16:42,2026/04/16 16:42,0:05,Excelファイル（営業部_ログ検索結果-20260416140900.xlsm）の入力・編集
2026/04/16 16:42,2026/04/16 16:42,0:05,Webサイト（192.169.5.5 - リモート デスクトップ接続）の閲覧・調査
2026/04/16 16:42,2026/04/16 16:42,0:05,サイボウズ（メール - サイボウズ Office および他 1 ページ）での情報確認・処理
2026/04/16 16:42,2026/04/16 16:42,0:05,Webサイト（192.169.5.5 - リモート デスクトップ接続）の閲覧・調査 / Webサイト（Acrobat Reader 脆弱性アップデート案内 - Google Gemini）の閲覧・調査 / Webサイト（「Firefox 149.0.2」が公開 ～細かな不具合と5件の脆弱性に対処 - 窓の杜）の閲覧・調査 / Webサイト（リモート デスクトップ接続）の閲覧・調査
2026/04/16 16:42,2026/04/16 16:42,0:05,サイボウズ（Cybozu Exporter V6.14 - Master Bridge Mode）での情報確認・処理
2026/04/16 16:42,2026/04/16 16:42,0:05,Webサイト（「Firefox 149.0.2」が公開 ～細かな不具合と5件の脆弱性に対処 - 窓の杜）の閲覧・調査
2026/04/16 16:42,2026/04/16 16:42,0:05,Antigravityを用いた「システム開発・改善」の開発・相談
2026/04/16 16:42,2026/04/16 16:42,0:05,Webサイト（「Firefox 149.0.2」が公開 ～細かな不具合と5件の脆弱性に対処 - 窓の杜）の閲覧・調査
2026/04/16 16:42,2026/04/16 16:42,0:05,サイボウズ（Cybozu Exporter V6.12 - Ultra Scan Mode）での情報確認・処理
2026/04/16 16:42,2026/04/16 16:42,0:05,Webサイト（「Firefox 149.0.2」が公開 ～細かな不具合と5件の脆弱性に対処 - 窓の杜）の閲覧・調査
2026/04/16 16:42,2026/04/16 16:43,0:05,サイボウズ（Cybozu Exporter V6.13 - Ultimate Hybrid Mode）での情報確認・処理 / サイボウズ（forestway.cybozu.com/o/ag.cgi?page=MyFolderIndex&fid=）での情報確認・処理 / サイボウズ（forestway.cybozu.com/o/ag.cgi?page=MyFolderMessageView&m...
2026/04/16 16:43,2026/04/16 16:50,0:06,Webサイト（192.169.5.5 - リモート デスクトップ接続）の閲覧・調査 / Webサイト（Acrobat Reader 脆弱性アップデート案内 - Google Gemini）の閲覧・調査 / Webサイト（BitLocker　ある日急にパスワードを聞かれるようになる問題 - Comet）の閲覧・調査 / Webサイト（New Tab - Comet）の閲覧・調査 / Webサイ...
2026/04/16 16:50,2026/04/16 16:50,0:05,サイボウズ（メッセージの詳細 - サイボウズ Office）での情報確認・処理
2026/04/16 16:50,2026/04/16 16:51,0:05,Webサイト（Acrobat Reader 脆弱性アップデート案内 - Google Gemini）の閲覧・調査 / Webサイト（「Firefox 149.0.2」が公開 ～細かな不具合と5件の脆弱性に対処 - 窓の杜）の閲覧・調査
2026/04/16 16:51,2026/04/16 16:51,0:05,サイボウズ（メッセージの詳細 - サイボウズ Office）での情報確認・処理
2026/04/16 16:51,2026/04/16 16:51,0:05,Webサイト（Acrobat Reader 脆弱性アップデート案内 - Google Gemini）の閲覧・調査 / Webサイト（「Firefox 149.0.2」が公開 ～細かな不具合と5件の脆弱性に対処 - 窓の杜）の閲覧・調査 / Webサイト（セキュリティ 脆弱性 - 窓の杜）の閲覧・調査
2026/04/16 16:52,2026/04/16 16:52,0:05,サイボウズ（メッセージの詳細 - サイボウズ Office）での情報確認・処理
2026/04/16 16:52,2026/04/16 16:52,0:05,Webサイト（セキュリティ 脆弱性 - 窓の杜）の閲覧・調査
2026/04/16 16:52,2026/04/16 16:52,0:05,サイボウズ（メッセージの詳細 - サイボウズ Office）での情報確認・処理 / サイボウズ（個人フォルダ - サイボウズ Office）での情報確認・処理
2026/04/16 16:52,2026/04/16 16:52,0:05,Excelファイル（営業部_ログ検索結果-20260416140900.xlsm ）の入力・編集 / Excelファイル（管理コンソールメイン画面.csv）の入力・編集
2026/04/16 16:56,2026/04/16 16:56,0:05,Webサイト（192.169.5.5 - リモート デスクトップ接続）の閲覧・調査
2026/04/16 16:56,2026/04/16 16:56,0:05,Excelファイル（営業部_ログ検索結果-20260416140900.xlsm ）の入力・編集
2026/04/16 16:59,2026/04/16 16:59,0:05,Webサイト（192.169.5.5 - リモート デスクトップ接続）の閲覧・調査
2026/04/16 17:00,2026/04/16 17:00,0:05,Excelファイル（営業部_ログ検索結果-20260416140900.xlsm ）の入力・編集
2026/04/16 17:01,2026/04/16 17:01,0:05,Webサイト（192.169.5.5 - リモート デスクトップ接続）の閲覧・調査
2026/04/16 17:02,2026/04/16 17:02,0:05,Excelファイル（営業部_ログ検索結果-20260416140900.xlsm ）の入力・編集 / Excelファイル（管理コンソールメイン画面.csv）の入力・編集
2026/04/16 17:02,2026/04/16 17:02,0:05,Webサイト（192.169.5.5 - リモート デスクトップ接続）の閲覧・調査 / Webサイト（リモート デスクトップ接続）の閲覧・調査
2026/04/16 17:02,2026/04/16 17:02,0:05,Excelファイル（管理コンソールメイン画面.csv）の入力・編集
2026/04/16 17:02,2026/04/16 17:03,0:05,サイボウズ（Cybozu Exporter V6.13 - Ultimate Hybrid Mode）での情報確認・処理 / サイボウズ（Cybozu Exporter V6.14 - Master Bridge Mode）での情報確認・処理
2026/04/16 17:03,2026/04/16 17:03,0:05,Webサイト（フォルダーの選択）の閲覧・調査
2026/04/16 17:03,2026/04/16 17:03,0:05,サイボウズ（Cybozu Exporter V6.14 - Master Bridge Mode）での情報確認・処理
2026/04/16 17:03,2026/04/16 17:03,0:05,"Webサイト（data:, - プロファイル 1 - Microsoft? Edge）の閲覧・調査 / Webサイト（インフォメーション - プロファイル 1 - Microsoft? Edge）の閲覧・調査"
2026/04/16 17:03,2026/04/16 17:04,0:05,サイボウズ（Cybozu Exporter V6.14 - Master Bridge Mode）での情報確認・処理 / サイボウズ（トップページ - サイボウズ Office - プロファイル 1 - Microsoft? Edge）での情報確認・処理 / サイボウズ（メール - サイボウズ Office - プロファイル 1 - Microsoft? Edge）での情報確認・処理 / サ...
2026/04/16 17:04,2026/04/16 17:04,0:05,Antigravityを用いた「システム開発・改善」の開発・相談
2026/04/16 17:04,2026/04/16 17:04,0:05,サイボウズ（Cybozu Exporter V6.14 - Master Bridge Mode）での情報確認・処理
2026/04/16 17:04,2026/04/16 17:04,0:05,Antigravityを用いた「システム開発・改善」の開発・相談
2026/04/16 17:05,2026/04/16 17:05,0:05,サイボウズ（Cybozu Exporter V6.14 - Master Bridge Mode）での情報確認・処理
2026/04/16 17:05,2026/04/16 17:05,0:05,Webサイト（フォルダーの選択）の閲覧・調査
2026/04/16 17:05,2026/04/16 17:05,0:05,サイボウズ（Cybozu Exporter V6.14 - Master Bridge Mode）での情報確認・処理
2026/04/16 17:05,2026/04/16 17:05,0:05,"Webサイト（data:, - プロファイル 1 - Microsoft? Edge）の閲覧・調査 / Webサイト（インフォメーション - プロファイル 1 - Microsoft? Edge）の閲覧・調査"
2026/04/16 17:05,2026/04/16 17:05,0:05,サイボウズ（Cybozu Exporter V6.14 - Master Bridge Mode）での情報確認・処理 / サイボウズ（トップページ - サイボウズ Office - プロファイル 1 - Microsoft? Edge）での情報確認・処理 / サイボウズ（メール - サイボウズ Office - プロファイル 1 - Microsoft? Edge）での情報確認・処理
2026/04/16 17:05,2026/04/16 17:05,0:05,Antigravityを用いた「システム開発・改善」の開発・相談
2026/04/16 17:06,2026/04/16 17:07,0:05,Webサイト（Acrobat Reader 脆弱性アップデート案内 - Google Gemini）の閲覧・調査 / Webサイト（forest.watch.impress.co.jp/docs/news/2099190.html）の閲覧・調査 / Webサイト（「Microsoft Edge」にゼロデイ脆弱性、WebGPU実装「Dawn」の欠陥を突く攻撃が確認 - 窓の杜）の閲覧・調査 /...
2026/04/16 17:09,2026/04/16 17:09,0:05,Antigravityを用いた「システム開発・改善」の開発・相談
2026/04/16 17:09,2026/04/16 17:09,0:05,サイボウズ（メール - サイボウズ Office および他 1 ページ）での情報確認・処理
2026/04/16 17:09,2026/04/16 17:09,0:05,Antigravityを用いた「システム開発・改善」の開発・相談
2026/04/16 17:09,2026/04/16 17:09,0:05,サイボウズ（Cybozu Exporter V6.16 - Absolute Count Mode）での情報確認・処理
2026/04/16 17:09,2026/04/16 17:10,0:05,Antigravityを用いた「システム開発・改善」の開発・相談
2026/04/16 17:10,2026/04/16 17:10,0:05,サイボウズ（メール - サイボウズ Office および他 1 ページ）での情報確認・処理
2026/04/16 17:10,2026/04/16 17:10,0:05,Antigravityを用いた「システム開発・改善」の開発・相談
2026/04/16 17:10,2026/04/16 17:10,0:05,サイボウズ（Cybozu Exporter V6.16 - Absolute Count Mode）での情報確認・処理
2026/04/16 17:10,2026/04/16 17:10,0:05,Webサイト（フォルダーの選択）の閲覧・調査
2026/04/16 17:10,2026/04/16 17:10,0:05,サイボウズ（Cybozu Exporter V6.16 - Absolute Count Mode）での情報確認・処理
2026/04/16 17:10,2026/04/16 17:10,0:05,"Webサイト（data:, - プロファイル 1 - Microsoft? Edge）の閲覧・調査"
2026/04/16 17:10,2026/04/16 17:11,0:05,サイボウズ（Cybozu Exporter V6.16 - Absolute Count Mode）での情報確認・処理
2026/04/16 17:11,2026/04/16 17:11,0:05,Webサイト（インフォメーション - プロファイル 1 - Microsoft? Edge）の閲覧・調査
2026/04/16 17:11,2026/04/16 17:11,0:05,サイボウズ（Cybozu Exporter V6.16 - Absolute Count Mode）での情報確認・処理 / サイボウズ（トップページ - サイボウズ Office - プロファイル 1 - Microsoft? Edge）での情報確認・処理 / サイボウズ（メール - サイボウズ Office - プロファイル 1 - Microsoft? Edge）での情報確認・処理
2026/04/16 17:11,2026/04/16 17:11,0:05,Antigravityを用いた「システム開発・改善」の開発・相談
2026/04/16 17:14,2026/04/16 17:14,0:05,サイボウズ（Cybozu Exporter V6.17 - Safety Revert）での情報確認・処理
2026/04/16 17:15,2026/04/16 17:15,0:05,Webサイト（フォルダーの選択）の閲覧・調査
2026/04/16 17:15,2026/04/16 17:15,0:05,サイボウズ（Cybozu Exporter V6.17 - Safety Revert）での情報確認・処理
2026/04/16 17:15,2026/04/16 17:15,0:05,"Webサイト（data:, - プロファイル 1 - Microsoft? Edge）の閲覧・調査 / Webサイト（インフォメーション - プロファイル 1 - Microsoft? Edge）の閲覧・調査"
2026/04/16 17:15,2026/04/16 17:17,0:05,サイボウズ（Cybozu Exporter V6.17 - Safety Revert）での情報確認・処理 / サイボウズ（エラー 14708 - サイボウズ Office - プロファイル 1 - Microsoft? Edge）での情報確認・処理 / サイボウズ（トップページ - サイボウズ Office - プロファイル 1 - Microsoft? Edge）での情報確認・処理 / ...
2026/04/16 17:17,2026/04/16 17:17,0:05,Webサイト（Acrobat Reader 脆弱性アップデート案内 - Google Gemini）の閲覧・調査
2026/04/16 17:17,2026/04/16 17:17,0:05,サイボウズ（メッセージの詳細 - サイボウズ Office）での情報確認・処理 / サイボウズ（メッセージの送信 - サイボウズ Office）での情報確認・処理 / サイボウズ（個人フォルダ - サイボウズ Office）での情報確認・処理
2026/04/16 17:18,2026/04/16 17:20,0:05,Webサイト（Acrobat Reader 脆弱性アップデート案内 - Google Gemini）の閲覧・調査 / Webサイト（リモート デスクトップ接続）の閲覧・調査
2026/04/16 17:20,2026/04/16 17:20,0:05,サイボウズ（メッセージの送信 - サイボウズ Office）での情報確認・処理
2026/04/16 17:21,2026/04/16 17:21,0:05,Webサイト（Acrobat Reader 脆弱性アップデート案内 - Google Gemini）の閲覧・調査
2026/04/16 17:22,2026/04/16 17:22,0:05,サイボウズ（メッセージの送信 - サイボウズ Office）での情報確認・処理
2026/04/16 17:22,2026/04/16 17:23,0:05,Webサイト（Acrobat Reader 脆弱性アップデート案内 - Google Gemini）の閲覧・調査 / Webサイト（リモート デスクトップ接続）の閲覧・調査
2026/04/16 17:23,2026/04/16 17:23,0:05,サイボウズ（メール本文 - サイボウズ Office - プロファイル 1 - Microsoft? Edge）での情報確認・処理
2026/04/16 17:23,2026/04/16 17:23,0:05,Webサイト（Acrobat Reader 脆弱性アップデート案内 - Google Gemini）の閲覧・調査
2026/04/16 17:23,2026/04/16 17:23,0:05,サイボウズ（Cybozu Exporter V6.17 - Safety Revert）での情報確認・処理
2026/04/16 17:23,2026/04/16 17:23,0:05,Webサイト（Acrobat Reader 脆弱性アップデート案内 - Google Gemini）の閲覧・調査
2026/04/16 17:23,2026/04/16 17:23,0:05,Antigravityを用いた「システム開発・改善」の開発・相談
2026/04/16 17:24,2026/04/16 17:24,0:05,Webサイト（Acrobat Reader 脆弱性アップデート案内 - Google Gemini）の閲覧・調査
2026/04/16 17:24,2026/04/16 17:24,0:05,Antigravityを用いた「システム開発・改善」の開発・相談
2026/04/16 17:25,2026/04/16 17:25,0:05,サイボウズ（Cybozu Exporter V6.18 - Legacy Revive (V5.0 Style)）での情報確認・処理
2026/04/16 17:25,2026/04/16 17:25,0:05,Webサイト（フォルダーの選択）の閲覧・調査
2026/04/16 17:25,2026/04/16 17:25,0:05,サイボウズ（Cybozu Exporter V6.18 - Legacy Revive (V5.0 Style)）での情報確認・処理
2026/04/16 17:25,2026/04/16 17:25,0:05,Webサイト（インフォメーション - プロファイル 1 - Microsoft? Edge）の閲覧・調査
2026/04/16 17:25,2026/04/16 17:25,0:05,サイボウズ（トップページ - サイボウズ Office - プロファイル 1 - Microsoft? Edge）での情報確認・処理
2026/04/16 17:25,2026/04/16 17:25,0:05,Webサイト（Acrobat Reader 脆弱性アップデート案内 - Google Gemini）の閲覧・調査
2026/04/16 17:26,2026/04/16 17:26,0:05,サイボウズ（メッセージの送信 - サイボウズ Office）での情報確認・処理
2026/04/16 17:26,2026/04/16 17:26,0:05,Webサイト（Acrobat Reader 脆弱性アップデート案内 - Google Gemini）の閲覧・調査
2026/04/16 17:27,2026/04/16 17:27,0:05,サイボウズ（メール - サイボウズ Office および他 1 ページ）での情報確認・処理
2026/04/16 17:27,2026/04/16 17:27,0:05,Webサイト（Acrobat Reader 脆弱性アップデート案内 - Google Gemini）の閲覧・調査
2026/04/16 17:27,2026/04/16 17:27,0:05,サイボウズ（メッセージの送信 - サイボウズ Office）での情報確認・処理
2026/04/16 17:27,2026/04/16 17:27,0:05,Webサイト（Acrobat Reader 脆弱性アップデート案内 - Google Gemini）の閲覧・調査
2026/04/16 17:41,2026/04/16 17:41,0:05,サイボウズ（Cybozu Exporter V6.18 - Legacy Revive (V5.0 Style)）での情報確認・処理 / サイボウズ（トップページ - サイボウズ Office - プロファイル 1 - Microsoft? Edge）での情報確認・処理
2026/04/16 17:41,2026/04/16 17:41,0:05,"Webサイト（data:, - プロファイル 1 - Microsoft? Edge）の閲覧・調査"
2026/04/16 17:41,2026/04/16 17:41,0:05,Antigravityを用いた「システム開発・改善」の開発・相談
2026/04/16 17:41,2026/04/16 17:41,0:05,サイボウズ（トップページ - サイボウズ Office - プロファイル 1 - Microsoft? Edge）での情報確認・処理
2026/04/16 17:42,2026/04/16 17:42,0:05,Webサイト（インフォメーション - プロファイル 1 - Microsoft? Edge）の閲覧・調査
2026/04/16 17:42,2026/04/16 17:42,0:05,サイボウズ（Cybozu Exporter V6.18 - Legacy Revive (V5.0 Style)）での情報確認・処理 / サイボウズ（トップページ - サイボウズ Office - プロファイル 1 - Microsoft? Edge）での情報確認・処理 / サイボウズ（メール - サイボウズ Office - プロファイル 1 - Microsoft? Edge）での情報確...
2026/04/16 17:42,2026/04/16 17:42,0:05,Webサイト（192.169.5.5 - リモート デスクトップ接続）の閲覧・調査 / Webサイト（リモート デスクトップ接続）の閲覧・調査
2026/04/16 17:42,2026/04/16 17:42,0:05,サイボウズ（メッセージの送信 - サイボウズ Office）での情報確認・処理
2026/04/16 17:42,2026/04/16 17:43,0:05,Webサイト（Acrobat Reader 脆弱性アップデート案内 - Google Gemini）の閲覧・調査 / Webサイト（リモート デスクトップ接続）の閲覧・調査
2026/04/16 17:43,2026/04/16 17:43,0:05,サイボウズ（メッセージの送信 - サイボウズ Office）での情報確認・処理
2026/04/16 17:43,2026/04/16 17:43,0:05,Webサイト（Acrobat Reader 脆弱性アップデート案内 - Google Gemini）の閲覧・調査
2026/04/16 17:44,2026/04/16 17:44,0:05,サイボウズ（メッセージの送信 - サイボウズ Office）での情報確認・処理
2026/04/16 17:45,2026/04/16 17:54,0:08,Webサイト（192.169.5.5 - リモート デスクトップ接続）の閲覧・調査 / Webサイト（Acrobat Reader 脆弱性アップデート案内 - Google Gemini）の閲覧・調査 / Webサイト（リモート デスクトップ接続）の閲覧・調査
2026/04/16 17:54,2026/04/16 17:54,0:05,サイボウズ（メッセージの送信 - サイボウズ Office）での情報確認・処理
2026/04/16 17:54,2026/04/16 17:54,0:05,Webサイト（Acrobat Reader 脆弱性アップデート案内 - Google Gemini）の閲覧・調査
2026/04/16 17:54,2026/04/16 17:54,0:05,サイボウズ（メッセージの送信 - サイボウズ Office）での情報確認・処理
2026/04/16 17:54,2026/04/16 17:54,0:05,Webサイト（Acrobat Reader 脆弱性アップデート案内 - Google Gemini）の閲覧・調査
2026/04/16 17:55,2026/04/16 17:55,0:05,サイボウズ（メッセージの送信 - サイボウズ Office）での情報確認・処理
2026/04/16 17:55,2026/04/16 17:55,0:05,Webサイト（Acrobat Reader 脆弱性アップデート案内 - Google Gemini）の閲覧・調査
2026/04/16 17:55,2026/04/16 17:55,0:05,サイボウズ（メッセージの送信 - サイボウズ Office）での情報確認・処理
2026/04/16 18:20,2026/04/16 18:20,0:05,Webサイト（Acrobat Reader 脆弱性アップデート案内 - Google Gemini）の閲覧・調査
2026/04/16 18:20,2026/04/16 18:20,0:05,サイボウズ（メッセージの送信 - サイボウズ Office）での情報確認・処理
2026/04/16 18:20,2026/04/16 18:20,0:05,Webサイト（Acrobat Reader 脆弱性アップデート案内 - Google Gemini）の閲覧・調査
2026/04/16 18:21,2026/04/16 18:21,0:05,サイボウズ（メッセージの送信 - サイボウズ Office）での情報確認・処理
2026/04/16 18:21,2026/04/16 18:21,0:05,Webサイト（Acrobat Reader 脆弱性アップデート案内 - Google Gemini）の閲覧・調査
2026/04/16 18:21,2026/04/16 18:21,0:05,サイボウズ（メッセージの送信 - サイボウズ Office）での情報確認・処理
2026/04/16 18:21,2026/04/16 18:21,0:05,Webサイト（Acrobat Reader 脆弱性アップデート案内 - Google Gemini）の閲覧・調査
2026/04/16 18:21,2026/04/16 18:21,0:05,サイボウズ（メッセージの送信 - サイボウズ Office）での情報確認・処理
2026/04/16 18:21,2026/04/16 18:21,0:05,Webサイト（Acrobat Reader 脆弱性アップデート案内 - Google Gemini）の閲覧・調査
2026/04/16 18:21,2026/04/16 18:21,0:05,サイボウズ（メッセージの送信 - サイボウズ Office）での情報確認・処理
2026/04/16 18:21,2026/04/16 18:21,0:05,Webサイト（Acrobat Reader 脆弱性アップデート案内 - Google Gemini）の閲覧・調査
2026/04/16 18:21,2026/04/16 18:21,0:05,サイボウズ（メッセージの送信 - サイボウズ Office）での情報確認・処理
2026/04/16 18:21,2026/04/16 18:21,0:05,Webサイト（Acrobat Reader 脆弱性アップデート案内 - Google Gemini）の閲覧・調査
2026/04/16 18:21,2026/04/16 18:29,0:07,サイボウズ（forestway.cybozu.com/o/ag.cgi?page=MyFolderIndex&fid=）での情報確認・処理 / サイボウズ（forestway.cybozu.com/o/ag.cgi?page=MyFolderMessageView&dbid=9&eid=90183&mid=301217&cp=ml&sp=）での情報確認・処理 / サイボウズ（メッセージの変更...
2026/04/16 18:29,2026/04/16 18:30,0:05,Webサイト（Acrobat Reader 脆弱性アップデート案内 - Google Gemini）の閲覧・調査 / Webサイト（WindowsアプリやAIの活用法、最新ニュース - 窓の杜）の閲覧・調査 / Webサイト（forest.watch.impress.co.jp）の閲覧・調査 / Webサイト（セキュリティ 脆弱性 - 窓の杜）の閲覧・調査 / Webサイト（窓の杜 - Go...
2026/04/16 18:30,2026/04/16 18:30,0:05,メール（無料のメールソフト「Thunderbird」にセキュリティ修正 ～最大深刻度はhigh）の閲覧・作成
2026/04/16 18:30,2026/04/16 18:30,0:05,Webサイト（セキュリティ 脆弱性 - 窓の杜）の閲覧・調査
2026/04/16 18:31,2026/04/16 18:31,0:05,メール（無料のメールソフト「Thunderbird」にセキュリティ修正 ～最大深刻度はhigh）の閲覧・作成
2026/04/16 18:31,2026/04/16 18:31,0:05,Webサイト（Acrobat Reader 脆弱性アップデート案内 - Google Gemini）の閲覧・調査
2026/04/16 18:32,2026/04/16 18:32,0:05,サイボウズ（メッセージの変更（標題・本文） - サイボウズ Office）での情報確認・処理 / サイボウズ（メッセージの詳細 - サイボウズ Office）での情報確認・処理
2026/04/16 18:32,2026/04/16 18:32,0:05,Webサイト（Acrobat Reader 脆弱性アップデート案内 - Google Gemini）の閲覧・調査
2026/04/16 18:32,2026/04/16 18:32,0:05,サイボウズ（メッセージの変更（標題・本文） - サイボウズ Office）での情報確認・処理
2026/04/16 18:33,2026/04/16 18:33,0:05,Webサイト（Acrobat Reader 脆弱性アップデート案内 - Google Gemini）の閲覧・調査
2026/04/16 18:33,2026/04/16 18:33,0:05,サイボウズ（メッセージの変更（標題・本文） - サイボウズ Office）での情報確認・処理
2026/04/16 18:34,2026/04/16 18:34,0:05,Webサイト（Acrobat Reader 脆弱性アップデート案内 - Google Gemini）の閲覧・調査
2026/04/16 18:34,2026/04/16 18:34,0:05,サイボウズ（メッセージの変更（標題・本文） - サイボウズ Office）での情報確認・処理
2026/04/16 18:35,2026/04/16 18:35,0:05,Webサイト（Acrobat Reader 脆弱性アップデート案内 - Google Gemini）の閲覧・調査
2026/04/16 18:35,2026/04/16 18:35,0:05,サイボウズ（メッセージの変更（標題・本文） - サイボウズ Office）での情報確認・処理
2026/04/16 18:35,2026/04/16 18:35,0:05,Webサイト（Acrobat Reader 脆弱性アップデート案内 - Google Gemini）の閲覧・調査
2026/04/16 18:35,2026/04/16 18:36,0:05,サイボウズ（forestway.cybozu.com/o/ag.cgi?page=MyFolderMessageView&dbid=9&eid=90183&mid=301217&cp=ml&sp=）での情報確認・処理 / サイボウズ（メッセージの変更（標題・本文） - サイボウズ Office）での情報確認・処理 / サイボウズ（メッセージの詳細 - サイボウズ Office）での情報確認・処理
2026/04/16 18:36,2026/04/16 18:36,0:05,Webサイト（Acrobat Reader 脆弱性アップデート案内 - Google Gemini）の閲覧・調査
2026/04/16 18:36,2026/04/16 18:36,0:05,サイボウズ（メッセージの詳細 - サイボウズ Office）での情報確認・処理
2026/04/16 18:36,2026/04/16 18:36,0:05,Webサイト（192.169.5.5 - リモート デスクトップ接続）の閲覧・調査
2026/04/16 18:36,2026/04/16 18:36,0:05,Excelファイル（管理コンソールメイン画面.csv）の入力・編集
2026/04/16 18:36,2026/04/16 18:36,0:05,Webサイト（ダウンロード中）の閲覧・調査
2026/04/16 18:36,2026/04/16 18:36,0:05,Excelファイル（ログ表示結果-20260416175217.csv）の入力・編集 / Excelファイル（管理コンソールメイン画面.csv）の入力・編集
2026/04/16 18:36,2026/04/16 18:37,0:05,Webサイト（192.169.5.5 - リモート デスクトップ接続）の閲覧・調査 / Webサイト（リモート デスクトップ接続）の閲覧・調査
2026/04/16 18:37,2026/04/16 18:37,0:05,Excelファイル（ログ表示結果-20260416175217.csv）の入力・編集
2026/04/16 18:37,2026/04/16 18:37,0:05,サイボウズ（メッセージの詳細 - サイボウズ Office）での情報確認・処理
2026/04/16 18:37,2026/04/16 18:37,0:05,Excelファイル（ログ表示結果-20260416175217.csv）の入力・編集
2026/04/16 18:37,2026/04/16 18:37,0:05,サイボウズ（メッセージの詳細 - サイボウズ Office）での情報確認・処理
2026/04/16 18:37,2026/04/16 18:38,0:05,Excelファイル（ログ表示結果-20260416175217.csv）の入力・編集
2026/04/16 18:40,2026/04/16 18:40,0:05,Webサイト（レンズの分析）の閲覧・調査
2026/04/16 18:40,2026/04/16 18:40,0:05,Excelファイル（ログ表示結果-20260416175217.csv）の入力・編集
2026/04/16 18:41,2026/04/16 18:41,0:05,Webサイト（Acrobat Reader 脆弱性アップデート案内 - Google Gemini）の閲覧・調査 / Webサイト（Google Gemini）の閲覧・調査 / Webサイト（なんでも質問チャット - Google Gemini）の閲覧・調査 / Webサイト（社内SEの仕事なんでも相談 - Google Gemini）の閲覧・調査
2026/04/16 18:42,2026/04/16 18:42,0:05,Excelファイル（ログ表示結果-20260416175217.csv）の入力・編集
2026/04/16 18:42,2026/04/16 18:42,0:05,Webサイト（社内SEの仕事なんでも相談 - Google Gemini）の閲覧・調査
2026/04/16 18:43,2026/04/16 18:43,0:05,Excelファイル（ログ表示結果-20260416175217.csv）の入力・編集
2026/04/16 18:43,2026/04/16 18:43,0:05,Webサイト（社内SEの仕事なんでも相談 - Google Gemini）の閲覧・調査
2026/04/16 18:45,2026/04/16 18:45,0:05,Excelファイル（Microsoft Visual Basic for Applications）の入力・編集 / Excelファイル（ログ表示結果-20260416175217.csv）の入力・編集
2026/04/16 18:45,2026/04/16 18:45,0:05,Webサイト（Microsoft Visual Basic for Applications - Project1）の閲覧・調査 / Webサイト（Microsoft Visual Basic for Applications - VBAProject）の閲覧・調査 / Webサイト（Microsoft Visual Basic for Applications）の閲覧・調査
2026/04/16 18:45,2026/04/16 18:45,0:05,Excelファイル（Microsoft Visual Basic for Applications）の入力・編集
2026/04/16 18:45,2026/04/16 18:45,0:05,Webサイト（社内SEの仕事なんでも相談 - Google Gemini）の閲覧・調査
2026/04/16 18:45,2026/04/16 18:45,0:05,Excelファイル（Microsoft Visual Basic for Applications）の入力・編集
2026/04/16 18:45,2026/04/16 18:45,0:05,Webサイト（社内SEの仕事なんでも相談 - Google Gemini）の閲覧・調査
2026/04/16 18:45,2026/04/16 18:46,0:05,Excelファイル（Microsoft Visual Basic for Applications）の入力・編集 / Excelファイル（ログ表示結果-20260416175217.csv）の入力・編集
2026/04/16 18:46,2026/04/16 18:46,0:05,Webサイト（社内SEの仕事なんでも相談 - Google Gemini）の閲覧・調査
2026/04/16 18:46,2026/04/16 18:47,0:05,Excelファイル（ログ表示結果-20260416175217.csv）の入力・編集
2026/04/16 18:47,2026/04/16 18:47,0:05,Webサイト（Microsoft Excel）の閲覧・調査
2026/04/16 18:47,2026/04/16 18:47,0:05,Excelファイル（ログ表示結果-20260416175217.csv）の入力・編集
2026/04/16 18:47,2026/04/16 18:47,0:05,Webサイト（社内SEの仕事なんでも相談 - Google Gemini）の閲覧・調査
2026/04/16 18:47,2026/04/16 18:47,0:05,サイボウズ（Cybozu Exporter V6.18 - Legacy Revive (V5.0 Style)）での情報確認・処理
2026/04/16 18:47,2026/04/16 18:47,0:05,Webサイト（社内SEの仕事なんでも相談 - Google Gemini）の閲覧・調査
2026/04/16 18:47,2026/04/16 18:47,0:05,Antigravityを用いた「システム開発・改善」の開発・相談
2026/04/16 18:47,2026/04/16 18:47,0:05,Webサイト（社内SEの仕事なんでも相談 - Google Gemini）の閲覧・調査 / Webサイト（管理者: Windows PowerShell）の閲覧・調査
2026/04/16 18:47,2026/04/16 18:47,0:05,サイボウズ（メール本文 - サイボウズ Office - プロファイル 1 - Microsoft? Edge）での情報確認・処理
2026/04/16 18:47,2026/04/16 18:47,0:05,Webサイト（社内SEの仕事なんでも相談 - Google Gemini）の閲覧・調査
2026/04/16 18:47,2026/04/16 18:47,0:05,Excelファイル（ログ表示結果-20260416175217.csv）の入力・編集
2026/04/16 18:47,2026/04/16 18:47,0:05,サイボウズ（メッセージの詳細 - サイボウズ Office）での情報確認・処理
2026/04/16 18:47,2026/04/16 18:47,0:05,Excelファイル（ログ表示結果-20260416175217.csv）の入力・編集
2026/04/16 18:47,2026/04/16 18:47,0:05,Webサイト（「Microsoft Edge」にゼロデイ脆弱性、WebGPU実装「Dawn」の欠陥を突く攻撃が確認 - 窓の杜）の閲覧・調査
2026/04/16 18:47,2026/04/16 18:51,0:05,Excelファイル（ログ表示結果-20260416175217.csv）の入力・編集 / Excelファイル（管理コンソールメイン画面.csv）の入力・編集
2026/04/16 18:52,2026/04/16 18:56,0:05,Webサイト（社内SEの仕事なんでも相談 - Google Gemini）の閲覧・調査
2026/04/16 18:56,2026/04/16 18:56,0:05,Excelファイル（Microsoft Visual Basic for Applications）の入力・編集 / Excelファイル（ログ表示結果-20260416175217.csv）の入力・編集
2026/04/16 18:56,2026/04/16 18:56,0:05,Webサイト（Microsoft Excel）の閲覧・調査
2026/04/16 18:56,2026/04/16 18:56,0:05,Excelファイル（ログ表示結果-20260416175217.csv）の入力・編集
2026/04/16 18:56,2026/04/16 18:56,0:05,Webサイト（社内SEの仕事なんでも相談 - Google Gemini）の閲覧・調査
2026/04/16 18:56,2026/04/16 18:56,0:05,Excelファイル（Microsoft Visual Basic for Applications）の入力・編集 / Excelファイル（ログ表示結果-20260416175217.csv）の入力・編集
2026/04/16 18:56,2026/04/16 18:56,0:05,Webサイト（社内SEの仕事なんでも相談 - Google Gemini）の閲覧・調査
2026/04/16 18:56,2026/04/16 18:56,0:05,Excelファイル（Microsoft Visual Basic for Applications）の入力・編集 / Excelファイル（ログ表示結果-20260416175217.csv）の入力・編集
2026/04/16 18:56,2026/04/16 18:56,0:05,Webサイト（Microsoft Excel）の閲覧・調査
2026/04/16 18:57,2026/04/16 18:57,0:05,Excelファイル（ログ表示結果-20260416175217.csv）の入力・編集
2026/04/16 18:57,2026/04/16 18:57,0:05,Webサイト（社内SEの仕事なんでも相談 - Google Gemini）の閲覧・調査
2026/04/16 18:57,2026/04/16 18:57,0:05,Excelファイル（ログ表示結果-20260416175217.csv）の入力・編集
2026/04/16 18:57,2026/04/16 18:57,0:05,Webサイト（社内SEの仕事なんでも相談 - Google Gemini）の閲覧・調査
2026/04/16 18:58,2026/04/16 18:58,0:05,Excelファイル（ログ表示結果-20260416175217.csv）の入力・編集
2026/04/16 18:58,2026/04/16 18:58,0:05,Webサイト（社内SEの仕事なんでも相談 - Google Gemini）の閲覧・調査
2026/04/16 18:58,2026/04/16 18:58,0:05,Excelファイル（ログ表示結果-20260416175217.csv）の入力・編集
2026/04/16 18:59,2026/04/16 18:59,0:05,Webサイト（社内SEの仕事なんでも相談 - Google Gemini）の閲覧・調査
2026/04/16 19:00,2026/04/16 19:01,0:05,Excelファイル（Microsoft Visual Basic for Applications）の入力・編集 / Excelファイル（ログ表示結果-20260416175217.csv）の入力・編集
2026/04/16 19:01,2026/04/16 19:01,0:05,Webサイト（Microsoft Excel）の閲覧・調査
2026/04/16 19:01,2026/04/16 19:04,0:05,Excelファイル（ログ表示結果-20260416175217.csv）の入力・編集 / Excelファイル（管理コンソールメイン画面.csv）の入力・編集
2026/04/16 19:04,2026/04/16 19:04,0:05,Webサイト（社内SEの仕事なんでも相談 - Google Gemini）の閲覧・調査
2026/04/16 19:04,2026/04/16 19:04,0:05,Excelファイル（管理コンソールメイン画面.csv）の入力・編集
2026/04/16 19:04,2026/04/16 19:04,0:05,Webサイト（日本は管理者は残業代つかないけど海外も同様？ - Comet）の閲覧・調査
2026/04/16 19:04,2026/04/16 19:10,0:06,Excelファイル（ログ表示結果-20260416175217.csv）の入力・編集 / Excelファイル（営業部_ログ検索結果-20260416140900.csv）の入力・編集 / Excelファイル（管理コンソールメイン画面.csv）の入力・編集
2026/04/16 19:11,2026/04/16 19:11,0:05,Webサイト（192.169.5.5 - リモート デスクトップ接続）の閲覧・調査 / Webサイト（リモート デスクトップ接続）の閲覧・調査
2026/04/16 19:12,2026/04/16 19:12,0:05,Excelファイル（ログ表示結果-20260416175217.csv）の入力・編集
2026/04/16 19:12,2026/04/16 19:12,0:05,Webサイト（社内SEの仕事なんでも相談 - Google Gemini）の閲覧・調査
2026/04/16 19:12,2026/04/16 19:12,0:05,Excelファイル（ログ表示結果-20260416175217.csv）の入力・編集 / Excelファイル（管理コンソールメイン画面.csv）の入力・編集
2026/04/16 19:12,2026/04/16 19:12,0:05,Webサイト（192.169.5.5 - リモート デスクトップ接続）の閲覧・調査
2026/04/16 19:12,2026/04/16 19:12,0:05,Excelファイル（ログ表示結果-20260416175217.csv）の入力・編集
2026/04/16 19:12,2026/04/16 19:12,0:05,Webサイト（社内SEの仕事なんでも相談 - Google Gemini）の閲覧・調査
2026/04/16 19:13,2026/04/16 19:13,0:05,Excelファイル（ログ表示結果-20260416175217.csv）の入力・編集 / Excelファイル（管理コンソールメイン画面.csv）の入力・編集
2026/04/16 19:13,2026/04/16 19:13,0:05,Webサイト（社内SEの仕事なんでも相談 - Google Gemini）の閲覧・調査
2026/04/16 19:13,2026/04/16 19:13,0:05,Excelファイル（ログ表示結果.csv）の入力・編集 / Excelファイル（管理コンソールメイン画面.csv）の入力・編集
2026/04/16 19:14,2026/04/16 19:14,0:05,Webサイト（社内SEの仕事なんでも相談 - Google Gemini）の閲覧・調査
2026/04/16 19:14,2026/04/16 19:14,0:05,Excelファイル（ログ表示結果.csv）の入力・編集
2026/04/16 19:14,2026/04/16 19:14,0:05,Webサイト（社内SEの仕事なんでも相談 - Google Gemini）の閲覧・調査
2026/04/16 19:15,2026/04/16 19:15,0:05,Excelファイル（ログ表示結果.csv）の入力・編集
2026/04/16 19:15,2026/04/16 19:15,0:05,Webサイト（社内SEの仕事なんでも相談 - Google Gemini）の閲覧・調査
2026/04/16 19:16,2026/04/16 19:16,0:05,Excelファイル（ログ表示結果.csv）の入力・編集
2026/04/16 19:16,2026/04/16 19:16,0:05,Webサイト（社内SEの仕事なんでも相談 - Google Gemini）の閲覧・調査
2026/04/16 19:16,2026/04/16 19:16,0:05,Excelファイル（管理コンソールメイン画面.csv）の入力・編集
2026/04/16 19:16,2026/04/16 19:16,0:05,Webサイト（社内SEの仕事なんでも相談 - Google Gemini）の閲覧・調査
2026/04/16 19:18,2026/04/16 19:18,0:05,Excelファイル（ログ表示結果.csv）の入力・編集
2026/04/16 19:18,2026/04/16 19:18,0:05,Webサイト（社内SEの仕事なんでも相談 - Google Gemini）の閲覧・調査
2026/04/16 19:23,2026/04/16 19:23,0:05,Excelファイル（Microsoft Visual Basic for Applications）の入力・編集 / Excelファイル（ログ表示結果.csv）の入力・編集
2026/04/16 19:23,2026/04/16 19:23,0:05,Webサイト（Microsoft Visual Basic for Applications - VBAProject）の閲覧・調査
2026/04/16 19:23,2026/04/16 19:24,0:05,Excelファイル（Microsoft Visual Basic for Applications）の入力・編集 / Excelファイル（ログ表示結果.csv）の入力・編集
2026/04/16 19:24,2026/04/16 19:24,0:05,Webサイト（Microsoft Excel）の閲覧・調査
2026/04/16 19:24,2026/04/16 19:24,0:05,Excelファイル（ログ表示結果.csv）の入力・編集
2026/04/16 19:24,2026/04/16 19:24,0:05,Webサイト（管理コンソールファイルを選択）の閲覧・調査
2026/04/16 19:24,2026/04/16 19:24,0:05,Excelファイル（ログ表示結果.csv）の入力・編集 / Excelファイル（管理コンソールメイン画面.csv）の入力・編集
2026/04/16 19:24,2026/04/16 19:24,0:05,Webサイト（Microsoft Excel）の閲覧・調査
2026/04/16 19:24,2026/04/16 19:39,0:14,Excelファイル（Microsoft Visual Basic for Applications）の入力・編集 / Excelファイル（ログ表示結果.csv）の入力・編集
2026/04/16 20:04,2026/04/16 20:04,0:05,Webサイト（FWN-026）の閲覧・調査
2026/04/16 20:05,2026/04/16 20:05,0:05,Excelファイル（ログ表示結果.csv）の入力・編集
2026/04/16 20:05,2026/04/16 20:05,0:05,Webサイト（社内SEの仕事なんでも相談 - Google Gemini）の閲覧・調査
2026/04/16 20:06,2026/04/16 20:06,0:05,Excelファイル（Microsoft Visual Basic for Applications）の入力・編集 / Excelファイル（①社用ノートパソコン管理台帳.xlsx ）の入力・編集
2026/04/16 20:06,2026/04/16 20:06,0:05,Webサイト（社内SEの仕事なんでも相談 - Google Gemini）の閲覧・調査
2026/04/16 20:06,2026/04/16 20:07,0:05,Excelファイル（Microsoft Visual Basic for Applications）の入力・編集 / Excelファイル（ログ表示結果.csv）の入力・編集
2026/04/16 20:07,2026/04/16 20:07,0:05,Webサイト（社内SEの仕事なんでも相談 - Google Gemini）の閲覧・調査
2026/04/16 20:08,2026/04/16 20:08,0:05,Excelファイル（ログ表示結果.csv）の入力・編集
2026/04/16 20:08,2026/04/16 20:08,0:05,Webサイト（社内SEの仕事なんでも相談 - Google Gemini）の閲覧・調査
2026/04/16 20:08,2026/04/16 20:08,0:05,Excelファイル（ログ表示結果.csv）の入力・編集
2026/04/16 20:08,2026/04/16 20:08,0:05,サイボウズ（メール - サイボウズ Office および他 1 ページ）での情報確認・処理
2026/04/16 20:08,2026/04/16 20:08,0:05,Excelファイル（ログ表示結果.csv）の入力・編集
2026/04/16 20:08,2026/04/16 20:08,0:05,サイボウズ（メッセージの詳細 - サイボウズ Office）での情報確認・処理
2026/04/16 20:08,2026/04/16 20:08,0:05,Excelファイル（ログ表示結果.csv）の入力・編集 / Excelファイル（管理コンソールメイン画面.csv）の入力・編集
2026/04/16 20:09,2026/04/16 20:09,0:05,Webサイト（社内SEの仕事なんでも相談 - Google Gemini）の閲覧・調査
2026/04/16 20:11,2026/04/16 20:11,0:05,Excelファイル（管理コンソールメイン画面.csv）の入力・編集
2026/04/16 20:11,2026/04/16 20:11,0:05,Webサイト（社内SEの仕事なんでも相談 - Google Gemini）の閲覧・調査
2026/04/16 20:13,2026/04/16 20:14,0:05,Excelファイル（Microsoft Visual Basic for Applications）の入力・編集 / Excelファイル（ログ表示結果.csv）の入力・編集
2026/04/16 20:14,2026/04/16 20:14,0:05,Webサイト（Microsoft Visual Basic for Applications - VBAProject -）の閲覧・調査 / Webサイト（Microsoft Visual Basic for Applications -）の閲覧・調査
2026/04/16 20:14,2026/04/16 20:14,0:05,Excelファイル（Microsoft Visual Basic for Applications）の入力・編集 / Excelファイル（ログ表示結果.csv）の入力・編集 / Excelファイル（管理コンソールメイン画面.csv）の入力・編集
2026/04/16 20:14,2026/04/16 20:14,0:05,Webサイト（社内SEの仕事なんでも相談 - Google Gemini）の閲覧・調査
2026/04/16 20:14,2026/04/16 20:16,0:05,Excelファイル（Microsoft Visual Basic for Applications）の入力・編集 / Excelファイル（ログ表示結果-20251028152123.csv）の入力・編集 / Excelファイル（ログ表示結果-20260416175217.csv）の入力・編集 / Excelファイル（ログ表示結果.csv）の入力・編集 / Excelファイル（管理コンソールメ...
2026/04/16 20:16,2026/04/16 20:16,0:05,Webサイト（Microsoft Visual Basic for Applications - VBAProject）の閲覧・調査 / Webサイト（Microsoft Visual Basic for Applications）の閲覧・調査
2026/04/16 20:16,2026/04/16 20:17,0:05,Excelファイル（Microsoft Visual Basic for Applications）の入力・編集 / Excelファイル（ログ表示結果.csv）の入力・編集
2026/04/16 20:17,2026/04/16 20:17,0:05,Webサイト（Microsoft Excel）の閲覧・調査
2026/04/16 20:17,2026/04/16 20:17,0:05,Excelファイル（ログ表示結果.csv）の入力・編集
2026/04/16 20:17,2026/04/16 20:17,0:05,Webサイト（管理コンソールファイルを選択）の閲覧・調査
2026/04/16 20:17,2026/04/16 20:17,0:05,Excelファイル（ログ表示結果.csv）の入力・編集
2026/04/16 20:17,2026/04/16 20:17,0:05,Webサイト（Microsoft Visual Basic）の閲覧・調査
2026/04/16 20:17,2026/04/16 20:22,0:05,Excelファイル（Microsoft Visual Basic for Applications）の入力・編集 / Excelファイル（ログ表示結果.csv）の入力・編集 / Excelファイル（管理コンソールメイン画面.csv）の入力・編集
2026/04/16 20:22,2026/04/16 20:23,0:05,Webサイト（「Microsoft Edge」にゼロデイ脆弱性、WebGPU実装「Dawn」の欠陥を突く攻撃が確認 - 窓の杜）の閲覧・調査 / Webサイト（日本は管理者は残業代つかないけど海外も同様？ - Comet）の閲覧・調査 / Webサイト（起動しています - Excel）の閲覧・調査
2026/04/16 20:23,2026/04/16 20:24,0:05,Excelファイル（ログ表示結果-20260416175217.csv）の入力・編集 / Excelファイル（ログ表示結果.xlsm）の入力・編集
2026/04/16 20:24,2026/04/16 20:24,0:05,Webサイト（Microsoft Visual Basic for Applications - VBAProject）の閲覧・調査 / Webサイト（Microsoft Visual Basic for Applications）の閲覧・調査
2026/04/16 20:24,2026/04/16 20:24,0:05,Excelファイル（Microsoft Visual Basic for Applications）の入力・編集
2026/04/16 20:24,2026/04/16 20:24,0:05,Webサイト（社内SEの仕事なんでも相談 - Google Gemini）の閲覧・調査
2026/04/16 20:24,2026/04/16 20:24,0:05,Excelファイル（Microsoft Visual Basic for Applications）の入力・編集 / Excelファイル（ログ表示結果.xlsm）の入力・編集
2026/04/16 20:24,2026/04/16 20:24,0:05,Webサイト（Microsoft Excel）の閲覧・調査
2026/04/16 20:25,2026/04/16 20:25,0:05,Excelファイル（ログ表示結果.xlsm）の入力・編集
2026/04/16 20:25,2026/04/16 20:25,0:05,Webサイト（管理コンソールファイルを選択）の閲覧・調査
2026/04/16 20:25,2026/04/16 20:25,0:05,Excelファイル（ログ表示結果.xlsm）の入力・編集
2026/04/16 20:25,2026/04/16 20:25,0:05,Excel / Excelファイル（ログ表示結果.xlsm）の入力・編集 / Excelファイル（管理コンソールメイン画面.csv）の入力・編集
2026/04/16 20:25,2026/04/16 20:25,0:05,Webサイト（Microsoft Excel）の閲覧・調査
2026/04/16 20:25,2026/04/16 20:25,0:05,Excelファイル（ログ表示結果.xlsm）の入力・編集
2026/04/16 20:32,2026/04/16 20:32,0:05,Webサイト（社内SEの仕事なんでも相談 - Google Gemini）の閲覧・調査
2026/04/16 22:52,2026/04/16 22:54,0:05,Excel / Webサイト（Microsoft Edge の新機能）の閲覧・調査 / Webサイト（Windows の既定のロック画面）の閲覧・調査 / Webサイト（社内SEの仕事なんでも相談 - Google Gemini）の閲覧・調査
2026/04/16 22:54,2026/04/16 22:54,0:05,サイボウズ（メール - サイボウズ Office）での情報確認・処理
2026/04/17 09:00,2026/04/17 09:00,0:05,Webサイト（①社用ノートパソコン管理台帳 (version 1).xlsb  -  共有  -  自動回復済み - Excel）の閲覧・調査
2026/04/17 09:14,2026/04/17 09:14,0:05,サイボウズ（forestway.cybozu.com/login?redirect=https%3A%2F%2Fforestway.cybozu.com%2F）での情報確認・処理
2026/04/17 09:14,2026/04/17 09:14,0:05,Webサイト（インフォメーション）の閲覧・調査
2026/04/17 09:15,2026/04/17 09:15,0:05,サイボウズ（トップページ - サイボウズ Office）での情報確認・処理 / サイボウズ（メッセージの詳細 - サイボウズ Office）での情報確認・処理 / サイボウズ（メール - サイボウズ Office および他 1 ページ）での情報確認・処理 / サイボウズ（個人フォルダ - サイボウズ Office）での情報確認・処理
2026/04/17 09:15,2026/04/17 09:15,0:05,Webサイト（①社用ノートパソコン管理台帳 (version 1).xlsb  -  共有  -  自動回復済み - Excel）の閲覧・調査
2026/04/17 09:15,2026/04/17 09:16,0:05,サイボウズ（メッセージの詳細 - サイボウズ Office）での情報確認・処理 / サイボウズ（ワークフロー（最新一覧） - サイボウズ Office）での情報確認・処理 / サイボウズ（個人フォルダ - サイボウズ Office）での情報確認・処理 / サイボウズ（未処理申請の処理 - サイボウズ Office）での情報確認・処理
2026/04/17 09:22,2026/04/17 09:22,0:05,Webサイト（①社用ノートパソコン管理台帳 (version 1).xlsb  -  共有  -  自動回復済み - Excel）の閲覧・調査
2026/04/17 09:22,2026/04/17 09:22,0:05,Excelファイル（ログ表示結果.xlsm）の入力・編集
2026/04/17 09:22,2026/04/17 09:22,0:05,Webサイト（Google Chrome）の閲覧・調査 / Webサイト（Google）の閲覧・調査 / Webサイト（「Microsoft Edge」にゼロデイ脆弱性、WebGPU実装「Dawn」の欠陥を突く攻撃が確認 - 窓の杜）の閲覧・調査
2026/04/17 09:22,2026/04/17 09:22,0:05,メール（無料のメールソフト「Thunderbird」にセキュリティ修正 ～最大深刻度はhigh）の閲覧・作成
2026/04/17 09:22,2026/04/17 09:22,0:05,Webサイト（Adobe - Adobe Acrobat Reader をインストール）の閲覧・調査 / Webサイト（社内SEの仕事なんでも相談 - Google Gemini）の閲覧・調査
2026/04/17 09:22,2026/04/17 09:22,0:05,PDF資料（Acrobat-for-Chrome.pdf）の確認
2026/04/17 09:22,2026/04/17 09:22,0:05,Webサイト（「Microsoft Edge」にゼロデイ脆弱性、WebGPU実装「Dawn」の欠陥を突く攻撃が確認 - 窓の杜）の閲覧・調査 / Webサイト（ばりとくこだま - Google 検索）の閲覧・調査 / Webサイト（社内SEの仕事なんでも相談 - Google Gemini）の閲覧・調査
2026/04/17 09:22,2026/04/17 09:22,0:05,メール（無料のメールソフト「Thunderbird」にセキュリティ修正 ～最大深刻度はhigh）の閲覧・作成
2026/04/17 09:22,2026/04/17 09:22,0:05,Webサイト（Google）の閲覧・調査 / Webサイト（google.com）の閲覧・調査 / Webサイト（ばりとくこだま - Google 検索）の閲覧・調査 / Webサイト（社内SEの仕事なんでも相談 - Google Gemini）の閲覧・調査
2026/04/17 09:22,2026/04/17 09:22,0:05,PDF資料（Acrobat-for-Chrome.pdf）の確認
2026/04/17 09:22,2026/04/17 09:22,0:05,Webサイト（Adobe - Adobe Acrobat Reader をインストール）の閲覧・調査 / Webサイト（Loading...）の閲覧・調査 / Webサイト（lifehacker.jp/article/2404-i-stopped-using-gemini-in-its-own-tab-this-is-better-way-to-run/）の閲覧・調査 / Webサイト（まだ...
2026/04/17 09:22,2026/04/17 09:22,0:05,PDF資料（Acrobat-for-Chrome.pdf）の確認
2026/04/17 09:23,2026/04/17 09:24,0:05,Webサイト（Google）の閲覧・調査 / Webサイト（news.yahoo.co.jp/articles/dc5705a0e2446ed939ba7ac2ee52ed93da5551d8?page=2）の閲覧・調査 / Webサイト（news.yahoo.co.jp/articles/dc5705a0e2446ed939ba7ac2ee52ed93da5551d8?page=3）の閲覧...
2026/04/17 09:24,2026/04/17 09:24,0:05,メール（無料のメールソフト「Thunderbird」にセキュリティ修正 ～最大深刻度はhigh）の閲覧・作成
2026/04/17 09:24,2026/04/17 09:26,0:05,サイボウズ（メッセージの詳細 - サイボウズ Office）での情報確認・処理 / サイボウズ（ワークフロー（最新一覧） - サイボウズ Office）での情報確認・処理 / サイボウズ（個人フォルダ - サイボウズ Office）での情報確認・処理
2026/04/17 09:26,2026/04/17 09:26,0:05,メール（無料のメールソフト「Thunderbird」にセキュリティ修正 ～最大深刻度はhigh）の閲覧・作成
2026/04/17 09:26,2026/04/17 09:26,0:05,Excelファイル（ログ表示結果.xlsm）の入力・編集
2026/04/17 09:26,2026/04/17 09:26,0:05,メール（無料のメールソフト「Thunderbird」にセキュリティ修正 ～最大深刻度はhigh）の閲覧・作成
2026/04/17 09:26,2026/04/17 09:42,0:15,Webサイト（192.169.5.5 - リモート デスクトップ接続）の閲覧・調査 / Webサイト（リモート デスクトップ接続）の閲覧・調査 / Webサイト（社内SEの仕事なんでも相談 - Google Gemini）の閲覧・調査
2026/04/17 09:42,2026/04/17 09:42,0:05,サイボウズ（メッセージの詳細 - サイボウズ Office）での情報確認・処理
2026/04/17 09:42,2026/04/17 09:42,0:05,Webサイト（社内SEの仕事なんでも相談 - Google Gemini）の閲覧・調査
2026/04/17 09:42,2026/04/17 09:42,0:05,Excelファイル（ログ表示結果.xlsm）の入力・編集
2026/04/17 09:42,2026/04/17 09:42,0:05,Webサイト（社内SEの仕事なんでも相談 - Google Gemini）の閲覧・調査
2026/04/17 09:43,2026/04/17 09:43,0:05,サイボウズ（メッセージの詳細 - サイボウズ Office）での情報確認・処理
2026/04/17 09:47,2026/04/17 10:54,1:06,Webサイト（192.169.5.5 - リモート デスクトップ接続）の閲覧・調査 / Webサイト（Y:\システム統括部\業改室\★大宮システム部\（NAS）伊藤\Cドライブ全抜きコマンド.txt - サクラエディタ32bit 2.4.2.6048）の閲覧・調査 / Webサイト（bizmw-login.com および他 1 ページ）の閲覧・調査 / Webサイト（bizmw-login....
2026/04/17 10:54,2026/04/17 10:54,0:05,サイボウズ（メール本文 - サイボウズ Office - プロファイル 1 - Microsoft? Edge）での情報確認・処理
2026/04/17 10:54,2026/04/17 11:13,0:18,Webサイト（Windows PowerShell）の閲覧・調査 / Webサイト（Y:\システム統括部\業改室\★大宮システム部\（NAS）伊藤\C_Full_Drive_List.txt - サクラエディタ32bit 2.4.2.6048）の閲覧・調査 / Webサイト（Y:\システム統括部\業改室\★大宮システム部\（NAS）伊藤\Cドライブ全抜きコマンド.txt - サクラエディタ3...
2026/04/17 11:13,2026/04/17 11:13,0:05,サイボウズ（トップページ - サイボウズ Office）での情報確認・処理 / サイボウズ（ファイルの詳細 - サイボウズ Office）での情報確認・処理 / サイボウズ（ファイル管理 - サイボウズ Office）での情報確認・処理 / サイボウズ（メッセージの詳細 - サイボウズ Office）での情報確認・処理
2026/04/17 11:13,2026/04/17 11:13,0:05,PDF資料（本社内線表(20260402) (2).pdf および他 1 ページ）の確認 / PDF資料（本社内線表(20260402) (2).pdf）の確認
2026/04/17 11:14,2026/04/17 11:15,0:05,Webサイト（192.169.5.5 - リモート デスクトップ接続）の閲覧・調査 / Webサイト（社内SEの仕事なんでも相談 - Google Gemini）の閲覧・調査
2026/04/17 11:20,2026/04/17 11:20,0:05,PDF資料（本社内線表(20260402) (2).pdf および他 1 ページ）の確認
2026/04/17 11:20,2026/04/17 11:20,0:05,Webサイト（社内SEの仕事なんでも相談 - Google Gemini）の閲覧・調査
2026/04/17 11:33,2026/04/17 11:33,0:05,PDF資料（本社内線表(20260402) (2).pdf および他 1 ページ）の確認
2026/04/17 11:33,2026/04/17 11:33,0:05,Webサイト（インフォメーション および他 1 ページ）の閲覧・調査 / Webサイト（インフォメーション）の閲覧・調査
2026/04/17 11:33,2026/04/17 11:34,0:05,サイボウズ（トップページ - サイボウズ Office および他 1 ページ）での情報確認・処理 / サイボウズ（トップページ - サイボウズ Office）での情報確認・処理 / サイボウズ（メッセージの送信 - サイボウズ Office および他 1 ページ）での情報確認・処理 / サイボウズ（メッセージの送信 - サイボウズ Office）での情報確認・処理 / サイボウズ（個人フォル...
2026/04/17 11:34,2026/04/17 11:34,0:05,Webサイト（社内SEの仕事なんでも相談 - Google Gemini）の閲覧・調査
2026/04/17 11:34,2026/04/17 11:34,0:05,サイボウズ（メッセージの送信 - サイボウズ Office および他 1 ページ）での情報確認・処理
2026/04/17 11:34,2026/04/17 11:34,0:05,Webサイト（社内SEの仕事なんでも相談 - Google Gemini）の閲覧・調査
2026/04/17 11:34,2026/04/17 11:34,0:05,サイボウズ（メッセージの送信 - サイボウズ Office および他 1 ページ）での情報確認・処理
2026/04/17 11:35,2026/04/17 11:35,0:05,Webサイト（社内SEの仕事なんでも相談 - Google Gemini）の閲覧・調査
2026/04/17 11:35,2026/04/17 11:36,0:05,サイボウズ（forestway.cybozu.com/o/ag.cgi?page=MyFolderIndex&fid= および他 1 ページ）での情報確認・処理 / サイボウズ（メッセージの送信 - サイボウズ Office および他 1 ページ）での情報確認・処理 / サイボウズ（個人フォルダ - サイボウズ Office および他 1 ページ）での情報確認・処理 / サイボウズ（個人フォ...
2026/04/17 11:36,2026/04/17 11:36,0:05,Webサイト（社内SEの仕事なんでも相談 - Google Gemini）の閲覧・調査
2026/04/17 11:36,2026/04/17 11:36,0:05,サイボウズ（個人フォルダ - サイボウズ Office および他 1 ページ）での情報確認・処理
2026/04/17 11:36,2026/04/17 11:42,0:05,Webサイト（192.169.5.5 - リモート デスクトップ接続）の閲覧・調査 / Webサイト（Windows PowerShell）の閲覧・調査 / Webサイト（Windows シェル エクスペリエンス ホスト）の閲覧・調査 / Webサイト（社内SEの仕事なんでも相談 - Google Gemini）の閲覧・調査
2026/04/17 11:43,2026/04/17 11:51,0:08,Excelファイル（ログ表示結果.xlsm）の入力・編集
2026/04/17 11:57,2026/04/17 12:09,0:12,Webサイト（Downdetector - リアルタイムのサービス問題と障害を確認 - JP）の閲覧・調査 / Webサイト（So-net 接続/システム障害発生？サービス中断などの問題をリアルタイムでお知らせ - JP）の閲覧・調査 / Webサイト（Y:\システム統括部\業改室\★大宮システム部\（NAS）伊藤\C_Full_Drive_List.txt - サクラエディタ32bit 2...
2026/04/17 12:55,2026/04/17 12:55,0:05,Webサイト（「Microsoft Edge」にゼロデイ脆弱性、WebGPU実装「Dawn」の欠陥を突く攻撃が確認 - 窓の杜）の閲覧・調査 / Webサイト（社内SEの仕事なんでも相談 - Google Gemini）の閲覧・調査
2026/04/17 12:56,2026/04/17 12:57,0:05,サイボウズ（トップページ - サイボウズ Office および他 1 ページ）での情報確認・処理 / サイボウズ（トップページ - サイボウズ Office）での情報確認・処理 / サイボウズ（ファイルの詳細 - サイボウズ Office および他 1 ページ）での情報確認・処理 / サイボウズ（ファイルの詳細 - サイボウズ Office）での情報確認・処理 / サイボウズ（ファイル管理 ...
2026/04/17 12:58,2026/04/17 12:59,0:05,Webサイト（パーソナル インテリジェンス）の閲覧・調査 / Webサイト（社内SEの仕事なんでも相談 - Google Gemini）の閲覧・調査
2026/04/17 12:59,2026/04/17 13:01,0:05,アプリ - Google Chrome / サイボウズ（forestway.cybozu.com/o/ag.cgi?page=MyFolderIndex および他 1 ページ）での情報確認・処理 / サイボウズ（ファイルの詳細 - サイボウズ Office および他 1 ページ）での情報確認・処理 / サイボウズ（個人フォルダ - サイボウズ Office および他 1 ページ）での情報確認...
2026/04/17 13:01,2026/04/17 13:01,0:05,サイボウズ（メッセージの詳細 - サイボウズ Office および他 1 ページ）での情報確認・処理 / サイボウズ（メッセージの詳細 - サイボウズ Office）での情報確認・処理 / サイボウズ（個人フォルダ - サイボウズ Office および他 1 ページ）での情報確認・処理 / サイボウズ（個人フォルダ - サイボウズ Office）での情報確認・処理 / スタート
2026/04/17 13:05,2026/04/17 13:13,0:08,Webサイト（192.169.5.5 - リモート デスクトップ接続）の閲覧・調査 / Webサイト（ToDo リスト）の閲覧・調査 / Webサイト（tasks.google.com/tasks/?utm_source=OGB&utm_medium=app）の閲覧・調査 / アプリ - Google Chrome
2026/04/17 13:14,2026/04/17 13:14,0:05,サイボウズ（メッセージの詳細 - サイボウズ Office および他 1 ページ）での情報確認・処理
2026/04/17 13:14,2026/04/17 13:14,0:05,Webサイト（192.169.5.5 - リモート デスクトップ接続）の閲覧・調査 / Webサイト（リモート デスクトップ接続）の閲覧・調査
2026/04/17 13:14,2026/04/17 13:14,0:05,サイボウズ（メッセージの詳細 - サイボウズ Office および他 1 ページ）での情報確認・処理
2026/04/17 13:14,2026/04/17 13:14,0:05,Webサイト（ToDo リスト）の閲覧・調査
2026/04/17 13:15,2026/04/17 13:16,0:05,メール（1.）の閲覧・作成 / メール（3.EDIONクロスベンチャーズ）の閲覧・作成 / メール（Mozilla Thunderbird）の閲覧・作成 / メール（PDF.js viewer）の閲覧・作成 / メール（t_ito）の閲覧・作成 / メール（ノートPCの御見積書送付）の閲覧・作成 / メール（ホーム）の閲覧・作成 / メール（受信トレイ）の閲覧・作成 / メール（宮澤）の閲覧...
2026/04/17 13:16,2026/04/17 13:16,0:05,PDF資料（ABJ）.PDF）の確認
2026/04/17 13:16,2026/04/17 13:16,0:05,メール（PDF.js viewer）の閲覧・作成 / メール（ノートPCの御見積書送付）の閲覧・作成 / メール（読み込み中...）の閲覧・作成
2026/04/17 13:16,2026/04/17 13:16,0:05,PDF資料（NW見積書 フォーレスト様向けノートPC_20260415.pdf）の確認
2026/04/17 13:23,2026/04/17 13:23,0:05,メール（宮澤）の閲覧・作成
2026/04/17 13:23,2026/04/17 13:23,0:05,PDF資料（NW見積書 フォーレスト様向けノートPC_20260415.pdf）の確認
2026/04/17 13:23,2026/04/17 13:23,0:05,メール（ノートPCの御見積書送付）の閲覧・作成
2026/04/17 13:23,2026/04/17 13:23,0:05,Webサイト（ToDo リスト）の閲覧・調査
2026/04/17 13:23,2026/04/17 13:24,0:05,Webサイト（Google Gemini）の閲覧・調査 / アプリ - Google Chrome
2026/04/17 13:27,2026/04/17 13:27,0:05,メール（ノートPCの御見積書送付）の閲覧・作成
2026/04/17 13:27,2026/04/17 13:27,0:05,Webサイト（Google Gemini）の閲覧・調査
2026/04/17 13:28,2026/04/17 13:28,0:05,メール（PC納期確認のメール返信）の閲覧・作成
2026/04/17 13:28,2026/04/17 13:28,0:05,Webサイト（Google Gemini）の閲覧・調査
2026/04/17 13:28,2026/04/17 13:28,0:05,メール（PC納期確認のメール返信）の閲覧・作成 / メール（PDF.js viewer）の閲覧・作成 / メール（ノートPCの御見積書送付）の閲覧・作成 / メール（読み込み中...）の閲覧・作成
2026/04/17 13:28,2026/04/17 13:28,0:05,PDF資料（ABJ）.PDF）の確認
2026/04/17 13:28,2026/04/17 13:28,0:05,メール（ノートPCの御見積書送付）の閲覧・作成
2026/04/17 13:28,2026/04/17 13:28,0:05,Webサイト（作成: (件名なし)）の閲覧・調査
2026/04/17 13:28,2026/04/17 13:28,0:05,メール（作成: Re: ノートPCの御見積書送付）の閲覧・作成
2026/04/17 13:28,2026/04/17 13:28,0:05,Webサイト（メッセージを送信しています - Re: ノートPCの御見積書送付）の閲覧・調査
2026/04/17 13:28,2026/04/17 13:32,0:05,メール（PC納期確認のメール返信）の閲覧・作成 / メール（Re: 年間スケジュール変更の件）の閲覧・作成 / メール（ノートPCの御見積書送付）の閲覧・作成 / メール（ホーム）の閲覧・作成 / メール（受信トレイ）の閲覧・作成 / メール（宮澤）の閲覧・作成 / メール（年間スケジュール変更の件）の閲覧・作成 / メール（年間スケジュール）の閲覧・作成
2026/04/17 13:33,2026/04/17 13:33,0:05,Webサイト（作成: (件名なし)）の閲覧・調査
2026/04/17 13:33,2026/04/17 13:37,0:05,メール（PC納期確認のメール返信）の閲覧・作成 / メール（Re: 年間スケジュール変更の件）の閲覧・作成 / メール（作成: Re: 年間スケジュール変更の件）の閲覧・作成
2026/04/17 13:37,2026/04/17 13:37,0:05,Webサイト（作成: (件名なし)）の閲覧・調査
2026/04/17 13:37,2026/04/17 13:37,0:05,メール（作成: Re: 年間スケジュール変更の件）の閲覧・作成
2026/04/17 13:37,2026/04/17 13:37,0:05,サイボウズ（メッセージの詳細 - サイボウズ Office および他 1 ページ）での情報確認・処理
2026/04/17 13:37,2026/04/17 13:39,0:05,Webサイト（Bizストレージ ファイルシェア および他 2 ページ）の閲覧・調査 / Webサイト（Bizストレージ ファイルシェア）の閲覧・調査 / Webサイト（https://a832-y.sharestage.com/asp/SD400do）の閲覧・調査 / Webサイト（rdua001 および他 2 ページ）の閲覧・調査
2026/04/17 13:39,2026/04/17 13:39,0:05,PDF資料（20260415?受領書 兼 検収書.pdf）の確認
2026/04/17 13:39,2026/04/17 13:39,0:05,Webサイト（Adobe Acrobat Reader (64-bit)）の閲覧・調査 / Webサイト（Bizストレージ ファイルシェア および他 2 ページ）の閲覧・調査
2026/04/17 13:39,2026/04/17 13:39,0:05,メール（作成: Re: 年間スケジュール変更の件）の閲覧・作成
2026/04/17 13:39,2026/04/17 13:39,0:05,Webサイト（メッセージ保存）の閲覧・調査
2026/04/17 13:39,2026/04/17 13:39,0:05,メール（作成: Re: 年間スケジュール変更の件）の閲覧・作成
2026/04/17 13:39,2026/04/17 13:39,0:05,Webサイト（Bizストレージ ファイルシェア および他 2 ページ）の閲覧・調査
2026/04/17 13:40,2026/04/17 13:40,0:05,メール（作成: Re: 年間スケジュール変更の件）の閲覧・作成
2026/04/17 13:40,2026/04/17 13:40,0:05,Webサイト（Bizストレージ ファイルシェア および他 2 ページ）の閲覧・調査
2026/04/17 13:41,2026/04/17 13:41,0:05,メール（作成: Re: 年間スケジュール変更の件）の閲覧・作成
2026/04/17 13:41,2026/04/17 13:41,0:05,Webサイト（Bizストレージ ファイルシェア および他 2 ページ）の閲覧・調査
2026/04/17 13:41,2026/04/17 13:41,0:05,メール（作成: Re: 年間スケジュール変更の件）の閲覧・作成
2026/04/17 13:41,2026/04/17 13:41,0:05,Webサイト（Bizストレージ ファイルシェア および他 2 ページ）の閲覧・調査
2026/04/17 13:41,2026/04/17 13:41,0:05,メール（作成: Re: 年間スケジュール変更の件）の閲覧・作成
2026/04/17 13:41,2026/04/17 13:41,0:05,Webサイト（Bizストレージ ファイルシェア および他 2 ページ）の閲覧・調査
2026/04/17 13:42,2026/04/17 13:42,0:05,メール（作成: Re: 年間スケジュール変更の件）の閲覧・作成
2026/04/17 13:42,2026/04/17 13:42,0:05,Webサイト（Bizストレージ ファイルシェア および他 2 ページ）の閲覧・調査
2026/04/17 13:43,2026/04/17 13:43,0:05,メール（作成: Re: 年間スケジュール変更の件）の閲覧・作成
2026/04/17 13:43,2026/04/17 13:43,0:05,Webサイト（Bizストレージ ファイルシェア および他 2 ページ）の閲覧・調査
2026/04/17 13:43,2026/04/17 13:43,0:05,メール（作成: Re: 年間スケジュール変更の件）の閲覧・作成
2026/04/17 13:43,2026/04/17 13:43,0:05,Webサイト（Bizストレージ ファイルシェア および他 2 ページ）の閲覧・調査
2026/04/17 13:44,2026/04/17 13:44,0:05,メール（作成: Re: 年間スケジュール変更の件）の閲覧・作成
2026/04/17 13:46,2026/04/17 13:46,0:05,Webサイト（Bizストレージ ファイルシェア および他 2 ページ）の閲覧・調査 / Webサイト（https://a832-y.sharestage.com/asp/SD803）の閲覧・調査
2026/04/17 13:47,2026/04/17 13:47,0:05,メール（作成: Re: 年間スケジュール変更の件）の閲覧・作成
2026/04/17 13:47,2026/04/17 13:47,0:05,Webサイト（Bizストレージ ファイルシェア および他 2 ページ）の閲覧・調査 / Webサイト（Bizストレージ ファイルシェア）の閲覧・調査 / Webサイト（https://a832-y.sharestage.com/asp/SD862）の閲覧・調査 / Webサイト（rdsd001 および他 2 ページ）の閲覧・調査 / Webサイト（メッセージを送信しています - Re: 年間...
2026/04/17 13:47,2026/04/17 13:47,0:05,メール（PC納期確認のメール返信）の閲覧・作成
2026/04/17 14:00,2026/04/17 14:00,0:05,Webサイト（Bizストレージ ファイルシェア および他 2 ページ）の閲覧・調査
2026/04/17 14:00,2026/04/17 14:00,0:05,メール（PC納期確認のメール返信）の閲覧・作成
2026/04/17 14:00,2026/04/17 14:00,0:05,Webサイト（Bizストレージ ファイルシェア および他 2 ページ）の閲覧・調査
2026/04/17 14:00,2026/04/17 14:01,0:05,メール（PC納期確認のメール返信）の閲覧・作成
2026/04/17 14:04,2026/04/17 14:04,0:05,Webサイト（Bizストレージ ファイルシェア および他 2 ページ）の閲覧・調査
2026/04/17 14:04,2026/04/17 14:04,0:05,サイボウズ（forestway.cybozu.com/o/ag.cgi?page=MyFolderIndex および他 2 ページ）での情報確認・処理 / サイボウズ（メッセージの詳細 - サイボウズ Office および他 2 ページ）での情報確認・処理 / サイボウズ（メッセージの送信 - サイボウズ Office および他 2 ページ）での情報確認・処理 / サイボウズ（メッセージの送...
2026/04/17 14:05,2026/04/17 14:05,0:05,メール（PC納期確認のメール返信）の閲覧・作成
2026/04/17 14:05,2026/04/17 14:05,0:05,サイボウズ（メッセージの送信 - サイボウズ Office および他 2 ページ）での情報確認・処理
2026/04/17 14:05,2026/04/17 14:05,0:05,メール（PC納期確認のメール返信）の閲覧・作成
2026/04/17 14:05,2026/04/17 14:05,0:05,サイボウズ（メッセージの送信 - サイボウズ Office および他 2 ページ）での情報確認・処理
2026/04/17 14:05,2026/04/17 14:05,0:05,メール（PC納期確認のメール返信）の閲覧・作成
2026/04/17 14:06,2026/04/17 14:06,0:05,サイボウズ（メッセージの送信 - サイボウズ Office および他 2 ページ）での情報確認・処理
2026/04/17 14:07,2026/04/17 14:07,0:05,メール（PC納期確認のメール返信）の閲覧・作成
2026/04/17 14:07,2026/04/17 14:07,0:05,サイボウズ（メッセージの送信 - サイボウズ Office および他 2 ページ）での情報確認・処理
2026/04/17 14:07,2026/04/17 14:07,0:05,メール（Re: 年間スケジュール変更の件）の閲覧・作成
2026/04/17 14:07,2026/04/17 14:07,0:05,サイボウズ（メッセージの送信 - サイボウズ Office および他 2 ページ）での情報確認・処理
2026/04/17 14:07,2026/04/17 14:07,0:05,メール（受信トレイ）の閲覧・作成
2026/04/17 14:07,2026/04/17 14:07,0:05,サイボウズ（メッセージの送信 - サイボウズ Office および他 2 ページ）での情報確認・処理
2026/04/17 14:07,2026/04/17 14:07,0:05,メール（受信トレイ）の閲覧・作成
2026/04/17 14:07,2026/04/17 14:07,0:05,サイボウズ（メッセージの送信 - サイボウズ Office および他 2 ページ）での情報確認・処理
2026/04/17 14:07,2026/04/17 14:07,0:05,Excelファイル（ログ表示結果.xlsm）の入力・編集
2026/04/17 14:07,2026/04/17 14:07,0:05,Webサイト（Microsoft Excel）の閲覧・調査 / 検索と置換
2026/04/17 14:07,2026/04/17 14:07,0:05,Excelファイル（ログ表示結果.xlsm）の入力・編集 / 検索と置換
2026/04/17 14:07,2026/04/17 14:07,0:05,サイボウズ（メッセージの送信 - サイボウズ Office および他 2 ページ）での情報確認・処理
2026/04/17 14:08,2026/04/17 14:08,0:05,Excelファイル（ログ表示結果.xlsm）の入力・編集
2026/04/17 14:08,2026/04/17 14:08,0:05,サイボウズ（メッセージの送信 - サイボウズ Office および他 2 ページ）での情報確認・処理
2026/04/17 14:08,2026/04/17 14:08,0:05,Webサイト（管理コンソールメイン画面 (version 1).xlsb  -  自動回復済み - Excel）の閲覧・調査
2026/04/17 14:08,2026/04/17 14:08,0:05,Excelファイル（ログ表示結果.xlsm）の入力・編集
2026/04/17 14:08,2026/04/17 14:08,0:05,Webサイト（管理コンソールメイン画面 (version 1).xlsb  -  自動回復済み - Excel）の閲覧・調査
2026/04/17 14:08,2026/04/17 14:08,0:05,Excelファイル（ログ表示結果-20260416175217.csv）の入力・編集
2026/04/17 14:08,2026/04/17 14:09,0:05,Webサイト（管理コンソールメイン画面 (version 1).xlsb  -  自動回復済み - Excel）の閲覧・調査
2026/04/17 14:09,2026/04/17 14:09,0:05,サイボウズ（メッセージの送信 - サイボウズ Office および他 2 ページ）での情報確認・処理
2026/04/17 14:09,2026/04/17 14:09,0:05,Webサイト（管理コンソールメイン画面 (version 1).xlsb  -  自動回復済み - Excel）の閲覧・調査
2026/04/17 14:09,2026/04/17 14:09,0:05,Excelファイル（営業部_ログ検索結果-20260416140900.csv）の入力・編集
2026/04/17 14:09,2026/04/17 14:09,0:05,Webサイト（管理コンソールメイン画面 (version 1).xlsb  -  自動回復済み - Excel）の閲覧・調査
2026/04/17 14:09,2026/04/17 14:09,0:05,Excelファイル（管理コンソールメイン画面.csv）の入力・編集
2026/04/17 14:09,2026/04/17 14:09,0:05,Webサイト（Microsoft Excel）の閲覧・調査 / Webサイト（管理コンソールメイン画面 (version 1).xlsb  -  自動回復済み - Excel）の閲覧・調査
2026/04/17 14:09,2026/04/17 14:10,0:05,Excelファイル（ログ表示結果-20260416175217.csv）の入力・編集 / Excelファイル（ログ表示結果-20260416175217.xlsm）の入力・編集 / Excelファイル（管理コンソールメイン画面.csv）の入力・編集
2026/04/17 14:10,2026/04/17 14:10,0:05,Excel / Excelファイル（ログ表示結果-20260416175217.xlsm）の入力・編集 / Excelファイル（ログ表示結果.xlsm）の入力・編集 / Excelファイル（営業部_ログ検索結果-20260416140900.csv）の入力・編集 / Excelファイル（管理コンソールメイン画面.csv）の入力・編集
2026/04/17 14:11,2026/04/17 14:11,0:05,Webサイト（Microsoft Visual Basic for Applications - Project1 -）の閲覧・調査 / Webサイト（Microsoft Visual Basic for Applications - VBAProject -）の閲覧・調査 / Webサイト（Microsoft Visual Basic for Applications -）の閲覧・調査
2026/04/17 14:11,2026/04/17 14:11,0:05,Excelファイル（Microsoft Visual Basic for Applications）の入力・編集 / Excelファイル（ログ表示結果-20260416175217.xlsm）の入力・編集 / Excelファイル（ログ表示結果.xlsm）の入力・編集 / Excelファイル（管理コンソールメイン画面.csv）の入力・編集
2026/04/17 14:11,2026/04/17 14:11,0:05,Webサイト（Microsoft Excel）の閲覧・調査
2026/04/17 14:11,2026/04/17 14:11,0:05,Excelファイル（ログ表示結果-20260416175217.xlsm）の入力・編集
2026/04/17 14:11,2026/04/17 14:11,0:05,Webサイト（管理コンソールファイルを選択）の閲覧・調査
2026/04/17 14:11,2026/04/17 14:11,0:05,Excelファイル（ログ表示結果-20260416175217.xlsm）の入力・編集 / Excelファイル（管理コンソールメイン画面.csv）の入力・編集
2026/04/17 14:12,2026/04/17 14:12,0:05,サイボウズ（メッセージの送信 - サイボウズ Office および他 2 ページ）での情報確認・処理
2026/04/17 14:12,2026/04/17 14:12,0:05,Webサイト（①社用ノートパソコン管理台帳 (version 1).xlsb  -  共有  -  自動回復済み - Excel）の閲覧・調査
2026/04/17 14:12,2026/04/17 14:12,0:05,サイボウズ（メッセージの送信 - サイボウズ Office および他 2 ページ）での情報確認・処理
2026/04/17 14:12,2026/04/17 14:12,0:05,Webサイト（①社用ノートパソコン管理台帳 (version 1).xlsb  -  共有  -  自動回復済み - Excel）の閲覧・調査
2026/04/17 14:12,2026/04/17 14:13,0:05,Excelファイル（Microsoft Visual Basic for Applications）の入力・編集 / Excelファイル（ログ表示結果-20260416175217.xlsm）の入力・編集 / Excelファイル（ログ表示結果.xlsm）の入力・編集
2026/04/17 14:13,2026/04/17 14:13,0:05,Webサイト（Microsoft Visual Basic for Applications - VBAProject）の閲覧・調査
2026/04/17 14:13,2026/04/17 14:13,0:05,Excelファイル（Microsoft Visual Basic for Applications）の入力・編集 / Excelファイル（ログ表示結果-20260416175217.xlsm）の入力・編集
2026/04/17 14:13,2026/04/17 14:13,0:05,Webサイト（Microsoft Excel）の閲覧・調査
2026/04/17 14:13,2026/04/17 14:13,0:05,Excelファイル（ログ表示結果-20260416175217.xlsm）の入力・編集
2026/04/17 14:13,2026/04/17 14:13,0:05,Webサイト（管理コンソールファイルを選択）の閲覧・調査
2026/04/17 14:13,2026/04/17 14:13,0:05,Excelファイル（ログ表示結果-20260416175217.xlsm）の入力・編集
2026/04/17 14:13,2026/04/17 14:13,0:05,Excel / Excelファイル（ログ表示結果-20260416175217.xlsm）の入力・編集 / Excelファイル（管理コンソールメイン画面.csv）の入力・編集
2026/04/17 14:13,2026/04/17 14:13,0:05,Webサイト（Microsoft Excel）の閲覧・調査
2026/04/17 14:13,2026/04/17 14:14,0:05,Excelファイル（ログ表示結果-20260416175217.xlsm）の入力・編集
2026/04/17 14:16,2026/04/17 14:16,0:05,Webサイト（レンズの分析）の閲覧・調査
2026/04/17 14:16,2026/04/17 14:17,0:05,Excelファイル（ログ表示結果-20260416175217.xlsm）の入力・編集
2026/04/17 14:17,2026/04/17 14:18,0:05,Webサイト（①社用ノートパソコン管理台帳 (version 1).xlsb  -  共有  -  自動回復済み - Excel）の閲覧・調査
2026/04/17 14:18,2026/04/17 14:18,0:05,Excelファイル（FMV dynabook OA系デバイス管理台帳.xlsx ）の入力・編集 / Excelファイル（ログ表示結果-20260416175217.xlsm）の入力・編集
2026/04/17 14:19,2026/04/17 14:19,0:05,Excelファイル（ログ表示結果-20260416175217.xlsm）の入力・編集 / 検索と置換
2026/04/17 14:19,2026/04/17 14:19,0:05,Excelファイル（FMV dynabook OA系デバイス管理台帳.xlsx ）の入力・編集 / 検索と置換
2026/04/17 14:19,2026/04/17 14:20,0:05,Excelファイル（FMV dynabook OA系デバイス管理台帳.xlsx ）の入力・編集 / Excelファイル（本社OAプライベートIPアドレス割当一覧.xlsx ）の入力・編集 / 検索と置換
2026/04/17 14:20,2026/04/17 14:20,0:05,Webサイト（Microsoft Excel）の閲覧・調査 / 検索と置換
2026/04/17 14:20,2026/04/17 14:20,0:05,Excelファイル（本社OAプライベートIPアドレス割当一覧.xlsx ）の入力・編集 / Excelファイル（本社OAプライベートIPアドレス割当一覧.xlsx）の入力・編集 / 検索と置換
2026/04/17 14:20,2026/04/17 14:20,0:05,Webサイト（Microsoft Excel）の閲覧・調査 / 検索と置換
2026/04/17 14:20,2026/04/17 14:20,0:05,Excelファイル（ログ表示結果-20260416175217.xlsm）の入力・編集 / 検索と置換
2026/04/17 14:20,2026/04/17 14:20,0:05,Excelファイル（本社OAプライベートIPアドレス割当一覧.xlsx）の入力・編集 / 検索と置換
2026/04/17 14:20,2026/04/17 14:21,0:05,Excelファイル（ログ表示結果-20260416175217.xlsm）の入力・編集 / Excelファイル（本社OAプライベートIPアドレス割当一覧.xlsx）の入力・編集 / 検索と置換
2026/04/17 14:21,2026/04/17 14:21,0:05,Webサイト（Microsoft Excel）の閲覧・調査
2026/04/17 14:21,2026/04/17 14:21,0:05,Excelファイル（ログ表示結果-20260416175217.xlsm）の入力・編集 / Excelファイル（本社OAプライベートIPアドレス割当一覧.xlsx）の入力・編集
2026/04/17 14:21,2026/04/17 14:22,0:05,Excelファイル（ログ表示結果-20260416175217.xlsm）の入力・編集 / Excelファイル（本社OAプライベートIPアドレス割当一覧.xlsx）の入力・編集 / 検索と置換
2026/04/17 14:22,2026/04/17 14:22,0:05,Excelファイル（本社OAプライベートIPアドレス割当一覧.xlsx）の入力・編集 / 検索と置換
2026/04/17 14:22,2026/04/17 14:22,0:05,Excelファイル（ログ表示結果-20260416175217.xlsm）の入力・編集 / Excelファイル（本社OAプライベートIPアドレス割当一覧.xlsx）の入力・編集 / 検索と置換
2026/04/17 14:22,2026/04/17 14:23,0:05,Excelファイル（①社用ノートパソコン管理台帳.xlsx ）の入力・編集 / Excelファイル（本社OAプライベートIPアドレス割当一覧.xlsx）の入力・編集 / 検索と置換
2026/04/17 14:23,2026/04/17 14:23,0:05,Excelファイル（①社用ノートパソコン管理台帳.xlsx ）の入力・編集 / 検索と置換
2026/04/17 14:23,2026/04/17 14:23,0:05,Excelファイル（①社用ノートパソコン管理台帳.xlsx ）の入力・編集 / Excelファイル（ログ表示結果-20260416175217.xlsm）の入力・編集 / 検索と置換
2026/04/17 14:23,2026/04/17 14:24,0:05,Excelファイル（ログ表示結果-20260416175217.xlsm）の入力・編集 / 検索と置換
2026/04/17 14:24,2026/04/17 14:24,0:05,Webサイト（192.169.5.5 - リモート デスクトップ接続）の閲覧・調査 / Webサイト（リモート デスクトップ接続）の閲覧・調査
2026/04/17 14:24,2026/04/17 14:24,0:05,Excelファイル（①社用ノートパソコン管理台帳.xlsx ）の入力・編集
2026/04/17 14:24,2026/04/17 14:24,0:05,Webサイト（192.169.5.5 - リモート デスクトップ接続）の閲覧・調査
2026/04/17 14:24,2026/04/17 14:24,0:05,Excelファイル（本社OAプライベートIPアドレス割当一覧.xlsx）の入力・編集
2026/04/17 14:24,2026/04/17 14:24,0:05,Webサイト（192.169.5.5 - リモート デスクトップ接続）の閲覧・調査
2026/04/17 14:24,2026/04/17 14:24,0:05,Excelファイル（FMV dynabook OA系デバイス管理台帳.xlsx ）の入力・編集
2026/04/17 14:24,2026/04/17 14:25,0:05,Webサイト（192.169.5.5 - リモート デスクトップ接続）の閲覧・調査 / Webサイト（文書 1 - Word）の閲覧・調査
2026/04/17 14:25,2026/04/17 14:25,0:05,Excelファイル（本社OAプライベートIPアドレス割当一覧.xlsx）の入力・編集
2026/04/17 14:25,2026/04/17 14:25,0:05,Excelファイル（本社OAプライベートIPアドレス割当一覧.xlsx）の入力・編集 / 検索と置換
2026/04/17 14:25,2026/04/17 14:25,0:05,Webサイト（192.169.5.5 - リモート デスクトップ接続）の閲覧・調査
2026/04/17 14:28,2026/04/17 14:28,0:05,Excelファイル（ログ表示結果-20260416175217.xlsm）の入力・編集
2026/04/17 14:28,2026/04/17 14:28,0:05,Excelファイル（ログ表示結果-20260416175217.xlsm）の入力・編集 / 検索と置換
2026/04/17 14:28,2026/04/17 14:31,0:05,Excelファイル（ログ表示結果-20260416175217.xlsm）の入力・編集 / 検索と置換
2026/04/17 14:32,2026/04/17 14:32,0:05,Webサイト（192.169.5.5 - リモート デスクトップ接続）の閲覧・調査
2026/04/17 14:32,2026/04/17 14:33,0:05,Excelファイル（ログ表示結果-20260416175217.xlsm）の入力・編集 / Excelファイル（本社OAプライベートIPアドレス割当一覧.xlsx）の入力・編集
2026/04/17 14:33,2026/04/17 14:33,0:05,Webサイト（文書 1 - Word）の閲覧・調査
2026/04/17 14:33,2026/04/17 14:33,0:05,Excelファイル（本社OAプライベートIPアドレス割当一覧.xlsx）の入力・編集
2026/04/17 14:33,2026/04/17 14:33,0:05,Webサイト（①社用ノートパソコン管理台帳 (version 1).xlsb  -  共有  -  自動回復済み - Excel）の閲覧・調査
2026/04/17 14:33,2026/04/17 14:33,0:05,Excelファイル（本社OAプライベートIPアドレス割当一覧.xlsx）の入力・編集
2026/04/17 14:33,2026/04/17 14:33,0:05,サイボウズ（メッセージの送信 - サイボウズ Office および他 2 ページ）での情報確認・処理
2026/04/17 14:33,2026/04/17 14:33,0:05,Excelファイル（本社OAプライベートIPアドレス割当一覧.xlsx）の入力・編集
2026/04/17 14:33,2026/04/17 14:33,0:05,サイボウズ（メッセージの送信 - サイボウズ Office および他 2 ページ）での情報確認・処理
2026/04/17 14:33,2026/04/17 14:33,0:05,Webサイト（192.169.5.5 - リモート デスクトップ接続）の閲覧・調査 / Webサイト（リモート デスクトップ接続）の閲覧・調査
2026/04/17 14:33,2026/04/17 14:33,0:05,サイボウズ（メッセージの送信 - サイボウズ Office および他 2 ページ）での情報確認・処理
2026/04/17 14:37,2026/04/17 14:37,0:05,Excelファイル（ログ表示結果-20260416175217.xlsm）の入力・編集 / Excelファイル（本社OAプライベートIPアドレス割当一覧.xlsx）の入力・編集
2026/04/17 14:37,2026/04/17 14:37,0:05,サイボウズ（メッセージの送信 - サイボウズ Office および他 2 ページ）での情報確認・処理
2026/04/17 14:37,2026/04/17 14:37,0:05,Excelファイル（ログ表示結果-20260416175217.xlsm）の入力・編集 / Excelファイル（本社OAプライベートIPアドレス割当一覧.xlsx）の入力・編集
2026/04/17 14:37,2026/04/17 14:37,0:05,サイボウズ（メッセージの送信 - サイボウズ Office および他 2 ページ）での情報確認・処理
2026/04/17 14:42,2026/04/17 14:42,0:05,Excelファイル（ログ表示結果-20260416175217.xlsm）の入力・編集 / Excelファイル（本社OAプライベートIPアドレス割当一覧.xlsx）の入力・編集
2026/04/17 14:42,2026/04/17 14:49,0:07,サイボウズ（forestway.cybozu.com/o/ag.cgi?page=MyFolderIndex&fid= および他 2 ページ）での情報確認・処理 / サイボウズ（メッセージの変更（標題・本文） - サイボウズ Office および他 2 ページ）での情報確認・処理 / サイボウズ（メッセージの変更（標題・本文） - サイボウズ Office）での情報確認・処理 / サイボウズ...
2026/04/17 15:04,2026/04/17 15:29,0:25,Webサイト（192.169.5.5 - リモート デスクトップ接続）の閲覧・調査 / Webサイト（リモート デスクトップ接続）の閲覧・調査
2026/04/17 15:29,2026/04/17 15:29,0:05,Excelファイル（Microsoft Visual Basic for Applications）の入力・編集
2026/04/17 15:29,2026/04/17 15:29,0:05,サイボウズ（メール - サイボウズ Office および他 1 ページ）での情報確認・処理
2026/04/17 15:29,2026/04/17 15:29,0:05,Webサイト（日本は管理者は残業代つかないけど海外も同様？ - Comet）の閲覧・調査
2026/04/17 15:29,2026/04/17 15:29,0:05,サイボウズ（メール本文 - サイボウズ Office - プロファイル 1 - Microsoft? Edge）での情報確認・処理
2026/04/17 15:29,2026/04/17 15:29,0:05,Webサイト（文書 1 - Word）の閲覧・調査
2026/04/17 15:30,2026/04/17 15:30,0:05,サイボウズ（forestway.cybozu.com/o/ag.cgi?page=MyFolderIndex および他 2 ページ）での情報確認・処理 / サイボウズ（メッセージの詳細 - サイボウズ Office および他 2 ページ）での情報確認・処理 / サイボウズ（メッセージの詳細 - サイボウズ Office）での情報確認・処理 / サイボウズ（個人フォルダ - サイボウズ Off...
2026/04/17 15:33,2026/04/17 16:09,0:35,Webサイト（MSN および他 4 ページ）の閲覧・調査 / Webサイト（msn.com/ja-jp/news/opinion/高さ443メートルからコインを落とした瞬間に何が起きるのか/vi-AA2112PX?ocid=entnewsntp&pc=HCTS&cvid=69e1822449f5418b96523b37470a0055&ei=30 および他 4 ページ）の閲覧・調査 / We...
2026/04/17 16:09,2026/04/17 16:23,0:14,サイボウズ（トップページ - サイボウズ Office および他 4 ページ）での情報確認・処理 / サイボウズ（トップページ - サイボウズ Office）での情報確認・処理 / サイボウズ（メッセージの詳細 - サイボウズ Office および他 4 ページ）での情報確認・処理 / サイボウズ（メッセージの詳細 - サイボウズ Office）での情報確認・処理 / サイボウズ（個人フォル...
2026/04/17 16:23,2026/04/17 16:23,0:05,メール（PC納期確認のメール返信）の閲覧・作成
2026/04/17 16:23,2026/04/17 16:31,0:08,Webサイト（DELL ノートPC商品一覧│中古パソコン販売の【イオシス】）の閲覧・調査 / Webサイト（Fujitsu FMV商品一覧│中古パソコン販売の【イオシス】）の閲覧・調査 / Webサイト（HP ノートPC商品一覧│中古パソコン販売の【イオシス】）の閲覧・調査 / Webサイト（LIFEBOOK U9311/F FMVU34025【Core i5(2.6GHz)/8GB/256...
2026/04/17 16:32,2026/04/17 16:32,0:05,サイボウズ（個人フォルダ - サイボウズ Office および他 4 ページ）での情報確認・処理
2026/04/17 16:32,2026/04/17 16:32,0:05,Webサイト（dynabook G83/HU A6GAHUAAH615【Core i7(3.0GHz)/16GB/512GB SSD/Win11Pro】|中古ノートPC格安販売の【イオシス】）の閲覧・調査
2026/04/17 16:32,2026/04/17 16:32,0:05,サイボウズ（個人フォルダ - サイボウズ Office および他 4 ページ）での情報確認・処理
2026/04/17 16:32,2026/04/17 16:32,0:05,Webサイト（accounts.secure.freee.co.jp/sessions/new?redirect_url=https%3A%2F%2Fp.secure.freee.co.jp%2Fusers%2Fafter_login%3Fhash%3D&service_name=payroll&sign_up_url=https%3A%2F%2Faccounts.secure.freee....
2026/04/17 16:39,2026/04/17 16:39,0:05,サイボウズ（forestway.cybozu.com/o/ag.cgi?page=FileView&fCID=1247805&fFID=1251933 および他 6 ページ）での情報確認・処理 / サイボウズ（ファイルの詳細 - サイボウズ Office および他 6 ページ）での情報確認・処理 / サイボウズ（ファイルの詳細 - サイボウズ Office）での情報確認・処理 / サイボウズ...
2026/04/17 16:40,2026/04/17 16:40,0:05,Excelファイル（2026年4月度【社員】勤怠申請・承認のご依頼0417.xlsx ）の入力・編集 / Excelファイル（Microsoft Visual Basic for Applications）の入力・編集 / Excelファイル（本社OAプライベートIPアドレス割当一覧.xlsx）の入力・編集
2026/04/17 16:40,2026/04/17 16:40,0:05,サイボウズ（ファイルの詳細 - サイボウズ Office および他 6 ページ）での情報確認・処理
2026/04/17 16:41,2026/04/17 16:44,0:05,Excelファイル（2026年4月度【社員】勤怠申請・承認のご依頼0417.xlsx ）の入力・編集
2026/04/17 16:46,2026/04/17 16:46,0:05,サイボウズ（ファイルの詳細 - サイボウズ Office および他 6 ページ）での情報確認・処理
2026/04/17 16:46,2026/04/17 16:46,0:05,Webサイト（Bizストレージ ファイルシェア および他 5 ページ）の閲覧・調査
2026/04/17 16:46,2026/04/17 16:50,0:05,サイボウズ（メッセージの詳細 - サイボウズ Office および他 5 ページ）での情報確認・処理
2026/04/17 16:50,2026/04/17 16:50,0:05,メール（3.EDIONクロスベンチャーズ）の閲覧・作成 / メール（Re: 年間スケジュール変更の件）の閲覧・作成 / メール（宮澤）の閲覧・作成
2026/04/17 16:53,2026/04/17 16:53,0:05,サイボウズ（個人フォルダ - サイボウズ Office）での情報確認・処理
2026/04/17 17:23,2026/04/17 17:23,0:05,Excelファイル（2026年4月度【社員】勤怠申請・承認のご依頼0417.xlsx ）の入力・編集
2026/04/17 17:34,2026/04/17 17:35,0:05,Webサイト（192.169.5.5 - リモート デスクトップ接続）の閲覧・調査 / Webサイト（リモート デスクトップ接続）の閲覧・調査
2026/04/17 18:24,2026/04/17 18:24,0:05,Webサイト（192.169.5.5 - リモート デスクトップ接続）の閲覧・調査 / Webサイト（リモート デスクトップ接続）の閲覧・調査
2026/04/17 18:24,2026/04/17 18:24,0:05,メール（3.EDIONクロスベンチャーズ）の閲覧・作成
2026/04/17 18:24,2026/04/17 18:24,0:05,サイボウズ（個人フォルダ - サイボウズ Office および他 5 ページ）での情報確認・処理
2026/04/17 18:26,2026/04/17 18:26,0:05,Webサイト（まもなく再起動する時間です (推定: 4 分)）の閲覧・調査
2026/04/17 18:40,2026/04/17 18:40,0:05,Word
2026/04/19 20:04,2026/04/19 20:04,0:05,Webサイト（Messaging APIの料金 | LINE Developers）の閲覧・調査
2026/04/19 20:04,2026/04/19 20:05,0:05,Chat / Webサイト（FWN-026）の閲覧・調査 / Webサイト（LINE Notify）の閲覧・調査 / Webサイト（MT5 乖離アラートインジケーター作成 - Google Gemini）の閲覧・調査 / Webサイト（リモート アクセス - Chrome リモート デスクトップ）の閲覧・調査
2026/04/19 20:06,2026/04/19 20:06,0:05,サイボウズ（ファイルの詳細 - サイボウズ Office）での情報確認・処理
2026/04/19 20:06,2026/04/19 20:06,0:05,Webサイト（Perplexity - Comet）の閲覧・調査 / Webサイト（文書 1 - Word）の閲覧・調査 / Webサイト（日本は管理者は残業代つかないけど海外も同様？ - Comet）の閲覧・調査
2026/04/19 20:06,2026/04/19 20:06,0:05,サイボウズ（ファイルの詳細 - サイボウズ Office）での情報確認・処理 / サイボウズ（個人フォルダ - サイボウズ Office）での情報確認・処理
2026/04/19 20:06,2026/04/19 20:06,0:05,Webサイト（Bizストレージ ファイルシェア）の閲覧・調査
2026/04/19 20:06,2026/04/19 20:06,0:05,サイボウズ（個人フォルダ - サイボウズ Office）での情報確認・処理
2026/04/19 20:06,2026/04/19 20:06,0:05,Webサイト（Google Chrome）の閲覧・調査 / Word
2026/04/19 20:06,2026/04/19 20:06,0:05,サイボウズ（個人フォルダ - サイボウズ Office および他 5 ページ）での情報確認・処理
2026/04/19 20:06,2026/04/19 20:06,0:05,Webサイト（Bizストレージ ファイルシェア | エラー）の閲覧・調査
2026/04/19 20:06,2026/04/19 20:07,0:05,サイボウズ（forestway.cybozu.com/o/ag.cgi?page=MyFolderIndex および他 5 ページ）での情報確認・処理 / サイボウズ（forestway.cybozu.com/o/ag.cgi?page=MyFolderMessageView&mDBID=2&mEID=90195&mDID=292583&cp=ml&sp=&tp= および他 5 ページ）での...
2026/04/19 20:07,2026/04/19 20:07,0:05,Webサイト（Microsoft Excel）の閲覧・調査 / Webサイト（①社用ノートパソコン管理台帳 (version 2).xlsb  -  共有  -  自動回復済み - Excel）の閲覧・調査
2026/04/19 20:07,2026/04/19 20:07,0:05,Excel / Webサイト（①社用ノートパソコン管理台帳 (version 1).xlsb  -  共有  -  自動回復済み - Excel）の閲覧・調査 / Webサイト（①社用ノートパソコン管理台帳 (version 1).xlsb  -  共有 - Excel）の閲覧・調査 / Webサイト（①社用ノートパソコン管理台帳 (version 1).xlsb - Excel）の閲覧・調査
2026/04/19 20:08,2026/04/19 20:08,0:05,Excelファイル（①社用ノートパソコン管理台帳 (version 1).xlsb.xlsx ）の入力・編集
2026/04/19 20:08,2026/04/19 20:09,0:05,Webサイト（①社用ノートパソコン管理台帳 (version 2).xlsb  -  共有  -  自動回復済み - Excel）の閲覧・調査
2026/04/19 20:09,2026/04/19 20:09,0:05,Excelファイル（①社用ノートパソコン管理台帳.xlsx ）の入力・編集
2026/04/19 20:09,2026/04/19 20:09,0:05,Webサイト（本社OAプライベートIPアドレス割当一覧 (version 1).xlsb  -  自動回復済み - Excel）の閲覧・調査
2026/04/19 20:09,2026/04/19 20:09,0:05,Excelファイル（本社OAプライベートIPアドレス割当一覧.xlsx ）の入力・編集 / Excelファイル（本社OAプライベートIPアドレス割当一覧.xlsx）の入力・編集
2026/04/19 20:09,2026/04/19 20:09,0:05,Webサイト（FMV dynabook OA系デバイス管理台帳 (version 1).xlsb  -  共有  -  自動回復済み - Excel）の閲覧・調査
2026/04/19 20:09,2026/04/19 20:09,0:05,Excelファイル（FMV dynabook OA系デバイス管理台帳.xlsx ）の入力・編集
2026/04/19 20:11,2026/04/19 20:11,0:05,Webサイト（起動しています - Excel）の閲覧・調査
2026/04/19 20:11,2026/04/19 20:11,0:05,Excelファイル（③2025年度下期_行動評価シート（様式②~⑤）.xlsx ）の入力・編集
2026/04/19 20:15,2026/04/19 20:15,0:05,サイボウズ（メッセージの詳細 - サイボウズ Office および他 5 ページ）での情報確認・処理 / サイボウズ（メッセージの詳細 - サイボウズ Office）での情報確認・処理 / サイボウズ（個人フォルダ - サイボウズ Office および他 5 ページ）での情報確認・処理 / サイボウズ（個人フォルダ - サイボウズ Office）での情報確認・処理 / サイボウズ（個人フォル...
2026/04/19 20:16,2026/04/19 20:16,0:05,Webサイト（FWN-026）の閲覧・調査 / Webサイト（リモート アクセス - Chrome リモート デスクトップ）の閲覧・調査
2026/04/19 20:16,2026/04/19 20:16,0:05,サイボウズ（メッセージの詳細 - サイボウズ Office および他 5 ページ）での情報確認・処理
2026/04/19 20:16,2026/04/19 20:16,0:05,Webサイト（FWN-026）の閲覧・調査 / Webサイト（リモート アクセス - Chrome リモート デスクトップ）の閲覧・調査
2026/04/19 20:16,2026/04/19 20:16,0:05,サイボウズ（メッセージの詳細 - サイボウズ Office および他 5 ページ）での情報確認・処理
2026/04/19 20:16,2026/04/19 20:16,0:05,Webサイト（FWN-026）の閲覧・調査 / Webサイト（リモート アクセス - Chrome リモート デスクトップ）の閲覧・調査
2026/04/19 20:16,2026/04/19 20:18,0:05,サイボウズ（メッセージの詳細 - サイボウズ Office および他 5 ページ）での情報確認・処理 / サイボウズ（メッセージの詳細 - サイボウズ Office）での情報確認・処理 / サイボウズ（個人フォルダ - サイボウズ Office および他 5 ページ）での情報確認・処理 / サイボウズ（個人フォルダ - サイボウズ Office）での情報確認・処理 / サイボウズ（個人フォル...
2026/04/19 20:19,2026/04/19 20:19,0:05,Excelファイル（③2024年度上期_行動評価シート（様式②~⑤） (2).xlsx）の入力・編集 / Excelファイル（③2025年度下期_行動評価シート（様式②~⑤）.xlsx ）の入力・編集
2026/04/19 20:19,2026/04/19 20:19,0:05,Excel / サイボウズ（メッセージの詳細 - サイボウズ Office および他 5 ページ）での情報確認・処理
2026/04/19 20:19,2026/04/19 20:19,0:05,PDF資料（①2025年度_下期_人事評価(概要).pdf）の確認
2026/04/19 20:20,2026/04/19 20:20,0:05,Webサイト（Adobe Acrobat にようこそ）の閲覧・調査
2026/04/19 20:20,2026/04/19 20:20,0:05,PDF資料（①2025年度_下期_人事評価(概要).pdf）の確認
2026/04/19 20:20,2026/04/19 20:21,0:05,Webサイト（Adobe Acrobat Reader (64-bit)）の閲覧・調査 / Webサイト（起動しています - Excel）の閲覧・調査
2026/04/19 20:21,2026/04/19 20:21,0:05,Excelファイル（②2025年度下期_多面評価シート（様式①）.xlsx）の入力・編集
2026/04/19 20:21,2026/04/19 20:21,0:05,Excel / サイボウズ（メッセージの詳細 - サイボウズ Office および他 5 ページ）での情報確認・処理
2026/04/19 20:21,2026/04/19 20:21,0:05,Excelファイル（2025年度下期_業績評価シート【3068伊藤健人】 (3).xlsx ）の入力・編集 / Excelファイル（2025年度下期_業績評価シート【3068伊藤健人】 (3).xlsx）の入力・編集 / Excelファイル（④2025年度下期_役割変更推薦書（様式⑥）　.xlsx ）の入力・編集
2026/04/19 20:21,2026/04/19 20:21,0:05,サイボウズ（メッセージの詳細 - サイボウズ Office および他 5 ページ）での情報確認・処理
2026/04/19 20:21,2026/04/19 20:21,0:05,Excelファイル（④2025年度下期_役割変更推薦書（様式⑥）　.xlsx ）の入力・編集
2026/04/19 20:22,2026/04/19 20:22,0:05,Excel / サイボウズ（メッセージの詳細 - サイボウズ Office および他 5 ページ）での情報確認・処理
2026/04/19 20:22,2026/04/19 20:22,0:05,Webサイト（起動しています - Excel）の閲覧・調査 / スタート
2026/04/19 20:22,2026/04/19 20:22,0:05,Excel / Excelファイル（2025年度下期_業績評価シート【3068伊藤健人】 (2).xlsx）の入力・編集
2026/04/19 20:31,2026/04/19 20:31,0:05,Webサイト（Adobe - Adobe Acrobat Reader をインストール）の閲覧・調査 / Webサイト（Google Chrome）の閲覧・調査
2026/04/19 20:31,2026/04/19 20:31,0:05,PDF資料（Acrobat-for-Chrome.pdf）の確認
2026/04/19 20:31,2026/04/19 20:31,0:05,Webサイト（「Microsoft Edge」にゼロデイ脆弱性、WebGPU実装「Dawn」の欠陥を突く攻撃が確認 - 窓の杜）の閲覧・調査 / Webサイト（ばりとくこだま - Google 検索）の閲覧・調査
2026/04/19 20:31,2026/04/19 20:31,0:05,メール（PC納期確認のメール返信）の閲覧・作成 / メール（無料のメールソフト「Thunderbird」にセキュリティ修正 ～最大深刻度はhigh）の閲覧・作成
2026/04/19 20:31,2026/04/19 20:31,0:05,Webサイト（ToDo リスト）の閲覧・調査 / Webサイト（dynabook G83/HU A6GAHUAAH615【Core i7(3.0GHz)/16GB/512GB SSD/Win11Pro】|中古ノートPC格安販売の【イオシス】）の閲覧・調査 / Webサイト（「Windows+R」は絶対に押すな！　新入社員に贈るセキュリティの新常識5選（ITmedia エンタープライズ） - ...
2026/04/19 20:31,2026/04/19 20:31,0:05,メール（PC納期確認のメール返信）の閲覧・作成
2026/04/19 20:31,2026/04/19 20:31,0:05,Webサイト（Google Gemini）の閲覧・調査 / Webサイト（Google）の閲覧・調査 / Webサイト（dynabook G83/HU A6GAHUAAH615【Core i7(3.0GHz)/16GB/512GB SSD/Win11Pro】|中古ノートPC格安販売の【イオシス】）の閲覧・調査 / Webサイト（google.com）の閲覧・調査
2026/04/19 20:31,2026/04/19 20:31,0:05,メール（PC納期確認のメール返信）の閲覧・作成
2026/04/19 20:31,2026/04/19 20:31,0:05,Webサイト（「Microsoft Edge」にゼロデイ脆弱性、WebGPU実装「Dawn」の欠陥を突く攻撃が確認 - 窓の杜）の閲覧・調査
2026/04/19 20:31,2026/04/19 20:31,0:05,メール（無料のメールソフト「Thunderbird」にセキュリティ修正 ～最大深刻度はhigh）の閲覧・作成
2026/04/19 20:31,2026/04/19 20:31,0:05,Webサイト（「Windows+R」は絶対に押すな！　新入社員に贈るセキュリティの新常識5選（ITmedia エンタープライズ） - Yahoo!ニュース）の閲覧・調査 / Webサイト（ばりとくこだま - Google 検索）の閲覧・調査
2026/04/19 20:31,2026/04/19 20:31,0:05,PDF資料（Acrobat-for-Chrome.pdf）の確認
2026/04/19 20:31,2026/04/19 20:31,0:05,Webサイト（Loading...）の閲覧・調査
2026/04/19 20:31,2026/04/19 20:31,0:05,PDF資料（Acrobat-for-Chrome.pdf）の確認
2026/04/19 20:31,2026/04/19 20:32,0:05,Webサイト（Adobe - Adobe Acrobat Reader をインストール）の閲覧・調査 / Webサイト（Google Gemini）の閲覧・調査
2026/04/19 20:32,2026/04/19 20:32,0:05,メール（PC納期確認のメール返信）の閲覧・作成
2026/04/19 20:32,2026/04/19 20:32,0:05,Webサイト（Google Gemini）の閲覧・調査 / Webサイト（健人さんの強みと未来のプロジェクト - Google Gemini）の閲覧・調査
2026/04/19 20:34,2026/04/19 20:34,0:05,Excelファイル（2025年度下期_業績評価シート【3068伊藤健人】 (2).xlsx）の入力・編集
2026/04/19 20:34,2026/04/19 20:34,0:05,Webサイト（名前を付けて保存）の閲覧・調査
2026/04/19 20:34,2026/04/19 20:34,0:05,Excelファイル（2025年度下期_業績評価シート【3068伊藤健人】 (2).xlsx）の入力・編集
2026/04/19 20:34,2026/04/19 20:34,0:05,Webサイト（名前を付けて保存）の閲覧・調査
2026/04/19 20:34,2026/04/19 20:34,0:05,Excelファイル（2025年度下期_業績評価シート【3068伊藤健人】 (2).xlsx）の入力・編集
2026/04/19 20:34,2026/04/19 20:34,0:05,Webサイト（Google Gemini）の閲覧・調査
2026/04/19 20:34,2026/04/19 20:34,0:05,サイボウズ（メッセージの詳細 - サイボウズ Office および他 5 ページ）での情報確認・処理
2026/04/19 20:34,2026/04/19 20:49,0:14,Webサイト（90年代以降F1ドライバー分析 - Google Gemini）の閲覧・調査 / Webサイト（Google Gemini）の閲覧・調査 / Webサイト（人事考課 成果記入内容の考察 - Google Gemini）の閲覧・調査
2026/04/19 20:49,2026/04/19 20:49,0:05,サイボウズ（メッセージの詳細 - サイボウズ Office および他 5 ページ）での情報確認・処理
2026/04/19 20:49,2026/04/19 20:49,0:05,Webサイト（人事考課 成果記入内容の考察 - Google Gemini）の閲覧・調査 / Webサイト（起動しています - Excel）の閲覧・調査
2026/04/19 20:49,2026/04/19 20:49,0:05,Excelファイル（2025年度下期_業績評価シート【3068伊藤健人】 (2).xlsx ）の入力・編集
2026/04/19 20:49,2026/04/19 20:49,0:05,Webサイト（人事考課 成果記入内容の考察 - Google Gemini）の閲覧・調査
2026/04/19 20:49,2026/04/19 20:49,0:05,Excelファイル（2025年度下期_業績評価シート【3068伊藤健人】 (2).xlsx ）の入力・編集 / Excelファイル（2025年度下期_業績評価シート【3068伊藤健人】 (2).xlsx）の入力・編集
2026/04/19 20:49,2026/04/19 20:49,0:05,Webサイト（人事考課 成果記入内容の考察 - Google Gemini）の閲覧・調査
2026/04/19 20:50,2026/04/19 20:50,0:05,Excelファイル（2025年度下期_業績評価シート【3068伊藤健人】 (2).xlsx）の入力・編集
2026/04/19 20:50,2026/04/19 20:50,0:05,Webサイト（人事考課 成果記入内容の考察 - Google Gemini）の閲覧・調査
2026/04/19 20:50,2026/04/19 20:50,0:05,Excelファイル（2025年度下期_業績評価シート【3068伊藤健人】 (2).xlsx）の入力・編集
2026/04/19 20:50,2026/04/19 20:50,0:05,Webサイト（人事考課 成果記入内容の考察 - Google Gemini）の閲覧・調査
2026/04/19 20:53,2026/04/19 20:53,0:05,Excelファイル（2025年度下期_業績評価シート【3068伊藤健人】 (2).xlsx）の入力・編集
2026/04/19 20:53,2026/04/19 20:53,0:05,Webサイト（人事考課 成果記入内容の考察 - Google Gemini）の閲覧・調査
2026/04/19 20:55,2026/04/19 20:55,0:05,Excelファイル（2025年度下期_業績評価シート【3068伊藤健人】 (2).xlsx）の入力・編集
2026/04/19 20:56,2026/04/19 20:56,0:05,Webサイト（人事考課 成果記入内容の考察 - Google Gemini）の閲覧・調査
2026/04/19 20:56,2026/04/19 20:56,0:05,Excelファイル（2025年度下期_業績評価シート【3068伊藤健人】 (2).xlsx）の入力・編集
2026/04/19 20:56,2026/04/19 20:56,0:05,Webサイト（人事考課 成果記入内容の考察 - Google Gemini）の閲覧・調査
2026/04/19 20:56,2026/04/19 20:56,0:05,Excelファイル（2025年度下期_業績評価シート【3068伊藤健人】 (2).xlsx）の入力・編集
2026/04/19 20:56,2026/04/19 20:56,0:05,Webサイト（人事考課 成果記入内容の考察 - Google Gemini）の閲覧・調査
2026/04/19 20:56,2026/04/19 20:56,0:05,Excelファイル（2025年度下期_業績評価シート【3068伊藤健人】 (2).xlsx）の入力・編集
2026/04/19 20:56,2026/04/19 20:56,0:05,Webサイト（Microsoft Excel）の閲覧・調査
2026/04/19 20:56,2026/04/19 20:56,0:05,Excelファイル（2025年度下期_業績評価シート【3068伊藤健人】 (2).xlsx）の入力・編集
2026/04/19 20:57,2026/04/19 20:57,0:05,Webサイト（人事考課 成果記入内容の考察 - Google Gemini）の閲覧・調査
2026/04/19 20:57,2026/04/19 20:57,0:05,Excelファイル（2025年度下期_業績評価シート【3068伊藤健人】 (2).xlsx）の入力・編集
2026/04/19 20:57,2026/04/19 20:57,0:05,Webサイト（人事考課 成果記入内容の考察 - Google Gemini）の閲覧・調査
2026/04/19 20:57,2026/04/19 20:57,0:05,Excelファイル（2025年度下期_業績評価シート【3068伊藤健人】 (2).xlsx）の入力・編集
2026/04/19 20:58,2026/04/19 20:58,0:05,Webサイト（人事考課 成果記入内容の考察 - Google Gemini）の閲覧・調査
2026/04/19 20:58,2026/04/19 20:58,0:05,Excelファイル（2025年度下期_業績評価シート【3068伊藤健人】 (2).xlsx）の入力・編集
2026/04/19 21:00,2026/04/19 21:00,0:05,Webサイト（人事考課 成果記入内容の考察 - Google Gemini）の閲覧・調査
2026/04/19 21:00,2026/04/19 21:00,0:05,Excelファイル（2025年度下期_業績評価シート【3068伊藤健人】 (2).xlsx）の入力・編集
2026/04/19 21:00,2026/04/19 21:00,0:05,Webサイト（人事考課 成果記入内容の考察 - Google Gemini）の閲覧・調査
2026/04/19 21:01,2026/04/19 21:01,0:05,Excelファイル（2025年度下期_業績評価シート【3068伊藤健人】 (2).xlsx）の入力・編集
2026/04/19 21:01,2026/04/19 21:01,0:05,Webサイト（人事考課 成果記入内容の考察 - Google Gemini）の閲覧・調査
2026/04/19 21:01,2026/04/19 21:01,0:05,Excelファイル（2025年度下期_業績評価シート【3068伊藤健人】 (2).xlsx）の入力・編集
2026/04/19 21:01,2026/04/19 21:01,0:05,Webサイト（人事考課 成果記入内容の考察 - Google Gemini）の閲覧・調査
2026/04/19 21:09,2026/04/19 21:09,0:05,Excelファイル（2025年度下期_業績評価シート【3068伊藤健人】 (2).xlsx）の入力・編集
2026/04/19 21:15,2026/04/19 21:15,0:05,Webサイト（人事考課 成果記入内容の考察 - Google Gemini）の閲覧・調査
2026/04/19 21:15,2026/04/19 21:18,0:05,Excelファイル（2025年度下期_業績評価シート【3068伊藤健人】 (2).xlsx）の入力・編集
2026/04/19 21:19,2026/04/19 21:20,0:05,Excel / Webサイト（人事考課 成果記入内容の考察 - Google Gemini）の閲覧・調査 / Webサイト（起動しています - Excel）の閲覧・調査
2026/04/19 21:20,2026/04/19 21:20,0:05,Excelファイル（新規タスク記録表.xlsx）の入力・編集
2026/04/19 21:21,2026/04/19 21:23,0:05,Webサイト（人事考課 成果記入内容の考察 - Google Gemini）の閲覧・調査 / Webサイト（起動しています - Excel）の閲覧・調査
2026/04/19 21:23,2026/04/19 21:23,0:05,Excelファイル（2025年度下期_業績評価シート【3068伊藤健人】 (2).xlsx）の入力・編集
2026/04/19 21:23,2026/04/19 21:23,0:05,Webサイト（人事考課 成果記入内容の考察 - Google Gemini）の閲覧・調査
2026/04/19 21:23,2026/04/19 21:23,0:05,Excelファイル（2025年度下期_業績評価シート【3068伊藤健人】 (2).xlsx）の入力・編集
2026/04/19 21:23,2026/04/19 21:23,0:05,Webサイト（人事考課 成果記入内容の考察 - Google Gemini）の閲覧・調査
2026/04/19 21:28,2026/04/19 21:28,0:05,Excelファイル（2025年度下期_業績評価シート【3068伊藤健人】 (2).xlsx）の入力・編集
2026/04/19 21:29,2026/04/19 21:29,0:05,Webサイト（人事考課 成果記入内容の考察 - Google Gemini）の閲覧・調査
2026/04/19 21:29,2026/04/19 21:29,0:05,Excelファイル（2025年度下期_業績評価シート【3068伊藤健人】 (2).xlsx）の入力・編集
2026/04/19 21:44,2026/04/19 21:46,0:05,Excel / Webサイト（Google）の閲覧・調査 / Webサイト（ToDo リスト）の閲覧・調査 / Webサイト（tasks.google.com/tasks/?utm_source=OGB&utm_medium=app）の閲覧・調査 / Webサイト（yahoo乗換 - Google 検索）の閲覧・調査 / Webサイト（乗換案内、時刻表、運行情報 - Yahoo!路線情報）の...
2026/04/19 21:48,2026/04/19 21:48,0:05,サイボウズ（メッセージの詳細 - サイボウズ Office および他 5 ページ）での情報確認・処理
2026/04/19 21:49,2026/04/19 21:49,0:05,PDF資料（①2025年度_下期_人事評価(概要).pdf）の確認
2026/04/19 21:50,2026/04/19 21:50,0:05,Webサイト（Adobe Acrobat Reader (64-bit)）の閲覧・調査 / Webサイト（起動しています - Excel）の閲覧・調査
2026/04/19 21:50,2026/04/19 21:50,0:05,Excelファイル（③2025年度下期_行動評価シート（様式②~⑤）.xlsx ）の入力・編集 / Excelファイル（③2025年度下期_行動評価シート（様式②~⑤）.xlsx）の入力・編集
2026/04/19 21:51,2026/04/19 21:51,0:05,Webサイト（ToDo リスト）の閲覧・調査 / Webサイト（人事考課 成果記入内容の考察 - Google Gemini）の閲覧・調査
2026/04/19 21:52,2026/04/19 21:52,0:05,Excelファイル（③2024年度上期_行動評価シート（様式②~⑤） (2).xlsx）の入力・編集 / Excelファイル（③2025年度下期_行動評価シート（様式②~⑤）.xlsx）の入力・編集
2026/04/19 21:52,2026/04/19 21:52,0:05,Webサイト（人事考課 成果記入内容の考察 - Google Gemini）の閲覧・調査
2026/04/19 21:53,2026/04/19 21:53,0:05,Excel / Webサイト（Microsoft Excel）の閲覧・調査
2026/04/19 21:53,2026/04/19 21:53,0:05,Excel / Webサイト（起動しています - Excel）の閲覧・調査
2026/04/19 21:53,2026/04/19 21:53,0:05,Excel / Webサイト（Microsoft Excel）の閲覧・調査
2026/04/19 21:53,2026/04/19 21:54,0:05,Excel / Webサイト（ファイルの名前変更）の閲覧・調査
2026/04/19 21:54,2026/04/19 21:54,0:05,サイボウズ（forestway.cybozu.com および他 1 ページ）での情報確認・処理 / サイボウズ（forestway.cybozu.com/login?redirect=https%3A%2F%2Fforestway.cybozu.com%2F および他 1 ページ）での情報確認・処理
2026/04/19 21:54,2026/04/19 21:54,0:05,Webサイト（インフォメーション および他 1 ページ）の閲覧・調査 / Webサイト（インフォメーション）の閲覧・調査
2026/04/19 21:54,2026/04/19 22:01,0:06,サイボウズ（トップページ - サイボウズ Office および他 1 ページ）での情報確認・処理 / サイボウズ（トップページ - サイボウズ Office）での情報確認・処理 / サイボウズ（個人フォルダ - サイボウズ Office および他 1 ページ）での情報確認・処理 / サイボウズ（個人フォルダ - サイボウズ Office）での情報確認・処理 / サイボウズ（個人フォルダの検索...
2026/04/19 22:01,2026/04/19 22:01,0:05,Webサイト（人事考課 成果記入内容の考察 - Google Gemini）の閲覧・調査
2026/04/19 22:03,2026/04/19 22:03,0:05,Excelファイル（③2024年度上期_行動評価シート（様式②~⑤） (2).xlsx）の入力・編集
2026/04/19 22:04,2026/04/19 22:04,0:05,Webサイト（人事考課 成果記入内容の考察 - Google Gemini）の閲覧・調査
2026/04/19 22:11,2026/04/19 22:11,0:05,Excelファイル（③2024年度上期_行動評価シート（様式②~⑤） (2).xlsx）の入力・編集
2026/04/19 22:11,2026/04/19 22:11,0:05,Webサイト（人事考課 成果記入内容の考察 - Google Gemini）の閲覧・調査
2026/04/19 22:11,2026/04/19 22:11,0:05,サイボウズ（個人フォルダの検索 - サイボウズ Office および他 1 ページ）での情報確認・処理
2026/04/19 22:12,2026/04/19 22:12,0:05,Webサイト（人事考課 成果記入内容の考察 - Google Gemini）の閲覧・調査
2026/04/19 22:12,2026/04/19 22:12,0:05,Excelファイル（③2024年度上期_行動評価シート（様式②~⑤） (2).xlsx）の入力・編集
2026/04/19 22:12,2026/04/19 22:12,0:05,Webサイト（人事考課 成果記入内容の考察 - Google Gemini）の閲覧・調査
2026/04/19 22:12,2026/04/19 22:12,0:05,Excelファイル（③2025年度下期_行動評価シート（様式②~⑤）.xlsx）の入力・編集
2026/04/19 22:12,2026/04/19 22:12,0:05,Webサイト（人事考課 成果記入内容の考察 - Google Gemini）の閲覧・調査
2026/04/19 22:12,2026/04/19 22:12,0:05,Excelファイル（③2024年度上期_行動評価シート（様式②~⑤） (2).xlsx）の入力・編集
2026/04/19 22:12,2026/04/19 22:12,0:05,Webサイト（人事考課 成果記入内容の考察 - Google Gemini）の閲覧・調査
2026/04/19 22:12,2026/04/19 22:12,0:05,Excelファイル（③2024年度上期_行動評価シート（様式②~⑤） (2).xlsx）の入力・編集
2026/04/19 22:12,2026/04/19 22:12,0:05,Webサイト（人事考課 成果記入内容の考察 - Google Gemini）の閲覧・調査
2026/04/19 22:15,2026/04/19 22:15,0:05,Excelファイル（③2024年度上期_行動評価シート（様式②~⑤） (2).xlsx）の入力・編集
2026/04/19 22:15,2026/04/19 22:15,0:05,Webサイト（人事考課 成果記入内容の考察 - Google Gemini）の閲覧・調査
2026/04/19 22:15,2026/04/19 22:15,0:05,Excelファイル（③2024年度上期_行動評価シート（様式②~⑤） (2).xlsx）の入力・編集
2026/04/19 22:15,2026/04/19 22:15,0:05,Webサイト（人事考課 成果記入内容の考察 - Google Gemini）の閲覧・調査
2026/04/19 22:15,2026/04/19 22:16,0:05,Excelファイル（③2025年度下期_行動評価シート（様式②~⑤）.xlsx）の入力・編集
2026/04/19 22:16,2026/04/19 22:16,0:05,Webサイト（セルの書式設定）の閲覧・調査
2026/04/19 22:16,2026/04/19 22:16,0:05,Excelファイル（③2025年度下期_行動評価シート（様式②~⑤）.xlsx）の入力・編集
2026/04/19 22:17,2026/04/19 23:35,1:17,Webサイト（13cmは巨根か？平均サイズと現実 - Google Gemini）の閲覧・調査 / Webサイト（90年代以降F1ドライバー分析 - Google Gemini）の閲覧・調査 / Webサイト（Corporate IT Systems and Network Administration Operations - NotebookLM）の閲覧・調査 / Webサイト（F1技術...
2026/04/19 23:36,2026/04/19 23:36,0:05,メール（無料のメールソフト「Thunderbird」にセキュリティ修正 ～最大深刻度はhigh）の閲覧・作成
2026/04/19 23:36,2026/04/20 00:07,0:31,Webサイト（Amazon - Google 検索）の閲覧・調査 / Webサイト（Anthropic、最新鋭モデル「Claude Opus 4.7」を発表 ～激ムズな作業も監督なしで任せられるレベル - 窓の杜）の閲覧・調査 / Webサイト（Claude CodeのセッションをTODOリストにしたら、人間はシングルタスク、Agentはマルチタスクで回り始めた話｜九津見 真太郎）の閲覧・調...
2026/04/20 00:07,2026/04/20 00:11,0:05,Webサイト（(21) ホーム / X）の閲覧・調査 / Webサイト（x.com/home）の閲覧・調査 / Webサイト（ホーム / X）の閲覧・調査 / Webサイト（マレーシア 火事 - Google 検索）の閲覧・調査 / Webサイト（マレーシアで大規模火災が発生し、200軒の家屋が焼失）の閲覧・調査 / X - Google Chrome / x.com - Google Ch...
2026/04/20 00:11,2026/04/20 00:13,0:05,Webサイト（F1 - Google 検索）の閲覧・調査 / Webサイト（F1　セナ - Google 検索）の閲覧・調査 / Webサイト（google.com/search?q=F1&oq=F1&gs_lcrp=EgZjaHJvbWUyDAgAEEUYORixAxiABDIJCAEQIxgnGPAFMgkIAhAjGCcY8AUyCggDEAAYsQMYgAQyBggEEEUYQTIG...
2026/04/20 00:13,2026/04/20 00:22,0:08,Webサイト（Amazon - Google 検索）の閲覧・調査 / Webサイト（F1　セナ - Google 検索）の閲覧・調査 / Webサイト（F1技術 - Google Gemini）の閲覧・調査 / Webサイト（NotebookLM）の閲覧・調査 / Webサイト（ad.games.dmm.com/rlyehshoujotai_c02/index.html?gad_source...
2026/04/20 09:14,2026/04/20 09:14,0:05,Webサイト（Google Chrome）の閲覧・調査 / Webサイト（Google）の閲覧・調査 / Webサイト（google.com）の閲覧・調査
2026/04/20 09:25,2026/04/20 09:38,0:13,サイボウズ（forestway.cybozu.com/o/ag.cgi?page=FileIndex および他 1 ページ）での情報確認・処理 / サイボウズ（forestway.cybozu.com/o/ag.cgi?page=FileIndex&gid=&fCID=80073 および他 1 ページ）での情報確認・処理 / サイボウズ（ファイル管理 - サイボウズ Office および他 ...
2026/04/20 09:40,2026/04/20 09:50,0:10,Webサイト（Buffalo BHR-4GRV2 電波の強度を変更できる？ - Comet）の閲覧・調査 / Webサイト（Creating Notebook...）の閲覧・調査 / Webサイト（Google NotebookLM）の閲覧・調査 / Webサイト（Google）の閲覧・調査 / Webサイト（HP ノートPC商品一覧│中古パソコン販売の【イオシス】）の閲覧・調査 / Web...
2026/04/20 09:50,2026/04/20 09:50,0:05,メール（Bizストレージファイルシェア　のBizドライブって部署で複数の受信ファイルを共有できる機能として考えていい？　例えばメールのCCのように一人が受信してダウンロ...）の閲覧・作成
2026/04/20 09:50,2026/04/20 10:28,0:37,Webサイト（10台以上　中古ノートパソコン　【中古パソコン直販】 - Comet）の閲覧・調査 / Webサイト（16GB以上　中古ノートパソコン　【中古パソコン直販】 - Comet）の閲覧・調査 / Webサイト（16GB以上　中古ノートパソコン　【中古パソコン直販】(在庫が多い順) - Comet）の閲覧・調査 / Webサイト（16GB以上　中古ノートパソコン　【中古パソコン直販】...
2026/04/20 10:28,2026/04/20 10:28,0:05,サイボウズ（forestway.cybozu.com/login?redirect=https%3A%2F%2Fforestway.cybozu.com%2F および他 1 ページ）での情報確認・処理
2026/04/20 10:28,2026/04/20 10:28,0:05,Webサイト（インフォメーション および他 1 ページ）の閲覧・調査 / Webサイト（インフォメーション）の閲覧・調査
2026/04/20 10:28,2026/04/20 10:29,0:05,サイボウズ（トップページ - サイボウズ Office および他 1 ページ）での情報確認・処理 / サイボウズ（トップページ - サイボウズ Office）での情報確認・処理 / サイボウズ（個人フォルダ - サイボウズ Office および他 1 ページ）での情報確認・処理 / サイボウズ（個人フォルダ - サイボウズ Office）での情報確認・処理
2026/04/20 10:29,2026/04/20 11:49,1:20,"Webサイト（10台以上　中古ノートパソコン　【中古パソコン直販】 - Comet）の閲覧・調査 / Webサイト（Amazon - Comet）の閲覧・調査 / Webサイト（Amazon | 本, ファッション, 家電から食品まで | アマゾン - Comet）の閲覧・調査 / Webサイト（Amazon.co.jp : 中古ノートパソコン - Comet）の閲覧・調査 / Webサイト..."
2026/04/20 11:49,2026/04/20 11:50,0:05,メール（Mozilla Thunderbird）の閲覧・作成 / メール（ホーム）の閲覧・作成 / メール（受信トレイ）の閲覧・作成
2026/04/20 11:50,2026/04/20 11:50,0:05,Webサイト（検索結果│中古スマホ・SIMフリー販売の【イオシス】）の閲覧・調査
2026/04/20 11:50,2026/04/20 11:51,0:05,メール（Re: 年間スケジュール変更の件）の閲覧・作成 / メール（t_ito）の閲覧・作成 / メール（ホーム）の閲覧・作成 / メール（受信トレイ）の閲覧・作成 / メール（宮澤）の閲覧・作成 / メール（年間スケジュール変更の件）の閲覧・作成 / メール（年間スケジュール）の閲覧・作成
2026/04/20 11:51,2026/04/20 11:51,0:05,Webサイト（検索結果│中古スマホ・SIMフリー販売の【イオシス】）の閲覧・調査
2026/04/20 11:51,2026/04/20 11:51,0:05,メール（受信トレイ）の閲覧・作成
2026/04/20 11:51,2026/04/20 12:02,0:11,Webサイト（10台以上　中古ノートパソコン　【中古パソコン直販】 - Comet）の閲覧・調査 / Webサイト（404 Not Found）の閲覧・調査 / Webサイト（Amazon.co.jp : ddr-5 so-dimm 16GB）の閲覧・調査 / Webサイト（Amazon.co.jp : 中古ノートパソコン windows11 - Comet）の閲覧・調査 / Webサイト（...
2026/04/20 12:56,2026/04/20 13:25,0:29,"Webサイト（192.169.5.5 - リモート デスクトップ接続）の閲覧・調査 / Webサイト（Amazon.co.jp : D E L L 第11世代ノートパソコン14インチ インテルCore i5 1145G7 2.60GHz メモリ8GB Windows11 Pro &Office2019搭載 Latitude 7420 ￥49,800 税込 - Comet）の閲覧・調査 / W..."
2026/04/20 13:25,2026/04/20 13:25,0:05,"Excelファイル（20260413_OA予備中古ノートPC2台購入_④稟議書（システム関連,社長決裁）20230701.xlsx）の入力・編集"
2026/04/20 13:27,2026/04/20 13:27,0:05,Webサイト（Core i5）の閲覧・調査 / Webサイト（dynabook G83 高性能第11世代Corei5 メモリ増設 - Google 検索）の閲覧・調査
2026/04/20 13:27,2026/04/20 13:27,0:05,Gmail / Webサイト（Google Gemini）の閲覧・調査
2026/04/20 13:27,2026/04/20 13:27,0:05,Gmail - Google Chrome / Webサイト（Google Gemini）の閲覧・調査
2026/04/20 13:28,2026/04/20 13:28,0:05,"Excelファイル（20260413_OA予備中古ノートPC2台購入_④稟議書（システム関連,社長決裁）20230701.xlsx）の入力・編集"
2026/04/20 13:28,2026/04/20 13:28,0:05,Webサイト（Google Gemini）の閲覧・調査
2026/04/20 13:29,2026/04/20 13:29,0:05,"Excelファイル（20260413_OA予備中古ノートPC2台購入_④稟議書（システム関連,社長決裁）20230701.xlsx）の入力・編集"
2026/04/20 13:29,2026/04/20 13:29,0:05,Webサイト（Google Gemini）の閲覧・調査
2026/04/20 13:29,2026/04/20 13:29,0:05,"Excelファイル（20260413_OA予備中古ノートPC2台購入_④稟議書（システム関連,社長決裁）20230701.xlsx）の入力・編集"
2026/04/20 13:29,2026/04/20 13:29,0:05,Webサイト（Google Gemini）の閲覧・調査
2026/04/20 13:34,2026/04/20 13:34,0:05,サイボウズ（個人フォルダ - サイボウズ Office および他 1 ページ）での情報確認・処理
2026/04/20 13:34,2026/04/20 14:05,0:31,Webサイト（Amazon.co.jp - Comet）の閲覧・調査 / Webサイト（Amazon.co.jp : Dell デル Latitude 3420 - Comet）の閲覧・調査 / Webサイト（Amazon.co.jp : Dell デル Latitude 3420 第11世代 - Comet）の閲覧・調査 / Webサイト（Amazon.co.jp : Latitude 7...
2026/04/20 14:08,2026/04/20 14:08,0:05,メール（PC納期確認のメール返信）の閲覧・作成
2026/04/20 14:08,2026/04/20 14:10,0:05,Webサイト（Google Gemini）の閲覧・調査 / Webサイト（稟議書作成：ノートPC購入検討 - Google Gemini）の閲覧・調査
2026/04/20 14:10,2026/04/20 14:11,0:05,メール（3.EDIONクロスベンチャーズ）の閲覧・作成 / メール（PDF.js viewer）の閲覧・作成 / メール（ノートPCの御見積書送付）の閲覧・作成 / メール（ホーム）の閲覧・作成 / メール（宮澤）の閲覧・作成 / メール（読み込み中...）の閲覧・作成
2026/04/20 14:11,2026/04/20 14:11,0:05,PDF資料（ABJ）.PDF）の確認
2026/04/20 14:11,2026/04/20 14:11,0:05,Webサイト（稟議書作成：ノートPC購入検討 - Google Gemini）の閲覧・調査
2026/04/20 14:11,2026/04/20 14:11,0:05,PDF資料（ABJ）.PDF）の確認
2026/04/20 14:11,2026/04/20 14:11,0:05,メール（PDF.js viewer）の閲覧・作成 / メール（ノートPCの御見積書送付）の閲覧・作成 / メール（読み込み中...）の閲覧・作成
2026/04/20 14:11,2026/04/20 14:11,0:05,PDF資料（NW見積書 フォーレスト様向けノートPC_20260415.pdf）の確認
2026/04/20 14:11,2026/04/20 14:11,0:05,Webサイト（稟議書作成：ノートPC購入検討 - Google Gemini）の閲覧・調査
2026/04/20 14:12,2026/04/20 14:12,0:05,"Excelファイル（20260413_OA予備中古ノートPC2台購入_④稟議書（システム関連,社長決裁）20230701.xlsx）の入力・編集"
2026/04/20 14:12,2026/04/20 14:12,0:05,Webサイト（稟議書作成：ノートPC購入検討 - Google Gemini）の閲覧・調査
2026/04/20 14:13,2026/04/20 14:13,0:05,"Excelファイル（20260413_OA予備中古ノートPC2台購入_④稟議書（システム関連,社長決裁）20230701.xlsx）の入力・編集"
2026/04/20 14:13,2026/04/20 14:13,0:05,Webサイト（稟議書作成：ノートPC購入検討 - Google Gemini）の閲覧・調査
2026/04/20 14:13,2026/04/20 14:13,0:05,"Excelファイル（20260413_OA予備中古ノートPC2台購入_④稟議書（システム関連,社長決裁）20230701.xlsx）の入力・編集"
2026/04/20 14:13,2026/04/20 14:13,0:05,Webサイト（稟議書作成：ノートPC購入検討 - Google Gemini）の閲覧・調査
2026/04/20 14:13,2026/04/20 14:13,0:05,"Excelファイル（20260413_OA予備中古ノートPC2台購入_④稟議書（システム関連,社長決裁）20230701.xlsx）の入力・編集"
2026/04/20 14:13,2026/04/20 14:13,0:05,Webサイト（稟議書作成：ノートPC購入検討 - Google Gemini）の閲覧・調査
2026/04/20 14:13,2026/04/20 14:13,0:05,"Excelファイル（20260413_OA予備中古ノートPC2台購入_④稟議書（システム関連,社長決裁）20230701.xlsx）の入力・編集"
2026/04/20 14:13,2026/04/20 14:13,0:05,Webサイト（稟議書作成：ノートPC購入検討 - Google Gemini）の閲覧・調査
2026/04/20 14:13,2026/04/20 14:13,0:05,"Excelファイル（20260413_OA予備中古ノートPC2台購入_④稟議書（システム関連,社長決裁）20230701.xlsx）の入力・編集"
2026/04/20 14:14,2026/04/20 14:14,0:05,Webサイト（稟議書作成：ノートPC購入検討 - Google Gemini）の閲覧・調査
2026/04/20 14:15,2026/04/20 14:15,0:05,"Excelファイル（20260413_OA予備中古ノートPC2台購入_④稟議書（システム関連,社長決裁）20230701.xlsx）の入力・編集"
2026/04/20 14:16,2026/04/20 14:16,0:05,Webサイト（稟議書作成：ノートPC購入検討 - Google Gemini）の閲覧・調査
2026/04/20 14:16,2026/04/20 14:16,0:05,"Excelファイル（20260413_OA予備中古ノートPC2台購入_④稟議書（システム関連,社長決裁）20230701.xlsx）の入力・編集"
2026/04/20 14:16,2026/04/20 14:16,0:05,Webサイト（稟議書作成：ノートPC購入検討 - Google Gemini）の閲覧・調査
2026/04/20 14:17,2026/04/20 14:17,0:05,"Excelファイル（20260413_OA予備中古ノートPC2台購入_④稟議書（システム関連,社長決裁）20230701.xlsx）の入力・編集"
2026/04/20 14:17,2026/04/20 14:17,0:05,Webサイト（稟議書作成：ノートPC購入検討 - Google Gemini）の閲覧・調査
2026/04/20 14:17,2026/04/20 14:17,0:05,"Excelファイル（20260413_OA予備中古ノートPC2台購入_④稟議書（システム関連,社長決裁）20230701.xlsx）の入力・編集"
2026/04/20 14:17,2026/04/20 14:17,0:05,Webサイト（稟議書作成：ノートPC購入検討 - Google Gemini）の閲覧・調査
2026/04/20 14:17,2026/04/20 14:17,0:05,"Excelファイル（20260413_OA予備中古ノートPC2台購入_④稟議書（システム関連,社長決裁）20230701.xlsx）の入力・編集"
2026/04/20 14:17,2026/04/20 14:17,0:05,Webサイト（稟議書作成：ノートPC購入検討 - Google Gemini）の閲覧・調査
2026/04/20 14:17,2026/04/20 14:17,0:05,"Excelファイル（20260413_OA予備中古ノートPC2台購入_④稟議書（システム関連,社長決裁）20230701.xlsx）の入力・編集"
2026/04/20 14:17,2026/04/20 14:17,0:05,Webサイト（稟議書作成：ノートPC購入検討 - Google Gemini）の閲覧・調査
2026/04/20 14:18,2026/04/20 14:18,0:05,"Excelファイル（20260413_OA予備中古ノートPC2台購入_④稟議書（システム関連,社長決裁）20230701.xlsx）の入力・編集"
2026/04/20 14:18,2026/04/20 14:18,0:05,Webサイト（稟議書作成：ノートPC購入検討 - Google Gemini）の閲覧・調査
2026/04/20 14:18,2026/04/20 14:18,0:05,"Excelファイル（20260413_OA予備中古ノートPC2台購入_④稟議書（システム関連,社長決裁）20230701.xlsx）の入力・編集"
2026/04/20 14:18,2026/04/20 14:18,0:05,Webサイト（稟議書作成：ノートPC購入検討 - Google Gemini）の閲覧・調査
2026/04/20 14:18,2026/04/20 14:18,0:05,"Excelファイル（20260413_OA予備中古ノートPC2台購入_④稟議書（システム関連,社長決裁）20230701.xlsx）の入力・編集"
2026/04/20 14:18,2026/04/20 14:18,0:05,Webサイト（稟議書作成：ノートPC購入検討 - Google Gemini）の閲覧・調査
2026/04/20 14:18,2026/04/20 14:18,0:05,"Excelファイル（20260413_OA予備中古ノートPC2台購入_④稟議書（システム関連,社長決裁）20230701.xlsx）の入力・編集"
2026/04/20 14:18,2026/04/20 14:18,0:05,Webサイト（稟議書作成：ノートPC購入検討 - Google Gemini）の閲覧・調査
2026/04/20 14:19,2026/04/20 14:19,0:05,"Excelファイル（20260413_OA予備中古ノートPC2台購入_④稟議書（システム関連,社長決裁）20230701.xlsx）の入力・編集"
2026/04/20 14:19,2026/04/20 14:19,0:05,Webサイト（稟議書作成：ノートPC購入検討 - Google Gemini）の閲覧・調査
2026/04/20 14:19,2026/04/20 14:19,0:05,"Excelファイル（20260413_OA予備中古ノートPC2台購入_④稟議書（システム関連,社長決裁）20230701.xlsx）の入力・編集"
2026/04/20 14:19,2026/04/20 14:19,0:05,Webサイト（稟議書作成：ノートPC購入検討 - Google Gemini）の閲覧・調査
2026/04/20 14:19,2026/04/20 14:19,0:05,"Excelファイル（20260413_OA予備中古ノートPC2台購入_④稟議書（システム関連,社長決裁）20230701.xlsx）の入力・編集"
2026/04/20 14:19,2026/04/20 14:19,0:05,Webサイト（稟議書作成：ノートPC購入検討 - Google Gemini）の閲覧・調査
2026/04/20 14:19,2026/04/20 14:19,0:05,"Excelファイル（20260413_OA予備中古ノートPC2台購入_④稟議書（システム関連,社長決裁）20230701.xlsx）の入力・編集"
2026/04/20 14:20,2026/04/20 14:20,0:05,Webサイト（稟議書作成：ノートPC購入検討 - Google Gemini）の閲覧・調査
2026/04/20 14:20,2026/04/20 14:20,0:05,"Excelファイル（20260413_OA予備中古ノートPC2台購入_④稟議書（システム関連,社長決裁）20230701.xlsx）の入力・編集"
2026/04/20 14:20,2026/04/20 14:20,0:05,Webサイト（稟議書作成：ノートPC購入検討 - Google Gemini）の閲覧・調査
2026/04/20 14:20,2026/04/20 14:21,0:05,"Excelファイル（20260413_OA予備中古ノートPC2台購入_④稟議書（システム関連,社長決裁）20230701.xlsx）の入力・編集"
2026/04/20 14:21,2026/04/20 14:21,0:05,Webサイト（稟議書作成：ノートPC購入検討 - Google Gemini）の閲覧・調査
2026/04/20 14:21,2026/04/20 14:22,0:05,"Excelファイル（20260413_OA予備中古ノートPC2台購入_④稟議書（システム関連,社長決裁）20230701.xlsx）の入力・編集"
2026/04/20 14:22,2026/04/20 14:23,0:05,"Excelファイル（20260413_OA予備中古ノートPC2台購入_④稟議書（システム関連,社長決裁）20230701.xlsx）の入力・編集 / ページ設定"
2026/04/20 14:23,2026/04/20 14:23,0:05,Webサイト（セルの書式設定）の閲覧・調査
2026/04/20 14:23,2026/04/20 14:25,0:05,"Excelファイル（20260413_OA予備中古ノートPC2台購入_④稟議書（システム関連,社長決裁）20230701.xlsx）の入力・編集"
2026/04/20 14:25,2026/04/20 14:25,0:05,Webサイト（稟議書作成：ノートPC購入検討 - Google Gemini）の閲覧・調査
2026/04/20 14:25,2026/04/20 14:25,0:05,"Excelファイル（20260413_OA予備中古ノートPC2台購入_④稟議書（システム関連,社長決裁）20230701.xlsx）の入力・編集"
2026/04/20 14:26,2026/04/20 14:26,0:05,Webサイト（稟議書作成：ノートPC購入検討 - Google Gemini）の閲覧・調査
2026/04/20 14:26,2026/04/20 14:26,0:05,"Excelファイル（20260413_OA予備中古ノートPC2台購入_④稟議書（システム関連,社長決裁）20230701.xlsx）の入力・編集"
2026/04/20 14:26,2026/04/20 14:26,0:05,Webサイト（Microsoft Excel）の閲覧・調査
2026/04/20 14:26,2026/04/20 14:26,0:05,"Excelファイル（20260413_OA予備中古ノートPC2台購入_④稟議書（システム関連,社長決裁）20230701.xlsx）の入力・編集"
2026/04/20 14:26,2026/04/20 14:26,0:05,Webサイト（Microsoft Excel）の閲覧・調査
2026/04/20 14:26,2026/04/20 14:26,0:05,"Excelファイル（20260413_OA予備中古ノートPC2台購入_④稟議書（システム関連,社長決裁）20230701.xlsx）の入力・編集"
2026/04/20 14:26,2026/04/20 14:26,0:05,Webサイト（Microsoft Excel）の閲覧・調査
2026/04/20 14:26,2026/04/20 14:26,0:05,"Excelファイル（20260413_OA予備中古ノートPC2台購入_④稟議書（システム関連,社長決裁）20230701.xlsx）の入力・編集"
2026/04/20 14:26,2026/04/20 14:26,0:05,Webサイト（Microsoft Excel）の閲覧・調査
2026/04/20 14:26,2026/04/20 14:26,0:05,"Excelファイル（20260413_OA予備中古ノートPC2台購入_④稟議書（システム関連,社長決裁）20230701.xlsx）の入力・編集"
2026/04/20 14:28,2026/04/20 14:28,0:05,Webサイト（稟議書作成：ノートPC購入検討 - Google Gemini）の閲覧・調査
2026/04/20 14:28,2026/04/20 14:28,0:05,"Excelファイル（20260413_OA予備中古ノートPC2台購入_④稟議書（システム関連,社長決裁）20230701.xlsx）の入力・編集"
2026/04/20 14:28,2026/04/20 14:28,0:05,Webサイト（稟議書作成：ノートPC購入検討 - Google Gemini）の閲覧・調査
2026/04/20 14:28,2026/04/20 14:28,0:05,"Excelファイル（20260413_OA予備中古ノートPC2台購入_④稟議書（システム関連,社長決裁）20230701.xlsx）の入力・編集"
2026/04/20 14:28,2026/04/20 14:28,0:05,Webサイト（稟議書作成：ノートPC購入検討 - Google Gemini）の閲覧・調査
2026/04/20 14:28,2026/04/20 14:28,0:05,"Excelファイル（20260413_OA予備中古ノートPC2台購入_④稟議書（システム関連,社長決裁）20230701.xlsx）の入力・編集"
2026/04/20 14:29,2026/04/20 14:29,0:05,Webサイト（Microsoft Excel）の閲覧・調査
2026/04/20 14:29,2026/04/20 14:29,0:05,"Excelファイル（20260413_OA予備中古ノートPC2台購入_④稟議書（システム関連,社長決裁）20230701.xlsx）の入力・編集"
2026/04/20 14:29,2026/04/20 14:29,0:05,Webサイト（Microsoft Excel）の閲覧・調査
2026/04/20 14:29,2026/04/20 14:29,0:05,"Excelファイル（20260413_OA予備中古ノートPC2台購入_④稟議書（システム関連,社長決裁）20230701.xlsx）の入力・編集"
2026/04/20 14:29,2026/04/20 14:29,0:05,Webサイト（Microsoft Excel）の閲覧・調査
2026/04/20 14:29,2026/04/20 14:29,0:05,"Excelファイル（20260413_OA予備中古ノートPC2台購入_④稟議書（システム関連,社長決裁）20230701.xlsx）の入力・編集"
2026/04/20 14:30,2026/04/20 14:30,0:05,Webサイト（稟議書作成：ノートPC購入検討 - Google Gemini）の閲覧・調査
2026/04/20 14:30,2026/04/20 14:30,0:05,"Excelファイル（20260413_OA予備中古ノートPC2台購入_④稟議書（システム関連,社長決裁）20230701.xlsx）の入力・編集"
2026/04/20 14:30,2026/04/20 14:30,0:05,Webサイト（稟議書作成：ノートPC購入検討 - Google Gemini）の閲覧・調査
2026/04/20 14:30,2026/04/20 14:30,0:05,"Excelファイル（20260413_OA予備中古ノートPC2台購入_④稟議書（システム関連,社長決裁）20230701.xlsx）の入力・編集"
2026/04/20 14:30,2026/04/20 14:30,0:05,Webサイト（稟議書作成：ノートPC購入検討 - Google Gemini）の閲覧・調査
2026/04/20 14:30,2026/04/20 14:30,0:05,"Excelファイル（20260413_OA予備中古ノートPC2台購入_④稟議書（システム関連,社長決裁）20230701.xlsx）の入力・編集"
2026/04/20 14:32,2026/04/20 14:32,0:05,Webサイト（Microsoft Excel）の閲覧・調査
2026/04/20 14:32,2026/04/20 14:32,0:05,"Excelファイル（20260413_OA予備中古ノートPC2台購入_④稟議書（システム関連,社長決裁）20230701.xlsx）の入力・編集"
2026/04/20 14:32,2026/04/20 14:32,0:05,Webサイト（Microsoft Excel）の閲覧・調査
2026/04/20 14:32,2026/04/20 14:32,0:05,"Excelファイル（20260413_OA予備中古ノートPC2台購入_④稟議書（システム関連,社長決裁）20230701.xlsx）の入力・編集"
2026/04/20 14:32,2026/04/20 14:32,0:05,Webサイト（Microsoft Excel）の閲覧・調査
2026/04/20 14:32,2026/04/20 14:32,0:05,"Excelファイル（20260413_OA予備中古ノートPC2台購入_④稟議書（システム関連,社長決裁）20230701.xlsx）の入力・編集"
2026/04/20 14:32,2026/04/20 14:32,0:05,Webサイト（Microsoft Excel）の閲覧・調査
2026/04/20 14:32,2026/04/20 14:32,0:05,"Excelファイル（20260413_OA予備中古ノートPC2台購入_④稟議書（システム関連,社長決裁）20230701.xlsx）の入力・編集"
2026/04/20 14:33,2026/04/20 14:33,0:05,Webサイト（192.169.5.5 - リモート デスクトップ接続）の閲覧・調査 / Webサイト（リモート デスクトップ接続）の閲覧・調査
2026/04/20 14:33,2026/04/20 14:34,0:05,"Excelファイル（20260413_OA予備中古ノートPC2台購入_④稟議書（システム関連,社長決裁）20230701.xlsx）の入力・編集"
2026/04/20 14:34,2026/04/20 14:34,0:05,Webサイト（稟議書作成：ノートPC購入検討 - Google Gemini）の閲覧・調査
2026/04/20 14:36,2026/04/20 14:36,0:05,"Excelファイル（20260413_OA予備中古ノートPC2台購入_④稟議書（システム関連,社長決裁）20230701.xlsx）の入力・編集"
2026/04/20 14:37,2026/04/20 14:37,0:05,サイボウズ（個人フォルダ - サイボウズ Office および他 1 ページ）での情報確認・処理
2026/04/20 14:37,2026/04/20 14:38,0:05,Webサイト（Amazon.co.jp - Comet）の閲覧・調査 / Webサイト（Amazon.co.jp: 【整備済み品】Dell Latitude 3420 中古ノートパソコン、Windows11Pro、高性能第11世代CPU搭載、WEBカメラ、Bluetooth、無線LAN（WIFI6）、MS Office2021 液晶14インチ TypeC 第11世代i5-1145G7/16G...
2026/04/20 14:38,2026/04/20 14:38,0:05,"Excelファイル（20260413_OA予備中古ノートPC2台購入_④稟議書（システム関連,社長決裁）20230701.xlsx）の入力・編集"
2026/04/20 14:38,2026/04/20 14:38,0:05,Webサイト（Amazon.co.jp: 【整備済み品】Dell Latitude 3420 中古ノートパソコン、Windows11Pro、高性能第11世代CPU搭載、WEBカメラ、Bluetooth、無線LAN（WIFI6）、MS Office2021 液晶14インチ TypeC 第11世代i5-1145G7/16GB/512GB/1080タッチパネル) : パソコン・周辺機器 - Com...
2026/04/20 14:38,2026/04/20 14:38,0:05,"Excelファイル（20260413_OA予備中古ノートPC2台購入_④稟議書（システム関連,社長決裁）20230701.xlsx）の入力・編集"
2026/04/20 14:39,2026/04/20 14:39,0:05,Webサイト（Amazon.co.jp: 【整備済み品】Dell Latitude 3420 中古ノートパソコン、Windows11Pro、高性能第11世代CPU搭載、WEBカメラ、Bluetooth、無線LAN（WIFI6）、MS Office2021 液晶14インチ TypeC 第11世代i5-1145G7/16GB/512GB/1080タッチパネル) : パソコン・周辺機器 - Com...
2026/04/20 14:40,2026/04/20 14:40,0:05,"Excelファイル（20260413_OA予備中古ノートPC2台購入_④稟議書（システム関連,社長決裁）20230701.xlsx）の入力・編集"
2026/04/20 14:40,2026/04/20 14:40,0:05,Webサイト（Amazon.co.jpショッピングカート - Comet）の閲覧・調査
2026/04/20 14:40,2026/04/20 14:41,0:05,"Excelファイル（20260413_OA予備中古ノートPC2台購入_④稟議書（システム関連,社長決裁）20230701.xlsx）の入力・編集"
2026/04/20 14:41,2026/04/20 14:41,0:05,Webサイト（Amazon.co.jp - Comet）の閲覧・調査 / Webサイト（Amazon.co.jp: 【整備済み品】 ノートパソコン NEC Versapro VM-9 14インチ フルHD Core i5-1135G7 第11世代 Windows11 Office 搭載 カメラ Wi-Fi6 type-C PC パソコン (SSD:256GB メモリ:16GB) : パソコン...
2026/04/20 14:42,2026/04/20 14:42,0:05,"Excelファイル（20260413_OA予備中古ノートPC2台購入_④稟議書（システム関連,社長決裁）20230701.xlsx）の入力・編集"
2026/04/20 14:42,2026/04/20 14:42,0:05,Webサイト（Amazon.co.jpショッピングカート - Comet）の閲覧・調査
2026/04/20 14:42,2026/04/20 14:42,0:05,"Excelファイル（20260413_OA予備中古ノートPC2台購入_④稟議書（システム関連,社長決裁）20230701.xlsx）の入力・編集"
2026/04/20 14:42,2026/04/20 14:42,0:05,Webサイト（Amazon.co.jpショッピングカート - Comet）の閲覧・調査
2026/04/20 14:42,2026/04/20 14:42,0:05,"Excelファイル（20260413_OA予備中古ノートPC2台購入_④稟議書（システム関連,社長決裁）20230701.xlsx）の入力・編集"
2026/04/20 14:42,2026/04/20 14:42,0:05,Webサイト（Amazon.co.jpショッピングカート - Comet）の閲覧・調査
2026/04/20 14:42,2026/04/20 14:42,0:05,"Excelファイル（20260413_OA予備中古ノートPC2台購入_④稟議書（システム関連,社長決裁）20230701.xlsx）の入力・編集"
2026/04/20 14:42,2026/04/20 14:42,0:05,Webサイト（Amazon.co.jp: 【整備済み品】 ノートパソコン NEC Versapro VM-9 14インチ フルHD Core i5-1135G7 第11世代 Windows11 Office 搭載 カメラ Wi-Fi6 type-C PC パソコン (SSD:256GB メモリ:16GB) : パソコン・周辺機器 - Comet）の閲覧・調査 / Webサイト（Amazon....
2026/04/20 14:43,2026/04/20 14:43,0:05,"Excelファイル（20260413_OA予備中古ノートPC2台購入_④稟議書（システム関連,社長決裁）20230701.xlsx）の入力・編集"
2026/04/20 14:43,2026/04/20 14:43,0:05,Webサイト（Amazon.co.jp: 【整備済み品】 ノートパソコン NEC Versapro VM-9 14インチ フルHD Core i5-1135G7 第11世代 Windows11 Office 搭載 カメラ Wi-Fi6 type-C PC パソコン (SSD:256GB メモリ:16GB) : パソコン・周辺機器 - Comet）の閲覧・調査
2026/04/20 14:43,2026/04/20 14:43,0:05,"Excelファイル（20260413_OA予備中古ノートPC2台購入_④稟議書（システム関連,社長決裁）20230701.xlsx）の入力・編集"
2026/04/20 14:43,2026/04/20 14:43,0:05,Webサイト（Amazon.co.jp: 【整備済み品】 ノートパソコン NEC Versapro VM-9 14インチ フルHD Core i5-1135G7 第11世代 Windows11 Office 搭載 カメラ Wi-Fi6 type-C PC パソコン (SSD:256GB メモリ:16GB) : パソコン・周辺機器 - Comet）の閲覧・調査
2026/04/20 14:44,2026/04/20 14:44,0:05,"Excelファイル（20260413_OA予備中古ノートPC2台購入_④稟議書（システム関連,社長決裁）20230701.xlsx）の入力・編集"
2026/04/20 14:57,2026/04/20 14:58,0:05,Webサイト（dynabook G83 高性能第11世代Corei5 メモリ増設 - Google 検索）の閲覧・調査 / Webサイト（タイプVM＜VM-9＞）の閲覧・調査 / Webサイト（稟議書作成：ノートPC購入検討 - Google Gemini）の閲覧・調査
2026/04/20 15:06,2026/04/20 15:06,0:05,"Excelファイル（20260413_OA予備中古ノートPC2台購入_④稟議書（システム関連,社長決裁）20230701.xlsx）の入力・編集"
2026/04/20 15:11,2026/04/20 15:11,0:05,サイボウズ（forestway.cybozu.com/o/ag.cgi?page=MyFolderIndex&FID=inbox および他 1 ページ）での情報確認・処理 / サイボウズ（個人フォルダ - サイボウズ Office および他 1 ページ）での情報確認・処理 / サイボウズ（個人フォルダ - サイボウズ Office）での情報確認・処理
2026/04/20 15:11,2026/04/20 15:16,0:05,"Excelファイル（20260413_OA予備中古ノートPC2台購入_④稟議書（システム関連,社長決裁）20230701.xlsx）の入力・編集"
2026/04/20 15:17,2026/04/20 15:19,0:05,Webサイト（Amazon.co.jp : ddr-4 so-dimm 16GB）の閲覧・調査 / Webサイト（Amazon.co.jp: 【整備済み品】 ノートパソコン NEC Versapro VM-9 14インチ フルHD Core i5-1135G7 第11世代 Windows11 Office 搭載 カメラ Wi-Fi6 type-C PC パソコン (SSD:256GB メモリ...
2026/04/20 15:19,2026/04/20 15:19,0:05,サイボウズ（個人フォルダ - サイボウズ Office および他 1 ページ）での情報確認・処理
2026/04/20 15:19,2026/04/20 15:19,0:05,Webサイト（Amazon.co.jp: 【整備済み品】 ノートパソコン NEC Versapro VM-9 14インチ フルHD Core i5-1135G7 第11世代 Windows11 Office 搭載 カメラ Wi-Fi6 type-C PC パソコン (SSD:256GB メモリ:16GB) : パソコン・周辺機器 および他 2 ページ）の閲覧・調査 / Webサイト（amaz...
2026/04/20 15:19,2026/04/20 15:19,0:05,Webサイト（Amazon.co.jp: 【整備済み品】 ノートパソコン NEC Versapro VM-9 14インチ フルHD Core i5-1135G7 第11世代 Windows11 Office 搭載 カメラ Wi-Fi6 type-C PC パソコン (SSD:256GB メモリ:16GB) : パソコン・周辺機器 および他 2 ページ）の閲覧・調査 / Webサイト（Amaz...
2026/04/20 15:19,2026/04/20 15:19,0:05,Webサイト（Amazon.co.jp: 【整備済み品】 ノートパソコン NEC Versapro VM-9 14インチ フルHD Core i5-1135G7 第11世代 Windows11 Office 搭載 カメラ Wi-Fi6 type-C PC パソコン (SSD:256GB メモリ:16GB) : パソコン・周辺機器 および他 2 ページ）の閲覧・調査 / Webサイト（拡張機能...
2026/04/20 15:19,2026/04/20 15:20,0:05,Webサイト（Amazon.co.jp: 【整備済み品】 ノートパソコン NEC Versapro VM-9 14インチ フルHD Core i5-1135G7 第11世代 Windows11 Office 搭載 カメラ Wi-Fi6 type-C PC パソコン (SSD:256GB メモリ:16GB) : パソコン・周辺機器 - Comet）の閲覧・調査 / Webサイト（Amazon....
2026/04/20 15:20,2026/04/20 15:25,0:05,"Excelファイル（20260413_OA予備中古ノートPC2台購入_④稟議書（システム関連,社長決裁）20230701.xlsx）の入力・編集"
2026/04/20 15:27,2026/04/20 15:27,0:05,Webサイト（Amazon.co.jp: 【整備済み品】 ノートパソコン NEC Versapro VM-9 14インチ フルHD Core i5-1135G7 第11世代 Windows11 Office 搭載 カメラ Wi-Fi6 type-C PC パソコン (SSD:256GB メモリ:16GB) : パソコン・周辺機器 - Comet）の閲覧・調査 / Webサイト（Amazon....
2026/04/20 15:27,2026/04/20 15:27,0:05,Webサイト（Amazon.co.jp: 【整備済み品】 ノートパソコン NEC Versapro VM-9 14インチ フルHD Core i5-1135G7 第11世代 Windows11 Office 搭載 カメラ Wi-Fi6 type-C PC パソコン (SSD:256GB メモリ:16GB) : パソコン・周辺機器 および他 3 ページ）の閲覧・調査 / Webサイト（Amaz...
2026/04/20 15:28,2026/04/20 15:28,0:05,"Excelファイル（20260413_OA予備中古ノートPC2台購入_④稟議書（システム関連,社長決裁）20230701.xlsx）の入力・編集"
2026/04/20 15:29,2026/04/20 15:29,0:05,Webサイト（Amazon.co.jp: 【整備済み品】Dell Latitude 3420 中古ノートパソコン、Windows11Pro、高性能第11世代CPU搭載、WEBカメラ、Bluetooth、無線LAN（WIFI6）、MS Office2021 液晶14インチ TypeC 第11世代i5-1145G7/16GB/512GB/1080タッチパネル) : パソコン・周辺機器 および他 ...
2026/04/20 15:29,2026/04/20 15:29,0:05,"Excelファイル（20260413_OA予備中古ノートPC2台購入_④稟議書（システム関連,社長決裁）20230701.xlsx）の入力・編集"
2026/04/20 15:29,2026/04/20 15:29,0:05,Webサイト（Amazon.co.jp: 【整備済み品】Dell Latitude 3420 中古ノートパソコン、Windows11Pro、高性能第11世代CPU搭載、WEBカメラ、Bluetooth、無線LAN（WIFI6）、MS Office2021 液晶14インチ TypeC 第11世代i5-1145G7/16GB/512GB/1080タッチパネル) : パソコン・周辺機器 および他 ...
2026/04/20 15:29,2026/04/20 15:33,0:05,"Excelファイル（20260413_OA予備中古ノートPC2台購入_④稟議書（システム関連,社長決裁）20230701.xlsx）の入力・編集"
2026/04/20 15:33,2026/04/20 15:34,0:05,Webサイト（Amazon.co.jp: 【整備済み品】Dell Latitude 3420 中古ノートパソコン、Windows11Pro、高性能第11世代CPU搭載、WEBカメラ、Bluetooth、無線LAN（WIFI6）、MS Office2021 液晶14インチ TypeC 第11世代i5-1145G7/16GB/512GB/1080タッチパネル) : パソコン・周辺機器）の閲覧・調...
2026/04/20 15:34,2026/04/20 15:34,0:05,"Excelファイル（20260413_OA予備中古ノートPC2台購入_④稟議書（システム関連,社長決裁）20230701.xlsx）の入力・編集"
2026/04/20 15:34,2026/04/20 15:34,0:05,Webサイト（タイプVM＜VM-9＞）の閲覧・調査
2026/04/20 15:34,2026/04/20 15:37,0:05,"Excelファイル（20260413_OA予備中古ノートPC2台購入_④稟議書（システム関連,社長決裁）20230701.xlsx）の入力・編集"
2026/04/20 15:37,2026/04/20 15:37,0:05,Webサイト（Amazon.co.jp: 【整備済み品】Dell Latitude 3420 中古ノートパソコン、Windows11Pro、高性能第11世代CPU搭載、WEBカメラ、Bluetooth、無線LAN（WIFI6）、MS Office2021 液晶14インチ TypeC 第11世代i5-1145G7/16GB/512GB/1080タッチパネル) : パソコン・周辺機器 および他 ...
2026/04/20 15:37,2026/04/20 15:37,0:05,サイボウズ（スケジュール（グループ週表示） - サイボウズ Office および他 3 ページ）での情報確認・処理 / サイボウズ（スケジュール（グループ週表示） - サイボウズ Office）での情報確認・処理 / サイボウズ（個人フォルダ - サイボウズ Office および他 3 ページ）での情報確認・処理
2026/04/20 15:37,2026/04/20 15:37,0:05,"Excelファイル（20260413_OA予備中古ノートPC2台購入_④稟議書（システム関連,社長決裁）20230701.xlsx）の入力・編集"
2026/04/20 15:37,2026/04/20 15:37,0:05,サイボウズ（スケジュール（グループ週表示） - サイボウズ Office および他 3 ページ）での情報確認・処理
2026/04/20 15:37,2026/04/20 15:38,0:05,"Excelファイル（20260413_OA予備中古ノートPC2台購入_④稟議書（システム関連,社長決裁）20230701.xlsx）の入力・編集"
2026/04/20 15:40,2026/04/20 15:41,0:05,メール（PDF.js viewer）の閲覧・作成 / メール（Re: ノートPCの御見積書送付）の閲覧・作成 / メール（Re: 年間スケジュール変更の件）の閲覧・作成 / メール（ノートPCの御見積書送付）の閲覧・作成 / メール（ホーム）の閲覧・作成 / メール（受信トレイ）の閲覧・作成 / メール（宮澤）の閲覧・作成 / メール（読み込み中...）の閲覧・作成
2026/04/20 15:41,2026/04/20 15:41,0:05,PDF資料（ABJ）.PDF）の確認
2026/04/20 15:41,2026/04/20 15:41,0:05,メール（PDF.js viewer）の閲覧・作成 / メール（ノートPCの御見積書送付）の閲覧・作成 / メール（読み込み中...）の閲覧・作成
2026/04/20 15:41,2026/04/20 15:41,0:05,PDF資料（NW見積書 フォーレスト様向けノートPC_20260415.pdf）の確認
2026/04/20 15:41,2026/04/20 15:41,0:05,Webサイト（名前を付けて保存）の閲覧・調査
2026/04/20 15:42,2026/04/20 15:46,0:05,"Excelファイル（20260413_OA予備中古ノートPC2台購入_④稟議書（システム関連,社長決裁）20230701.xlsx）の入力・編集 / PDF資料（NW見積書 フォーレスト様向けノートPC_20260415.pdf）の確認"
2026/04/20 15:46,2026/04/20 15:46,0:05,Webサイト（図として保存）の閲覧・調査
2026/04/20 15:46,2026/04/20 15:47,0:05,"Excelファイル（20260413_OA予備中古ノートPC2台購入_④稟議書（システム関連,社長決裁）20230701.xlsx）の入力・編集"
2026/04/20 15:47,2026/04/20 15:47,0:05,"Excelファイル（20260413_OA予備中古ノートPC2台購入_④稟議書（システム関連,社長決裁）20230701.xlsx）の入力・編集 / 画像の圧縮"
2026/04/20 15:47,2026/04/20 15:47,0:05,"Excelファイル（20260413_OA予備中古ノートPC2台購入_④稟議書（システム関連,社長決裁）20230701.xlsx）の入力・編集 / 画像の圧縮"
2026/04/20 15:47,2026/04/20 15:49,0:05,"Excelファイル（20260413_OA予備中古ノートPC2台購入_④稟議書（システム関連,社長決裁）20230701.xlsx）の入力・編集 / 画像の圧縮"
2026/04/20 15:49,2026/04/20 15:49,0:05,"Excelファイル（20260413_OA予備中古ノートPC2台購入_④稟議書（システム関連,社長決裁）20230701.xlsx）の入力・編集 / セルの幅"
2026/04/20 16:19,2026/04/20 16:19,0:05,Webサイト（Amazon.co.jp: 【整備済み品】 ノートパソコン NEC Versapro VM-9 14インチ フルHD Core i5-1135G7 第11世代 Windows11 Office 搭載 カメラ Wi-Fi6 type-C PC パソコン (SSD:256GB メモリ:16GB) : パソコン・周辺機器 - Comet）の閲覧・調査
2026/04/20 16:19,2026/04/20 16:19,0:05,"Excelファイル（20260413_OA予備中古ノートPC2台購入_④稟議書（システム関連,社長決裁）20230701.xlsx）の入力・編集"
2026/04/20 16:19,2026/04/20 16:19,0:05,サイボウズ（スケジュール（グループ週表示） - サイボウズ Office および他 3 ページ）での情報確認・処理
2026/04/20 16:19,2026/04/20 16:20,0:05,"Excelファイル（20260413_OA予備中古ノートPC2台購入_④稟議書（システム関連,社長決裁）20230701.xlsx）の入力・編集 / PDF資料（NW見積書 フォーレスト様向けノートPC_20260415.pdf）の確認"
2026/04/20 16:20,2026/04/20 16:20,0:05,Webサイト（www.msn.com および他 1 ページ）の閲覧・調査 / Webサイト（www.msn.com）の閲覧・調査
2026/04/20 16:20,2026/04/20 16:20,0:05,"Excelファイル（20260413_OA予備中古ノートPC2台購入_④稟議書（システム関連,社長決裁）20230701.xlsx）の入力・編集"
2026/04/20 16:20,2026/04/20 16:20,0:05,Webサイト（www.msn.com および他 1 ページ）の閲覧・調査
2026/04/20 16:20,2026/04/20 16:20,0:05,"Excelファイル（20260413_OA予備中古ノートPC2台購入_④稟議書（システム関連,社長決裁）20230701.xlsx）の入力・編集"
2026/04/20 16:20,2026/04/20 16:20,0:05,Webサイト（www.msn.com および他 1 ページ）の閲覧・調査
2026/04/20 16:20,2026/04/20 16:20,0:05,"Excelファイル（20260413_OA予備中古ノートPC2台購入_④稟議書（システム関連,社長決裁）20230701.xlsx）の入力・編集"
2026/04/20 16:20,2026/04/20 16:20,0:05,Webサイト（もう逃げたい…月収48万円・定年目前の59歳会社員、新NISAの誤算「定期預金のままでよかった」 および他 1 ページ）の閲覧・調査 / Webサイト（もう逃げたい…月収48万円・定年目前の59歳会社員、新NISAの誤算「定期預金のままでよかった」）の閲覧・調査
2026/04/20 16:20,2026/04/20 16:20,0:05,"Excelファイル（20260413_OA予備中古ノートPC2台購入_④稟議書（システム関連,社長決裁）20230701.xlsx）の入力・編集"
2026/04/20 16:20,2026/04/20 16:20,0:05,Webサイト（もう逃げたい…月収48万円・定年目前の59歳会社員、新NISAの誤算「定期預金のままでよかった」 および他 1 ページ）の閲覧・調査
2026/04/20 16:20,2026/04/20 16:20,0:05,Webサイト（起動しています - Excel）の閲覧・調査 / スタート
2026/04/20 16:20,2026/04/20 16:20,0:05,"Excel / Excelファイル（20260413_OA予備中古ノートPC2台購入_④稟議書（システム関連,社長決裁）20230701.xlsx）の入力・編集"
2026/04/20 16:21,2026/04/20 16:21,0:05,Webサイト（Amazon.co.jp: 【整備済み品】 ノートパソコン NEC Versapro VM-9 14インチ フルHD Core i5-1135G7 第11世代 Windows11 Office 搭載 カメラ Wi-Fi6 type-C PC パソコン (SSD:256GB メモリ:16GB) : パソコン・周辺機器 - Comet）の閲覧・調査
2026/04/20 16:21,2026/04/20 16:21,0:05,"Excelファイル（20260413_OA予備中古ノートPC2台購入_④稟議書（システム関連,社長決裁）20230701.xlsx）の入力・編集"
2026/04/20 16:21,2026/04/20 16:21,0:05,"Excelファイル（20260413_OA予備中古ノートPC2台購入_④稟議書（システム関連,社長決裁）20230701.xlsx）の入力・編集 / 画像の圧縮"
2026/04/20 16:22,2026/04/20 16:22,0:05,Webサイト（Amazon.co.jp: 【整備済み品】Dell Latitude 3420 中古ノートパソコン、Windows11Pro、高性能第11世代CPU搭載、WEBカメラ、Bluetooth、無線LAN（WIFI6）、MS Office2021 液晶14インチ TypeC 第11世代i5-1145G7/16GB/512GB/1080タッチパネル) : パソコン・周辺機器）の閲覧・調査
2026/04/20 16:22,2026/04/20 16:23,0:05,"Excelファイル（20260413_OA予備中古ノートPC2台購入_④稟議書（システム関連,社長決裁）20230701.xlsx）の入力・編集"
2026/04/20 16:23,2026/04/20 16:23,0:05,Webサイト（発行中...）の閲覧・調査
2026/04/20 16:23,2026/04/20 16:23,0:05,"Excelファイル（20260413_OA予備中古ノートPC2台購入_④稟議書（システム関連,社長決裁）20230701.xlsx）の入力・編集"
2026/04/20 16:23,2026/04/20 16:23,0:05,Webサイト（Amazon.co.jp: 【整備済み品】Dell Latitude 3420 中古ノートパソコン、Windows11Pro、高性能第11世代CPU搭載、WEBカメラ、Bluetooth、無線LAN（WIFI6）、MS Office2021 液晶14インチ TypeC 第11世代i5-1145G7/16GB/512GB/1080タッチパネル) : パソコン・周辺機器）の閲覧・調...
2026/04/20 16:23,2026/04/20 16:23,0:05,サイボウズ（スケジュール（グループ週表示） - サイボウズ Office および他 3 ページ）での情報確認・処理
2026/04/20 16:23,2026/04/20 16:23,0:05,Webサイト（Amazon.co.jp: 【整備済み品】Dell Latitude 3420 中古ノートパソコン、Windows11Pro、高性能第11世代CPU搭載、WEBカメラ、Bluetooth、無線LAN（WIFI6）、MS Office2021 液晶14インチ TypeC 第11世代i5-1145G7/16GB/512GB/1080タッチパネル) : パソコン・周辺機器）の閲覧・調査
2026/04/20 16:23,2026/04/20 16:24,0:05,Webサイト（PDF24 Toolbox - PDF 結合）の閲覧・調査 / Webサイト（PDF24 Toolbox）の閲覧・調査 / Webサイト（起動しています - Excel）の閲覧・調査 / スタート
2026/04/20 16:24,2026/04/20 16:25,0:05,"Excelファイル（20260413_OA予備中古ノートPC2台購入_④稟議書（システム関連,社長決裁）20230701.xlsx）の入力・編集"
2026/04/20 16:25,2026/04/20 16:28,0:05,Excel / Webサイト（PDF24 Toolbox - PDF 結合）の閲覧・調査 / Webサイト（名前を付けて保存）の閲覧・調査
2026/04/20 16:29,2026/04/20 16:29,0:05,"PDF資料（(old)20260420_OA中古ノートPC7台購入_④稟議書（システム関連,社長決裁）20230701.pdf）の確認"
2026/04/20 16:29,2026/04/20 16:29,0:05,Webサイト（Adobe Acrobat Reader (64-bit)）の閲覧・調査 / Webサイト（PDF24 Toolbox - PDF 結合）の閲覧・調査 / Webサイト（名前を付けて保存）の閲覧・調査
2026/04/20 16:30,2026/04/20 16:30,0:05,"PDF資料（20260420_OA中古ノートPC7台購入_④稟議書（システム関連,社長決裁）20230701.pdf）の確認"
2026/04/20 16:30,2026/04/20 16:30,0:05,Webサイト（アクセシビリティ設定アシスタント）の閲覧・調査
2026/04/20 16:30,2026/04/20 16:30,0:05,"PDF資料（20260420_OA中古ノートPC7台購入_④稟議書（システム関連,社長決裁）20230701.pdf）の確認"
2026/04/20 16:30,2026/04/20 16:30,0:05,Webサイト（アクセシビリティ設定アシスタント (画面 2 / 5)）の閲覧・調査
2026/04/20 16:30,2026/04/20 16:30,0:05,"PDF資料（20260420_OA中古ノートPC7台購入_④稟議書（システム関連,社長決裁）20230701.pdf）の確認"
2026/04/20 16:30,2026/04/20 16:30,0:05,Webサイト（アクセシビリティ設定アシスタント (画面 3 / 5)）の閲覧・調査
2026/04/20 16:30,2026/04/20 16:30,0:05,"PDF資料（20260420_OA中古ノートPC7台購入_④稟議書（システム関連,社長決裁）20230701.pdf）の確認"
2026/04/20 16:30,2026/04/20 16:30,0:05,Webサイト（アクセシビリティ設定アシスタント (画面 4 / 5)）の閲覧・調査
2026/04/20 16:30,2026/04/20 16:30,0:05,"PDF資料（20260420_OA中古ノートPC7台購入_④稟議書（システム関連,社長決裁）20230701.pdf）の確認"
2026/04/20 16:30,2026/04/20 16:30,0:05,Webサイト（アクセシビリティ設定アシスタント (画面 5 / 5)）の閲覧・調査
2026/04/20 16:30,2026/04/20 16:30,0:05,"PDF資料（20260420_OA中古ノートPC7台購入_④稟議書（システム関連,社長決裁）20230701.pdf）の確認"
2026/04/20 16:30,2026/04/20 16:30,0:05,Webサイト（Adobe Acrobat Reader (64-bit)）の閲覧・調査
2026/04/20 16:31,2026/04/20 16:31,0:05,サイボウズ（スケジュール（グループ週表示） - サイボウズ Office および他 3 ページ）での情報確認・処理
2026/04/20 16:31,2026/04/20 16:31,0:05,Webサイト（インフォメーション および他 4 ページ）の閲覧・調査 / Webサイト（インフォメーション）の閲覧・調査 / Webサイト（拡張機能 および他 3 ページ）の閲覧・調査
2026/04/20 16:31,2026/04/20 16:31,0:05,サイボウズ（forestway.cybozu.com/o/ag.cgi?page=MyFolderMessageSend&fid=&cp=ml および他 4 ページ）での情報確認・処理 / サイボウズ（トップページ - サイボウズ Office および他 4 ページ）での情報確認・処理 / サイボウズ（トップページ - サイボウズ Office）での情報確認・処理 / サイボウズ（メッセージ...
2026/04/20 16:34,2026/04/20 16:34,0:05,"PDF資料（20260420_OA中古ノートPC7台購入_④稟議書（システム関連,社長決裁）20230701.pdf）の確認"
2026/04/20 16:35,2026/04/20 16:35,0:05,Webサイト（Adobe Acrobat Reader (64-bit)）の閲覧・調査 / Webサイト（起動しています - Excel）の閲覧・調査
2026/04/20 16:35,2026/04/20 16:37,0:05,"Excelファイル（20260420_OA中古ノートPC７台購入_④稟議書（システム関連,社長決裁）20230701.xlsx）の入力・編集"
2026/04/20 16:37,2026/04/20 16:37,0:05,Webサイト（発行中...）の閲覧・調査
2026/04/20 16:38,2026/04/20 16:38,0:05,"Excelファイル（20260420_OA中古ノートPC７台購入_④稟議書（システム関連,社長決裁）20230701.xlsx）の入力・編集 / PDF資料（20260420_OA中古ノートPC７台購入_④稟議書（システム関連,社長決裁）20230701.pdf）の確認"
2026/04/20 16:39,2026/04/20 16:40,0:05,Webサイト（Adobe Acrobat Reader (64-bit)）の閲覧・調査 / Webサイト（PDF24 Toolbox - PDF 結合）の閲覧・調査 / Webサイト（PDF24 Toolbox）の閲覧・調査 / Webサイト（名前を付けて保存）の閲覧・調査
2026/04/20 16:40,2026/04/20 16:40,0:05,"PDF資料（20260420_OA中古ノートPC７台購入_④稟議書（システム関連,社長決裁）20230701.pdf）の確認"
2026/04/20 16:40,2026/04/20 16:40,0:05,Webサイト（Adobe Acrobat Reader (64-bit)）の閲覧・調査
2026/04/20 16:40,2026/04/20 16:40,0:05,"Excelファイル（20260420_OA中古ノートPC７台購入_④稟議書（システム関連,社長決裁）20230701.xlsx）の入力・編集"
2026/04/20 16:40,2026/04/20 16:40,0:05,サイボウズ（forestway.cybozu.com/o/ag.cgi?page=MyFolderIndex&fid= および他 4 ページ）での情報確認・処理 / サイボウズ（メッセージの送信 - サイボウズ Office および他 4 ページ）での情報確認・処理 / サイボウズ（個人フォルダ - サイボウズ Office および他 4 ページ）での情報確認・処理 / サイボウズ（個人フォ...
2026/04/20 16:41,2026/04/20 16:41,0:05,Webサイト（Amazon.co.jp: 【整備済み品】Dell Latitude 3420 中古ノートパソコン、Windows11Pro、高性能第11世代CPU搭載、WEBカメラ、Bluetooth、無線LAN（WIFI6）、MS Office2021 液晶14インチ TypeC 第11世代i5-1145G7/16GB/512GB/1080タッチパネル) : パソコン・周辺機器）の閲覧・調...
2026/04/20 16:42,2026/04/20 16:42,0:05,メール（PC納期確認のメール返信）の閲覧・作成
2026/04/20 16:42,2026/04/20 16:42,0:05,Webサイト（稟議書作成：ノートPC購入検討 - Google Gemini）の閲覧・調査
2026/04/20 16:42,2026/04/20 16:42,0:05,メール（PC納期確認のメール返信）の閲覧・作成
2026/04/20 16:42,2026/04/20 16:42,0:05,Webサイト（Gemini）の閲覧・調査
2026/04/20 16:42,2026/04/20 16:42,0:05,メール（PC納期確認のメール返信）の閲覧・作成
2026/04/20 16:42,2026/04/20 16:43,0:05,Webサイト（Gemini）の閲覧・調査 / Webサイト（hostsファイルでサイトアクセスを制限 - Google Gemini）の閲覧・調査 / Webサイト（社内SEの仕事なんでも相談 - Google Gemini）の閲覧・調査
2026/04/20 16:54,2026/04/20 16:54,0:05,Antigravityを用いた「システム開発・改善」の開発・相談 / スタート
2026/04/20 16:54,2026/04/20 16:57,0:05,Webサイト（Yahoo! JAPAN）の閲覧・調査 / Webサイト（yahoo - Google 検索）の閲覧・調査 / Webサイト（yahoo乗換 - Google 検索）の閲覧・調査 / Webサイト（リアルタイム震度（強震モニタ） - Yahoo!天気・災害）の閲覧・調査 / Webサイト（乗換案内、時刻表、運行情報 - Yahoo!路線情報）の閲覧・調査 / Webサイト（地震...
2026/04/20 17:10,2026/04/20 17:10,0:05,サイボウズ（メッセージの詳細 - サイボウズ Office および他 4 ページ）での情報確認・処理 / サイボウズ（メッセージの詳細 - サイボウズ Office）での情報確認・処理 / サイボウズ（個人フォルダ - サイボウズ Office および他 4 ページ）での情報確認・処理 / サイボウズ（個人フォルダ - サイボウズ Office）での情報確認・処理
2026/04/20 17:11,2026/04/20 17:11,0:05,Antigravityを用いた「システム開発・改善」の開発・相談
2026/04/20 17:11,2026/04/20 17:11,0:05,Webサイト（津波情報 - Yahoo!天気・災害）の閲覧・調査
2026/04/20 17:11,2026/04/20 17:11,0:05,Antigravityを用いた「システム開発・改善」の開発・相談
2026/04/20 17:12,2026/04/20 17:12,0:05,サイボウズ（メッセージの詳細 - サイボウズ Office および他 4 ページ）での情報確認・処理
2026/04/20 17:12,2026/04/20 17:12,0:05,Antigravityを用いた「システム開発・改善」の開発・相談
2026/04/20 17:12,2026/04/20 17:12,0:05,Webサイト（ToDo リスト）の閲覧・調査 / Webサイト（tasks.google.com/tasks/?utm_source=OGB&utm_medium=app）の閲覧・調査 / Webサイト（津波情報 - Yahoo!天気・災害）の閲覧・調査
2026/04/20 17:12,2026/04/20 17:12,0:05,サイボウズ（メッセージの詳細 - サイボウズ Office および他 4 ページ）での情報確認・処理
2026/04/20 17:13,2026/04/20 17:13,0:05,Webサイト（ToDo リスト）の閲覧・調査
2026/04/20 17:13,2026/04/20 17:13,0:05,サイボウズ（メッセージの詳細 - サイボウズ Office および他 4 ページ）での情報確認・処理
2026/04/20 17:13,2026/04/20 17:13,0:05,Webサイト（ToDo リスト）の閲覧・調査
2026/04/20 17:13,2026/04/20 17:13,0:05,サイボウズ（メッセージの詳細 - サイボウズ Office および他 4 ページ）での情報確認・処理
2026/04/20 17:13,2026/04/20 17:13,0:05,"PDF資料（20260420_OA中古ノートPC７台購入_④稟議書（システム関連,社長決裁）20230701.pdf および他 5 ページ）の確認 / PDF資料（20260420_OA中古ノートPC７台購入_④稟議書（システム関連,社長決裁）20230701.pdf）の確認"
2026/04/20 17:21,2026/04/20 17:21,0:05,サイボウズ（メッセージの変更（宛先） - サイボウズ Office および他 4 ページ）での情報確認・処理 / サイボウズ（メッセージの変更（宛先） - サイボウズ Office）での情報確認・処理 / サイボウズ（メッセージの詳細 - サイボウズ Office および他 4 ページ）での情報確認・処理 / サイボウズ（メッセージの詳細 - サイボウズ Office）での情報確認・処理
2026/04/20 17:24,2026/04/20 17:24,0:05,Antigravityを用いた「システム開発・改善」の開発・相談
2026/04/20 17:35,2026/04/20 17:35,0:05,Webサイト（ToDo リスト）の閲覧・調査
2026/04/20 17:35,2026/04/20 17:35,0:05,Antigravityを用いた「システム開発・改善」の開発・相談
2026/04/20 17:35,2026/04/20 17:35,0:05,Webサイト（ToDo リスト）の閲覧・調査
2026/04/20 17:35,2026/04/20 17:35,0:05,Antigravityを用いた「システム開発・改善」の開発・相談
2026/04/20 17:35,2026/04/20 17:36,0:05,Webサイト（ToDo リスト）の閲覧・調査 / Webサイト（社内SEの仕事なんでも相談 - Google Gemini）の閲覧・調査
2026/04/20 17:37,2026/04/20 17:37,0:05,Antigravityを用いた「システム開発・改善」の開発・相談
2026/04/20 17:38,2026/04/20 17:39,0:05,Webサイト（Excel/CSV 分割ツール (Ver 1.0)）の閲覧・調査 / Webサイト（Windows PowerShell）の閲覧・調査 / Webサイト（社内SEの仕事なんでも相談 - Google Gemini）の閲覧・調査
2026/04/20 17:39,2026/04/20 17:39,0:05,サイボウズ（メッセージの詳細 - サイボウズ Office および他 4 ページ）での情報確認・処理
2026/04/20 17:39,2026/04/20 17:39,0:05,Webサイト（Windows PowerShell）の閲覧・調査
2026/04/20 17:39,2026/04/20 17:41,0:05,サイボウズ（forestway.cybozu.com/o/ag.cgi?page=WorkFlowForm&id=17327&FID=&cp=wwl&sp= および他 4 ページ）での情報確認・処理 / サイボウズ（forestway.cybozu.com/o/ag.cgi?page=WorkFlowIndex および他 4 ページ）での情報確認・処理 / サイボウズ（メッセージの詳細 - ...
2026/04/20 17:41,2026/04/20 17:41,0:05,Webサイト（Windows PowerShell）の閲覧・調査 / Webサイト（社内SEの仕事なんでも相談 - Google Gemini）の閲覧・調査
2026/04/20 17:41,2026/04/20 17:41,0:05,Antigravityを用いた「システム開発・改善」の開発・相談
2026/04/20 17:41,2026/04/20 17:41,0:05,Webサイト（Excel/CSV 分割ツール (Ver 1.0)）の閲覧・調査 / Webサイト（PDF24 Toolbox - PDF 結合）の閲覧・調査 / Webサイト（社内SEの仕事なんでも相談 - Google Gemini）の閲覧・調査 / Webサイト（起動しています - Excel）の閲覧・調査
2026/04/20 17:41,2026/04/20 17:43,0:05,Excelファイル（test_data.csv）の入力・編集
2026/04/20 17:44,2026/04/20 17:44,0:05,Webサイト（社内SEの仕事なんでも相談 - Google Gemini）の閲覧・調査
2026/04/20 17:44,2026/04/20 17:44,0:05,Excelファイル（test_data.csv）の入力・編集
2026/04/20 17:45,2026/04/20 17:46,0:05,Webサイト（Windows PowerShell）の閲覧・調査 / Webサイト（社内SEの仕事なんでも相談 - Google Gemini）の閲覧・調査
2026/04/20 17:46,2026/04/20 17:46,0:05,Excelファイル（test_data.csv）の入力・編集
2026/04/20 17:46,2026/04/20 17:47,0:05,Excel / Webサイト（Excel/CSV 分割ツール (Ver 1.0)）の閲覧・調査 / Webサイト（Windows PowerShell）の閲覧・調査 / Webサイト（社内SEの仕事なんでも相談 - Google Gemini）の閲覧・調査 / Webサイト（起動しています - Excel）の閲覧・調査
2026/04/20 17:47,2026/04/20 17:51,0:05,Excelファイル（test_data.csv）の入力・編集
2026/04/20 17:51,2026/04/20 17:52,0:05,Excel / Webサイト（Excel/CSV 分割ツール (Ver 1.0)）の閲覧・調査 / Webサイト（起動しています - Excel）の閲覧・調査
2026/04/20 17:52,2026/04/20 17:53,0:05,Excelファイル（test_data(分割済み1).csv）の入力・編集 / Excelファイル（test_data.csv）の入力・編集
2026/04/20 17:53,2026/04/20 17:53,0:05,0% 完了 / 3% 完了 / Webサイト（46% 完了）の閲覧・調査
2026/04/20 17:53,2026/04/20 17:53,0:05,Excelファイル（test_data(分割済み1).csv）の入力・編集
2026/04/20 17:53,2026/04/20 17:53,0:05,Webサイト（55% 完了）の閲覧・調査 / Webサイト（94% 完了）の閲覧・調査 / Webサイト（Excel/CSV 分割ツール (Ver 1.0)）の閲覧・調査 / Webサイト（起動しています - Excel）の閲覧・調査
2026/04/20 17:53,2026/04/20 17:53,0:05,Excelファイル（test_data.csv）の入力・編集
2026/04/20 17:53,2026/04/20 17:53,0:05,Webサイト（Excel/CSV 分割ツール (Ver 1.0)）の閲覧・調査 / Webサイト（起動しています - Excel）の閲覧・調査
2026/04/20 17:53,2026/04/20 17:53,0:05,Excelファイル（test_data(分割済み1).csv）の入力・編集
2026/04/20 17:53,2026/04/20 17:53,0:05,Excel / Webサイト（Excel/CSV 分割ツール (Ver 1.0)）の閲覧・調査 / Webサイト（起動しています - Excel）の閲覧・調査
2026/04/20 17:53,2026/04/20 17:53,0:05,Excelファイル（test_data(分割済み2).csv）の入力・編集
2026/04/20 17:54,2026/04/20 17:54,0:05,Excel / Webサイト（Excel/CSV 分割ツール (Ver 1.0)）の閲覧・調査 / Webサイト（起動しています - Excel）の閲覧・調査
2026/04/20 17:54,2026/04/20 17:54,0:05,Excelファイル（test_data(分割済み3).csv）の入力・編集
2026/04/20 17:54,2026/04/20 17:54,0:05,Webサイト（Excel/CSV 分割ツール (Ver 1.0)）の閲覧・調査
2026/04/20 17:54,2026/04/20 17:54,0:05,Antigravityを用いた「システム開発・改善」の開発・相談
2026/04/20 17:58,2026/04/20 17:58,0:05,Webサイト（起動しています - Excel）の閲覧・調査
2026/04/20 17:58,2026/04/20 17:58,0:05,Excelファイル（20260420（社員）勤務シフト変更届（2026年度用）.xlsx ）の入力・編集 / Excelファイル（20260420（社員）勤務シフト変更届（2026年度用）.xlsx）の入力・編集
2026/04/20 18:02,2026/04/20 18:05,0:05,サイボウズ（forestway.cybozu.com/o/ag.cgi?page=MyFolderMessageSend&mDBID=5&mDID=294351&mEID=90074&mode=reuse&cp=mld および他 4 ページ）での情報確認・処理 / サイボウズ（メッセージの詳細 - サイボウズ Office および他 4 ページ）での情報確認・処理 / サイボウズ（メッセージ...
2026/04/20 18:42,2026/04/20 18:42,0:05,サイボウズ（forestway.cybozu.com/o/ag.cgi?page=WorkFlowIndex および他 4 ページ）での情報確認・処理 / サイボウズ（メッセージの詳細 - サイボウズ Office および他 4 ページ）での情報確認・処理 / サイボウズ（ワークフロー（最新一覧） - サイボウズ Office および他 4 ページ）での情報確認・処理 / サイボウズ（ワーク...
2026/04/20 18:42,2026/04/20 18:42,0:05,Excelファイル（20260420（社員）勤務シフト変更届（2026年度用）.xlsx）の入力・編集
2026/04/20 18:42,2026/04/20 18:42,0:05,Webサイト（社内SEの仕事なんでも相談 - Google Gemini）の閲覧・調査
2026/04/20 18:42,2026/04/20 18:42,0:05,Excelファイル（20260420（社員）勤務シフト変更届（2026年度用）.xlsx）の入力・編集
2026/04/20 18:43,2026/04/20 18:43,0:05,Webサイト（社内SEの仕事なんでも相談 - Google Gemini）の閲覧・調査
2026/04/20 18:43,2026/04/20 18:45,0:05,サイボウズ（ワークフロー（最新一覧） - サイボウズ Office および他 4 ページ）での情報確認・処理 / サイボウズ（ワークフロー（送信一覧） - サイボウズ Office および他 4 ページ）での情報確認・処理 / サイボウズ（ワークフロー（送信一覧） - サイボウズ Office）での情報確認・処理 / サイボウズ（個人フォルダ - サイボウズ Office および他 4 ペー...
2026/04/20 18:45,2026/04/20 18:46,0:05,Excelファイル（20260420（社員）勤務シフト変更届（2026年度用）.xlsx）の入力・編集 / Excelファイル（2026_05勤務シフト表（システム部）.xlsx ）の入力・編集 / Excelファイル（2026_05勤務シフト表（システム部）.xlsx）の入力・編集
2026/04/20 18:46,2026/04/20 18:46,0:05,Webサイト（レンズの分析）の閲覧・調査
2026/04/20 18:46,2026/04/20 18:47,0:05,Excelファイル（20260420（社員）勤務シフト変更届（2026年度用）.xlsx）の入力・編集 / Excelファイル（2026_05勤務シフト表（システム部）.xlsx）の入力・編集
2026/04/20 18:47,2026/04/20 18:47,0:05,サイボウズ（forestway.cybozu.com/o/ag.cgi?page=MyFolderMessageSend&mDBID=3&mDID=297171&mEID=90262&mode=reuse&cp=mld および他 4 ページ）での情報確認・処理 / サイボウズ（メッセージの詳細 - サイボウズ Office および他 4 ページ）での情報確認・処理 / サイボウズ（メッセージ...
2026/04/20 18:47,2026/04/20 18:47,0:05,Webサイト（社内SEの仕事なんでも相談 - Google Gemini）の閲覧・調査
2026/04/20 18:47,2026/04/20 18:47,0:05,Excelファイル（20260420（社員）勤務シフト変更届（2026年度用）.xlsx）の入力・編集
2026/04/20 18:47,2026/04/20 18:47,0:05,サイボウズ（メッセージの送信（再利用） - サイボウズ Office および他 4 ページ）での情報確認・処理
2026/04/20 18:47,2026/04/20 18:47,0:05,Webサイト（起動しています - Excel）の閲覧・調査
2026/04/20 18:47,2026/04/20 18:47,0:05,Excelファイル（20260420（社員）勤務シフト変更届（2026年度用）.xlsx）の入力・編集
2026/04/20 18:48,2026/04/20 18:48,0:05,Excel / サイボウズ（メッセージの送信（再利用） - サイボウズ Office および他 4 ページ）での情報確認・処理 / サイボウズ（個人フォルダ - サイボウズ Office および他 4 ページ）での情報確認・処理 / サイボウズ（個人フォルダ - サイボウズ Office）での情報確認・処理
2026/04/20 18:48,2026/04/20 18:48,0:05,Webサイト（起動しています - Excel）の閲覧・調査
2026/04/20 18:48,2026/04/20 18:56,0:07,"Excelファイル（20260420_OA中古ノートPC７台購入_④稟議書（システム関連,社長決裁）20230701.xlsx）の入力・編集"
2026/04/20 18:56,2026/04/20 18:56,0:05,Webサイト（名前を付けて保存）の閲覧・調査
2026/04/20 18:56,2026/04/20 18:56,0:05,"Excelファイル（20260420_OA中古ノートPC７台購入_④稟議書（システム関連,社長決裁）20230701.xlsx）の入力・編集"
2026/04/20 18:56,2026/04/20 18:56,0:05,Webサイト（発行中...）の閲覧・調査
2026/04/20 18:56,2026/04/20 18:56,0:05,"Excelファイル（20260420_OA中古ノートPC７台購入_④稟議書（システム関連,社長決裁）20230701.xlsx）の入力・編集"
2026/04/20 18:56,2026/04/20 18:56,0:05,Excel / Webサイト（起動しています - Excel）の閲覧・調査
2026/04/20 18:56,2026/04/20 18:57,0:05,"Excelファイル（20260420_OA中古ノートPC７台購入_④稟議書（システム関連,社長決裁）20230701.xlsx）の入力・編集"
2026/04/20 18:57,2026/04/20 18:57,0:05,Webサイト（名前を付けて保存）の閲覧・調査
2026/04/20 18:57,2026/04/20 18:57,0:05,"Excelファイル（20260420_OA中古ノートPC７台購入_④稟議書（システム関連,社長決裁）20230701.xlsx）の入力・編集"
2026/04/20 18:57,2026/04/20 18:57,0:05,Webサイト（発行中...）の閲覧・調査
2026/04/20 18:57,2026/04/20 18:57,0:05,"Excelファイル（20260420_OA中古ノートPC７台購入_④稟議書（システム関連,社長決裁）20230701.xlsx）の入力・編集"
2026/04/20 18:57,2026/04/20 18:57,0:05,サイボウズ（forestway.cybozu.com/o/ag.cgi?page=WorkFlowIndex および他 4 ページ）での情報確認・処理 / サイボウズ（ワークフロー（最新一覧） - サイボウズ Office および他 4 ページ）での情報確認・処理 / サイボウズ（ワークフロー（最新一覧） - サイボウズ Office）での情報確認・処理 / サイボウズ（個人フォルダ - サ...
2026/04/20 18:57,2026/04/20 18:57,0:05,"Excelファイル（20260420_OA中古ノートPC７台購入_④稟議書（システム関連,社長決裁）20230701.xlsx）の入力・編集"
2026/04/20 18:57,2026/04/20 18:57,0:05,サイボウズ（forestway.cybozu.com/o/ag.cgi?page=WorkFlowWorkItem&id=17356&wid=286620&wDID=&fid=&SP=&CP=ww&resend=1&ssid=1-3447-3563407-u3068 および他 4 ページ）での情報確認・処理 / サイボウズ（差し戻された申請の処理 - サイボウズ Office および他 4 ...
2026/04/20 18:57,2026/04/20 18:57,0:05,"PDF資料（20260420_OA中古ノートPC７台購入_④稟議書（システム関連,社長決裁）20230701.pdf）の確認"
2026/04/20 18:57,2026/04/20 18:57,0:05,Webサイト（Adobe Acrobat Reader (64-bit)）の閲覧・調査
2026/04/20 18:57,2026/04/20 18:58,0:05,サイボウズ（ワークフロー（送信一覧） - サイボウズ Office および他 4 ページ）での情報確認・処理 / サイボウズ（ワークフロー（送信一覧） - サイボウズ Office）での情報確認・処理 / サイボウズ（申請の作成（内容の入力） - サイボウズ Office および他 4 ページ）での情報確認・処理 / サイボウズ（申請の作成（内容の確認） - サイボウズ Office および...
2026/04/21 11:03,2026/04/21 11:03,0:05,Webサイト（Amazon.co.jp: 【整備済み品】 ノートパソコン NEC Versapro VM-9 14インチ フルHD Core i5-1135G7 第11世代 Windows11 Office 搭載 カメラ Wi-Fi6 type-C PC パソコン (SSD:256GB メモリ:16GB) : パソコン・周辺機器 - Comet）の閲覧・調査
2026/04/21 11:04,2026/04/21 11:04,0:05,サイボウズ（forestway.cybozu.com/login?redirect=https%3A%2F%2Fforestway.cybozu.com%2F および他 1 ページ）での情報確認・処理
2026/04/21 11:04,2026/04/21 11:04,0:05,Webサイト（インフォメーション および他 1 ページ）の閲覧・調査 / Webサイト（インフォメーション）の閲覧・調査
2026/04/21 11:04,2026/04/21 11:18,0:13,サイボウズ（forestway.cybozu.com/o/ag.cgi?page=MyFolderIndex および他 1 ページ）での情報確認・処理 / サイボウズ（トップページ - サイボウズ Office および他 1 ページ）での情報確認・処理 / サイボウズ（トップページ - サイボウズ Office）での情報確認・処理 / サイボウズ（メッセージの詳細 - サイボウズ Offic...
2026/04/21 11:22,2026/04/21 11:22,0:05,Antigravityを用いた「システム開発・改善」の開発・相談
2026/04/21 11:22,2026/04/21 11:22,0:05,Webサイト（起動しています - Excel）の閲覧・調査
2026/04/21 11:22,2026/04/21 11:22,0:05,Excelファイル（test_data(分割済み2).csv）の入力・編集
2026/04/21 11:22,2026/04/21 11:22,0:05,Excel / Webサイト（起動しています - Excel）の閲覧・調査
2026/04/21 11:22,2026/04/21 11:22,0:05,Excelファイル（test_data(分割済み3).csv）の入力・編集
2026/04/21 11:22,2026/04/21 11:22,0:05,Webサイト（Excel/CSV 分割ツール (Ver 1.0)）の閲覧・調査
2026/04/21 11:22,2026/04/21 11:22,0:05,Antigravityを用いた「システム開発・改善」の開発・相談 / スタート
2026/04/21 11:28,2026/04/21 11:28,0:05,サイボウズ（個人フォルダ - サイボウズ Office および他 1 ページ）での情報確認・処理
2026/04/21 11:30,2026/04/21 11:30,0:05,Antigravityを用いた「システム開発・改善」の開発・相談
2026/04/21 11:33,2026/04/21 11:34,0:05,サイボウズ（forestway.cybozu.com/o/ag.cgi?page=WorkFlowIndex および他 2 ページ）での情報確認・処理 / サイボウズ（ワークフロー（最新一覧） - サイボウズ Office および他 2 ページ）での情報確認・処理 / サイボウズ（ワークフロー（最新一覧） - サイボウズ Office）での情報確認・処理 / サイボウズ（個人フォルダ - サ...
2026/04/21 11:34,2026/04/21 11:34,0:05,Antigravityを用いた「システム開発・改善」の開発・相談
2026/04/21 11:48,2026/04/21 11:49,0:05,Webサイト（Google - Google Chrome for Testing）の閲覧・調査 / Webサイト（Webスクレイパー支援ツール (記録＆解析)）の閲覧・調査 / Webサイト（about:blank - Google Chrome for Testing）の閲覧・調査
2026/04/21 11:49,2026/04/21 11:49,0:05,Antigravityを用いた「システム開発・改善」の開発・相談
2026/04/21 11:49,2026/04/21 11:50,0:05,Webサイト（Google - プロファイル 1 - Microsoft? Edge）の閲覧・調査 / Webサイト（Webスクレイパー支援ツール (記録＆解析)）の閲覧・調査 / Webサイト（about:blank - プロファイル 1 - Microsoft? Edge）の閲覧・調査
2026/04/21 11:50,2026/04/21 11:50,0:05,サイボウズ（個人フォルダ - サイボウズ Office および他 2 ページ）での情報確認・処理
2026/04/21 11:50,2026/04/21 11:50,0:05,Webサイト（Google - プロファイル 1 - Microsoft? Edge）の閲覧・調査 / Webサイト（Webスクレイパー支援ツール (記録＆解析)）の閲覧・調査
2026/04/21 11:50,2026/04/21 11:50,0:05,Antigravityを用いた「システム開発・改善」の開発・相談
2026/04/21 11:50,2026/04/21 11:51,0:05,Webサイト（Google - プロファイル 1 - Microsoft? Edge）の閲覧・調査 / Webサイト（Webスクレイパー支援ツール (記録＆解析)）の閲覧・調査 / Webサイト（about:blank - プロファイル 1 - Microsoft? Edge）の閲覧・調査
2026/04/21 11:51,2026/04/21 11:51,0:05,Antigravityを用いた「システム開発・改善」の開発・相談
2026/04/21 11:52,2026/04/21 11:54,0:05,Webサイト（Google - プロファイル 1 - Microsoft? Edge）の閲覧・調査 / Webサイト（Webスクレイパー支援ツール (記録＆解析)）の閲覧・調査 / Webサイト（about:blank - プロファイル 1 - Microsoft? Edge）の閲覧・調査 / Webサイト（社内SEの仕事なんでも相談 - Google Gemini）の閲覧・調査
2026/04/21 11:54,2026/04/21 11:54,0:05,Antigravityを用いた「システム開発・改善」の開発・相談
2026/04/21 11:55,2026/04/21 11:55,0:05,Webサイト（Google - プロファイル 1 - Microsoft? Edge）の閲覧・調査 / Webサイト（Webスクレイパー支援ツール (記録＆解析)）の閲覧・調査 / Webサイト（about:blank - プロファイル 1 - Microsoft? Edge）の閲覧・調査
2026/04/21 11:55,2026/04/21 11:58,0:05,Antigravityを用いた「システム開発・改善」の開発・相談
2026/04/21 11:58,2026/04/21 11:58,0:05,Webサイト（Webスクレイパー支援ツール (記録＆解析)）の閲覧・調査 / Webサイト（about:blank - プロファイル 1 - Microsoft? Edge）の閲覧・調査
2026/04/21 11:58,2026/04/21 11:58,0:05,サイボウズ（個人フォルダ - サイボウズ Office および他 2 ページ）での情報確認・処理
2026/04/21 11:58,2026/04/21 11:58,0:05,Webサイト（Google - プロファイル 1 - Microsoft? Edge）の閲覧・調査 / Webサイト（Webスクレイパー支援ツール (記録＆解析)）の閲覧・調査
2026/04/21 11:59,2026/04/21 11:59,0:05,サイボウズ（forestway.cybozu.com/o/ag.cgi?page=MyFolderIndex&FID=inbox - プロファイル 1 - Microsoft? Edge）での情報確認・処理 / サイボウズ（個人フォルダ - サイボウズ Office - プロファイル 1 - Microsoft? Edge）での情報確認・処理
2026/04/21 12:00,2026/04/21 12:00,0:05,Webサイト（Webスクレイパー支援ツール (記録＆解析) (応答なし)）の閲覧・調査 / Webサイト（Webスクレイパー支援ツール (記録＆解析)）の閲覧・調査
2026/04/21 12:00,2026/04/21 12:00,0:05,サイボウズ（個人フォルダ - サイボウズ Office および他 2 ページ）での情報確認・処理
2026/04/21 12:00,2026/04/21 12:00,0:05,Antigravityを用いた「システム開発・改善」の開発・相談
2026/04/21 12:00,2026/04/21 12:00,0:05,Webサイト（Amazon.co.jp: 【整備済み品】 ノートパソコン NEC Versapro VM-9 14インチ フルHD Core i5-1135G7 第11世代 Windows11 Office 搭載 カメラ Wi-Fi6 type-C PC パソコン (SSD:256GB メモリ:16GB) : パソコン・周辺機器 - Comet）の閲覧・調査
2026/04/21 12:00,2026/04/21 12:00,0:05,Antigravityを用いた「システム開発・改善」の開発・相談
2026/04/21 12:00,2026/04/21 12:01,0:05,Webサイト（Webスクレイパー支援ツール (記録＆解析) (応答なし)）の閲覧・調査 / Webサイト（社内SEの仕事なんでも相談 - Google Gemini）の閲覧・調査
2026/04/21 12:01,2026/04/21 12:03,0:05,Antigravityを用いた「システム開発・改善」の開発・相談
2026/04/21 12:03,2026/04/21 12:03,0:05,Webサイト（Webスクレイパー支援ツール (記録＆解析)）の閲覧・調査
2026/04/21 12:04,2026/04/21 12:04,0:05,Antigravityを用いた「システム開発・改善」の開発・相談
2026/04/21 12:04,2026/04/21 12:04,0:05,Webサイト（Google - プロファイル 1 - Microsoft? Edge）の閲覧・調査 / Webサイト（Webスクレイパー支援ツール (記録＆解析)）の閲覧・調査 / Webサイト（about:blank - プロファイル 1 - Microsoft? Edge）の閲覧・調査
2026/04/21 12:04,2026/04/21 12:04,0:05,サイボウズ（forestway.cybozu.com/o/ag.cgi?page=MyFolderIndex&FID=inbox - プロファイル 1 - Microsoft? Edge）での情報確認・処理
2026/04/21 12:04,2026/04/21 12:04,0:05,Webサイト（Webスクレイパー支援ツール (記録＆解析)）の閲覧・調査
2026/04/21 12:04,2026/04/21 12:06,0:05,サイボウズ（メール - サイボウズ Office - プロファイル 1 - Microsoft? Edge）での情報確認・処理 / サイボウズ（メール本文 - サイボウズ Office - プロファイル 1 - Microsoft? Edge）での情報確認・処理 / サイボウズ（個人フォルダ - サイボウズ Office - プロファイル 1 - Microsoft? Edge）での情報確認・処理
2026/04/21 12:06,2026/04/21 12:06,0:05,Webサイト（Webスクレイパー支援ツール (記録＆解析)）の閲覧・調査
2026/04/21 12:06,2026/04/21 12:06,0:05,Antigravityを用いた「システム開発・改善」の開発・相談
2026/04/21 12:06,2026/04/21 12:06,0:05,Webサイト（Google - プロファイル 1 - Microsoft? Edge）の閲覧・調査 / Webサイト（Webスクレイパー支援ツール (記録＆解析)）の閲覧・調査 / Webサイト（about:blank - プロファイル 1 - Microsoft? Edge）の閲覧・調査
2026/04/21 12:06,2026/04/21 12:06,0:05,Antigravityを用いた「システム開発・改善」の開発・相談
2026/04/21 12:08,2026/04/21 12:08,0:05,Webサイト（Google - プロファイル 1 - Microsoft? Edge）の閲覧・調査 / Webサイト（Webスクレイパー支援ツール (記録＆解析)）の閲覧・調査 / Webサイト（about:blank - プロファイル 1 - Microsoft? Edge）の閲覧・調査
2026/04/21 12:08,2026/04/21 12:08,0:05,サイボウズ（forestway.cybozu.com/o/ag.cgi?page=MyFolderIndex&FID=inbox - プロファイル 1 - Microsoft? Edge）での情報確認・処理 / サイボウズ（個人フォルダ - サイボウズ Office - プロファイル 1 - Microsoft? Edge）での情報確認・処理
2026/04/21 12:08,2026/04/21 12:08,0:05,Webサイト（Webスクレイパー支援ツール (記録＆解析)）の閲覧・調査
2026/04/21 12:08,2026/04/21 12:08,0:05,サイボウズ（メール - サイボウズ Office - プロファイル 1 - Microsoft? Edge）での情報確認・処理 / サイボウズ（個人フォルダ - サイボウズ Office - プロファイル 1 - Microsoft? Edge）での情報確認・処理
2026/04/21 12:08,2026/04/21 12:08,0:05,Webサイト（Webスクレイパー支援ツール (記録＆解析)）の閲覧・調査
2026/04/21 12:09,2026/04/21 12:09,0:05,サイボウズ（メール - サイボウズ Office - プロファイル 1 - Microsoft? Edge）での情報確認・処理 / サイボウズ（メール本文 - サイボウズ Office - プロファイル 1 - Microsoft? Edge）での情報確認・処理
2026/04/21 12:10,2026/04/21 12:10,0:05,Webサイト（Webスクレイパー支援ツール (記録＆解析)）の閲覧・調査
2026/04/21 12:10,2026/04/21 12:10,0:05,Antigravityを用いた「システム開発・改善」の開発・相談 / 記録エラー
2026/04/21 12:10,2026/04/21 12:10,0:05,Webサイト（Webスクレイパー支援ツール (記録＆解析)）の閲覧・調査 / 記録エラー
2026/04/21 12:10,2026/04/21 12:10,0:05,Webサイト（Webスクレイパー支援ツール (記録＆解析)）の閲覧・調査 / データなし / 記録エラー
2026/04/21 12:10,2026/04/21 12:10,0:05,Webサイト（Webスクレイパー支援ツール (記録＆解析)）の閲覧・調査 / 記録エラー
2026/04/21 12:10,2026/04/21 12:10,0:05,Webサイト（Webスクレイパー支援ツール (記録＆解析)）の閲覧・調査 / 記録エラー
2026/04/21 12:10,2026/04/21 12:10,0:05,Webサイト（Webスクレイパー支援ツール (記録＆解析)）の閲覧・調査 / 記録エラー
2026/04/21 12:10,2026/04/21 12:10,0:05,Webサイト（Webスクレイパー支援ツール (記録＆解析)）の閲覧・調査 / 記録エラー
2026/04/21 12:10,2026/04/21 12:10,0:05,Webサイト（Webスクレイパー支援ツール (記録＆解析)）の閲覧・調査 / 記録エラー
2026/04/21 12:10,2026/04/21 12:10,0:05,Webサイト（Webスクレイパー支援ツール (記録＆解析)）の閲覧・調査 / データなし / 記録エラー
2026/04/21 12:10,2026/04/21 12:10,0:05,Antigravityを用いた「システム開発・改善」の開発・相談
2026/04/21 12:11,2026/04/21 12:12,0:05,Webサイト（Google - プロファイル 1 - Microsoft? Edge）の閲覧・調査 / Webサイト（Webスクレイパー支援ツール (記録＆解析)）の閲覧・調査 / Webサイト（about:blank - プロファイル 1 - Microsoft? Edge）の閲覧・調査
2026/04/21 12:12,2026/04/21 12:12,0:05,サイボウズ（個人フォルダ - サイボウズ Office および他 2 ページ）での情報確認・処理
2026/04/21 12:12,2026/04/21 12:12,0:05,Webサイト（Google - プロファイル 1 - Microsoft? Edge）の閲覧・調査 / Webサイト（www.google.comhttps - プロファイル 1 - Microsoft? Edge）の閲覧・調査
2026/04/21 12:12,2026/04/21 12:12,0:05,サイボウズ（forestway.cybozu.com/o/ag.cgi?page=MyFolderIndex&FID=inbox - プロファイル 1 - Microsoft? Edge）での情報確認・処理
2026/04/21 12:12,2026/04/21 12:12,0:05,Webサイト（Webスクレイパー支援ツール (記録＆解析)）の閲覧・調査
2026/04/21 12:13,2026/04/21 12:13,0:05,サイボウズ（メール - サイボウズ Office - プロファイル 1 - Microsoft? Edge）での情報確認・処理 / サイボウズ（メール本文 - サイボウズ Office - プロファイル 1 - Microsoft? Edge）での情報確認・処理 / サイボウズ（個人フォルダ - サイボウズ Office - プロファイル 1 - Microsoft? Edge）での情報確認・処理
2026/04/21 12:14,2026/04/21 12:14,0:05,Webサイト（Webスクレイパー支援ツール (記録＆解析)）の閲覧・調査
2026/04/21 12:14,2026/04/21 12:15,0:05,サイボウズ（個人フォルダ - サイボウズ Office および他 2 ページ）での情報確認・処理 / 出力エラー
2026/04/21 12:15,2026/04/21 12:15,0:05,Antigravityを用いた「システム開発・改善」の開発・相談
2026/04/21 12:15,2026/04/21 12:15,0:05,Webサイト（Webスクレイパー支援ツール (記録＆解析)）の閲覧・調査
2026/04/21 12:15,2026/04/21 12:15,0:05,Antigravityを用いた「システム開発・改善」の開発・相談
2026/04/21 12:53,2026/04/21 12:53,0:05,サイボウズ（個人フォルダ - サイボウズ Office および他 2 ページ）での情報確認・処理 / サイボウズ（個人フォルダ - サイボウズ Office）での情報確認・処理
2026/04/21 12:53,2026/04/21 12:53,0:05,Webサイト（Google - プロファイル 1 - Microsoft? Edge）の閲覧・調査 / Webサイト（Webスクレイパー支援ツール (記録＆解析)）の閲覧・調査 / Webサイト（about:blank - プロファイル 1 - Microsoft? Edge）の閲覧・調査
2026/04/21 12:53,2026/04/21 12:53,0:05,サイボウズ（個人フォルダ - サイボウズ Office および他 2 ページ）での情報確認・処理
2026/04/21 12:53,2026/04/21 12:53,0:05,Webサイト（Google - プロファイル 1 - Microsoft? Edge）の閲覧・調査 / Webサイト（Webスクレイパー支援ツール (記録＆解析)）の閲覧・調査
2026/04/21 12:53,2026/04/21 12:53,0:05,サイボウズ（forestway.cybozu.com/o/ag.cgi?page=MyFolderIndex&FID=inbox - プロファイル 1 - Microsoft? Edge）での情報確認・処理
2026/04/21 12:54,2026/04/21 12:54,0:05,Webサイト（Webスクレイパー支援ツール (記録＆解析)）の閲覧・調査
2026/04/21 12:54,2026/04/21 12:54,0:05,サイボウズ（メール - サイボウズ Office - プロファイル 1 - Microsoft? Edge）での情報確認・処理 / サイボウズ（メール本文 - サイボウズ Office - プロファイル 1 - Microsoft? Edge）での情報確認・処理 / サイボウズ（個人フォルダ - サイボウズ Office - プロファイル 1 - Microsoft? Edge）での情報確認・処理
2026/04/21 12:55,2026/04/21 12:55,0:05,Webサイト（Webスクレイパー支援ツール (記録＆解析)）の閲覧・調査
2026/04/21 12:55,2026/04/21 12:55,0:05,Webサイト（Webスクレイパー支援ツール (記録＆解析)）の閲覧・調査 / 出力完了
2026/04/21 12:55,2026/04/21 12:55,0:05,サイボウズ（個人フォルダ - サイボウズ Office および他 2 ページ）での情報確認・処理
2026/04/21 12:55,2026/04/21 12:55,0:05,Antigravityを用いた「システム開発・改善」の開発・相談
2026/04/21 12:55,2026/04/21 12:55,0:05,サイボウズ（個人フォルダ - サイボウズ Office および他 2 ページ）での情報確認・処理
2026/04/21 12:55,2026/04/21 12:55,0:05,Webサイト（起動しています - Excel）の閲覧・調査
2026/04/21 12:55,2026/04/21 12:55,0:05,Excelファイル（elements_list.xlsx）の入力・編集
2026/04/21 12:55,2026/04/21 12:55,0:05,Webサイト（Web抽出レポート および他 3 ページ）の閲覧・調査 / Webサイト（Web抽出レポート）の閲覧・調査
2026/04/21 12:56,2026/04/21 12:56,0:05,Antigravityを用いた「システム開発・改善」の開発・相談
2026/04/21 12:58,2026/04/21 12:58,0:05,Webサイト（context.json - メモ帳）の閲覧・調査
2026/04/21 12:58,2026/04/21 12:58,0:05,Antigravityを用いた「システム開発・改善」の開発・相談
2026/04/21 12:58,2026/04/21 12:58,0:05,Webサイト（Webスクレイパー支援ツール (記録＆解析)）の閲覧・調査 / Webサイト（context.json - メモ帳）の閲覧・調査
2026/04/21 12:58,2026/04/21 12:58,0:05,Antigravityを用いた「システム開発・改善」の開発・相談
2026/04/21 12:58,2026/04/21 12:58,0:05,Webサイト（Webスクレイパー支援ツール (記録＆解析)）の閲覧・調査 / Webサイト（test.bat - メモ帳）の閲覧・調査
2026/04/21 12:58,2026/04/21 12:58,0:05,Antigravityを用いた「システム開発・改善」の開発・相談
2026/04/21 12:58,2026/04/21 12:58,0:05,Webサイト（Webスクレイパー支援ツール (記録＆解析)）の閲覧・調査
2026/04/21 12:59,2026/04/21 12:59,0:05,Antigravityを用いた「システム開発・改善」の開発・相談
2026/04/21 13:01,2026/04/21 13:01,0:05,Webサイト（Webスクレイパー支援ツール (記録＆解析)）の閲覧・調査
2026/04/21 13:01,2026/04/21 13:01,0:05,Antigravityを用いた「システム開発・改善」の開発・相談
2026/04/21 13:02,2026/04/21 13:02,0:05,Webサイト（Webスクレイパー支援ツール (記録＆解析)）の閲覧・調査
2026/04/21 13:02,2026/04/21 13:02,0:05,Antigravityを用いた「システム開発・改善」の開発・相談
2026/04/21 13:05,2026/04/21 13:05,0:05,Webサイト（Webスクレイパー支援ツール (記録＆解析)）の閲覧・調査 / Webサイト（インフォメーション）の閲覧・調査
2026/04/21 13:05,2026/04/21 13:05,0:05,サイボウズ（トップページ - サイボウズ Office）での情報確認・処理
2026/04/21 13:06,2026/04/21 13:09,0:05,Webサイト（インフォメーション）の閲覧・調査 / Webサイト（サービスの利用ユーザーの設定）の閲覧・調査 / Webサイト（ユーザー情報の変更）の閲覧・調査 / Webサイト（組織とユーザーの設定）の閲覧・調査 / 契約状況 / 契約状況 - My profile １ - Microsoft? Edge
2026/04/21 13:09,2026/04/21 13:09,0:05,サイボウズ（トップページ - サイボウズ Office）での情報確認・処理
2026/04/21 13:09,2026/04/21 13:09,0:05,Webサイト（Google - プロファイル 1 - Microsoft? Edge）の閲覧・調査 / Webサイト（Webスクレイパー支援ツール (記録＆解析)）の閲覧・調査 / Webサイト（about:blank - プロファイル 1 - Microsoft? Edge）の閲覧・調査
2026/04/21 13:09,2026/04/21 13:09,0:05,サイボウズ（forestway.cybozu.com/o/ - プロファイル 1 - Microsoft? Edge）での情報確認・処理 / サイボウズ（トップページ - サイボウズ Office - プロファイル 1 - Microsoft? Edge）での情報確認・処理 / サイボウズ（メール - サイボウズ Office - プロファイル 1 - Microsoft? Edge）での情...
2026/04/21 13:09,2026/04/21 13:09,0:05,Webサイト（Webスクレイパー支援ツール (記録＆解析)）の閲覧・調査
2026/04/21 13:10,2026/04/21 13:10,0:05,サイボウズ（メール - サイボウズ Office - プロファイル 1 - Microsoft? Edge）での情報確認・処理
2026/04/21 13:10,2026/04/21 13:10,0:05,Webサイト（Webスクレイパー支援ツール (記録＆解析)）の閲覧・調査
2026/04/21 13:10,2026/04/21 13:10,0:05,サイボウズ（メール - サイボウズ Office - プロファイル 1 - Microsoft? Edge）での情報確認・処理
2026/04/21 13:11,2026/04/21 13:11,0:05,Webサイト（Webスクレイパー支援ツール (記録＆解析)）の閲覧・調査
2026/04/21 13:11,2026/04/21 13:11,0:05,サイボウズ（メール - サイボウズ Office - プロファイル 1 - Microsoft? Edge）での情報確認・処理
2026/04/21 13:11,2026/04/21 13:11,0:05,Webサイト（Webスクレイパー支援ツール (記録＆解析)）の閲覧・調査
2026/04/21 13:11,2026/04/21 13:11,0:05,サイボウズ（メール - サイボウズ Office - プロファイル 1 - Microsoft? Edge）での情報確認・処理
2026/04/21 13:11,2026/04/21 13:11,0:05,Webサイト（Webスクレイパー支援ツール (記録＆解析)）の閲覧・調査
2026/04/21 13:11,2026/04/21 13:11,0:05,サイボウズ（メール - サイボウズ Office - プロファイル 1 - Microsoft? Edge）での情報確認・処理
2026/04/21 13:11,2026/04/21 13:11,0:05,Webサイト（Webスクレイパー支援ツール (記録＆解析)）の閲覧・調査
2026/04/21 13:12,2026/04/21 13:12,0:05,サイボウズ（メール - サイボウズ Office - プロファイル 1 - Microsoft? Edge）での情報確認・処理
2026/04/21 13:12,2026/04/21 13:12,0:05,Webサイト（Webスクレイパー支援ツール (記録＆解析)）の閲覧・調査
2026/04/21 13:12,2026/04/21 13:12,0:05,サイボウズ（メール - サイボウズ Office - プロファイル 1 - Microsoft? Edge）での情報確認・処理
2026/04/21 13:12,2026/04/21 13:12,0:05,Webサイト（Webスクレイパー支援ツール (記録＆解析)）の閲覧・調査
2026/04/21 13:13,2026/04/21 13:13,0:05,サイボウズ（メール - サイボウズ Office - プロファイル 1 - Microsoft? Edge）での情報確認・処理
2026/04/21 13:13,2026/04/21 13:13,0:05,Webサイト（Webスクレイパー支援ツール (記録＆解析)）の閲覧・調査
2026/04/21 13:13,2026/04/21 13:13,0:05,Webサイト（Webスクレイパー支援ツール (記録＆解析)）の閲覧・調査 / 出力完了
2026/04/21 13:13,2026/04/21 13:13,0:05,サイボウズ（トップページ - サイボウズ Office）での情報確認・処理
2026/04/21 13:13,2026/04/21 13:13,0:05,Antigravityを用いた「システム開発・改善」の開発・相談
2026/04/21 13:13,2026/04/21 13:13,0:05,Webサイト（Webスクレイパー支援ツール (記録＆解析)）の閲覧・調査
2026/04/21 13:13,2026/04/21 13:13,0:05,Antigravityを用いた「システム開発・改善」の開発・相談
2026/04/21 13:13,2026/04/21 13:13,0:05,Webサイト（test.bat - メモ帳）の閲覧・調査 / Webサイト（起動しています - Excel）の閲覧・調査
2026/04/21 13:13,2026/04/21 13:13,0:05,Excelファイル（elements_list.xlsx）の入力・編集
2026/04/21 13:14,2026/04/21 13:15,0:05,Webサイト（context.json - メモ帳）の閲覧・調査 / Webサイト（step5_target.png）の閲覧・調査 / Webサイト（デスクトップ\Web解析結果_20260421_130913\ai_prompt_context.md - サクラエディタ32bit 2.4.2.6048）の閲覧・調査 / Webサイト（起動しています - Excel）の閲覧・調査
2026/04/21 13:15,2026/04/21 13:15,0:05,Antigravityを用いた「システム開発・改善」の開発・相談 / Excel
2026/04/21 13:19,2026/04/21 13:21,0:05,Webサイト（Gemini）の閲覧・調査 / Webサイト（ToDo リスト）の閲覧・調査 / Webサイト（gigafile.nu）の閲覧・調査 / Webサイト（tasks.google.com/tasks/?utm_source=OGB&utm_medium=app）の閲覧・調査 / Webサイト（ギガファイル便 - Google 検索）の閲覧・調査 / Webサイト（社内SEの仕事な...
2026/04/21 13:21,2026/04/21 13:21,0:05,Antigravityを用いた「システム開発・改善」の開発・相談
2026/04/21 13:21,2026/04/21 13:22,0:05,Webサイト（Gemini）の閲覧・調査 / Webサイト（firestorage.jp）の閲覧・調査 / Webサイト（gigafile.nu）の閲覧・調査 / Webサイト（iLovePDF | PDFファンのためのオンラインツール）の閲覧・調査 / Webサイト（ilovepdf - Google 検索）の閲覧・調査 / Webサイト（ilovepdf.com/ja）の閲覧・調査 / ...
2026/04/21 13:22,2026/04/21 13:22,0:05,Antigravityを用いた「システム開発・改善」の開発・相談
2026/04/21 13:22,2026/04/21 13:22,0:05,Excelファイル（elements_list.xlsx）の入力・編集
2026/04/21 13:22,2026/04/21 13:22,0:05,Antigravityを用いた「システム開発・改善」の開発・相談
2026/04/21 13:22,2026/04/21 13:22,0:05,Webサイト（test.bat - メモ帳）の閲覧・調査
2026/04/21 13:22,2026/04/21 13:22,0:05,Antigravityを用いた「システム開発・改善」の開発・相談
2026/04/21 13:22,2026/04/21 13:22,0:05,Antigravityを用いた「システム開発・改善」の開発・相談 / Excel
2026/04/21 13:22,2026/04/21 13:23,0:05,Webサイト（Gemini）の閲覧・調査 / Webサイト（Google - プロファイル 1 - Microsoft? Edge）の閲覧・調査 / Webサイト（Webスクレイパー支援ツール (記録＆解析)）の閲覧・調査 / Webサイト（about:blank - プロファイル 1 - Microsoft? Edge）の閲覧・調査
2026/04/21 13:23,2026/04/21 13:23,0:05,サイボウズ（トップページ - サイボウズ Office）での情報確認・処理
2026/04/21 13:23,2026/04/21 13:23,0:05,Webサイト（Google - プロファイル 1 - Microsoft? Edge）の閲覧・調査 / Webサイト（Webスクレイパー支援ツール (記録＆解析)）の閲覧・調査
2026/04/21 13:23,2026/04/21 13:23,0:05,サイボウズ（forestway.cybozu.com/o/ - プロファイル 1 - Microsoft? Edge）での情報確認・処理
2026/04/21 13:23,2026/04/21 13:23,0:05,Webサイト（Webスクレイパー支援ツール (記録＆解析)）の閲覧・調査
2026/04/21 13:23,2026/04/21 13:23,0:05,サイボウズ（トップページ - サイボウズ Office - プロファイル 1 - Microsoft? Edge）での情報確認・処理 / サイボウズ（メール - サイボウズ Office - プロファイル 1 - Microsoft? Edge）での情報確認・処理
2026/04/21 13:23,2026/04/21 13:23,0:05,Webサイト（Webスクレイパー支援ツール (記録＆解析)）の閲覧・調査
2026/04/21 13:24,2026/04/21 13:24,0:05,サイボウズ（メール - サイボウズ Office - プロファイル 1 - Microsoft? Edge）での情報確認・処理
2026/04/21 13:24,2026/04/21 13:24,0:05,Webサイト（Webスクレイパー支援ツール (記録＆解析)）の閲覧・調査
2026/04/21 13:24,2026/04/21 13:24,0:05,サイボウズ（メール - サイボウズ Office - プロファイル 1 - Microsoft? Edge）での情報確認・処理
2026/04/21 13:24,2026/04/21 13:24,0:05,Webサイト（Webスクレイパー支援ツール (記録＆解析)）の閲覧・調査
2026/04/21 13:24,2026/04/21 13:24,0:05,サイボウズ（メール - サイボウズ Office - プロファイル 1 - Microsoft? Edge）での情報確認・処理
2026/04/21 13:24,2026/04/21 13:24,0:05,Webサイト（Webスクレイパー支援ツール (記録＆解析)）の閲覧・調査
2026/04/21 13:24,2026/04/21 13:24,0:05,サイボウズ（メール - サイボウズ Office - プロファイル 1 - Microsoft? Edge）での情報確認・処理
2026/04/21 13:24,2026/04/21 13:24,0:05,Webサイト（Webスクレイパー支援ツール (記録＆解析)）の閲覧・調査
2026/04/21 13:25,2026/04/21 13:25,0:05,サイボウズ（メール - サイボウズ Office - プロファイル 1 - Microsoft? Edge）での情報確認・処理
2026/04/21 13:25,2026/04/21 13:25,0:05,Webサイト（Webスクレイパー支援ツール (記録＆解析)）の閲覧・調査
2026/04/21 13:25,2026/04/21 13:25,0:05,サイボウズ（メール - サイボウズ Office - プロファイル 1 - Microsoft? Edge）での情報確認・処理
2026/04/21 13:25,2026/04/21 13:25,0:05,Webサイト（Webスクレイパー支援ツール (記録＆解析)）の閲覧・調査
2026/04/21 13:25,2026/04/21 13:25,0:05,サイボウズ（メール - サイボウズ Office - プロファイル 1 - Microsoft? Edge）での情報確認・処理
2026/04/21 13:26,2026/04/21 13:26,0:05,Webサイト（Webスクレイパー支援ツール (記録＆解析)）の閲覧・調査
2026/04/21 13:26,2026/04/21 13:26,0:05,サイボウズ（メール - サイボウズ Office - プロファイル 1 - Microsoft? Edge）での情報確認・処理
2026/04/21 13:26,2026/04/21 13:26,0:05,Webサイト（Webスクレイパー支援ツール (記録＆解析)）の閲覧・調査
2026/04/21 13:26,2026/04/21 13:26,0:05,Excel / Excelファイル（elements_list.xlsx）の入力・編集 / 出力完了
2026/04/21 13:27,2026/04/21 13:27,0:05,Antigravityを用いた「システム開発・改善」の開発・相談
2026/04/21 13:27,2026/04/21 13:28,0:05,Webサイト（Gemini）の閲覧・調査 / Webサイト（Google Gemini）の閲覧・調査 / Webサイト（Webスクレイパー支援ツール (記録＆解析)）の閲覧・調査 / 出力完了
2026/04/21 13:29,2026/04/21 13:29,0:05,Antigravityを用いた「システム開発・改善」の開発・相談
2026/04/21 13:30,2026/04/21 13:30,0:05,Webサイト（デスクトップ\Web解析結果_20260421_132257\ai_prompt_context.md - サクラエディタ32bit 2.4.2.6048）の閲覧・調査
2026/04/21 13:30,2026/04/21 13:30,0:05,Antigravityを用いた「システム開発・改善」の開発・相談
2026/04/21 13:30,2026/04/21 13:37,0:06,Webサイト（Downdetector - リアルタイムのサービス問題と障害を確認 - JP）の閲覧・調査 / Webサイト（Gemini）の閲覧・調査 / Webサイト（Google Chrome）の閲覧・調査 / Webサイト（Google Gemini）の閲覧・調査 / Webサイト（Google）の閲覧・調査 / Webサイト（Web要素抽出ツールとスクレイピング - Google ...
2026/04/21 13:47,2026/04/21 13:47,0:05,サイボウズ（トップページ - サイボウズ Office）での情報確認・処理 / サイボウズ（ワークフロー（最新一覧） - サイボウズ Office）での情報確認・処理 / サイボウズ（ワークフロー（送信一覧） - サイボウズ Office）での情報確認・処理 / サイボウズ（個人フォルダ - サイボウズ Office）での情報確認・処理 / サイボウズ（申請データの詳細 - サイボウズ Of...
2026/04/21 13:47,2026/04/21 13:47,0:05,Webサイト（Web要素抽出ツールとスクレイピング - Google Gemini）の閲覧・調査
2026/04/21 13:48,2026/04/21 13:48,0:05,Antigravityを用いた「システム開発・改善」の開発・相談
2026/04/21 13:50,2026/04/21 13:50,0:05,Webサイト（Web要素抽出ツールとスクレイピング - Google Gemini）の閲覧・調査
2026/04/21 13:52,2026/04/21 13:52,0:05,Antigravityを用いた「システム開発・改善」の開発・相談
2026/04/21 13:52,2026/04/21 13:52,0:05,Webサイト（Web要素抽出ツールとスクレイピング - Google Gemini）の閲覧・調査
2026/04/21 13:53,2026/04/21 13:53,0:05,Antigravityを用いた「システム開発・改善」の開発・相談
2026/04/21 13:53,2026/04/21 13:53,0:05,Webサイト（Web要素抽出ツールとスクレイピング - Google Gemini）の閲覧・調査
2026/04/21 13:53,2026/04/21 13:53,0:05,Antigravityを用いた「システム開発・改善」の開発・相談
2026/04/21 13:53,2026/04/21 13:53,0:05,Webサイト（Web要素抽出ツールとスクレイピング - Google Gemini）の閲覧・調査
2026/04/21 13:55,2026/04/21 13:55,0:05,Antigravityを用いた「システム開発・改善」の開発・相談
2026/04/21 13:55,2026/04/21 13:55,0:05,Webサイト（Web要素抽出ツールとスクレイピング - Google Gemini）の閲覧・調査
2026/04/21 13:56,2026/04/21 13:56,0:05,Antigravityを用いた「システム開発・改善」の開発・相談
2026/04/21 13:56,2026/04/21 13:56,0:05,Webサイト（Web要素抽出ツールとスクレイピング - Google Gemini）の閲覧・調査
2026/04/21 13:56,2026/04/21 13:56,0:05,Antigravityを用いた「システム開発・改善」の開発・相談
2026/04/21 13:57,2026/04/21 13:57,0:05,Webサイト（Web要素抽出ツールとスクレイピング - Google Gemini）の閲覧・調査
2026/04/21 13:57,2026/04/21 13:57,0:05,Antigravityを用いた「システム開発・改善」の開発・相談
2026/04/21 13:59,2026/04/21 13:59,0:05,Webサイト（Web要素抽出ツールとスクレイピング - Google Gemini）の閲覧・調査
2026/04/21 13:59,2026/04/21 13:59,0:05,Antigravityを用いた「システム開発・改善」の開発・相談
2026/04/21 13:59,2026/04/21 13:59,0:05,Webサイト（Web要素抽出ツールとスクレイピング - Google Gemini）の閲覧・調査
2026/04/21 14:00,2026/04/21 14:00,0:05,Antigravityを用いた「システム開発・改善」の開発・相談
2026/04/21 14:00,2026/04/21 14:00,0:05,Webサイト（Web要素抽出ツールとスクレイピング - Google Gemini）の閲覧・調査
2026/04/21 14:00,2026/04/21 14:00,0:05,Antigravityを用いた「システム開発・改善」の開発・相談
2026/04/21 14:00,2026/04/21 14:00,0:05,Webサイト（Web要素抽出ツールとスクレイピング - Google Gemini）の閲覧・調査
2026/04/21 14:00,2026/04/21 14:00,0:05,Antigravityを用いた「システム開発・改善」の開発・相談
2026/04/21 14:09,2026/04/21 14:09,0:05,Webサイト（Web要素抽出ツールとスクレイピング - Google Gemini）の閲覧・調査
2026/04/21 14:09,2026/04/21 14:09,0:05,Antigravityを用いた「システム開発・改善」の開発・相談
2026/04/21 14:10,2026/04/21 14:10,0:05,Webサイト（Web要素抽出ツールとスクレイピング - Google Gemini）の閲覧・調査
2026/04/21 14:11,2026/04/21 14:11,0:05,Antigravityを用いた「システム開発・改善」の開発・相談
2026/04/21 14:12,2026/04/21 14:12,0:05,Webサイト（Web要素抽出ツールとスクレイピング - Google Gemini）の閲覧・調査
2026/04/21 14:12,2026/04/21 14:12,0:05,Antigravityを用いた「システム開発・改善」の開発・相談
2026/04/21 14:19,2026/04/21 14:19,0:05,Webサイト（Web要素抽出ツールとスクレイピング - Google Gemini）の閲覧・調査
2026/04/21 14:21,2026/04/21 14:21,0:05,Antigravityを用いた「システム開発・改善」の開発・相談
2026/04/21 14:22,2026/04/21 14:23,0:05,Webサイト（Google - プロファイル 1 - Microsoft? Edge）の閲覧・調査 / Webサイト（Webスクレイパー支援ツール (記録＆解析)）の閲覧・調査 / Webサイト（Web要素抽出ツールとスクレイピング - Google Gemini）の閲覧・調査 / Webサイト（about:blank - プロファイル 1 - Microsoft? Edge）の閲覧・調査
2026/04/21 14:23,2026/04/21 14:23,0:05,サイボウズ（申請データの詳細 - サイボウズ Office）での情報確認・処理
2026/04/21 14:23,2026/04/21 14:23,0:05,Webサイト（Google - プロファイル 1 - Microsoft? Edge）の閲覧・調査
2026/04/21 14:23,2026/04/21 14:24,0:05,サイボウズ（forestway.cybozu.com/o/ag.cgi?page=WorkFlowView&wid=286620&fid=&view=sent&cp=ws&sp=&tp= - プロファイル 1 - Microsoft? Edge）での情報確認・処理 / サイボウズ（申請データの詳細 - サイボウズ Office - プロファイル 1 - Microsoft? Edge）での情...
2026/04/21 14:24,2026/04/21 14:24,0:05,Webサイト（Webスクレイパー支援ツール (記録＆解析)）の閲覧・調査
2026/04/21 14:24,2026/04/21 14:24,0:05,サイボウズ（メール - サイボウズ Office - プロファイル 1 - Microsoft? Edge）での情報確認・処理 / サイボウズ（申請データの詳細 - サイボウズ Office - プロファイル 1 - Microsoft? Edge）での情報確認・処理
2026/04/21 14:24,2026/04/21 14:24,0:05,Webサイト（Webスクレイパー支援ツール (記録＆解析)）の閲覧・調査
2026/04/21 14:24,2026/04/21 14:24,0:05,Antigravityを用いた「システム開発・改善」の開発・相談 / データなし
2026/04/21 14:25,2026/04/21 14:25,0:05,Webサイト（Web要素抽出ツールとスクレイピング - Google Gemini）の閲覧・調査
2026/04/21 14:26,2026/04/21 14:27,0:05,Antigravityを用いた「システム開発・改善」の開発・相談
2026/04/21 14:27,2026/04/21 14:27,0:05,Webサイト（Google - プロファイル 1 - Microsoft? Edge）の閲覧・調査 / Webサイト（Webスクレイパー支援ツール (記録＆解析)）の閲覧・調査 / Webサイト（about:blank - プロファイル 1 - Microsoft? Edge）の閲覧・調査
2026/04/21 14:27,2026/04/21 14:27,0:05,サイボウズ（申請データの詳細 - サイボウズ Office）での情報確認・処理
2026/04/21 14:27,2026/04/21 14:27,0:05,Webサイト（Google - プロファイル 1 - Microsoft? Edge）の閲覧・調査 / Webサイト（www.google.comhttps - プロファイル 1 - Microsoft? Edge）の閲覧・調査
2026/04/21 14:27,2026/04/21 14:27,0:05,サイボウズ（申請データの詳細 - サイボウズ Office）での情報確認・処理
2026/04/21 14:27,2026/04/21 14:27,0:05,Webサイト（www.google.comhttps - プロファイル 1 - Microsoft? Edge）の閲覧・調査
2026/04/21 14:27,2026/04/21 14:27,0:05,Antigravityを用いた「システム開発・改善」の開発・相談
2026/04/21 14:30,2026/04/21 14:30,0:05,Webサイト（Web要素抽出ツールとスクレイピング - Google Gemini）の閲覧・調査
2026/04/21 14:32,2026/04/21 14:32,0:05,Antigravityを用いた「システム開発・改善」の開発・相談
2026/04/21 14:33,2026/04/21 14:33,0:05,Webサイト（Google Chrome）の閲覧・調査 / Webサイト（Webスクレイパー支援ツール (記録＆解析)）の閲覧・調査
2026/04/21 14:33,2026/04/21 14:33,0:05,"メール（フォーレスト株式会社 メール）の閲覧・作成 / メール（受信トレイ (13,088)）の閲覧・作成"
2026/04/21 14:33,2026/04/21 14:33,0:05,サイボウズ（forestway.cybozu.com/o/ag.cgi?page=MyFolderIndex）での情報確認・処理 / サイボウズ（メッセージの詳細 - サイボウズ Office）での情報確認・処理 / サイボウズ（個人フォルダ - サイボウズ Office）での情報確認・処理 / サイボウズ（申請データの詳細 - サイボウズ Office）での情報確認・処理
2026/04/21 14:34,2026/04/21 14:35,0:05,Webサイト（Authorization Status）の閲覧・調査 / Webサイト（Authorization needed および他 1 ページ）の閲覧・調査 / Webサイト（Authorization needed）の閲覧・調査 / Webサイト（ようこそ および他 1 ページ）の閲覧・調査 / Webサイト（社内専用PDF編集ツール および他 1 ページ）の閲覧・調査 / Web...
2026/04/21 14:35,2026/04/21 14:47,0:12,PDF24 / Webサイト（PDF24 Toolbox - PDF 結合）の閲覧・調査 / Webサイト（PDF24 Toolbox）の閲覧・調査 / Webサイト（社内専用PDF編集ツール および他 1 ページ）の閲覧・調査
2026/04/21 14:47,2026/04/21 14:47,0:05,サイボウズ（メッセージの詳細 - サイボウズ Office）での情報確認・処理
2026/04/21 14:48,2026/04/21 14:48,0:05,Webサイト（PDF24 Toolbox - PDF 結合）の閲覧・調査 / Webサイト（www.google.comhttps - プロファイル 1 - Microsoft? Edge）の閲覧・調査
2026/04/21 14:48,2026/04/21 14:48,0:05,Antigravityを用いた「システム開発・改善」の開発・相談
2026/04/21 14:49,2026/04/21 14:49,0:05,Webサイト（PDF24 Toolbox - PDF 結合）の閲覧・調査
2026/04/21 14:49,2026/04/21 14:51,0:05,Antigravityを用いた「システム開発・改善」の開発・相談
2026/04/21 14:51,2026/04/21 14:55,0:05,Webサイト（about:blank - プロファイル 1 - Microsoft? Edge）の閲覧・調査 / Webサイト（完全自走型スパイダーエンジン (Autonomous Site Mapper)）の閲覧・調査
2026/04/21 14:56,2026/04/21 14:56,0:05,サイボウズ（トップページ - サイボウズ Office）での情報確認・処理 / サイボウズ（メッセージの詳細 - サイボウズ Office）での情報確認・処理 / サイボウズ（メール - サイボウズ Office）での情報確認・処理
2026/04/21 14:56,2026/04/21 14:56,0:05,Webサイト（about:blank - プロファイル 1 - Microsoft? Edge）の閲覧・調査
2026/04/21 14:56,2026/04/21 14:56,0:05,サイボウズ（forestway.cybozu.com/o/ag.cgi?page=MailIndex - プロファイル 1 - Microsoft? Edge）での情報確認・処理 / サイボウズ（メール - サイボウズ Office - プロファイル 1 - Microsoft? Edge）での情報確認・処理
2026/04/21 14:56,2026/04/21 14:56,0:05,Webサイト（完全自走型スパイダーエンジン (Autonomous Site Mapper)）の閲覧・調査
2026/04/21 14:56,2026/04/21 14:56,0:05,Antigravityを用いた「システム開発・改善」の開発・相談
2026/04/21 14:57,2026/04/21 14:57,0:05,Webサイト（完全自走型スパイダーエンジン (Autonomous Site Mapper)）の閲覧・調査
2026/04/21 14:57,2026/04/21 14:57,0:05,Antigravityを用いた「システム開発・改善」の開発・相談
2026/04/21 14:57,2026/04/21 14:57,0:05,サイボウズ（スケジュール（グループ週表示） - サイボウズ Office）での情報確認・処理 / サイボウズ（メール - サイボウズ Office）での情報確認・処理
2026/04/21 14:57,2026/04/21 14:57,0:05,Antigravityを用いた「システム開発・改善」の開発・相談
2026/04/21 14:57,2026/04/21 14:57,0:05,Webサイト（完全自走型スパイダーエンジン (Autonomous Site Mapper)）の閲覧・調査
2026/04/21 14:58,2026/04/21 14:58,0:05,Antigravityを用いた「システム開発・改善」の開発・相談
2026/04/21 15:04,2026/04/21 15:04,0:05,Webサイト（about:blank - プロファイル 1 - Microsoft? Edge）の閲覧・調査 / Webサイト（完全自走型スパイダーエンジン (Autonomous Site Mapper)）の閲覧・調査
2026/04/21 15:04,2026/04/21 15:04,0:05,サイボウズ（スケジュール（グループ週表示） - サイボウズ Office）での情報確認・処理
2026/04/21 15:05,2026/04/21 15:05,0:05,Webサイト（about:blank - プロファイル 1 - Microsoft? Edge）の閲覧・調査
2026/04/21 15:05,2026/04/21 15:05,0:05,サイボウズ（forestway.cybozu.com/o/ag.cgi?page=ScheduleIndex&gid=fh - プロファイル 1 - Microsoft? Edge）での情報確認・処理 / サイボウズ（スケジュール（グループ週表示） - サイボウズ Office - プロファイル 1 - Microsoft? Edge）での情報確認・処理 / サイボウズ（メール - サイボウ...
2026/04/21 15:05,2026/04/21 15:05,0:05,Webサイト（完全自走型スパイダーエンジン (Autonomous Site Mapper)）の閲覧・調査
2026/04/21 15:05,2026/04/21 15:05,0:05,サイボウズ（メール - サイボウズ Office - プロファイル 1 - Microsoft? Edge）での情報確認・処理
2026/04/21 15:05,2026/04/21 15:05,0:05,Webサイト（完全自走型スパイダーエンジン (Autonomous Site Mapper)）の閲覧・調査
2026/04/21 15:05,2026/04/21 15:05,0:05,サイボウズ（メール - サイボウズ Office - プロファイル 1 - Microsoft? Edge）での情報確認・処理
2026/04/21 15:05,2026/04/21 15:06,0:05,Webサイト（about:blank - プロファイル 1 - Microsoft? Edge）の閲覧・調査 / Webサイト（完全自走型スパイダーエンジン (Autonomous Site Mapper)）の閲覧・調査
2026/04/21 15:06,2026/04/21 15:06,0:05,サイボウズ（スケジュール（グループ週表示） - サイボウズ Office）での情報確認・処理
2026/04/21 15:06,2026/04/21 15:06,0:05,Webサイト（about:blank - プロファイル 1 - Microsoft? Edge）の閲覧・調査
2026/04/21 15:06,2026/04/21 15:06,0:05,サイボウズ（forestway.cybozu.com/o/ag.cgi?page=ScheduleIndex&gid=fh - プロファイル 1 - Microsoft? Edge）での情報確認・処理 / サイボウズ（スケジュール（グループ週表示） - サイボウズ Office - プロファイル 1 - Microsoft? Edge）での情報確認・処理 / サイボウズ（メール - サイボウ...
2026/04/21 15:06,2026/04/21 15:06,0:05,Webサイト（完全自走型スパイダーエンジン (Autonomous Site Mapper)）の閲覧・調査
2026/04/21 15:07,2026/04/21 15:07,0:05,Antigravityを用いた「システム開発・改善」の開発・相談
2026/04/21 15:07,2026/04/21 15:07,0:05,Webサイト（Web要素抽出ツールとスクレイピング - Google Gemini）の閲覧・調査
2026/04/21 15:11,2026/04/21 15:11,0:05,Antigravityを用いた「システム開発・改善」の開発・相談
2026/04/21 15:12,2026/04/21 15:14,0:05,Webサイト（GeminiAPIを無料で使う 回数制限なし - Google 検索）の閲覧・調査 / Webサイト（Google AI Studioで「API Key」を無料で発行 - Google 検索）の閲覧・調査 / Webサイト（Web要素抽出ツールとスクレイピング - Google Gemini）の閲覧・調査 / Webサイト（【2026年3月最新】Geminiは無制限に使えるの？...
2026/04/21 15:14,2026/04/21 15:16,0:05,Webサイト（Gemini APIで学習させない設定方法｜企業のセキュリティ対策とオプトアウト設定手順 - AI経営総合研究所）の閲覧・調査 / Webサイト（Google AI Studioで「API Key」を無料で発行 - Google 検索）の閲覧・調査 / 翻訳済み
2026/04/21 15:17,2026/04/21 15:17,0:05,Antigravityを用いた「システム開発・改善」の開発・相談
2026/04/21 15:17,2026/04/21 15:17,0:05,Webサイト（Google - プロファイル 1 - Microsoft? Edge）の閲覧・調査 / Webサイト（about:blank - プロファイル 1 - Microsoft? Edge）の閲覧・調査 / Webサイト（完全自走型スパイダーエンジン (Autonomous Site Mapper)）の閲覧・調査
2026/04/21 15:17,2026/04/21 15:17,0:05,サイボウズ（スケジュール（グループ週表示） - サイボウズ Office）での情報確認・処理
2026/04/21 15:17,2026/04/21 15:17,0:05,Webサイト（Google - プロファイル 1 - Microsoft? Edge）の閲覧・調査
2026/04/21 15:17,2026/04/21 15:18,0:05,サイボウズ（forestway.cybozu.com/o/ag.cgi?page=ScheduleIndex&gid=fh - プロファイル 1 - Microsoft? Edge）での情報確認・処理 / サイボウズ（スケジュール（グループ週表示） - サイボウズ Office - プロファイル 1 - Microsoft? Edge）での情報確認・処理 / サイボウズ（メール - サイボウ...
2026/04/21 15:18,2026/04/21 15:18,0:05,Webサイト（完全自走型スパイダーエンジン (Autonomous Site Mapper)）の閲覧・調査
2026/04/21 15:18,2026/04/21 15:18,0:05,サイボウズ（メール - サイボウズ Office - プロファイル 1 - Microsoft? Edge）での情報確認・処理
2026/04/21 15:18,2026/04/21 15:18,0:05,Webサイト（Gemini APIで学習させない設定方法｜企業のセキュリティ対策とオプトアウト設定手順 - AI経営総合研究所）の閲覧・調査 / Webサイト（Web要素抽出ツールとスクレイピング - Google Gemini）の閲覧・調査 / Webサイト（完全自走型スパイダーエンジン (Autonomous Site Mapper)）の閲覧・調査
2026/04/21 15:18,2026/04/21 15:18,0:05,Antigravityを用いた「システム開発・改善」の開発・相談
2026/04/21 15:19,2026/04/21 15:20,0:05,Webサイト（Google - プロファイル 1 - Microsoft? Edge）の閲覧・調査 / Webサイト（about:blank - プロファイル 1 - Microsoft? Edge）の閲覧・調査 / Webサイト（完全自走型スパイダーエンジン (Autonomous Site Mapper)）の閲覧・調査
2026/04/21 15:20,2026/04/21 15:20,0:05,サイボウズ（スケジュール（グループ週表示） - サイボウズ Office）での情報確認・処理
2026/04/21 15:20,2026/04/21 15:20,0:05,Webサイト（Google - プロファイル 1 - Microsoft? Edge）の閲覧・調査
2026/04/21 15:20,2026/04/21 15:20,0:05,サイボウズ（forestway.cybozu.com/o/ag.cgi?page=ScheduleIndex&gid=fh - プロファイル 1 - Microsoft? Edge）での情報確認・処理 / サイボウズ（スケジュール（グループ週表示） - サイボウズ Office - プロファイル 1 - Microsoft? Edge）での情報確認・処理 / サイボウズ（メール - サイボウ...
2026/04/21 15:20,2026/04/21 15:20,0:05,Webサイト（完全自走型スパイダーエンジン (Autonomous Site Mapper)）の閲覧・調査
2026/04/21 15:21,2026/04/21 15:21,0:05,サイボウズ（ユーザー | サイボウズ Office マニュアル - プロファイル 1 - Microsoft? Edge）での情報確認・処理
2026/04/21 15:21,2026/04/21 15:21,0:05,Webサイト（Error 404 (Not Found)!!1 - プロファイル 1 - Microsoft? Edge）の閲覧・調査
2026/04/21 15:21,2026/04/21 15:22,0:05,サイボウズ（kintone（キントーン） | みんな、つくれる。業務アプリがつくれるサイボウズのノーコード・ローコードツール - プロファイル 1 - Microsoft? Edge）での情報確認・処理 / サイボウズ（カスタマーサービス | サイボウズ株式会社 - プロファイル 1 - Microsoft? Edge）での情報確認・処理 / サイボウズ（サイボウズ Office マニュアル...
2026/04/21 15:22,2026/04/21 15:22,0:05,Antigravityを用いた「システム開発・改善」の開発・相談
2026/04/21 15:26,2026/04/21 15:26,0:05,Webサイト（完全自走型スパイダーエンジン (Autonomous Site Mapper)）の閲覧・調査
2026/04/21 15:26,2026/04/21 15:26,0:05,Antigravityを用いた「システム開発・改善」の開発・相談
2026/04/21 15:32,2026/04/21 15:32,0:05,Webサイト（完全自走型スパイダーエンジン (Autonomous Site Mapper)）の閲覧・調査
2026/04/21 15:32,2026/04/21 15:32,0:05,サイボウズ（スケジュール（グループ週表示） - サイボウズ Office）での情報確認・処理
2026/04/21 15:32,2026/04/21 15:32,0:05,Webサイト（Google - プロファイル 1 - Microsoft? Edge）の閲覧・調査 / Webサイト（完全自走型スパイダーエンジン (Autonomous Site Mapper)）の閲覧・調査
2026/04/21 15:32,2026/04/21 15:32,0:05,サイボウズ（forestway.cybozu.com/o/ag.cgi?page=ScheduleIndex&gid=fh - プロファイル 1 - Microsoft? Edge）での情報確認・処理 / サイボウズ（スケジュール（グループ週表示） - サイボウズ Office - プロファイル 1 - Microsoft? Edge）での情報確認・処理 / サイボウズ（メール - サイボウ...
2026/04/21 15:32,2026/04/21 15:33,0:05,Webサイト（Web要素抽出ツールとスクレイピング - Google Gemini）の閲覧・調査 / Webサイト（完全自走型スパイダーエンジン (Autonomous Site Mapper)）の閲覧・調査
2026/04/21 15:33,2026/04/21 15:33,0:05,"メール（受信トレイ (13,115)）の閲覧・作成"
2026/04/21 15:33,2026/04/21 15:33,0:05,Webサイト（Error 404 (Not Found)!!1 - プロファイル 1 - Microsoft? Edge）の閲覧・調査 / Webサイト（freee - プロファイル 1 - Microsoft? Edge）の閲覧・調査 / Webサイト（完全自走型スパイダーエンジン (Autonomous Site Mapper)）の閲覧・調査
2026/04/21 15:33,2026/04/21 15:33,0:05,Webサイト（Google - プロファイル 1 - Microsoft? Edge）の閲覧・調査 / Webサイト（about:blank - プロファイル 1 - Microsoft? Edge）の閲覧・調査 / Webサイト（完全自走型スパイダーエンジン (Autonomous Site Mapper)）の閲覧・調査 / 収集完了
2026/04/21 15:33,2026/04/21 15:33,0:05,サイボウズ（forestway.cybozu.com/o/ag.cgi?page=ScheduleIndex&gid=fh - プロファイル 1 - Microsoft? Edge）での情報確認・処理 / サイボウズ（スケジュール（グループ週表示） - サイボウズ Office - プロファイル 1 - Microsoft? Edge）での情報確認・処理 / サイボウズ（メール - サイボウ...
2026/04/21 15:33,2026/04/21 15:34,0:05,Webサイト（Error 404 (Not Found)!!1 - プロファイル 1 - Microsoft? Edge）の閲覧・調査 / Webサイト（完全自走型スパイダーエンジン (Autonomous Site Mapper)）の閲覧・調査
2026/04/21 15:34,2026/04/21 15:34,0:05,Antigravityを用いた「システム開発・改善」の開発・相談
2026/04/21 15:34,2026/04/21 15:34,0:05,Webサイト（完全自走型スパイダーエンジン (Autonomous Site Mapper)）の閲覧・調査
2026/04/21 15:34,2026/04/21 15:34,0:05,Antigravityを用いた「システム開発・改善」の開発・相談
2026/04/21 15:34,2026/04/21 15:34,0:05,Webサイト（完全自走型スパイダーエンジン (Autonomous Site Mapper)）の閲覧・調査
2026/04/21 15:34,2026/04/21 15:34,0:05,Webサイト（完全自走型スパイダーエンジン (Autonomous Site Mapper)）の閲覧・調査 / 収集完了
2026/04/21 15:34,2026/04/21 15:34,0:05,Antigravityを用いた「システム開発・改善」の開発・相談
2026/04/21 15:36,2026/04/21 15:42,0:05,Webサイト（Google - プロファイル 1 - Microsoft? Edge）の閲覧・調査 / Webサイト（about:blank - プロファイル 1 - Microsoft? Edge）の閲覧・調査 / Webサイト（完全自走型スパイダーエンジン (Autonomous Site Mapper)）の閲覧・調査
2026/04/21 15:42,2026/04/21 15:42,0:05,サイボウズ（スケジュール（グループ週表示） - サイボウズ Office）での情報確認・処理
2026/04/21 15:42,2026/04/21 15:42,0:05,Webサイト（Google - プロファイル 1 - Microsoft? Edge）の閲覧・調査
2026/04/21 15:42,2026/04/21 15:42,0:05,サイボウズ（forestway.cybozu.com/o/ag.cgi?page=ScheduleIndex&gid=fh - プロファイル 1 - Microsoft? Edge）での情報確認・処理 / サイボウズ（スケジュール（グループ週表示） - サイボウズ Office - プロファイル 1 - Microsoft? Edge）での情報確認・処理 / サイボウズ（メール - サイボウ...
2026/04/21 15:42,2026/04/21 15:42,0:05,Webサイト（完全自走型スパイダーエンジン (Autonomous Site Mapper)）の閲覧・調査
2026/04/21 15:43,2026/04/21 15:43,0:05,Antigravityを用いた「システム開発・改善」の開発・相談
2026/04/21 15:43,2026/04/21 15:43,0:05,Webサイト（完全自走型スパイダーエンジン (Autonomous Site Mapper)）の閲覧・調査
2026/04/21 15:43,2026/04/21 15:44,0:05,Antigravityを用いた「システム開発・改善」の開発・相談
2026/04/21 15:44,2026/04/21 15:44,0:05,Webサイト（Google - プロファイル 1 - Microsoft? Edge）の閲覧・調査 / Webサイト（about:blank - プロファイル 1 - Microsoft? Edge）の閲覧・調査 / Webサイト（完全自走型スパイダーエンジン (Autonomous Site Mapper)）の閲覧・調査
2026/04/21 15:44,2026/04/21 15:44,0:05,Antigravityを用いた「システム開発・改善」の開発・相談
2026/04/21 15:45,2026/04/21 15:45,0:05,Webサイト（Google - プロファイル 1 - Microsoft? Edge）の閲覧・調査 / Webサイト（about:blank - プロファイル 1 - Microsoft? Edge）の閲覧・調査 / Webサイト（完全自走型スパイダーエンジン (Autonomous Site Mapper)）の閲覧・調査
2026/04/21 15:45,2026/04/21 15:45,0:05,サイボウズ（スケジュール（グループ週表示） - サイボウズ Office）での情報確認・処理
2026/04/21 15:45,2026/04/21 15:45,0:05,Webサイト（Google - プロファイル 1 - Microsoft? Edge）の閲覧・調査
2026/04/21 15:45,2026/04/21 15:46,0:05,サイボウズ（forestway.cybozu.com/o/ag.cgi?page=ScheduleIndex&gid=fh - プロファイル 1 - Microsoft? Edge）での情報確認・処理 / サイボウズ（スケジュール（グループ週表示） - サイボウズ Office - プロファイル 1 - Microsoft? Edge）での情報確認・処理 / サイボウズ（メール - サイボウ...
2026/04/21 15:46,2026/04/21 15:46,0:05,Webサイト（Windows PowerShell）の閲覧・調査 / Webサイト（もう逃げたい…月収48万円・定年目前の59歳会社員、新NISAの誤算「定期預金のままでよかった」 および他 1 ページ）の閲覧・調査 / Webサイト（完全自走型スパイダーエンジン (Autonomous Site Mapper)）の閲覧・調査
2026/04/21 15:46,2026/04/21 15:46,0:05,サイボウズ（スケジュール（グループ週表示） - サイボウズ Office）での情報確認・処理
2026/04/21 15:46,2026/04/21 15:46,0:05,Webサイト（Google - プロファイル 1 - Microsoft? Edge）の閲覧・調査 / Webサイト（about:blank - プロファイル 1 - Microsoft? Edge）の閲覧・調査 / Webサイト（完全自走型スパイダーエンジン (Autonomous Site Mapper)）の閲覧・調査
2026/04/21 15:46,2026/04/21 15:46,0:05,サイボウズ（forestway.cybozu.com/o/ag.cgi?page=ScheduleIndex&gid=fh - プロファイル 1 - Microsoft? Edge）での情報確認・処理 / サイボウズ（スケジュール（グループ週表示） - サイボウズ Office - プロファイル 1 - Microsoft? Edge）での情報確認・処理 / サイボウズ（メール - サイボウ...
2026/04/21 15:46,2026/04/21 15:46,0:05,Webサイト（完全自走型スパイダーエンジン (Autonomous Site Mapper)）の閲覧・調査
2026/04/21 15:47,2026/04/21 15:47,0:05,Antigravityを用いた「システム開発・改善」の開発・相談
2026/04/21 15:47,2026/04/21 15:47,0:05,Webサイト（Amazon.co.jp: 【整備済み品】 ノートパソコン NEC Versapro VM-9 14インチ フルHD Core i5-1135G7 第11世代 Windows11 Office 搭載 カメラ Wi-Fi6 type-C PC パソコン (SSD:256GB メモリ:16GB) : パソコン・周辺機器 - Comet）の閲覧・調査 / Webサイト（完全自走型スパ...
2026/04/21 15:47,2026/04/21 15:47,0:05,Antigravityを用いた「システム開発・改善」の開発・相談
2026/04/21 15:48,2026/04/21 15:49,0:05,Webサイト（Google - プロファイル 1 - Microsoft? Edge）の閲覧・調査 / Webサイト（about:blank - プロファイル 1 - Microsoft? Edge）の閲覧・調査 / Webサイト（accounts.secure.freee.co.jp/sessions/new?redirect_url=https%3A%2F%2Fp.secure.free...
2026/04/21 15:49,2026/04/21 15:49,0:05,サイボウズ（forestway.cybozu.com/login?redirect=https%3A%2F%2Fforestway.cybozu.com%2F）での情報確認・処理
2026/04/21 15:49,2026/04/21 15:49,0:05,Webサイト（Google - プロファイル 1 - Microsoft? Edge）の閲覧・調査 / Webサイト（www.google.comhttps - プロファイル 1 - Microsoft? Edge）の閲覧・調査 / Webサイト（インフォメーション - プロファイル 1 - Microsoft? Edge）の閲覧・調査
2026/04/21 15:49,2026/04/21 15:49,0:05,サイボウズ（トップページ - サイボウズ Office - プロファイル 1 - Microsoft? Edge）での情報確認・処理 / サイボウズ（メール - サイボウズ Office - プロファイル 1 - Microsoft? Edge）での情報確認・処理
2026/04/21 15:49,2026/04/21 15:49,0:05,Webサイト（完全自走型スパイダーエンジン (Autonomous Site Mapper)）の閲覧・調査
2026/04/21 15:49,2026/04/21 15:49,0:05,Antigravityを用いた「システム開発・改善」の開発・相談
2026/04/21 15:50,2026/04/21 15:50,0:05,Webサイト（完全自走型スパイダーエンジン (Autonomous Site Mapper)）の閲覧・調査
2026/04/21 15:50,2026/04/21 15:50,0:05,Antigravityを用いた「システム開発・改善」の開発・相談
2026/04/21 15:53,2026/04/21 15:53,0:05,Webサイト（完全自走型スパイダーエンジン (Autonomous Site Mapper)）の閲覧・調査
2026/04/21 15:53,2026/04/21 15:53,0:05,Antigravityを用いた「システム開発・改善」の開発・相談
2026/04/21 15:53,2026/04/21 15:54,0:05,Webサイト（Google - Google Chrome for Testing）の閲覧・調査 / Webサイト（about:blank - Google Chrome for Testing）の閲覧・調査 / Webサイト（インフォメーション - Google Chrome for Testing）の閲覧・調査 / Webサイト（完全自走型スパイダーエンジン (Autonomous Si...
2026/04/21 15:54,2026/04/21 15:54,0:05,サイボウズ（トップページ - サイボウズ Office - Google Chrome for Testing）での情報確認・処理 / サイボウズ（メール - サイボウズ Office - Google Chrome for Testing）での情報確認・処理
2026/04/21 15:54,2026/04/21 15:54,0:05,Webサイト（完全自走型スパイダーエンジン (Autonomous Site Mapper)）の閲覧・調査
2026/04/21 15:54,2026/04/21 15:54,0:05,サイボウズ（メール - サイボウズ Office - Google Chrome for Testing）での情報確認・処理
2026/04/21 15:54,2026/04/21 15:54,0:05,Antigravityを用いた「システム開発・改善」の開発・相談
2026/04/21 15:55,2026/04/21 15:55,0:05,Webサイト（完全自走型スパイダーエンジン (Autonomous Site Mapper)）の閲覧・調査
2026/04/21 15:55,2026/04/21 15:55,0:05,Antigravityを用いた「システム開発・改善」の開発・相談
2026/04/21 15:55,2026/04/21 16:05,0:10,Webサイト（Web要素抽出ツールとスクレイピング - Google Gemini）の閲覧・調査 / Webサイト（Windows 資格情報の削除）の閲覧・調査 / Webサイト（コントロール パネル\すべてのコントロール パネル項目\資格情報マネージャー）の閲覧・調査 / Webサイト（フォルダーの削除）の閲覧・調査 / Webサイト（項目が見つかりません）の閲覧・調査
2026/04/21 16:05,2026/04/21 16:05,0:05,0% 完了 / Webサイト（項目が見つかりません）の閲覧・調査
2026/04/21 16:05,2026/04/21 16:06,0:05,0% 完了 / Webサイト（フォルダーの削除）の閲覧・調査 / Webサイト（項目が見つかりません）の閲覧・調査
2026/04/21 16:07,2026/04/21 16:07,0:05,Antigravityを用いた「システム開発・改善」の開発・相談
2026/04/21 16:07,2026/04/21 16:08,0:05,Webサイト（about:blank - プロファイル 1 - Microsoft? Edge）の閲覧・調査 / Webサイト（インフォメーション - プロファイル 1 - Microsoft? Edge）の閲覧・調査 / Webサイト（完全自走型スパイダーエンジン (Autonomous Site Mapper)）の閲覧・調査 / Webサイト（項目が見つかりません）の閲覧・調査
2026/04/21 16:08,2026/04/21 16:09,0:05,サイボウズ（トップページ - サイボウズ Office - プロファイル 1 - Microsoft? Edge）での情報確認・処理 / サイボウズ（メール - サイボウズ Office - プロファイル 1 - Microsoft? Edge）での情報確認・処理
2026/04/21 16:09,2026/04/21 16:09,0:05,Webサイト（コントロール パネル\すべてのコントロール パネル項目\資格情報マネージャー）の閲覧・調査
2026/04/21 16:09,2026/04/21 16:09,0:05,サイボウズ（メール - サイボウズ Office - プロファイル 1 - Microsoft? Edge）での情報確認・処理
2026/04/21 16:09,2026/04/21 16:09,0:05,Webサイト（完全自走型スパイダーエンジン (Autonomous Site Mapper)）の閲覧・調査
2026/04/21 16:09,2026/04/21 16:09,0:05,Webサイト（完全自走型スパイダーエンジン (Autonomous Site Mapper)）の閲覧・調査 / 収集完了
2026/04/21 16:09,2026/04/21 16:09,0:05,Antigravityを用いた「システム開発・改善」の開発・相談
2026/04/21 16:10,2026/04/21 16:11,0:05,Webサイト（about:blank - プロファイル 1 - Microsoft? Edge）の閲覧・調査 / Webサイト（インフォメーション - プロファイル 1 - Microsoft? Edge）の閲覧・調査 / Webサイト（完全自走型スパイダーエンジン (Autonomous Site Mapper)）の閲覧・調査
2026/04/21 16:11,2026/04/21 16:11,0:05,サイボウズ（トップページ - サイボウズ Office - プロファイル 1 - Microsoft? Edge）での情報確認・処理 / サイボウズ（メール - サイボウズ Office - プロファイル 1 - Microsoft? Edge）での情報確認・処理
2026/04/21 16:11,2026/04/21 16:11,0:05,Webサイト（完全自走型スパイダーエンジン (Autonomous Site Mapper)）の閲覧・調査
2026/04/21 16:11,2026/04/21 16:11,0:05,サイボウズ（メール - サイボウズ Office - プロファイル 1 - Microsoft? Edge）での情報確認・処理
2026/04/21 16:11,2026/04/21 16:11,0:05,Webサイト（完全自走型スパイダーエンジン (Autonomous Site Mapper)）の閲覧・調査
2026/04/21 16:11,2026/04/21 16:11,0:05,Antigravityを用いた「システム開発・改善」の開発・相談
2026/04/21 16:13,2026/04/21 16:13,0:05,Webサイト（Web要素抽出ツールとスクレイピング - Google Gemini）の閲覧・調査
2026/04/21 16:14,2026/04/21 16:14,0:05,Antigravityを用いた「システム開発・改善」の開発・相談
2026/04/21 16:15,2026/04/21 16:15,0:05,Webサイト（Google - Google Chrome for Testing）の閲覧・調査 / Webサイト（about:blank - Google Chrome for Testing）の閲覧・調査 / Webサイト（インフォメーション - Google Chrome for Testing）の閲覧・調査 / Webサイト（完全自走型スパイダーエンジン (Autonomous Si...
2026/04/21 16:15,2026/04/21 16:15,0:05,サイボウズ（トップページ - サイボウズ Office - Google Chrome for Testing）での情報確認・処理 / サイボウズ（メール - サイボウズ Office - Google Chrome for Testing）での情報確認・処理
2026/04/21 16:16,2026/04/21 16:16,0:05,Webサイト（完全自走型スパイダーエンジン (Autonomous Site Mapper)）の閲覧・調査
2026/04/21 16:16,2026/04/21 16:16,0:05,サイボウズ（メール - サイボウズ Office - Google Chrome for Testing）での情報確認・処理
2026/04/21 16:16,2026/04/21 16:16,0:05,Webサイト（Web要素抽出ツールとスクレイピング - Google Gemini）の閲覧・調査
2026/04/21 16:16,2026/04/21 16:16,0:05,サイボウズ（メール - サイボウズ Office - Google Chrome for Testing）での情報確認・処理
2026/04/21 16:16,2026/04/21 16:16,0:05,Webサイト（Google - Google Chrome for Testing）の閲覧・調査 / Webサイト（about:blank - Google Chrome for Testing）の閲覧・調査 / Webサイト（インフォメーション - Google Chrome for Testing）の閲覧・調査 / Webサイト（完全自走型スパイダーエンジン (Autonomous Si...
2026/04/21 16:16,2026/04/21 16:16,0:05,サイボウズ（トップページ - サイボウズ Office - Google Chrome for Testing）での情報確認・処理 / サイボウズ（メール - サイボウズ Office - Google Chrome for Testing）での情報確認・処理
2026/04/21 16:16,2026/04/21 16:16,0:05,Webサイト（完全自走型スパイダーエンジン (Autonomous Site Mapper)）の閲覧・調査
2026/04/21 16:16,2026/04/21 16:16,0:05,サイボウズ（メール - サイボウズ Office - Google Chrome for Testing）での情報確認・処理
2026/04/21 16:16,2026/04/21 16:16,0:05,Antigravityを用いた「システム開発・改善」の開発・相談
2026/04/21 16:17,2026/04/21 16:17,0:05,Webサイト（完全自走型スパイダーエンジン (Autonomous Site Mapper)）の閲覧・調査
2026/04/21 16:17,2026/04/21 16:17,0:05,Antigravityを用いた「システム開発・改善」の開発・相談
2026/04/21 16:19,2026/04/21 16:20,0:05,Webサイト（インフォメーション）の閲覧・調査 / Webサイト（完全自走型スパイダーエンジン (Autonomous Site Mapper)）の閲覧・調査 / Webサイト（項目が見つかりません）の閲覧・調査
2026/04/21 16:20,2026/04/21 16:20,0:05,サイボウズ（トップページ - サイボウズ Office）での情報確認・処理 / サイボウズ（メール - サイボウズ Office）での情報確認・処理
2026/04/21 16:20,2026/04/21 16:20,0:05,Webサイト（Google - Google Chrome for Testing）の閲覧・調査
2026/04/21 16:20,2026/04/21 16:20,0:05,サイボウズ（forestway.cybozu.com/o/ag.cgi?page=MailIndex - Google Chrome for Testing）での情報確認・処理 / サイボウズ（メール - サイボウズ Office - Google Chrome for Testing）での情報確認・処理 / サイボウズ（メール - サイボウズ Office）での情報確認・処理
2026/04/21 16:20,2026/04/21 16:21,0:05,Webサイト（Web要素抽出ツールとスクレイピング - Google Gemini）の閲覧・調査 / Webサイト（完全自走型スパイダーエンジン (Autonomous Site Mapper)）の閲覧・調査
2026/04/21 16:21,2026/04/21 16:21,0:05,"メール（受信トレイ (13,121)）の閲覧・作成"
2026/04/21 16:21,2026/04/21 16:21,0:05,Webサイト（完全自走型スパイダーエンジン (Autonomous Site Mapper)）の閲覧・調査
2026/04/21 16:22,2026/04/21 16:22,0:05,サイボウズ（メール - サイボウズ Office）での情報確認・処理
2026/04/21 16:22,2026/04/21 16:22,0:05,Webサイト（完全自走型スパイダーエンジン (Autonomous Site Mapper)）の閲覧・調査
2026/04/21 16:22,2026/04/21 16:22,0:05,サイボウズ（メール - サイボウズ Office）での情報確認・処理
2026/04/21 16:22,2026/04/21 16:22,0:05,Webサイト（完全自走型スパイダーエンジン (Autonomous Site Mapper)）の閲覧・調査
2026/04/21 16:22,2026/04/21 16:22,0:05,Webサイト（Google - Google Chrome for Testing）の閲覧・調査 / Webサイト（about:blank - Google Chrome for Testing）の閲覧・調査 / 収集完了
2026/04/21 16:22,2026/04/21 16:22,0:05,Webサイト（完全自走型スパイダーエンジン (Autonomous Site Mapper)）の閲覧・調査 / 収集完了
2026/04/21 16:22,2026/04/21 16:22,0:05,サイボウズ（メール - サイボウズ Office）での情報確認・処理
2026/04/21 16:22,2026/04/21 16:22,0:05,Antigravityを用いた「システム開発・改善」の開発・相談
2026/04/21 16:22,2026/04/21 16:22,0:05,サイボウズ（メール - サイボウズ Office）での情報確認・処理
2026/04/21 16:23,2026/04/21 16:23,0:05,Webサイト（Google - Google Chrome for Testing）の閲覧・調査 / Webサイト（about:blank - Google Chrome for Testing）の閲覧・調査 / Webサイト（spider_structure_map.json - メモ帳）の閲覧・調査 / Webサイト（test.bat - メモ帳）の閲覧・調査 / Webサイト（完全自走...
2026/04/21 16:23,2026/04/21 16:23,0:05,サイボウズ（メール - サイボウズ Office）での情報確認・処理
2026/04/21 16:23,2026/04/21 16:23,0:05,Webサイト（Google - Google Chrome for Testing）の閲覧・調査
2026/04/21 16:23,2026/04/21 16:25,0:05,サイボウズ（forestway.cybozu.com/o/ag.cgi?page=MailIndex - Google Chrome for Testing）での情報確認・処理 / サイボウズ（メール - サイボウズ Office - Google Chrome for Testing）での情報確認・処理 / サイボウズ（メール - サイボウズ Office）での情報確認・処理
2026/04/21 16:25,2026/04/21 16:25,0:05,Webサイト（Web要素抽出ツールとスクレイピング - Google Gemini）の閲覧・調査
2026/04/21 16:25,2026/04/21 16:25,0:05,サイボウズ（メール - サイボウズ Office - Google Chrome for Testing）での情報確認・処理
2026/04/21 16:25,2026/04/21 16:25,0:05,Webサイト（完全自走型スパイダーエンジン (Autonomous Site Mapper)）の閲覧・調査
2026/04/21 16:25,2026/04/21 16:25,0:05,Antigravityを用いた「システム開発・改善」の開発・相談
2026/04/21 16:35,2026/04/21 16:35,0:05,Webサイト（完全自走型スパイダーエンジン (Autonomous Site Mapper)）の閲覧・調査
2026/04/21 16:36,2026/04/21 16:36,0:05,Antigravityを用いた「システム開発・改善」の開発・相談
2026/04/21 16:36,2026/04/21 16:36,0:05,Webサイト（Visual Studio Code）の閲覧・調査 / Webサイト（完全自走型スパイダーエンジン (Autonomous Site Mapper)）の閲覧・調査
2026/04/21 16:36,2026/04/21 16:36,0:05,Antigravityを用いた「システム開発・改善」の開発・相談
2026/04/21 16:36,2026/04/21 16:37,0:05,Webサイト（Google - Google Chrome for Testing）の閲覧・調査 / Webサイト（about:blank - Google Chrome for Testing）の閲覧・調査 / Webサイト（完全自走型スパイダーエンジン (Autonomous Site Mapper)）の閲覧・調査
2026/04/21 16:37,2026/04/21 16:37,0:05,Antigravityを用いた「システム開発・改善」の開発・相談
2026/04/21 16:37,2026/04/21 16:37,0:05,Webサイト（Google - Google Chrome for Testing）の閲覧・調査
2026/04/21 16:37,2026/04/21 16:37,0:05,サイボウズ（forestway.cybozu.com/o/ag.cgi?page=MailIndex - Google Chrome for Testing）での情報確認・処理 / サイボウズ（メール - サイボウズ Office - Google Chrome for Testing）での情報確認・処理
2026/04/21 16:37,2026/04/21 16:37,0:05,Webサイト（完全自走型スパイダーエンジン (Autonomous Site Mapper)）の閲覧・調査
2026/04/21 16:37,2026/04/21 16:37,0:05,Antigravityを用いた「システム開発・改善」の開発・相談
2026/04/21 16:38,2026/04/21 16:38,0:05,Webサイト（完全自走型スパイダーエンジン (Autonomous Site Mapper)）の閲覧・調査
2026/04/21 16:38,2026/04/21 16:38,0:05,Antigravityを用いた「システム開発・改善」の開発・相談
2026/04/21 16:38,2026/04/21 16:38,0:05,Webサイト（Google - Google Chrome for Testing）の閲覧・調査 / Webサイト（about:blank - Google Chrome for Testing）の閲覧・調査 / Webサイト（完全自走型スパイダーエンジン (Autonomous Site Mapper)）の閲覧・調査
2026/04/21 16:38,2026/04/21 16:39,0:05,サイボウズ（forestway.cybozu.com/o/ag.cgi?page=MailIndex - Google Chrome for Testing）での情報確認・処理 / サイボウズ（メール - サイボウズ Office - Google Chrome for Testing）での情報確認・処理
2026/04/21 16:39,2026/04/21 16:39,0:05,Webサイト（完全自走型スパイダーエンジン (Autonomous Site Mapper)）の閲覧・調査
2026/04/21 16:39,2026/04/21 16:39,0:05,Antigravityを用いた「システム開発・改善」の開発・相談
2026/04/21 16:39,2026/04/21 16:40,0:05,Webサイト（Google - Google Chrome for Testing）の閲覧・調査 / Webサイト（about:blank - Google Chrome for Testing）の閲覧・調査 / Webサイト（完全自走型スパイダーエンジン (Autonomous Site Mapper)）の閲覧・調査
2026/04/21 16:40,2026/04/21 16:40,0:05,Antigravityを用いた「システム開発・改善」の開発・相談
2026/04/21 16:40,2026/04/21 16:40,0:05,Webサイト（Google - Google Chrome for Testing）の閲覧・調査
2026/04/21 16:40,2026/04/21 16:40,0:05,サイボウズ（forestway.cybozu.com/o/ag.cgi?page=MailIndex - Google Chrome for Testing）での情報確認・処理 / サイボウズ（メール - サイボウズ Office - Google Chrome for Testing）での情報確認・処理
2026/04/21 16:40,2026/04/21 16:41,0:05,Webサイト（完全自走型スパイダーエンジン (Autonomous Site Mapper)）の閲覧・調査
2026/04/21 16:41,2026/04/21 16:41,0:05,Antigravityを用いた「システム開発・改善」の開発・相談
2026/04/21 16:41,2026/04/21 16:42,0:05,Webサイト（完全自走型スパイダーエンジン (Autonomous Site Mapper)）の閲覧・調査
2026/04/21 16:42,2026/04/21 16:42,0:05,Antigravityを用いた「システム開発・改善」の開発・相談
2026/04/21 16:43,2026/04/21 16:43,0:05,Webサイト（完全自走型スパイダーエンジン (Autonomous Site Mapper)）の閲覧・調査
2026/04/21 16:43,2026/04/21 16:43,0:05,Webサイト（Google - Google Chrome for Testing）の閲覧・調査 / Webサイト（about:blank - Google Chrome for Testing）の閲覧・調査 / 収集完了
2026/04/21 16:43,2026/04/21 16:43,0:05,Webサイト（完全自走型スパイダーエンジン (Autonomous Site Mapper)）の閲覧・調査 / 収集完了
2026/04/21 16:43,2026/04/21 16:43,0:05,Antigravityを用いた「システム開発・改善」の開発・相談
2026/04/21 16:43,2026/04/21 16:43,0:05,Webサイト（Visual Studio Code）の閲覧・調査
2026/04/21 16:44,2026/04/21 16:44,0:05,Antigravityを用いた「システム開発・改善」の開発・相談
2026/04/21 16:45,2026/04/21 16:45,0:05,サイボウズ（forestway.cybozu.com/login?redirect=https%3A%2F%2Fforestway.cybozu.com%2F）での情報確認・処理
2026/04/21 16:45,2026/04/21 16:45,0:05,Webサイト（インフォメーション）の閲覧・調査
2026/04/21 16:45,2026/04/21 16:45,0:05,サイボウズ（トップページ - サイボウズ Office）での情報確認・処理 / サイボウズ（個人フォルダ - サイボウズ Office）での情報確認・処理
2026/04/21 16:45,2026/04/21 16:46,0:05,メール（1.システム部（福岡））の閲覧・作成 / メール（2.システム運営課）の閲覧・作成 / メール（FUJIFILM）の閲覧・作成 / メール（KDDI SMSM通知）の閲覧・作成 / メール（NTTドコモ）の閲覧・作成 / メール（受信トレイ）の閲覧・作成
2026/04/21 16:46,2026/04/21 16:46,0:05,サイボウズ（個人フォルダ - サイボウズ Office）での情報確認・処理
2026/04/21 16:46,2026/04/21 16:46,0:05,Antigravityを用いた「システム開発・改善」の開発・相談
2026/04/21 16:47,2026/04/21 16:47,0:05,Webサイト（PDF24 Toolbox - PDF 結合）の閲覧・調査
2026/04/21 16:47,2026/04/21 16:47,0:05,Antigravityを用いた「システム開発・改善」の開発・相談
2026/04/21 16:48,2026/04/21 16:49,0:05,Webサイト（Google - Google Chrome for Testing）の閲覧・調査 / Webサイト（about:blank - Google Chrome for Testing）の閲覧・調査 / Webサイト（完全自走型スパイダーエンジン (Autonomous Site Mapper)）の閲覧・調査
2026/04/21 16:49,2026/04/21 16:49,0:05,サイボウズ（forestway.cybozu.com/o/ag.cgi?page=MailIndex - Google Chrome for Testing）での情報確認・処理 / サイボウズ（メール - サイボウズ Office - Google Chrome for Testing）での情報確認・処理
2026/04/21 16:49,2026/04/21 16:49,0:05,Webサイト（完全自走型スパイダーエンジン (Autonomous Site Mapper)）の閲覧・調査
2026/04/21 16:49,2026/04/21 16:49,0:05,Antigravityを用いた「システム開発・改善」の開発・相談
2026/04/21 16:49,2026/04/21 16:49,0:05,Webサイト（完全自走型スパイダーエンジン (Autonomous Site Mapper)）の閲覧・調査
2026/04/21 16:49,2026/04/21 16:49,0:05,Antigravityを用いた「システム開発・改善」の開発・相談
2026/04/21 16:50,2026/04/21 16:50,0:05,Webサイト（完全自走型スパイダーエンジン (Autonomous Site Mapper)）の閲覧・調査
2026/04/21 16:50,2026/04/21 16:50,0:05,Antigravityを用いた「システム開発・改善」の開発・相談
2026/04/21 16:50,2026/04/21 16:50,0:05,Webサイト（完全自走型スパイダーエンジン (Autonomous Site Mapper)）の閲覧・調査
2026/04/21 16:50,2026/04/21 16:50,0:05,Antigravityを用いた「システム開発・改善」の開発・相談
2026/04/21 16:50,2026/04/21 16:50,0:05,Webサイト（完全自走型スパイダーエンジン (Autonomous Site Mapper)）の閲覧・調査
2026/04/21 16:50,2026/04/21 16:50,0:05,Antigravityを用いた「システム開発・改善」の開発・相談
2026/04/21 16:52,2026/04/21 16:52,0:05,Webサイト（Webスクレイパー支援ツール (記録＆解析)）の閲覧・調査
2026/04/21 16:52,2026/04/21 16:52,0:05,Antigravityを用いた「システム開発・改善」の開発・相談
2026/04/21 16:52,2026/04/21 16:52,0:05,Webサイト（完全自走型スパイダーエンジン (Autonomous Site Mapper)）の閲覧・調査
2026/04/21 16:52,2026/04/21 16:52,0:05,サイボウズ（個人フォルダ - サイボウズ Office）での情報確認・処理
2026/04/21 16:52,2026/04/21 16:52,0:05,Webサイト（Google - Google Chrome for Testing）の閲覧・調査 / Webサイト（about:blank - Google Chrome for Testing）の閲覧・調査 / Webサイト（完全自走型スパイダーエンジン (Autonomous Site Mapper)）の閲覧・調査
2026/04/21 16:53,2026/04/21 16:53,0:05,サイボウズ（forestway.cybozu.com/o/ag.cgi?page=MyFolderIndex - Google Chrome for Testing）での情報確認・処理 / サイボウズ（メール - サイボウズ Office - Google Chrome for Testing）での情報確認・処理 / サイボウズ（個人フォルダ - サイボウズ Office - Google ...
2026/04/21 16:53,2026/04/21 16:53,0:05,Webサイト（完全自走型スパイダーエンジン (Autonomous Site Mapper)）の閲覧・調査
2026/04/21 16:54,2026/04/21 16:54,0:05,Webサイト（完全自走型スパイダーエンジン (Autonomous Site Mapper)）の閲覧・調査 / 収集完了
2026/04/21 16:54,2026/04/21 16:54,0:05,Antigravityを用いた「システム開発・改善」の開発・相談
2026/04/21 16:54,2026/04/21 16:55,0:05,Webサイト（Visual Studio Code）の閲覧・調査 / Webサイト（test.bat - メモ帳）の閲覧・調査
2026/04/21 16:55,2026/04/21 16:55,0:05,Antigravityを用いた「システム開発・改善」の開発・相談
2026/04/21 16:57,2026/04/21 16:57,0:05,サイボウズ（個人フォルダ - サイボウズ Office）での情報確認・処理
2026/04/21 16:57,2026/04/21 16:57,0:05,Antigravityを用いた「システム開発・改善」の開発・相談
2026/04/21 17:01,2026/04/21 17:01,0:05,Webサイト（完全自走型スパイダーエンジン (Autonomous Site Mapper)）の閲覧・調査
2026/04/21 17:01,2026/04/21 17:01,0:05,サイボウズ（個人フォルダ - サイボウズ Office）での情報確認・処理
2026/04/21 17:01,2026/04/21 17:01,0:05,Webサイト（完全自走型スパイダーエンジン (Autonomous Site Mapper)）の閲覧・調査
2026/04/21 17:01,2026/04/21 17:01,0:05,Antigravityを用いた「システム開発・改善」の開発・相談
2026/04/21 17:01,2026/04/21 17:02,0:05,Webサイト（Google - Google Chrome for Testing）の閲覧・調査 / Webサイト（about:blank - Google Chrome for Testing）の閲覧・調査 / Webサイト（完全自走型スパイダーエンジン (Autonomous Site Mapper)）の閲覧・調査
2026/04/21 17:02,2026/04/21 17:02,0:05,サイボウズ（forestway.cybozu.com/o/ag.cgi?page=MyFolderIndex - Google Chrome for Testing）での情報確認・処理 / サイボウズ（個人フォルダ - サイボウズ Office - Google Chrome for Testing）での情報確認・処理
2026/04/21 17:02,2026/04/21 17:02,0:05,Webサイト（完全自走型スパイダーエンジン (Autonomous Site Mapper)）の閲覧・調査
2026/04/21 17:02,2026/04/21 17:02,0:05,Webサイト（Visual Studio Code）の閲覧・調査 / Webサイト（完全自走型スパイダーエンジン (Autonomous Site Mapper)）の閲覧・調査 / 収集完了
2026/04/21 17:03,2026/04/21 17:03,0:05,Antigravityを用いた「システム開発・改善」の開発・相談
2026/04/21 17:03,2026/04/21 17:03,0:05,Webサイト（Google - Google Chrome for Testing）の閲覧・調査 / Webサイト（about:blank - Google Chrome for Testing）の閲覧・調査 / Webサイト（完全自走型スパイダーエンジン (Autonomous Site Mapper)）の閲覧・調査
2026/04/21 17:03,2026/04/21 17:03,0:05,サイボウズ（個人フォルダ - サイボウズ Office）での情報確認・処理
2026/04/21 17:04,2026/04/21 17:04,0:05,Webサイト（Google - Google Chrome for Testing）の閲覧・調査
2026/04/21 17:04,2026/04/21 17:04,0:05,Antigravityを用いた「システム開発・改善」の開発・相談
2026/04/21 17:04,2026/04/21 17:04,0:05,Webサイト（完全自走型スパイダーエンジン (Autonomous Site Mapper)）の閲覧・調査
2026/04/21 17:04,2026/04/21 17:04,0:05,Antigravityを用いた「システム開発・改善」の開発・相談
2026/04/21 17:04,2026/04/21 17:05,0:05,Webサイト（Google - Google Chrome for Testing）の閲覧・調査 / Webサイト（about:blank - Google Chrome for Testing）の閲覧・調査 / Webサイト（完全自走型スパイダーエンジン (Autonomous Site Mapper)）の閲覧・調査
2026/04/21 17:05,2026/04/21 17:05,0:05,サイボウズ（forestway.cybozu.com/o/ag.cgi?page=MyFolderIndex - Google Chrome for Testing）での情報確認・処理 / サイボウズ（メール - サイボウズ Office - Google Chrome for Testing）での情報確認・処理 / サイボウズ（個人フォルダ - サイボウズ Office - Google ...
2026/04/21 17:05,2026/04/21 17:05,0:05,Webサイト（完全自走型スパイダーエンジン (Autonomous Site Mapper)）の閲覧・調査
2026/04/21 17:07,2026/04/21 17:09,0:05,Webサイト（完全自走型スパイダーエンジン (Autonomous Site Mapper)）の閲覧・調査 / 収集完了
2026/04/21 17:09,2026/04/21 17:09,0:05,Antigravityを用いた「システム開発・改善」の開発・相談
2026/04/21 17:11,2026/04/21 17:11,0:05,Webサイト（spider_structure_map.json - メモ帳）の閲覧・調査
2026/04/21 17:11,2026/04/21 17:11,0:05,Antigravityを用いた「システム開発・改善」の開発・相談
2026/04/21 17:13,2026/04/21 17:13,0:05,Webサイト（完全自走型スパイダーエンジン (Autonomous Site Mapper)）の閲覧・調査
2026/04/21 17:14,2026/04/21 17:14,0:05,Antigravityを用いた「システム開発・改善」の開発・相談
2026/04/21 17:15,2026/04/21 17:15,0:05,Webサイト（Visual Studio Code）の閲覧・調査
2026/04/21 17:15,2026/04/21 17:15,0:05,Antigravityを用いた「システム開発・改善」の開発・相談
2026/04/21 17:18,2026/04/21 17:18,0:05,Webサイト（完全自走型スパイダーエンジン (Autonomous Site Mapper)）の閲覧・調査
2026/04/21 17:18,2026/04/21 17:18,0:05,サイボウズ（個人フォルダ - サイボウズ Office）での情報確認・処理
2026/04/21 17:18,2026/04/21 17:18,0:05,Webサイト（Google - Google Chrome for Testing）の閲覧・調査 / Webサイト（about:blank - Google Chrome for Testing）の閲覧・調査 / Webサイト（完全自走型スパイダーエンジン (Autonomous Site Mapper)）の閲覧・調査
2026/04/21 17:18,2026/04/21 17:18,0:05,サイボウズ（forestway.cybozu.com/o/ag.cgi?page=MyFolderIndex - Google Chrome for Testing）での情報確認・処理 / サイボウズ（メール - サイボウズ Office - Google Chrome for Testing）での情報確認・処理 / サイボウズ（個人フォルダ - サイボウズ Office - Google ...
2026/04/21 17:18,2026/04/21 17:21,0:05,Webサイト（AIにおける次の大きなトレンドは「ダークファクトリー」 | Business Insider Japan）の閲覧・調査 / Webサイト（Google Chrome）の閲覧・調査 / Webサイト（Google）の閲覧・調査 / Webサイト（google.com）の閲覧・調査 / Webサイト（完全自走型スパイダーエンジン (Autonomous Site Mapper)）の...
2026/04/21 17:21,2026/04/21 17:22,0:05,Webサイト（Visual Studio Code）の閲覧・調査 / Webサイト（完全自走型スパイダーエンジン (Autonomous Site Mapper)）の閲覧・調査 / 収集完了
2026/04/21 17:22,2026/04/21 17:22,0:05,Antigravityを用いた「システム開発・改善」の開発・相談
2026/04/21 17:22,2026/04/21 17:22,0:05,Webサイト（AIにおける次の大きなトレンドは「ダークファクトリー」 | Business Insider Japan）の閲覧・調査
2026/04/21 17:23,2026/04/21 17:25,0:05,Antigravityを用いた「システム開発・改善」の開発・相談
2026/04/21 17:25,2026/04/21 17:25,0:05,Webサイト（AIにおける次の大きなトレンドは「ダークファクトリー」 | Business Insider Japan）の閲覧・調査
2026/04/21 17:26,2026/04/21 17:26,0:05,Antigravityを用いた「システム開発・改善」の開発・相談
2026/04/21 17:30,2026/04/21 17:30,0:05,サイボウズ（Cybozu Exporter V6.20 - Final Completion Mode）での情報確認・処理
2026/04/21 17:30,2026/04/21 17:30,0:05,Webサイト（フォルダーの選択）の閲覧・調査
2026/04/21 17:31,2026/04/21 17:31,0:05,サイボウズ（Cybozu Exporter V6.20 - Final Completion Mode）での情報確認・処理
2026/04/21 17:31,2026/04/21 17:31,0:05,"Webサイト（5,872 個の項目 (44.4 MB) の検出...）の閲覧・調査 / Webサイト（7,308 個の項目 (75.3 MB) の検出...）の閲覧・調査 / Webサイト（項目が見つかりません）の閲覧・調査"
2026/04/21 17:31,2026/04/21 17:31,0:05,0% 完了 / 3% 完了 / Webサイト（19% 完了）の閲覧・調査 / Webサイト（20% 完了）の閲覧・調査 / Webサイト（24% 完了）の閲覧・調査 / Webサイト（54% 完了）の閲覧・調査 / Webサイト（65% 完了）の閲覧・調査 / Webサイト（66% 完了）の閲覧・調査
2026/04/21 17:31,2026/04/21 17:31,0:05,サイボウズ（Cybozu Exporter V6.20 - Final Completion Mode）での情報確認・処理
2026/04/21 17:31,2026/04/21 17:31,0:05,Webサイト（フォルダーの選択）の閲覧・調査
2026/04/21 17:31,2026/04/21 17:31,0:05,サイボウズ（Cybozu Exporter V6.20 - Final Completion Mode）での情報確認・処理
2026/04/21 17:31,2026/04/21 17:32,0:05,"Webサイト（data:, - プロファイル 1 - Microsoft? Edge）の閲覧・調査 / Webサイト（インフォメーション - プロファイル 1 - Microsoft? Edge）の閲覧・調査"
2026/04/21 17:32,2026/04/21 17:32,0:05,サイボウズ（Cybozu Exporter V6.20 - Final Completion Mode）での情報確認・処理 / サイボウズ（トップページ - サイボウズ Office - プロファイル 1 - Microsoft? Edge）での情報確認・処理 / サイボウズ（メール - サイボウズ Office - プロファイル 1 - Microsoft? Edge）での情報確認・処理
2026/04/21 17:32,2026/04/21 17:33,0:05,"Webサイト（data:, - プロファイル 1 - Microsoft? Edge）の閲覧・調査 / Webサイト（インフォメーション - プロファイル 1 - Microsoft? Edge）の閲覧・調査"
2026/04/21 17:33,2026/04/21 17:33,0:05,サイボウズ（Cybozu Exporter V6.20 - Final Completion Mode）での情報確認・処理 / サイボウズ（トップページ - サイボウズ Office - プロファイル 1 - Microsoft? Edge）での情報確認・処理 / サイボウズ（メール - サイボウズ Office - プロファイル 1 - Microsoft? Edge）での情報確認・処理
2026/04/21 17:38,2026/04/21 17:38,0:05,Webサイト（インフォメーション）の閲覧・調査
2026/04/21 17:38,2026/04/21 17:40,0:05,サイボウズ（Cybozu Exporter V6.20 - Final Completion Mode）での情報確認・処理 / サイボウズ（トップページ - サイボウズ Office）での情報確認・処理 / サイボウズ（メール - サイボウズ Office）での情報確認・処理
2026/04/21 17:40,2026/04/21 17:40,0:05,Antigravityを用いた「システム開発・改善」の開発・相談
2026/04/21 17:40,2026/04/21 17:41,0:05,Webサイト（Google - Google Chrome for Testing）の閲覧・調査 / Webサイト（Google Search - Google Chrome for Testing）の閲覧・調査 / Webサイト（https://www.google.com/search?q=%E3%82%A4%E3%82%BF%E3%83%AA%E3%82%A2%E8%87%AA%E5%...
2026/04/21 17:41,2026/04/21 17:41,0:05,Webサイト（完全自走型スパイダーエンジン (Autonomous Site Mapper)）の閲覧・調査 / 収集完了
2026/04/21 17:41,2026/04/21 17:42,0:05,サイボウズ（Cybozu Exporter V6.20 - Final Completion Mode）での情報確認・処理 / サイボウズ（メール本文 - サイボウズ Office - プロファイル 1 - Microsoft? Edge）での情報確認・処理
2026/04/21 17:42,2026/04/21 17:42,0:05,Webサイト（Visual Studio Code）の閲覧・調査
2026/04/21 17:42,2026/04/21 17:42,0:05,サイボウズ（Cybozu Exporter V6.20 - Final Completion Mode）での情報確認・処理 / サイボウズ（エラー 14708 - サイボウズ Office - プロファイル 1 - Microsoft? Edge）での情報確認・処理
2026/04/21 17:42,2026/04/21 17:43,0:05,Webサイト（Google - Google Chrome for Testing）の閲覧・調査 / Webサイト（about:blank - Google Chrome for Testing）の閲覧・調査 / Webサイト（イタリア自動車雑貨店 - Google 検索）の閲覧・調査 / Webサイト（イタリア自動車雑貨店 | イタリア車のパーツ、アクセサリーとグッズの公式オンラインショッ...
2026/04/21 17:43,2026/04/21 17:44,0:05,サイボウズ（forestway.cybozu.com/login?redirect=https%3A%2F%2Fforestway.cybozu.com%2F）での情報確認・処理 / サイボウズ（エラー 14708 - サイボウズ Office - プロファイル 1 - Microsoft? Edge）での情報確認・処理
2026/04/21 17:44,2026/04/21 17:44,0:05,Webサイト（インフォメーション）の閲覧・調査
2026/04/21 17:44,2026/04/21 17:45,0:05,サイボウズ（Cybozu Exporter V6.20 - Final Completion Mode）での情報確認・処理 / サイボウズ（トップページ - サイボウズ Office）での情報確認・処理 / サイボウズ（メール - サイボウズ Office）での情報確認・処理 / サイボウズ（メールの詳細 - サイボウズ Office）での情報確認・処理 / サイボウズ（メール本文 - サイ...
2026/04/21 17:45,2026/04/21 17:45,0:05,Antigravityを用いた「システム開発・改善」の開発・相談
2026/04/21 17:45,2026/04/21 17:45,0:05,Webサイト（完全自走型スパイダーエンジン (Autonomous Site Mapper)）の閲覧・調査
2026/04/21 17:45,2026/04/21 17:45,0:05,サイボウズ（個人フォルダ - サイボウズ Office）での情報確認・処理
2026/04/21 17:45,2026/04/21 17:45,0:05,Webサイト（Google - Google Chrome for Testing）の閲覧・調査 / Webサイト（about:blank - Google Chrome for Testing）の閲覧・調査 / Webサイト（完全自走型スパイダーエンジン (Autonomous Site Mapper)）の閲覧・調査
2026/04/21 17:45,2026/04/21 17:45,0:05,サイボウズ（forestway.cybozu.com/o/ag.cgi?page=MyFolderIndex - Google Chrome for Testing）での情報確認・処理 / サイボウズ（メール - サイボウズ Office - Google Chrome for Testing）での情報確認・処理 / サイボウズ（個人フォルダ - サイボウズ Office - Google ...
2026/04/21 17:46,2026/04/21 17:46,0:05,Webサイト（完全自走型スパイダーエンジン (Autonomous Site Mapper)）の閲覧・調査
2026/04/21 17:46,2026/04/21 17:46,0:05,Webサイト（spider_structure_map.json - メモ帳）の閲覧・調査 / Webサイト（完全自走型スパイダーエンジン (Autonomous Site Mapper)）の閲覧・調査 / 収集完了
2026/04/21 17:47,2026/04/21 17:47,0:05,Antigravityを用いた「システム開発・改善」の開発・相談
2026/04/21 17:49,2026/04/21 17:49,0:05,サイボウズ（Cybozu Exporter V6.20 - Final Completion Mode）での情報確認・処理
2026/04/21 17:50,2026/04/21 17:50,0:05,Webサイト（フォルダーの選択）の閲覧・調査
2026/04/21 17:50,2026/04/21 17:50,0:05,サイボウズ（Cybozu Exporter V6.20 - Final Completion Mode）での情報確認・処理
2026/04/21 17:50,2026/04/21 17:50,0:05,"Webサイト（data:, - プロファイル 1 - Microsoft? Edge）の閲覧・調査 / Webサイト（インフォメーション - プロファイル 1 - Microsoft? Edge）の閲覧・調査"
2026/04/21 17:50,2026/04/21 17:51,0:05,サイボウズ（Cybozu Exporter V6.20 - Final Completion Mode）での情報確認・処理 / サイボウズ（トップページ - サイボウズ Office - プロファイル 1 - Microsoft? Edge）での情報確認・処理 / サイボウズ（メール - サイボウズ Office - プロファイル 1 - Microsoft? Edge）での情報確認・処理 ...
2026/04/21 17:51,2026/04/21 17:51,0:05,Antigravityを用いた「システム開発・改善」の開発・相談
2026/04/21 17:51,2026/04/21 17:51,0:05,サイボウズ（Cybozu Exporter V6.20 - Final Completion Mode）での情報確認・処理
2026/04/21 17:51,2026/04/21 17:51,0:05,Antigravityを用いた「システム開発・改善」の開発・相談
2026/04/21 17:51,2026/04/21 17:51,0:05,サイボウズ（Cybozu Exporter V6.20 - Final Completion Mode）での情報確認・処理
2026/04/21 17:51,2026/04/21 17:51,0:05,Webサイト（フォルダーの選択）の閲覧・調査
2026/04/21 17:51,2026/04/21 17:51,0:05,サイボウズ（Cybozu Exporter V6.20 - Final Completion Mode）での情報確認・処理
2026/04/21 17:51,2026/04/21 17:51,0:05,"Webサイト（data:, - プロファイル 1 - Microsoft? Edge）の閲覧・調査 / Webサイト（インフォメーション - プロファイル 1 - Microsoft? Edge）の閲覧・調査"
2026/04/21 17:51,2026/04/21 17:53,0:05,サイボウズ（Cybozu Exporter V6.20 - Final Completion Mode）での情報確認・処理 / サイボウズ（トップページ - サイボウズ Office - プロファイル 1 - Microsoft? Edge）での情報確認・処理 / サイボウズ（メール - サイボウズ Office - プロファイル 1 - Microsoft? Edge）での情報確認・処理 ...
2026/04/21 17:53,2026/04/21 17:53,0:05,Antigravityを用いた「システム開発・改善」の開発・相談
2026/04/21 17:54,2026/04/21 17:54,0:05,サイボウズ（Cybozu Exporter V6.22 - Hybrid Cross-App Mode）での情報確認・処理
2026/04/21 17:55,2026/04/21 17:55,0:05,Antigravityを用いた「システム開発・改善」の開発・相談
2026/04/21 17:55,2026/04/21 17:55,0:05,サイボウズ（Cybozu Exporter V6.22 - Hybrid Cross-App Mode）での情報確認・処理
2026/04/21 17:55,2026/04/21 17:55,0:05,Webサイト（フォルダーの選択）の閲覧・調査
2026/04/21 17:55,2026/04/21 17:55,0:05,サイボウズ（Cybozu Exporter V6.22 - Hybrid Cross-App Mode）での情報確認・処理
2026/04/21 17:55,2026/04/21 17:55,0:05,"Webサイト（data:, - プロファイル 1 - Microsoft? Edge）の閲覧・調査 / Webサイト（インフォメーション - プロファイル 1 - Microsoft? Edge）の閲覧・調査"
2026/04/21 17:55,2026/04/21 18:07,0:11,サイボウズ（Cybozu Exporter V6.22 - Hybrid Cross-App Mode）での情報確認・処理 / サイボウズ（トップページ - サイボウズ Office - プロファイル 1 - Microsoft? Edge）での情報確認・処理 / サイボウズ（メール - サイボウズ Office - プロファイル 1 - Microsoft? Edge）での情報確認・処理 ...
2026/04/21 18:07,2026/04/21 18:07,0:05,Webサイト（インフォメーション）の閲覧・調査
2026/04/21 18:07,2026/04/21 18:07,0:05,サイボウズ（Cybozu Exporter V6.22 - Hybrid Cross-App Mode）での情報確認・処理 / サイボウズ（トップページ - サイボウズ Office）での情報確認・処理 / サイボウズ（メール - サイボウズ Office）での情報確認・処理 / サイボウズ（個人フォルダ - サイボウズ Office）での情報確認・処理
2026/04/21 18:08,2026/04/21 18:08,0:05,Antigravityを用いた「システム開発・改善」の開発・相談
2026/04/21 18:09,2026/04/21 18:09,0:05,サイボウズ（Cybozu Exporter V6.23 - Total Sync Mode）での情報確認・処理
2026/04/22 09:13,2026/04/22 09:13,0:05,Antigravityを用いた「システム開発・改善」の開発・相談
2026/04/22 09:13,2026/04/22 09:15,0:05,サイボウズ（forestway.cybozu.com/o/ag.cgi?page=MyFolderIndex - プロファイル 1 - Microsoft? Edge）での情報確認・処理 / サイボウズ（forestway.cybozu.com/o/ag.cgi?page=MyFolderIndex）での情報確認・処理 / サイボウズ（メッセージの詳細 - サイボウズ Office）での情報...
2026/04/22 09:15,2026/04/22 09:15,0:05,メール（FUJIFILM）の閲覧・作成
2026/04/22 09:15,2026/04/22 09:15,0:05,PDF資料（NW見積書 フォーレスト様向けノートPC_20260415.pdf）の確認
2026/04/22 09:15,2026/04/22 09:15,0:05,メール（Re: 年間スケジュール変更の件）の閲覧・作成 / メール（ノートPCの御見積書送付）の閲覧・作成 / メール（ホーム）の閲覧・作成 / メール（年間スケジュール変更の件）の閲覧・作成
2026/04/22 09:16,2026/04/22 09:16,0:05,サイボウズ（個人フォルダ - サイボウズ Office）での情報確認・処理
2026/04/22 09:16,2026/04/22 09:16,0:05,Webサイト（Bizストレージ ファイルシェア および他 1 ページ）の閲覧・調査 / Webサイト（Bizストレージ ファイルシェア）の閲覧・調査 / Webサイト（rdua001 および他 1 ページ）の閲覧・調査
2026/04/22 09:16,2026/04/22 09:26,0:09,メール（FUJIFILM）の閲覧・作成 / メール（Re: 年間スケジュール変更の件）の閲覧・作成 / メール（ホーム）の閲覧・作成 / メール（受信トレイ）の閲覧・作成 / メール（年間スケジュール変更の件）の閲覧・作成 / メール（樽見）の閲覧・作成
2026/04/22 09:38,2026/04/22 09:38,0:05,サイボウズ（Cybozu Exporter V6.22 - Hybrid Cross-App Mode）での情報確認・処理
2026/04/22 09:38,2026/04/22 09:38,0:05,メール（Re: 年間スケジュール変更の件）の閲覧・作成
2026/04/22 09:38,2026/04/22 09:38,0:05,Antigravityを用いた「システム開発・改善」の開発・相談
2026/04/22 09:38,2026/04/22 09:38,0:05,サイボウズ（Cybozu Exporter V6.23 - Total Sync Mode）での情報確認・処理
2026/04/22 09:38,2026/04/22 09:38,0:05,Webサイト（フォルダーの選択）の閲覧・調査
2026/04/22 09:38,2026/04/22 09:38,0:05,サイボウズ（Cybozu Exporter V6.23 - Total Sync Mode）での情報確認・処理
2026/04/22 09:38,2026/04/22 09:39,0:05,"Webサイト（data:, - プロファイル 1 - Microsoft? Edge）の閲覧・調査 / Webサイト（インフォメーション - プロファイル 1 - Microsoft? Edge）の閲覧・調査"
2026/04/22 09:39,2026/04/22 09:39,0:05,サイボウズ（Cybozu Exporter V6.23 - Total Sync Mode）での情報確認・処理 / サイボウズ（トップページ - サイボウズ Office - プロファイル 1 - Microsoft? Edge）での情報確認・処理 / サイボウズ（メール - サイボウズ Office - プロファイル 1 - Microsoft? Edge）での情報確認・処理
2026/04/22 09:40,2026/04/22 09:40,0:05,Webサイト（インフォメーション）の閲覧・調査
2026/04/22 09:40,2026/04/22 09:41,0:05,サイボウズ（Cybozu Exporter V6.23 - Total Sync Mode）での情報確認・処理 / サイボウズ（トップページ - サイボウズ Office）での情報確認・処理 / サイボウズ（メール - サイボウズ Office）での情報確認・処理
2026/04/22 09:41,2026/04/22 09:41,0:05,Antigravityを用いた「システム開発・改善」の開発・相談
2026/04/22 09:41,2026/04/22 09:41,0:05,サイボウズ（Cybozu Exporter V6.23 - Total Sync Mode）での情報確認・処理
2026/04/22 09:41,2026/04/22 09:41,0:05,Webサイト（test.bat - メモ帳）の閲覧・調査
2026/04/22 09:41,2026/04/22 09:41,0:05,サイボウズ（Cybozu Exporter V6.23 - Total Sync Mode）での情報確認・処理
2026/04/22 09:41,2026/04/22 09:41,0:05,Webサイト（spider_structure_map.json - メモ帳）の閲覧・調査
2026/04/22 09:41,2026/04/22 09:41,0:05,サイボウズ（Cybozu Exporter V6.23 - Total Sync Mode）での情報確認・処理
2026/04/22 09:41,2026/04/22 09:41,0:05,Webサイト（Amazon.co.jp: 【整備済み品】 ノートパソコン NEC Versapro VM-9 14インチ フルHD Core i5-1135G7 第11世代 Windows11 Office 搭載 カメラ Wi-Fi6 type-C PC パソコン (SSD:256GB メモリ:16GB) : パソコン・周辺機器 - Comet）の閲覧・調査
2026/04/22 09:41,2026/04/22 09:42,0:05,サイボウズ（Cybozu Exporter V6.23 - Total Sync Mode）での情報確認・処理
2026/04/22 09:42,2026/04/22 09:42,0:05,メール（Re: 年間スケジュール変更の件）の閲覧・作成
2026/04/22 09:42,2026/04/22 09:42,0:05,サイボウズ（メール本文 - サイボウズ Office - プロファイル 1 - Microsoft? Edge）での情報確認・処理
2026/04/22 09:42,2026/04/22 09:42,0:05,メール（Re: 年間スケジュール変更の件）の閲覧・作成
2026/04/22 09:42,2026/04/22 09:42,0:05,Webサイト（起動しています - Excel）の閲覧・調査
2026/04/22 09:42,2026/04/22 09:42,0:05,Excelファイル（③2025年度下期_行動評価シート（様式②~⑤）.xlsx）の入力・編集
2026/04/22 09:45,2026/04/22 09:45,0:05,サイボウズ（Cybozu Exporter V6.23 - Total Sync Mode）での情報確認・処理
2026/04/22 09:45,2026/04/22 09:45,0:05,Excelファイル（③2025年度下期_行動評価シート（様式②~⑤）.xlsx）の入力・編集
2026/04/22 09:45,2026/04/22 09:45,0:05,Antigravityを用いた「システム開発・改善」の開発・相談
2026/04/22 09:47,2026/04/22 09:47,0:05,メール（Re: 年間スケジュール変更の件）の閲覧・作成
2026/04/22 09:47,2026/04/22 09:47,0:05,Antigravityを用いた「システム開発・改善」の開発・相談
2026/04/22 09:47,2026/04/22 09:47,0:05,メール（Re: 年間スケジュール変更の件）の閲覧・作成
2026/04/22 09:47,2026/04/22 09:47,0:05,Excelファイル（③2025年度下期_行動評価シート（様式②~⑤）.xlsx）の入力・編集
2026/04/22 09:55,2026/04/22 10:05,0:09,Webサイト（192.169.5.5 - リモート デスクトップ接続）の閲覧・調査 / Webサイト（Gemini）の閲覧・調査 / Webサイト（Google Gemini）の閲覧・調査 / Webサイト（gemini.google.com/app?utm_source=app_launcher&utm_medium=owned&utm_campaign=base_all）の閲覧・調査 /...
2026/04/22 10:05,2026/04/22 10:05,0:05,Excelファイル（③2025年度下期_行動評価シート（様式②~⑤）.xlsx）の入力・編集
2026/04/22 10:05,2026/04/22 10:05,0:05,Webサイト（エンジニア人格の再構築と進化 - Google Gemini）の閲覧・調査
2026/04/22 10:06,2026/04/22 10:06,0:05,Excelファイル（③2025年度下期_行動評価シート（様式②~⑤）.xlsx）の入力・編集
2026/04/22 10:07,2026/04/22 10:07,0:05,Webサイト（192.169.5.5 - リモート デスクトップ接続）の閲覧・調査 / Webサイト（エンジニア人格の再構築と進化 - Google Gemini）の閲覧・調査
2026/04/22 10:09,2026/04/22 10:09,0:05,Excelファイル（③2025年度下期_行動評価シート（様式②~⑤）.xlsx）の入力・編集
2026/04/22 10:09,2026/04/22 10:17,0:08,Webサイト（エンジニア人格の再構築と進化 - Google Gemini）の閲覧・調査 / Webサイト（起動しています - Excel）の閲覧・調査
2026/04/22 10:17,2026/04/22 10:17,0:05,Excelファイル（2025年度下期_業績評価シート【3068伊藤健人】 (2).xlsx）の入力・編集
2026/04/22 10:18,2026/04/22 10:18,0:05,Excel / Webサイト（Bizストレージ ファイルシェア および他 1 ページ）の閲覧・調査
2026/04/22 10:18,2026/04/22 10:18,0:05,サイボウズ（forestway.cybozu.com/o/ag.cgi?page=MyFolderIndex および他 1 ページ）での情報確認・処理 / サイボウズ（メッセージの詳細 - サイボウズ Office および他 1 ページ）での情報確認・処理 / サイボウズ（メッセージの詳細 - サイボウズ Office）での情報確認・処理 / サイボウズ（個人フォルダ - サイボウズ Off...
2026/04/22 10:19,2026/04/22 10:19,0:05,Webサイト（コントロール パネル\すべてのコントロール パネル項目\資格情報マネージャー）の閲覧・調査
2026/04/22 10:19,2026/04/22 10:19,0:05,PDF資料（Application_Whitelisting_Strategy.pdf）の確認
2026/04/22 10:20,2026/04/22 10:20,0:05,Webサイト（Creating Notebook...）の閲覧・調査 / Webサイト（Google NotebookLM）の閲覧・調査 / Webサイト（NotebookLM）の閲覧・調査 / Webサイト（Silent Delivery: A Technical Roadmap for Whitelist Implementation - NotebookLM）の閲覧・調査 / Webサ...
2026/04/22 10:22,2026/04/22 10:22,0:05,PDF資料（Application_Whitelisting_Strategy.pdf）の確認
2026/04/22 10:22,2026/04/22 10:23,0:05,Webサイト（192.169.5.5 - リモート デスクトップ接続）の閲覧・調査 / Webサイト（Adobe Acrobat Reader (64-bit)）の閲覧・調査 / Webサイト（hostsファイルでサイトアクセスを制限 - Google Gemini）の閲覧・調査 / Webサイト（リモート デスクトップ接続）の閲覧・調査
2026/04/22 10:27,2026/04/22 10:27,0:05,PDF資料（Application_Whitelisting_Strategy.pdf）の確認
2026/04/22 10:27,2026/04/22 10:27,0:05,Webサイト（hostsファイルでサイトアクセスを制限 - Google Gemini）の閲覧・調査
2026/04/22 10:29,2026/04/22 10:29,0:05,PDF資料（Application_Whitelisting_Strategy.pdf）の確認
2026/04/22 10:29,2026/04/22 10:32,0:05,Webサイト（Acrobat 拡張機能を有効にする）の閲覧・調査 / Webサイト（NotebookLM）の閲覧・調査 / Webサイト（Silent Delivery: A Technical Roadmap for Whitelist Implementation - NotebookLM）の閲覧・調査 / Webサイト（hostsファイルでサイトアクセスを制限 - Google Gem...
2026/04/22 10:32,2026/04/22 10:32,0:05,PDF資料（Application_Whitelisting_Strategy.pdf）の確認
2026/04/22 10:32,2026/04/22 10:34,0:05,Webサイト（Acrobat 拡張機能を有効にする）の閲覧・調査 / Webサイト（NotebookLM）の閲覧・調査 / Webサイト（Silent Delivery: A Technical Roadmap for Whitelist Implementation - NotebookLM）の閲覧・調査 / Webサイト（chrome-extension://efaidnbmnnnibp...
2026/04/22 10:34,2026/04/22 10:34,0:05,Excelファイル（2025年度下期_業績評価シート【3068伊藤健人】 (2).xlsx）の入力・編集
2026/04/22 10:34,2026/04/22 10:34,0:05,サイボウズ（メッセージの詳細 - サイボウズ Office および他 1 ページ）での情報確認・処理 / サイボウズ（メッセージの送信 - サイボウズ Office および他 1 ページ）での情報確認・処理 / サイボウズ（メッセージの送信 - サイボウズ Office）での情報確認・処理 / サイボウズ（個人フォルダ - サイボウズ Office および他 1 ページ）での情報確認・処理 ...
2026/04/22 10:35,2026/04/22 10:35,0:05,Excelファイル（2025年度下期_業績評価シート【3068伊藤健人】 (2).xlsx）の入力・編集
2026/04/22 10:35,2026/04/22 10:35,0:05,Webサイト（NotebookLM）の閲覧・調査 / Webサイト（hostsファイルでサイトアクセスを制限 - Google Gemini）の閲覧・調査 / Webサイト（エンジニア人格の再構築と進化 - Google Gemini）の閲覧・調査
2026/04/22 10:35,2026/04/22 10:35,0:05,Excelファイル（2025年度下期_業績評価シート【3068伊藤健人】 (2).xlsx）の入力・編集
2026/04/22 10:35,2026/04/22 10:35,0:05,Webサイト（エンジニア人格の再構築と進化 - Google Gemini）の閲覧・調査
2026/04/22 10:36,2026/04/22 10:36,0:05,Excelファイル（2025年度下期_業績評価シート【3068伊藤健人】 (2).xlsx）の入力・編集
2026/04/22 10:36,2026/04/22 10:36,0:05,Webサイト（エンジニア人格の再構築と進化 - Google Gemini）の閲覧・調査
2026/04/22 10:36,2026/04/22 10:37,0:05,サイボウズ（メッセージの詳細 - サイボウズ Office および他 1 ページ）での情報確認・処理 / サイボウズ（メッセージの詳細 - サイボウズ Office）での情報確認・処理 / サイボウズ（メッセージの送信 - サイボウズ Office および他 1 ページ）での情報確認・処理 / サイボウズ（個人フォルダ - サイボウズ Office および他 1 ページ）での情報確認・処理 ...
2026/04/22 10:37,2026/04/22 10:37,0:05,Webサイト（NotebookLM）の閲覧・調査 / Webサイト（エンジニア人格の再構築と進化 - Google Gemini）の閲覧・調査
2026/04/22 10:38,2026/04/22 10:38,0:05,サイボウズ（Cybozu Exporter V6.23 - Total Sync Mode）での情報確認・処理
2026/04/22 10:38,2026/04/22 10:38,0:05,Webサイト（NotebookLM）の閲覧・調査
2026/04/22 10:38,2026/04/22 10:38,0:05,Antigravityを用いた「システム開発・改善」の開発・相談
2026/04/22 10:38,2026/04/22 10:38,0:05,サイボウズ（メール - サイボウズ Office）での情報確認・処理
2026/04/22 10:38,2026/04/22 10:38,0:05,Webサイト（ツールの一覧について - Microsoft Edge Developer documentation | Microsoft Learn および他 1 ページ）の閲覧・調査 / Webサイト（ツールの一覧について - Microsoft Edge Developer documentation | Microsoft Learn）の閲覧・調査
2026/04/22 10:38,2026/04/22 10:38,0:05,サイボウズ（メール - サイボウズ Office）での情報確認・処理
2026/04/22 10:40,2026/04/22 10:40,0:05,Antigravityを用いた「システム開発・改善」の開発・相談
2026/04/22 10:41,2026/04/22 10:41,0:05,サイボウズ（メール - サイボウズ Office）での情報確認・処理
2026/04/22 10:41,2026/04/22 10:41,0:05,Antigravityを用いた「システム開発・改善」の開発・相談
2026/04/22 10:41,2026/04/22 10:41,0:05,サイボウズ（メール - サイボウズ Office）での情報確認・処理
2026/04/22 10:41,2026/04/22 10:41,0:05,Antigravityを用いた「システム開発・改善」の開発・相談
2026/04/22 10:42,2026/04/22 10:42,0:05,サイボウズ（メール - サイボウズ Office）での情報確認・処理
2026/04/22 10:42,2026/04/22 10:42,0:05,Antigravityを用いた「システム開発・改善」の開発・相談
2026/04/22 10:42,2026/04/22 10:42,0:05,サイボウズ（メール - サイボウズ Office）での情報確認・処理
2026/04/22 10:42,2026/04/22 10:42,0:05,Antigravityを用いた「システム開発・改善」の開発・相談
2026/04/22 10:43,2026/04/22 10:43,0:05,サイボウズ（メール - サイボウズ Office）での情報確認・処理
2026/04/22 10:43,2026/04/22 10:43,0:05,Antigravityを用いた「システム開発・改善」の開発・相談
2026/04/22 10:43,2026/04/22 10:43,0:05,サイボウズ（メール - サイボウズ Office）での情報確認・処理
2026/04/22 10:43,2026/04/22 10:43,0:05,Antigravityを用いた「システム開発・改善」の開発・相談
2026/04/22 10:43,2026/04/22 10:44,0:05,サイボウズ（view-source:https://forestway.cybozu.com/o/ag.cgi?page=MailView&mEID=62026&cp=el&sp=&tp= および他 1 ページ）での情報確認・処理 / サイボウズ（view-source:https://forestway.cybozu.com/o/ag.cgi?page=MailView&mEID=6202...
2026/04/22 10:44,2026/04/22 10:44,0:05,Antigravityを用いた「システム開発・改善」の開発・相談
2026/04/22 10:45,2026/04/22 10:45,0:05,サイボウズ（Cybozu Exporter V6.24 - Element Targeted Mode）での情報確認・処理
2026/04/22 10:46,2026/04/22 10:46,0:05,Antigravityを用いた「システム開発・改善」の開発・相談
2026/04/22 10:46,2026/04/22 10:46,0:05,サイボウズ（Cybozu Exporter V6.24 - Element Targeted Mode）での情報確認・処理
2026/04/22 10:46,2026/04/22 10:46,0:05,Webサイト（フォルダーの選択）の閲覧・調査
2026/04/22 10:46,2026/04/22 10:46,0:05,サイボウズ（Cybozu Exporter V6.24 - Element Targeted Mode）での情報確認・処理
2026/04/22 10:46,2026/04/22 10:47,0:05,"Webサイト（Windows PowerShell）の閲覧・調査 / Webサイト（data:, - プロファイル 1 - Microsoft? Edge）の閲覧・調査 / Webサイト（インフォメーション - プロファイル 1 - Microsoft? Edge）の閲覧・調査"
2026/04/22 10:47,2026/04/22 10:47,0:05,サイボウズ（Cybozu Exporter V6.24 - Element Targeted Mode）での情報確認・処理 / サイボウズ（トップページ - サイボウズ Office - プロファイル 1 - Microsoft? Edge）での情報確認・処理 / サイボウズ（メール - サイボウズ Office - プロファイル 1 - Microsoft? Edge）での情報確認・処理
2026/04/22 10:48,2026/04/22 10:48,0:05,Antigravityを用いた「システム開発・改善」の開発・相談
2026/04/22 10:49,2026/04/22 10:49,0:05,サイボウズ（Cybozu Exporter V6.25 - Robust Collector Mode）での情報確認・処理
2026/04/22 10:49,2026/04/22 10:49,0:05,Webサイト（フォルダーの選択）の閲覧・調査
2026/04/22 10:49,2026/04/22 10:49,0:05,サイボウズ（Cybozu Exporter V6.25 - Robust Collector Mode）での情報確認・処理
2026/04/22 10:49,2026/04/22 10:49,0:05,"Webサイト（data:, - プロファイル 1 - Microsoft? Edge）の閲覧・調査 / Webサイト（インフォメーション - プロファイル 1 - Microsoft? Edge）の閲覧・調査"
2026/04/22 10:49,2026/04/22 10:50,0:05,サイボウズ（Cybozu Exporter V6.25 - Robust Collector Mode）での情報確認・処理 / サイボウズ（トップページ - サイボウズ Office - プロファイル 1 - Microsoft? Edge）での情報確認・処理 / サイボウズ（メール - サイボウズ Office - プロファイル 1 - Microsoft? Edge）での情報確認・処理 ...
2026/04/22 10:51,2026/04/22 10:51,0:05,Antigravityを用いた「システム開発・改善」の開発・相談
2026/04/22 10:51,2026/04/22 10:51,0:05,サイボウズ（Cybozu Exporter V6.24 - Element Targeted Mode）での情報確認・処理
2026/04/22 10:51,2026/04/22 10:51,0:05,Antigravityを用いた「システム開発・改善」の開発・相談
2026/04/22 10:51,2026/04/22 10:52,0:05,サイボウズ（Cybozu Exporter V6.25 - Robust Collector Mode）での情報確認・処理 / サイボウズ（メール - サイボウズ Office - プロファイル 1 - Microsoft? Edge）での情報確認・処理 / サイボウズ（メール本文 - サイボウズ Office - プロファイル 1 - Microsoft? Edge）での情報確認・処理
2026/04/22 10:52,2026/04/22 10:52,0:05,Antigravityを用いた「システム開発・改善」の開発・相談
2026/04/22 10:53,2026/04/22 10:53,0:05,サイボウズ（Cybozu Exporter V6.25 - Robust Collector Mode）での情報確認・処理 / サイボウズ（メール本文 - サイボウズ Office - プロファイル 1 - Microsoft? Edge）での情報確認・処理
2026/04/22 10:54,2026/04/22 10:54,0:05,Antigravityを用いた「システム開発・改善」の開発・相談
2026/04/22 10:54,2026/04/22 10:54,0:05,サイボウズ（Cybozu Exporter V6.26 - Streamline & Default Focus）での情報確認・処理
2026/04/22 10:54,2026/04/22 10:54,0:05,Antigravityを用いた「システム開発・改善」の開発・相談
2026/04/22 10:55,2026/04/22 10:59,0:05,Webサイト（NotebookLM）の閲覧・調査
2026/04/22 10:59,2026/04/22 10:59,0:05,サイボウズ（Cybozu Exporter V6.26 - Streamline & Default Focus）での情報確認・処理 / サイボウズ（view-source:https://forestway.cybozu.com/o/ag.cgi?page=MailView&mEID=62026&cp=el&sp=&tp= および他 1 ページ）での情報確認・処理
2026/04/22 10:59,2026/04/22 10:59,0:05,Webサイト（フォルダーの選択）の閲覧・調査
2026/04/22 10:59,2026/04/22 10:59,0:05,サイボウズ（Cybozu Exporter V6.26 - Streamline & Default Focus）での情報確認・処理
2026/04/22 10:59,2026/04/22 11:00,0:05,Webサイト（フォルダーの選択）の閲覧・調査
2026/04/22 11:00,2026/04/22 11:00,0:05,サイボウズ（Cybozu Exporter V6.26 - Streamline & Default Focus）での情報確認・処理
2026/04/22 11:00,2026/04/22 11:00,0:05,"Webサイト（data:, - プロファイル 1 - Microsoft? Edge）の閲覧・調査 / Webサイト（インフォメーション - プロファイル 1 - Microsoft? Edge）の閲覧・調査"
2026/04/22 11:00,2026/04/22 11:06,0:06,サイボウズ（Cybozu Exporter V6.26 - Streamline & Default Focus）での情報確認・処理 / サイボウズ（forestway.cybozu.com/o/ag.cgi?page=MailIndex）での情報確認・処理 / サイボウズ（view-source:https://forestway.cybozu.com/o/ag.cgi?page=Mail...
2026/04/22 11:06,2026/04/22 11:06,0:05,Webサイト（コントロール パネル\すべてのコントロール パネル項目\資格情報マネージャー）の閲覧・調査
2026/04/22 11:07,2026/04/22 11:07,0:05,サイボウズ（メール本文 - サイボウズ Office - プロファイル 1 - Microsoft? Edge）での情報確認・処理
2026/04/22 11:07,2026/04/22 11:07,0:05,Webサイト（コントロール パネル\すべてのコントロール パネル項目\資格情報マネージャー）の閲覧・調査
2026/04/22 11:07,2026/04/22 11:07,0:05,サイボウズ（Cybozu Exporter V6.26 - Streamline & Default Focus）での情報確認・処理
2026/04/22 11:07,2026/04/22 11:07,0:05,Antigravityを用いた「システム開発・改善」の開発・相談
2026/04/22 11:16,2026/04/22 11:22,0:06,Webサイト（NotebookLM）の閲覧・調査 / Webサイト（hostsファイルでサイトアクセスを制限 - Google Gemini）の閲覧・調査 / Webサイト（エンジニア人格の再構築と進化 - Google Gemini）の閲覧・調査
2026/04/22 11:22,2026/04/22 11:22,0:05,PDF資料（Application_Whitelisting_Strategy.pdf）の確認
2026/04/22 11:22,2026/04/22 11:22,0:05,Webサイト（Adobe Acrobat Reader (64-bit)）の閲覧・調査 / Webサイト（NotebookLM）の閲覧・調査
2026/04/22 11:22,2026/04/22 11:22,0:05,Antigravityを用いた「システム開発・改善」の開発・相談
2026/04/22 11:24,2026/04/22 11:24,0:05,サイボウズ（個人フォルダ - サイボウズ Office および他 1 ページ）での情報確認・処理
2026/04/22 11:24,2026/04/22 11:24,0:05,Webサイト（accounts.secure.freee.co.jp/sessions/new?redirect_url=https%3A%2F%2Fp.secure.freee.co.jp%2Fusers%2Fafter_login%3Fhash%3D&service_name=payroll&sign_up_url=https%3A%2F%2Faccounts.secure.freee....
2026/04/22 11:25,2026/04/22 11:25,0:05,Antigravityを用いた「システム開発・改善」の開発・相談
2026/04/22 11:27,2026/04/22 11:27,0:05,サイボウズ（forestway.cybozu.com/o/ag.cgi?page=MailIndex&fid=sent）での情報確認・処理 / サイボウズ（メール - サイボウズ Office）での情報確認・処理
2026/04/22 11:29,2026/04/22 11:29,0:05,Antigravityを用いた「システム開発・改善」の開発・相談
2026/04/22 11:29,2026/04/22 11:29,0:05,サイボウズ（メール - サイボウズ Office）での情報確認・処理
2026/04/22 11:30,2026/04/22 11:30,0:05,Antigravityを用いた「システム開発・改善」の開発・相談
2026/04/22 11:31,2026/04/22 11:31,0:05,サイボウズ（Cybozu Exporter V6.26 - Streamline & Default Focus）での情報確認・処理 / サイボウズ（Cybozu Exporter V6.27 - Integrated Reliability Mode）での情報確認・処理 / サイボウズ（Cybozu Exporter V6.28 - Greedy Discovery Mode）での情報確認...
2026/04/22 11:31,2026/04/22 11:31,0:05,Webサイト（フォルダーの選択）の閲覧・調査
2026/04/22 11:31,2026/04/22 11:31,0:05,サイボウズ（Cybozu Exporter V6.28 - Greedy Discovery Mode）での情報確認・処理
2026/04/22 11:31,2026/04/22 11:31,0:05,"Webサイト（data:, - プロファイル 1 - Microsoft? Edge）の閲覧・調査 / Webサイト（インフォメーション - プロファイル 1 - Microsoft? Edge）の閲覧・調査"
2026/04/22 11:31,2026/04/22 11:34,0:05,サイボウズ（Cybozu Exporter V6.28 - Greedy Discovery Mode）での情報確認・処理 / サイボウズ（トップページ - サイボウズ Office - プロファイル 1 - Microsoft? Edge）での情報確認・処理 / サイボウズ（メール - サイボウズ Office - プロファイル 1 - Microsoft? Edge）での情報確認・処理 ...
2026/04/22 11:34,2026/04/22 11:34,0:05,Antigravityを用いた「システム開発・改善」の開発・相談
2026/04/22 11:35,2026/04/22 11:35,0:05,サイボウズ（メール - サイボウズ Office）での情報確認・処理
2026/04/22 11:36,2026/04/22 11:36,0:05,Antigravityを用いた「システム開発・改善」の開発・相談
2026/04/22 11:36,2026/04/22 11:36,0:05,サイボウズ（メール - サイボウズ Office）での情報確認・処理
2026/04/22 11:36,2026/04/22 11:36,0:05,Antigravityを用いた「システム開発・改善」の開発・相談
2026/04/22 11:36,2026/04/22 11:36,0:05,サイボウズ（メール - サイボウズ Office）での情報確認・処理
2026/04/22 11:36,2026/04/22 11:36,0:05,Antigravityを用いた「システム開発・改善」の開発・相談
2026/04/22 11:37,2026/04/22 11:37,0:05,サイボウズ（メール - サイボウズ Office）での情報確認・処理
2026/04/22 11:38,2026/04/22 11:38,0:05,Antigravityを用いた「システム開発・改善」の開発・相談
2026/04/22 11:38,2026/04/22 11:38,0:05,サイボウズ（メール - サイボウズ Office）での情報確認・処理
2026/04/22 11:38,2026/04/22 11:38,0:05,Antigravityを用いた「システム開発・改善」の開発・相談
2026/04/22 11:38,2026/04/22 11:38,0:05,サイボウズ（メール - サイボウズ Office）での情報確認・処理
2026/04/22 11:38,2026/04/22 11:38,0:05,Antigravityを用いた「システム開発・改善」の開発・相談
2026/04/22 11:39,2026/04/22 11:39,0:05,Webサイト（リモート デスクトップ接続）の閲覧・調査
2026/04/22 11:39,2026/04/22 11:39,0:05,Antigravityを用いた「システム開発・改善」の開発・相談
2026/04/22 11:39,2026/04/22 11:39,0:05,サイボウズ（メール - サイボウズ Office）での情報確認・処理
2026/04/22 11:39,2026/04/22 11:39,0:05,Antigravityを用いた「システム開発・改善」の開発・相談
2026/04/22 11:40,2026/04/22 11:41,0:05,サイボウズ（メール - サイボウズ Office）での情報確認・処理 / サイボウズ（メールの詳細 - サイボウズ Office および他 1 ページ）での情報確認・処理 / サイボウズ（メールの詳細 - サイボウズ Office）での情報確認・処理
2026/04/22 11:42,2026/04/22 11:42,0:05,Antigravityを用いた「システム開発・改善」の開発・相談
2026/04/22 11:43,2026/04/22 11:43,0:05,サイボウズ（メール - サイボウズ Office）での情報確認・処理
2026/04/22 11:43,2026/04/22 11:43,0:05,Antigravityを用いた「システム開発・改善」の開発・相談
2026/04/22 11:43,2026/04/22 11:43,0:05,サイボウズ（メール - サイボウズ Office）での情報確認・処理
2026/04/22 11:43,2026/04/22 11:43,0:05,Antigravityを用いた「システム開発・改善」の開発・相談
2026/04/22 11:46,2026/04/22 11:47,0:05,サイボウズ（Cybozu Exporter V6.28 - Greedy Discovery Mode）での情報確認・処理 / サイボウズ（メール - サイボウズ Office）での情報確認・処理
2026/04/22 11:47,2026/04/22 11:47,0:05,Antigravityを用いた「システム開発・改善」の開発・相談
2026/04/22 11:48,2026/04/22 11:48,0:05,Webサイト（Bizストレージ ファイルシェア および他 1 ページ）の閲覧・調査 / Webサイト（インフォメーション および他 1 ページ）の閲覧・調査 / Webサイト（インフォメーション）の閲覧・調査
2026/04/22 11:48,2026/04/22 11:49,0:05,サイボウズ（トップページ - サイボウズ Office および他 1 ページ）での情報確認・処理 / サイボウズ（トップページ - サイボウズ Office）での情報確認・処理 / サイボウズ（ワークフロー（最新一覧） - サイボウズ Office および他 1 ページ）での情報確認・処理 / サイボウズ（ワークフロー（最新一覧） - サイボウズ Office）での情報確認・処理 / サイボ...
2026/04/22 11:49,2026/04/22 11:49,0:05,Antigravityを用いた「システム開発・改善」の開発・相談
2026/04/22 11:49,2026/04/22 11:49,0:05,サイボウズ（メール - サイボウズ Office）での情報確認・処理
2026/04/22 11:49,2026/04/22 11:49,0:05,Antigravityを用いた「システム開発・改善」の開発・相談
2026/04/22 11:50,2026/04/22 11:50,0:05,サイボウズ（Cybozu Exporter V6.29 - Evidence Based Mode）での情報確認・処理
2026/04/22 11:50,2026/04/22 11:50,0:05,Webサイト（フォルダーの選択）の閲覧・調査
2026/04/22 11:50,2026/04/22 11:50,0:05,サイボウズ（Cybozu Exporter V6.29 - Evidence Based Mode）での情報確認・処理
2026/04/22 11:50,2026/04/22 11:50,0:05,"Webサイト（data:, - プロファイル 1 - Microsoft? Edge）の閲覧・調査 / Webサイト（インフォメーション - プロファイル 1 - Microsoft? Edge）の閲覧・調査"
2026/04/22 11:50,2026/04/22 11:55,0:05,サイボウズ（Cybozu Exporter V6.29 - Evidence Based Mode）での情報確認・処理 / サイボウズ（トップページ - サイボウズ Office - プロファイル 1 - Microsoft? Edge）での情報確認・処理 / サイボウズ（メール - サイボウズ Office - プロファイル 1 - Microsoft? Edge）での情報確認・処理 / ...
2026/04/22 11:55,2026/04/22 11:55,0:05,Antigravityを用いた「システム開発・改善」の開発・相談
2026/04/22 11:56,2026/04/22 11:57,0:05,サイボウズ（forestway.cybozu.com/o/ag.cgi?page=MailIndex&fid=inbox）での情報確認・処理 / サイボウズ（forestway.cybozu.com/o/ag.cgi?page=MailIndex&fid=sent）での情報確認・処理 / サイボウズ（メール - サイボウズ Office）での情報確認・処理
2026/04/22 11:57,2026/04/22 11:58,0:05,Webサイト（NotebookLM）の閲覧・調査 / Webサイト（リアルタイム震度（強震モニタ） - Yahoo!天気・災害）の閲覧・調査 / Webサイト（地震リアルタイム - Google 検索）の閲覧・調査
2026/04/22 11:58,2026/04/22 11:58,0:05,サイボウズ（メール - サイボウズ Office）での情報確認・処理
2026/04/22 11:58,2026/04/22 11:58,0:05,Antigravityを用いた「システム開発・改善」の開発・相談
2026/04/22 11:58,2026/04/22 12:13,0:14,サイボウズ（forestway.cybozu.com/o/ag.cgi?page=MailSent&mEID=61117&cp=el&sp=&tp=）での情報確認・処理 / サイボウズ（メール - サイボウズ Office）での情報確認・処理 / サイボウズ（メールの詳細 - サイボウズ Office）での情報確認・処理
2026/04/22 12:13,2026/04/22 12:13,0:05,Antigravityを用いた「システム開発・改善」の開発・相談
2026/04/22 12:14,2026/04/22 12:14,0:05,Webサイト（Windows の既定のロック画面）の閲覧・調査
2026/04/22 12:24,2026/04/22 12:24,0:05,Antigravityを用いた「システム開発・改善」の開発・相談
2026/04/22 12:24,2026/04/22 12:24,0:05,Webサイト（イタリア自動車雑貨店 | イタリア車のパーツ、アクセサリーとグッズの公式オンラインショップ）の閲覧・調査 / Webサイト（リアルタイム震度（強震モニタ） - Yahoo!天気・災害）の閲覧・調査
2026/04/22 12:24,2026/04/22 12:58,0:33,Gmail / Gmail - Google Chrome / Webサイト（Google マップ）の閲覧・調査 / Webサイト（RECAMPしょうなん? LAKE AREA? WILD… - Google マップ）の閲覧・調査 / Webサイト（RECAMPしょうなん?LAKE AREA?WILD FREE SITE - Google マップ）の閲覧・調査 / Webサイト（RECAMP...
2026/04/22 12:58,2026/04/22 12:58,0:05,サイボウズ（Cybozu Exporter V6.30 - Strict Partition Mode）での情報確認・処理
2026/04/22 12:58,2026/04/22 12:58,0:05,Webサイト（フォルダーの選択）の閲覧・調査
2026/04/22 12:58,2026/04/22 12:58,0:05,サイボウズ（Cybozu Exporter V6.30 - Strict Partition Mode）での情報確認・処理
2026/04/22 12:58,2026/04/22 12:58,0:05,Antigravityを用いた「システム開発・改善」の開発・相談
2026/04/22 13:00,2026/04/22 13:00,0:05,サイボウズ（Cybozu Exporter V6.31 - Natural Order Mode）での情報確認・処理
2026/04/22 13:00,2026/04/22 13:00,0:05,Antigravityを用いた「システム開発・改善」の開発・相談
2026/04/22 13:01,2026/04/22 13:01,0:05,Webサイト（コントロール パネル\すべてのコントロール パネル項目\資格情報マネージャー）の閲覧・調査
2026/04/22 13:01,2026/04/22 13:01,0:05,Antigravityを用いた「システム開発・改善」の開発・相談
2026/04/22 13:01,2026/04/22 13:01,0:05,Webサイト（Windows シェル エクスペリエンス ホスト）の閲覧・調査 / Webサイト（メモ帳 のジャンプ リスト）の閲覧・調査
2026/04/22 13:01,2026/04/22 13:01,0:05,Antigravityを用いた「システム開発・改善」の開発・相談
2026/04/22 13:01,2026/04/22 13:01,0:05,Webサイト（メモ帳 のジャンプ リスト）の閲覧・調査
2026/04/22 13:01,2026/04/22 13:01,0:05,Antigravityを用いた「システム開発・改善」の開発・相談
2026/04/22 13:01,2026/04/22 13:01,0:05,サイボウズ（Cybozu Exporter V6.31 - Natural Order Mode）での情報確認・処理
2026/04/22 13:01,2026/04/22 13:01,0:05,Webサイト（フォルダーの選択）の閲覧・調査
2026/04/22 13:01,2026/04/22 13:01,0:05,サイボウズ（Cybozu Exporter V6.31 - Natural Order Mode）での情報確認・処理
2026/04/22 13:01,2026/04/22 13:02,0:05,"Webサイト（data:, - プロファイル 1 - Microsoft? Edge）の閲覧・調査 / Webサイト（インフォメーション - プロファイル 1 - Microsoft? Edge）の閲覧・調査"
2026/04/22 13:02,2026/04/22 13:03,0:05,サイボウズ（Cybozu Exporter V6.31 - Natural Order Mode）での情報確認・処理 / サイボウズ（トップページ - サイボウズ Office - プロファイル 1 - Microsoft? Edge）での情報確認・処理 / サイボウズ（メール - サイボウズ Office - プロファイル 1 - Microsoft? Edge）での情報確認・処理
2026/04/22 13:03,2026/04/22 13:03,0:05,Antigravityを用いた「システム開発・改善」の開発・相談
2026/04/22 13:04,2026/04/22 13:04,0:05,サイボウズ（Cybozu Exporter V6.32 - Exclude Flagged Mode）での情報確認・処理
2026/04/22 13:04,2026/04/22 13:04,0:05,Webサイト（フォルダーの選択）の閲覧・調査
2026/04/22 13:04,2026/04/22 13:04,0:05,サイボウズ（Cybozu Exporter V6.32 - Exclude Flagged Mode）での情報確認・処理
2026/04/22 13:04,2026/04/22 13:04,0:05,"Webサイト（data:, - プロファイル 1 - Microsoft? Edge）の閲覧・調査 / Webサイト（インフォメーション - プロファイル 1 - Microsoft? Edge）の閲覧・調査"
2026/04/22 13:04,2026/04/22 13:04,0:05,サイボウズ（Cybozu Exporter V6.32 - Exclude Flagged Mode）での情報確認・処理 / サイボウズ（トップページ - サイボウズ Office - プロファイル 1 - Microsoft? Edge）での情報確認・処理 / サイボウズ（メール - サイボウズ Office - プロファイル 1 - Microsoft? Edge）での情報確認・処理
2026/04/22 13:05,2026/04/22 13:05,0:05,Antigravityを用いた「システム開発・改善」の開発・相談
2026/04/22 13:05,2026/04/22 13:05,0:05,サイボウズ（forestway.cybozu.com/o/ag.cgi?page=MailIndex&fid=inbox）での情報確認・処理 / サイボウズ（メール - サイボウズ Office）での情報確認・処理
2026/04/22 13:09,2026/04/22 13:09,0:05,Antigravityを用いた「システム開発・改善」の開発・相談
2026/04/22 13:09,2026/04/22 13:09,0:05,サイボウズ（forestway.cybozu.com/o/ag.cgi?page=MailIndex&fid=sent）での情報確認・処理 / サイボウズ（メール - サイボウズ Office）での情報確認・処理
2026/04/22 13:10,2026/04/22 13:10,0:05,Antigravityを用いた「システム開発・改善」の開発・相談
2026/04/22 13:11,2026/04/22 13:11,0:05,サイボウズ（Cybozu Exporter V6.33 - Manual Calibration Mode）での情報確認・処理
2026/04/22 13:11,2026/04/22 13:12,0:05,Webサイト（フォルダーの選択）の閲覧・調査
2026/04/22 13:12,2026/04/22 13:12,0:05,サイボウズ（Cybozu Exporter V6.33 - Manual Calibration Mode）での情報確認・処理
2026/04/22 13:12,2026/04/22 13:12,0:05,"Webサイト（data:, - プロファイル 1 - Microsoft? Edge）の閲覧・調査 / Webサイト（インフォメーション - プロファイル 1 - Microsoft? Edge）の閲覧・調査"
2026/04/22 13:12,2026/04/22 13:12,0:05,Antigravityを用いた「システム開発・改善」の開発・相談
2026/04/22 13:12,2026/04/22 13:12,0:05,Webサイト（Microsoft Edge のジャンプ リスト）の閲覧・調査 / Webサイト（メモ帳 のジャンプ リスト）の閲覧・調査
2026/04/22 13:12,2026/04/22 13:12,0:05,サイボウズ（個人フォルダ - サイボウズ Office - プロファイル 1 - Microsoft? Edge）での情報確認・処理
2026/04/22 13:12,2026/04/22 13:12,0:05,Antigravityを用いた「システム開発・改善」の開発・相談
2026/04/22 13:12,2026/04/22 13:12,0:05,Webサイト（Microsoft Edge のジャンプ リスト）の閲覧・調査
2026/04/22 13:12,2026/04/22 13:12,0:05,サイボウズ（メール本文 - サイボウズ Office - プロファイル 1 - Microsoft? Edge）での情報確認・処理
2026/04/22 13:12,2026/04/22 13:12,0:05,Antigravityを用いた「システム開発・改善」の開発・相談
2026/04/22 13:12,2026/04/22 13:12,0:05,Webサイト（インフォメーション - プロファイル 1 - Microsoft? Edge）の閲覧・調査
2026/04/22 13:12,2026/04/22 13:12,0:05,Antigravityを用いた「システム開発・改善」の開発・相談
2026/04/22 13:12,2026/04/22 13:12,0:05,サイボウズ（Cybozu Exporter V6.33 - Manual Calibration Mode）での情報確認・処理
2026/04/22 13:12,2026/04/22 13:13,0:05,"Webサイト（data:, - プロファイル 1 - Microsoft? Edge）の閲覧・調査 / Webサイト（インフォメーション - プロファイル 1 - Microsoft? Edge）の閲覧・調査"
2026/04/22 13:13,2026/04/22 13:22,0:09,サイボウズ（Cybozu Exporter V6.33 - Manual Calibration Mode）での情報確認・処理 / サイボウズ（トップページ - サイボウズ Office - プロファイル 1 - Microsoft? Edge）での情報確認・処理 / サイボウズ（メール - サイボウズ Office - プロファイル 1 - Microsoft? Edge）での情報確認・処理
2026/04/22 13:22,2026/04/22 13:22,0:05,Antigravityを用いた「システム開発・改善」の開発・相談
2026/04/22 13:22,2026/04/22 13:23,0:05,サイボウズ（メール - サイボウズ Office）での情報確認・処理
2026/04/22 13:23,2026/04/22 13:23,0:05,Antigravityを用いた「システム開発・改善」の開発・相談
2026/04/22 13:24,2026/04/22 13:24,0:05,サイボウズ（メール - サイボウズ Office）での情報確認・処理 / サイボウズ（メール本文 - サイボウズ Office）での情報確認・処理
2026/04/22 13:24,2026/04/22 13:24,0:05,Antigravityを用いた「システム開発・改善」の開発・相談
2026/04/22 13:24,2026/04/22 13:24,0:05,サイボウズ（メール - サイボウズ Office）での情報確認・処理
2026/04/22 13:25,2026/04/22 13:25,0:05,Antigravityを用いた「システム開発・改善」の開発・相談
2026/04/22 13:26,2026/04/22 13:26,0:05,サイボウズ（メール - サイボウズ Office）での情報確認・処理
2026/04/22 13:29,2026/04/22 13:29,0:05,Antigravityを用いた「システム開発・改善」の開発・相談
2026/04/22 13:29,2026/04/22 13:31,0:05,サイボウズ（forestway.cybozu.com/o/ag.cgi?page=MailIndex&fid=39085）での情報確認・処理 / サイボウズ（メール - サイボウズ Office）での情報確認・処理
2026/04/22 13:32,2026/04/22 13:32,0:05,Antigravityを用いた「システム開発・改善」の開発・相談
2026/04/22 13:32,2026/04/22 13:32,0:05,サイボウズ（Cybozu Exporter V6.34 - Unified Specialist Mode）での情報確認・処理
2026/04/22 13:32,2026/04/22 13:33,0:05,Webサイト（hostsファイルでサイトアクセスを制限 - Google Gemini）の閲覧・調査 / Webサイト（設定 - Chrome について）の閲覧・調査
2026/04/22 13:33,2026/04/22 13:33,0:05,サイボウズ（Cybozu Exporter V6.34 - Unified Specialist Mode）での情報確認・処理
2026/04/22 13:33,2026/04/22 13:33,0:05,"メール（受信トレイ (13,310)）の閲覧・作成"
2026/04/22 13:33,2026/04/22 13:33,0:05,Webサイト（chrome://settings/help）の閲覧・調査
2026/04/22 13:33,2026/04/22 13:33,0:05,Webサイト（AIにおける次の大きなトレンドは「ダークファクトリー」 | Business Insider Japan）の閲覧・調査 / Webサイト（Google NotebookLM）の閲覧・調査 / Webサイト（Google マップ）の閲覧・調査 / Webサイト（RECAMPしょうなん〜LAKE AREA〜WILD FREE SITE - Google マップ）の閲覧・調査 / W...
2026/04/22 13:33,2026/04/22 13:33,0:05,メール（フォーレスト株式会社 メール）の閲覧・作成
2026/04/22 13:33,2026/04/22 13:33,0:05,Webサイト（RECAMPしょうなん〜LAKE AREA〜WILD FREE SITE - Google マップ）の閲覧・調査 / Webサイト（フォルダーの選択）の閲覧・調査 / Webサイト（リアルタイム震度（強震モニタ） - Yahoo!天気・災害）の閲覧・調査 / Webサイト（設定 - Chrome について）の閲覧・調査
2026/04/22 13:33,2026/04/22 13:33,0:05,サイボウズ（Cybozu Exporter V6.34 - Unified Specialist Mode）での情報確認・処理
2026/04/22 13:33,2026/04/22 13:33,0:05,"Webサイト（RECAMPしょうなん?LAKE AREA?WILD FREE SITE - Google マップ）の閲覧・調査 / Webサイト（data:, - プロファイル 1 - Microsoft? Edge）の閲覧・調査 / Webサイト（インフォメーション - プロファイル 1 - Microsoft? Edge）の閲覧・調査"
2026/04/22 13:33,2026/04/22 13:34,0:05,サイボウズ（Cybozu Exporter V6.34 - Unified Specialist Mode）での情報確認・処理 / サイボウズ（トップページ - サイボウズ Office - プロファイル 1 - Microsoft? Edge）での情報確認・処理 / サイボウズ（メール - サイボウズ Office - プロファイル 1 - Microsoft? Edge）での情報確認・処理
2026/04/22 13:35,2026/04/22 13:35,0:05,"メール（受信トレイ (13,313)）の閲覧・作成"
2026/04/22 13:35,2026/04/22 13:35,0:05,サイボウズ（Cybozu Exporter V6.34 - Unified Specialist Mode）での情報確認・処理 / サイボウズ（メール - サイボウズ Office）での情報確認・処理 / サイボウズ（メール本文 - サイボウズ Office - プロファイル 1 - Microsoft? Edge）での情報確認・処理
2026/04/22 13:36,2026/04/22 13:36,0:05,Webサイト（サクラエディタ32bit）の閲覧・調査
2026/04/22 13:36,2026/04/22 13:40,0:05,サイボウズ（Cybozu Exporter V6.34 - Unified Specialist Mode）での情報確認・処理 / サイボウズ（forestway.cybozu.com/o/ag.cgi?page=MailIndex&FID=21521&unread=&flagged=&ts=ts.1516094793&hid=1899&PC=1&#MailHead）での情報確認・処理 / ...
2026/04/22 13:43,2026/04/22 13:43,0:05,Antigravityを用いた「システム開発・改善」の開発・相談
2026/04/22 13:44,2026/04/22 13:44,0:05,サイボウズ（forestway.cybozu.com/o/ag.cgi?page=MailIndex&fid=39085）での情報確認・処理 / サイボウズ（メール - サイボウズ Office）での情報確認・処理
2026/04/22 13:46,2026/04/22 13:46,0:05,Webサイト（Python 3.12 (64-bit) のジャンプ リスト）の閲覧・調査
2026/04/22 13:46,2026/04/22 13:46,0:05,サイボウズ（Cybozu Exporter V6.35 - Multi-Page Master）での情報確認・処理 / サイボウズ（メール - サイボウズ Office）での情報確認・処理
2026/04/22 13:46,2026/04/22 13:46,0:05,Antigravityを用いた「システム開発・改善」の開発・相談
2026/04/22 13:47,2026/04/22 13:47,0:05,サイボウズ（Cybozu Exporter V6.36 - Deep Hierarchy Guard）での情報確認・処理
2026/04/22 13:47,2026/04/22 13:47,0:05,Antigravityを用いた「システム開発・改善」の開発・相談
2026/04/22 13:47,2026/04/22 13:47,0:05,サイボウズ（Cybozu Exporter V6.36 - Deep Hierarchy Guard）での情報確認・処理
2026/04/22 13:47,2026/04/22 13:47,0:05,Webサイト（フォルダーの選択）の閲覧・調査
2026/04/22 13:47,2026/04/22 13:47,0:05,サイボウズ（Cybozu Exporter V6.36 - Deep Hierarchy Guard）での情報確認・処理
2026/04/22 13:48,2026/04/22 13:48,0:05,Antigravityを用いた「システム開発・改善」の開発・相談
2026/04/22 13:48,2026/04/22 13:48,0:05,サイボウズ（Cybozu Exporter V6.37 - Renumbered Start Mode）での情報確認・処理
2026/04/22 13:49,2026/04/22 13:49,0:05,Webサイト（フォルダーの選択）の閲覧・調査
2026/04/22 13:49,2026/04/22 13:49,0:05,サイボウズ（Cybozu Exporter V6.37 - Renumbered Start Mode）での情報確認・処理
2026/04/22 13:49,2026/04/22 13:49,0:05,"Webサイト（data:, - プロファイル 1 - Microsoft? Edge）の閲覧・調査 / Webサイト（インフォメーション - プロファイル 1 - Microsoft? Edge）の閲覧・調査"
2026/04/22 13:49,2026/04/22 13:50,0:05,サイボウズ（Cybozu Exporter V6.37 - Renumbered Start Mode）での情報確認・処理 / サイボウズ（トップページ - サイボウズ Office - プロファイル 1 - Microsoft? Edge）での情報確認・処理 / サイボウズ（メール - サイボウズ Office - プロファイル 1 - Microsoft? Edge）での情報確認・処理 ...
2026/04/22 13:50,2026/04/22 13:51,0:05,Webサイト（Microsoft account | プライバシー および他 1 ページ）の閲覧・調査 / Webサイト（Microsoft account | プライバシー）の閲覧・調査 / Webサイト（https://account.microsoft.com/privacy/a/optout/?re）の閲覧・調査 / Webサイト（https://api.choice.bing.co...
2026/04/22 13:51,2026/04/22 13:51,0:05,サイボウズ（メール - サイボウズ Office）での情報確認・処理
2026/04/22 13:51,2026/04/22 13:52,0:05,Antigravityを用いた「システム開発・改善」の開発・相談
2026/04/22 13:52,2026/04/22 13:52,0:05,サイボウズ（Cybozu Exporter V6.38 - High Speed Mode）での情報確認・処理 / サイボウズ（メール本文 - サイボウズ Office - プロファイル 1 - Microsoft? Edge）での情報確認・処理
2026/04/22 13:52,2026/04/22 13:52,0:05,Webサイト（フォルダーの選択）の閲覧・調査
2026/04/22 13:52,2026/04/22 13:53,0:05,サイボウズ（Cybozu Exporter V6.38 - High Speed Mode）での情報確認・処理
2026/04/22 13:53,2026/04/22 13:53,0:05,"Webサイト（data:, - プロファイル 1 - Microsoft? Edge）の閲覧・調査 / Webサイト（インフォメーション - プロファイル 1 - Microsoft? Edge）の閲覧・調査"
2026/04/22 13:53,2026/04/22 13:53,0:05,サイボウズ（Cybozu Exporter V6.38 - High Speed Mode）での情報確認・処理 / サイボウズ（トップページ - サイボウズ Office - プロファイル 1 - Microsoft? Edge）での情報確認・処理 / サイボウズ（メール - サイボウズ Office - プロファイル 1 - Microsoft? Edge）での情報確認・処理
2026/04/22 13:54,2026/04/22 13:54,0:05,Antigravityを用いた「システム開発・改善」の開発・相談
2026/04/22 13:55,2026/04/22 13:55,0:05,Webサイト（Microsoft Edge のジャンプ リスト）の閲覧・調査 / Webサイト（Python 3.12 (64-bit) のジャンプ リスト）の閲覧・調査
2026/04/22 13:55,2026/04/22 13:55,0:05,サイボウズ（メール本文 - サイボウズ Office - プロファイル 1 - Microsoft? Edge）での情報確認・処理
2026/04/22 13:55,2026/04/22 13:55,0:05,Antigravityを用いた「システム開発・改善」の開発・相談
2026/04/22 13:55,2026/04/22 13:55,0:05,Webサイト（Microsoft Edge のジャンプ リスト）の閲覧・調査 / Webサイト（Python 3.12 (64-bit) のジャンプ リスト）の閲覧・調査
2026/04/22 13:55,2026/04/22 13:55,0:05,Antigravityを用いた「システム開発・改善」の開発・相談
2026/04/22 13:56,2026/04/22 13:56,0:05,サイボウズ（Cybozu Exporter V6.40 - Control Center Mode）での情報確認・処理
2026/04/22 13:56,2026/04/22 13:56,0:05,Webサイト（フォルダーの選択）の閲覧・調査
2026/04/22 13:56,2026/04/22 13:56,0:05,サイボウズ（Cybozu Exporter V6.40 - Control Center Mode）での情報確認・処理
2026/04/22 13:56,2026/04/22 13:56,0:05,Webサイト（フォルダーの選択）の閲覧・調査
2026/04/22 13:56,2026/04/22 13:56,0:05,サイボウズ（Cybozu Exporter V6.40 - Control Center Mode）での情報確認・処理
2026/04/22 13:56,2026/04/22 13:56,0:05,"Webサイト（Windows PowerShell）の閲覧・調査 / Webサイト（data:, - プロファイル 1 - Microsoft? Edge）の閲覧・調査 / Webサイト（インフォメーション - プロファイル 1 - Microsoft? Edge）の閲覧・調査"
2026/04/22 13:56,2026/04/22 13:57,0:05,サイボウズ（Cybozu Exporter V6.40 - Control Center Mode）での情報確認・処理 / サイボウズ（トップページ - サイボウズ Office - プロファイル 1 - Microsoft? Edge）での情報確認・処理 / サイボウズ（メール - サイボウズ Office - プロファイル 1 - Microsoft? Edge）での情報確認・処理
2026/04/22 13:57,2026/04/22 13:57,0:05,Webサイト（デスクトップ\katoTEST2\2. \個別(オリジナル)\20263251751_61522_RE_ 閲覧等制限／公取委からの連絡.txt - サクラエディタ32bit 2.4.2.6048）の閲覧・調査
2026/04/22 13:57,2026/04/22 13:57,0:05,サイボウズ（Cybozu Exporter V6.40 - Control Center Mode）での情報確認・処理
2026/04/22 13:57,2026/04/22 13:57,0:05,Webサイト（20263251751_61522_RE_ 閲覧等制限／公取委からの連絡.txt - サクラエディタ32bit 2.4.2.6048）の閲覧・調査 / Webサイト（デスクトップ\katoTEST2\2. \個別(オリジナル)\20263251751_61522_RE_ 閲覧等制限／公取委からの連絡.txt - サクラエディタ32bit 2.4.2.6048）の閲覧・調査
2026/04/22 13:57,2026/04/22 13:57,0:05,サイボウズ（forestway.cybozu.com/o/ag.cgi?page=MailView&mEID=60784&cp=el&sp=&tp=）での情報確認・処理 / サイボウズ（メール - サイボウズ Office）での情報確認・処理 / サイボウズ（メール本文 - サイボウズ Office）での情報確認・処理
2026/04/22 13:58,2026/04/22 13:58,0:05,Antigravityを用いた「システム開発・改善」の開発・相談
2026/04/22 13:59,2026/04/22 13:59,0:05,Webサイト（20263251751_61522_RE_ 閲覧等制限／公取委からの連絡.txt - サクラエディタ32bit 2.4.2.6048）の閲覧・調査 / Webサイト（デスクトップ\katoTEST2\2. \個別(オリジナル)\20263251751_61522_RE_ 閲覧等制限／公取委からの連絡.txt - サクラエディタ32bit 2.4.2.6048）の閲覧・調査
2026/04/22 13:59,2026/04/22 13:59,0:05,Antigravityを用いた「システム開発・改善」の開発・相談
2026/04/22 13:59,2026/04/22 13:59,0:05,サイボウズ（メール本文 - サイボウズ Office）での情報確認・処理
2026/04/22 13:59,2026/04/22 13:59,0:05,Antigravityを用いた「システム開発・改善」の開発・相談
2026/04/22 14:00,2026/04/22 14:00,0:05,Webサイト（デスクトップ\katoTEST2\bak\1. \個別(オリジナル)\_60808_［Bizストレージ ファイルシェア］仮パスワードのお知らせ.txt - サクラエディタ32bit 2.4.2.6048）の閲覧・調査
2026/04/22 14:00,2026/04/22 14:00,0:05,Antigravityを用いた「システム開発・改善」の開発・相談
2026/04/22 14:01,2026/04/22 14:01,0:05,サイボウズ（Cybozu Exporter V6.41 - Clean Slate Mode）での情報確認・処理
2026/04/22 14:01,2026/04/22 14:01,0:05,Webサイト（フォルダーの選択）の閲覧・調査
2026/04/22 14:01,2026/04/22 14:01,0:05,サイボウズ（Cybozu Exporter V6.41 - Clean Slate Mode）での情報確認・処理
2026/04/22 14:01,2026/04/22 14:01,0:05,"Webサイト（data:, - プロファイル 1 - Microsoft? Edge）の閲覧・調査 / Webサイト（インフォメーション - プロファイル 1 - Microsoft? Edge）の閲覧・調査"
2026/04/22 14:01,2026/04/22 14:02,0:05,サイボウズ（Cybozu Exporter V6.41 - Clean Slate Mode）での情報確認・処理 / サイボウズ（トップページ - サイボウズ Office - プロファイル 1 - Microsoft? Edge）での情報確認・処理 / サイボウズ（メール - サイボウズ Office - プロファイル 1 - Microsoft? Edge）での情報確認・処理
2026/04/22 14:02,2026/04/22 14:02,0:05,Webサイト（デスクトップ\katoTEST2\1. \個別(オリジナル)\_56091_Fwd_ 花王G）債務保証書締結に関して.txt - サクラエディタ32bit 2.4.2.6048）の閲覧・調査
2026/04/22 14:02,2026/04/22 14:02,0:05,サイボウズ（Cybozu Exporter V6.41 - Clean Slate Mode）での情報確認・処理
2026/04/22 14:03,2026/04/22 14:03,0:05,Webサイト（デスクトップ\katoTEST2\2. \個別(オリジナル)\_61321_RE_ 閲覧等制限／公取委からの連絡.txt - サクラエディタ32bit 2.4.2.6048）の閲覧・調査
2026/04/22 14:04,2026/04/22 14:05,0:05,サイボウズ（Cybozu Exporter V6.41 - Clean Slate Mode）での情報確認・処理 / サイボウズ（forestway.cybozu.com/o/ag.cgi?page=MailIndex&FID=21521&unread=&flagged=&ts=ts.1572941314&hid=16131&PC=2&#MailHead）での情報確認・処理 / サイボウズ（...
2026/04/22 14:05,2026/04/22 14:05,0:05,Antigravityを用いた「システム開発・改善」の開発・相談
2026/04/22 14:06,2026/04/22 14:06,0:05,サイボウズ（メール - サイボウズ Office）での情報確認・処理
2026/04/22 14:06,2026/04/22 14:06,0:05,Antigravityを用いた「システム開発・改善」の開発・相談
2026/04/22 14:06,2026/04/22 14:06,0:05,サイボウズ（メール - サイボウズ Office）での情報確認・処理
2026/04/22 14:06,2026/04/22 14:06,0:05,Antigravityを用いた「システム開発・改善」の開発・相談
2026/04/22 14:07,2026/04/22 14:07,0:05,サイボウズ（Cybozu Exporter V6.42 - Infinite Scroll Fix）での情報確認・処理
2026/04/22 14:07,2026/04/22 14:09,0:05,Webサイト（192.169.5.5 - リモート デスクトップ接続）の閲覧・調査 / Webサイト（フォルダーの選択）の閲覧・調査 / Webサイト（リモート デスクトップ接続）の閲覧・調査
2026/04/22 14:10,2026/04/22 14:10,0:05,サイボウズ（forestway.cybozu.com/o/ag.cgi?page=MailView&mEID=54770&cp=el&sp=&tp=）での情報確認・処理 / サイボウズ（メール - サイボウズ Office）での情報確認・処理 / サイボウズ（メール本文 - サイボウズ Office）での情報確認・処理
2026/04/22 14:10,2026/04/22 14:14,0:05,Webサイト（192.169.5.5 - リモート デスクトップ接続）の閲覧・調査 / Webサイト（リモート デスクトップ接続）の閲覧・調査
2026/04/22 14:14,2026/04/22 14:14,0:05,サイボウズ（メール本文 - サイボウズ Office）での情報確認・処理
2026/04/22 14:14,2026/04/22 14:14,0:05,Webサイト（フォルダーの選択）の閲覧・調査
2026/04/22 14:14,2026/04/22 14:14,0:05,サイボウズ（Cybozu Exporter V6.42 - Infinite Scroll Fix）での情報確認・処理
2026/04/22 14:15,2026/04/22 14:15,0:05,"Webサイト（data:, - プロファイル 1 - Microsoft? Edge）の閲覧・調査 / Webサイト（インフォメーション - プロファイル 1 - Microsoft? Edge）の閲覧・調査"
2026/04/22 14:15,2026/04/22 14:16,0:05,サイボウズ（Cybozu Exporter V6.42 - Infinite Scroll Fix）での情報確認・処理 / サイボウズ（トップページ - サイボウズ Office - プロファイル 1 - Microsoft? Edge）での情報確認・処理 / サイボウズ（メール - サイボウズ Office - プロファイル 1 - Microsoft? Edge）での情報確認・処理
2026/04/22 14:18,2026/04/22 14:19,0:05,Webサイト（hostsファイルでサイトアクセスを制限 - Google Gemini）の閲覧・調査 / Webサイト（社内SEの仕事なんでも相談 - Google Gemini）の閲覧・調査 / Webサイト（設定 - Chrome について）の閲覧・調査 / Webサイト（設定 - Google の設定）の閲覧・調査 / Webサイト（設定 - システム）の閲覧・調査 / Webサイト（...
2026/04/22 14:21,2026/04/22 14:21,0:05,Antigravityを用いた「システム開発・改善」の開発・相談
2026/04/22 14:21,2026/04/22 14:21,0:05,サイボウズ（個人フォルダ - サイボウズ Office および他 1 ページ）での情報確認・処理
2026/04/22 14:22,2026/04/22 14:23,0:05,Antigravityを用いた「システム開発・改善」の開発・相談
2026/04/22 14:24,2026/04/22 14:24,0:05,サイボウズ（forestway.cybozu.com/o/ag.cgi?page=MyFolderIndex および他 1 ページ）での情報確認・処理 / サイボウズ（個人フォルダ - サイボウズ Office および他 1 ページ）での情報確認・処理 / サイボウズ（個人フォルダ - サイボウズ Office）での情報確認・処理
2026/04/22 14:24,2026/04/22 14:24,0:05,Webサイト（社内SEの仕事なんでも相談 - Google Gemini）の閲覧・調査
2026/04/22 14:26,2026/04/22 14:27,0:05,サイボウズ（Cybozu Exporter V6.41 - Clean Slate Mode）での情報確認・処理 / サイボウズ（Cybozu Exporter V6.42 - Infinite Scroll Fix）での情報確認・処理
2026/04/22 14:27,2026/04/22 14:29,0:05,Webサイト（@gemini - Google 検索）の閲覧・調査 / Webサイト（Chrome で Gemini を使用する - コンピューター - Gemini アプリ ヘルプ）の閲覧・調査 / Webサイト（Gemini in Chrome - ブラウザに直接組み込まれた AI アシスタント）の閲覧・調査 / Webサイト（Use Gemini in Chrome - Compute...
2026/04/22 14:29,2026/04/22 14:29,0:05,Webサイト（Chrome で Gemini を使用する - コンピューター - Gemini アプリ ヘルプ）の閲覧・調査 / 翻訳済み
2026/04/22 14:29,2026/04/22 14:30,0:05,Gmail / Gmail - Google Chrome / Webサイト（Chrome で Gemini を使用する - コンピューター - Gemini アプリ ヘルプ）の閲覧・調査 / Webサイト（Google Gemini）の閲覧・調査 / Webサイト（‎Google Gemini）の閲覧・調査
2026/04/22 14:31,2026/04/22 14:31,0:05,Webサイト（Chrome で Gemini を使用する - コンピューター - Gemini アプリ ヘルプ）の閲覧・調査 / 設定 - Google Chrome
2026/04/22 14:31,2026/04/22 14:31,0:05,Webサイト（Chrome で Gemini を使用する - コンピューター - Gemini アプリ ヘルプ）の閲覧・調査 / 設定 - Google Chrome
2026/04/22 14:31,2026/04/22 14:32,0:05,Webサイト（Chrome で Gemini を使用する - コンピューター - Gemini アプリ ヘルプ）の閲覧・調査 / Webサイト（Use Gemini in Chrome - Computer - Gemini アプリ ヘルプ）の閲覧・調査 / Webサイト（設定 - Chrome について）の閲覧・調査 / Webサイト（設定 - Google の設定）の閲覧・調査 / We...
2026/04/22 14:52,2026/04/22 14:52,0:05,サイボウズ（個人フォルダ - サイボウズ Office および他 1 ページ）での情報確認・処理
2026/04/22 14:52,2026/04/22 14:57,0:05,Webサイト（Chrome で Gemini を使用する - コンピューター - Gemini アプリ ヘルプ）の閲覧・調査 / Webサイト（コマンド プロンプト - ipconfig）の閲覧・調査 / Webサイト（コマンド プロンプト）の閲覧・調査 / Webサイト（リモート デスクトップ接続）の閲覧・調査 / Webサイト（設定 - Chrome について）の閲覧・調査
2026/04/22 15:34,2026/04/22 15:34,0:05,Webサイト（社内SEの仕事なんでも相談 - Google Gemini）の閲覧・調査
2026/04/22 15:39,2026/04/22 15:39,0:05,サイボウズ（個人フォルダ - サイボウズ Office および他 1 ページ）での情報確認・処理
2026/04/22 15:39,2026/04/22 15:42,0:05,Webサイト（bing.com/ck/a?!&&p=10d404aa57e75898c1aea57fb9876159f52673fde045d8bb63a6963061142cf1JmltdHM9MTc3NjcyOTYwMA&ptn=3&ver=2&hsh=4&fclid=07717525-73f7-6c18-2851-6332721f6d7e&psq=forestway&u=a1aHR0c...
2026/04/22 15:42,2026/04/22 15:43,0:05,PDF資料（【基本手順】Forestway承認機能_フォーレスト物品請求用_240927 (2).pdf）の確認
2026/04/22 15:43,2026/04/22 15:52,0:09,Webサイト（forest.co.jp/Forestway/menu/ および他 3 ページ）の閲覧・調査 / Webサイト（カート | フォレストウェイ および他 3 ページ）の閲覧・調査 / Webサイト（注文申請 | フォレストウェイ および他 3 ページ）の閲覧・調査 / Webサイト（注文申請内容確認 | フォレストウェイ および他 3 ページ）の閲覧・調査 / Webサイト（注文...
2026/04/22 15:52,2026/04/22 15:58,0:05,サイボウズ（Cybozu Exporter V6.42 - Infinite Scroll Fix）での情報確認・処理 / サイボウズ（スケジュール（グループ週表示） - サイボウズ Office および他 3 ページ）での情報確認・処理 / サイボウズ（スケジュール（グループ週表示） - サイボウズ Office）での情報確認・処理 / サイボウズ（ワークフロー（最新一覧） - サイボウズ...
2026/04/22 15:58,2026/04/22 15:58,0:05,PDF資料（【基本手順】Forestway承認機能_フォーレスト物品請求用_240927 (2).pdf）の確認
2026/04/22 15:58,2026/04/22 15:58,0:05,サイボウズ（個人フォルダ - サイボウズ Office および他 3 ページ）での情報確認・処理
2026/04/22 15:58,2026/04/22 16:08,0:09,Webサイト（10.85.33.223 - リモート デスクトップ接続）の閲覧・調査 / Webサイト（コマンド プロンプト）の閲覧・調査 / Webサイト（リモート デスクトップ接続）の閲覧・調査 / Webサイト（社内SEの仕事なんでも相談 - Google Gemini）の閲覧・調査 / Webサイト（設定 - Chrome について）の閲覧・調査
2026/04/22 16:08,2026/04/22 16:08,0:05,サイボウズ（メールの詳細 - サイボウズ Office - プロファイル 1 - Microsoft? Edge）での情報確認・処理
2026/04/22 16:08,2026/04/22 16:12,0:05,Webサイト（*hosts - メモ帳）の閲覧・調査 / Webサイト（10.85.33.223 - リモート デスクトップ接続）の閲覧・調査 / Webサイト（C:\Windows\System32\drivers\etc\hosts - サクラエディタ32bit 2.4.2.6048 (上書き禁止)）の閲覧・調査 / Webサイト（C:\Windows\System32\drivers\...
2026/04/22 16:12,2026/04/22 16:14,0:05,Webサイト（*hosts - メモ帳）の閲覧・調査 / Webサイト（hosts - メモ帳）の閲覧・調査 / Webサイト（test.bat - メモ帳）の閲覧・調査 / Webサイト（コマンド プロンプト のジャンプ リスト）の閲覧・調査 / Webサイト（サクラエディタ のジャンプ リスト）の閲覧・調査 / Webサイト（タイトルなし - メモ帳）の閲覧・調査 / Webサイト（社内...
2026/04/22 16:14,2026/04/22 16:14,0:05,サイボウズ（個人フォルダ - サイボウズ Office および他 3 ページ）での情報確認・処理
2026/04/22 16:14,2026/04/22 16:16,0:05,Webサイト（10.85.33.223 - リモート デスクトップ接続）の閲覧・調査 / Webサイト（bing.com/ck/a?!&&p=0c722af5e549ab72dc8f10af202719a452ed1ca21a18588587248d7118d4a0d0JmltdHM9MTc3NjgxNjAwMA&ptn=3&ver=2&hsh=4&fclid=07717525-73f7-6...
2026/04/22 16:16,2026/04/22 16:16,0:05,サイボウズ（メール本文 - サイボウズ Office）での情報確認・処理
2026/04/22 16:16,2026/04/22 16:16,0:05,Webサイト（社内SEの仕事なんでも相談 - Google Gemini）の閲覧・調査 / Webサイト（設定 - Chrome について）の閲覧・調査
2026/04/22 16:16,2026/04/22 16:16,0:05,メール（Re: 年間スケジュール変更の件）の閲覧・作成
2026/04/22 16:16,2026/04/22 16:16,0:05,Webサイト（社内SEの仕事なんでも相談 - Google Gemini）の閲覧・調査
2026/04/22 16:16,2026/04/22 16:16,0:05,Antigravityを用いた「システム開発・改善」の開発・相談
2026/04/22 16:16,2026/04/22 17:37,1:21,Webサイト（10.85.33.223 - リモート デスクトップ接続）の閲覧・調査 / Webサイト（bing.com/ck/a?!&&p=7d88e0f3e76bd93a9d0d07978b7073df4022119b1bff0ddb639f796f3c7a140dJmltdHM9MTc3NjgxNjAwMA&ptn=3&ver=2&hsh=4&fclid=07717525-73f7-6...
2026/04/22 17:37,2026/04/22 17:37,0:05,サイボウズ（Cybozu Exporter V6.42 - Infinite Scroll Fix）での情報確認・処理 / サイボウズ（メール本文 - サイボウズ Office）での情報確認・処理
2026/04/22 17:40,2026/04/22 17:56,0:15,Webサイト（10.85.33.223 - リモート デスクトップ接続）の閲覧・調査 / Webサイト（年齢認証 - FANZA）の閲覧・調査 / Webサイト（社内SEの仕事なんでも相談 - Google Gemini）の閲覧・調査
2026/04/22 17:56,2026/04/22 17:56,0:05,サイボウズ（Cybozu Exporter V6.42 - Infinite Scroll Fix）での情報確認・処理
2026/04/22 17:56,2026/04/22 18:03,0:07,Webサイト（bing.com/ck/a?!&&p=7d88e0f3e76bd93a9d0d07978b7073df4022119b1bff0ddb639f796f3c7a140dJmltdHM9MTc3NjgxNjAwMA&ptn=3&ver=2&hsh=4&fclid=07717525-73f7-6c18-2851-6332721f6d7e&psq=ファイヤーストレージ&u=a1aHR0...
2026/04/22 18:03,2026/04/22 18:03,0:05,サイボウズ（個人フォルダ - サイボウズ Office および他 2 ページ）での情報確認・処理
2026/04/22 18:04,2026/04/22 18:04,0:05,Webサイト（社内SEの仕事なんでも相談 - Google Gemini）の閲覧・調査
2026/04/22 18:05,2026/04/22 18:05,0:05,サイボウズ（メール本文 - サイボウズ Office）での情報確認・処理
2026/04/22 18:05,2026/04/22 18:06,0:05,Webサイト（TEST.xml - メモ帳）の閲覧・調査 / Webサイト（社内SEの仕事なんでも相談 - Google Gemini）の閲覧・調査
2026/04/23 09:08,2026/04/23 09:08,0:05,Webサイト（accounts.secure.freee.co.jp/sessions/new?redirect_url=https%3A%2F%2Fp.secure.freee.co.jp%2Fusers%2Fafter_login%3Fhash%3D&service_name=payroll&sign_up_url=https%3A%2F%2Faccounts.secure.freee....
2026/04/23 09:13,2026/04/23 09:13,0:05,サイボウズ（forestway.cybozu.com/login?redirect=https%3A%2F%2Fforestway%2Ecybozu%2Ecom%2Fo%2Fag%2Ecgi%3Fpage%3DWorkFlowIndex および他 3 ページ）での情報確認・処理 / サイボウズ（メッセージの詳細 - サイボウズ Office および他 3 ページ）での情報確認・処理 / サイ...
2026/04/23 09:17,2026/04/23 12:01,2:43,Webサイト（10.85.33.223 - リモート デスクトップ接続）の閲覧・調査 / Webサイト（192.169.5.5 - リモート デスクトップ接続）の閲覧・調査 / Webサイト（Claude）の閲覧・調査 / Webサイト（IDS および他 4 ページ）の閲覧・調査 / Webサイト（UAC - 検索 および他 4 ページ）の閲覧・調査 / Webサイト（UAC - 検索）の閲...
2026/04/23 12:46,2026/04/23 12:46,0:05,Webサイト（Google Gemini）の閲覧・調査 / Webサイト（RECAMPしょうなん?LAKE AREA?WILD FREE SITE - Google マップ）の閲覧・調査 / Webサイト（gemini.google.com/app?utm_source=app_launcher&utm_medium=owned&utm_campaign=base_all）の閲覧・調査 / ...
2026/04/23 13:18,2026/04/23 13:40,0:21,Webサイト（10.85.33.223 - リモート デスクトップ接続）の閲覧・調査 / Webサイト（192.169.5.5 - リモート デスクトップ接続）の閲覧・調査 / Webサイト（Chrome で Gemini を使用する - コンピューター - Gemini アプリ ヘルプ）の閲覧・調査 / Webサイト（Google ドライブ）の閲覧・調査 / Webサイト（Use Gemi...
2026/04/23 13:42,2026/04/23 13:42,0:05,サイボウズ（メール本文 - サイボウズ Office）での情報確認・処理
2026/04/23 13:42,2026/04/23 13:42,0:05,Webサイト（ネットワーク接続の復元）の閲覧・調査
2026/04/23 13:42,2026/04/23 13:42,0:05,サイボウズ（個人フォルダ - サイボウズ Office）での情報確認・処理
2026/04/23 13:42,2026/04/23 13:46,0:05,Webサイト（AIにおける次の大きなトレンドは「ダークファクトリー」 | Business Insider Japan）の閲覧・調査 / Webサイト（Google Chrome）の閲覧・調査 / Webサイト（Google Gemini）の閲覧・調査 / Webサイト（Google）の閲覧・調査 / Webサイト（Silent Delivery: A Technical Roadmap f...
2026/04/23 13:46,2026/04/23 13:46,0:05,サイボウズ（メール本文 - サイボウズ Office - プロファイル 1 - Microsoft? Edge）での情報確認・処理
2026/04/23 13:46,2026/04/23 13:51,0:05,Webサイト（10.85.33.223 - リモート デスクトップ接続）の閲覧・調査 / Webサイト（コマンド プロンプト - net  stop workstation /y）の閲覧・調査 / Webサイト（コマンド プロンプト - net  use * /delete /y）の閲覧・調査 / Webサイト（コマンド プロンプト）の閲覧・調査 / Webサイト（コントロール パネル\すべ...
2026/04/23 13:52,2026/04/23 13:52,0:05,サイボウズ（メール本文 - サイボウズ Office）での情報確認・処理 / サイボウズ（個人フォルダ - サイボウズ Office）での情報確認・処理
2026/04/23 13:52,2026/04/23 14:21,0:28,Webサイト（10.85.33.223 - リモート デスクトップ接続）の閲覧・調査 / Webサイト（192.169.5.5 - リモート デスクトップ接続）の閲覧・調査 / Webサイト（AIにおける次の大きなトレンドは「ダークファクトリー」 | Business Insider Japan）の閲覧・調査 / Webサイト（Cisco AnyConnect Secure Mobility...
2026/04/23 14:23,2026/04/23 14:23,0:05,サイボウズ（メール本文 - サイボウズ Office - プロファイル 1 - Microsoft? Edge）での情報確認・処理
2026/04/23 14:23,2026/04/23 14:25,0:05,Webサイト（10.85.33.223 - リモート デスクトップ接続）の閲覧・調査 / Webサイト（Webブロックマスタ候補リスト_V1 - Google スプレッドシート）の閲覧・調査 / Webサイト（hostsファイルでサイトアクセスを制限 - Google Gemini）の閲覧・調査 / Webサイト（ホーム - Google ドライブ）の閲覧・調査
2026/04/23 14:25,2026/04/23 14:25,0:05,サイボウズ（メール本文 - サイボウズ Office）での情報確認・処理 / サイボウズ（個人フォルダ - サイボウズ Office および他 3 ページ）での情報確認・処理
2026/04/23 14:25,2026/04/23 14:50,0:24,Webサイト（10.85.33.223 - リモート デスクトップ接続）の閲覧・調査 / Webサイト（192.169.5.5 - リモート デスクトップ接続）の閲覧・調査 / Webサイト（Google Gemini）の閲覧・調査 / Webサイト（Google NotebookLM）の閲覧・調査 / Webサイト（Google ドライブ）の閲覧・調査 / Webサイト（Google）の閲...
2026/04/23 14:50,2026/04/23 14:50,0:05,Webサイト（起動しています - Excel）の閲覧・調査 / スタート
2026/04/23 14:50,2026/04/23 15:07,0:17,Excel / Webサイト（10.85.33.223 - リモート デスクトップ接続）の閲覧・調査 / Webサイト（192.169.5.5 - リモート デスクトップ接続）の閲覧・調査 / Webサイト（Book1 - Excel）の閲覧・調査 / Webサイト（Google Gemini）の閲覧・調査 / Webサイト（Loading Notebook... - NotebookLM）...
2026/04/23 15:07,2026/04/23 15:08,0:05,Excelファイル（アプリケーション アプリ別(アプリ一覧).csv）の入力・編集
2026/04/23 15:08,2026/04/23 16:10,1:01,Webサイト（10.85.33.223 - リモート デスクトップ接続）の閲覧・調査 / Webサイト（Book1 - Excel）の閲覧・調査 / Webサイト（Loading Notebook... - NotebookLM）の閲覧・調査 / Webサイト（New Tab - Comet）の閲覧・調査 / Webサイト（NotebookLM）の閲覧・調査 / Webサイト（Perplex...
2026/04/23 16:10,2026/04/23 16:10,0:05,Antigravityを用いた「システム開発・改善」の開発・相談 / スタート
2026/04/23 16:10,2026/04/23 16:25,0:14,Webサイト（10.85.33.223 - リモート デスクトップ接続）の閲覧・調査 / Webサイト（192.169.5.5 - リモート デスクトップ接続）の閲覧・調査 / Webサイト（Book1 - Excel）の閲覧・調査 / Webサイト（hostsファイルでサイトアクセスを制限 - Google Gemini）の閲覧・調査 / Webサイト（リモート デスクトップ接続 のジャン...
2026/04/23 16:25,2026/04/23 16:26,0:05,Webサイト（Book1 - Excel）の閲覧・調査 / Webサイト（名前を付けて保存）の閲覧・調査 / 並べ替え
2026/04/23 16:26,2026/04/23 16:26,0:05,Excelファイル（IT規制Webサイト設定.xlsx）の入力・編集
2026/04/23 16:26,2026/04/23 16:59,0:32,Excel / Webサイト（10.85.33.223 - リモート デスクトップ接続）の閲覧・調査 / Webサイト（192.169.5.5 - リモート デスクトップ接続）の閲覧・調査 / Webサイト（Claude）の閲覧・調査 / Webサイト（Google Gemini）の閲覧・調査 / Webサイト（NotebookLM）の閲覧・調査 / Webサイト（SKYSEAでのChrom...
2026/04/23 16:59,2026/04/23 16:59,0:05,Antigravityを用いた「システム開発・改善」の開発・相談
2026/04/23 16:59,2026/04/23 17:00,0:05,Webサイト（10.85.33.223 - リモート デスクトップ接続）の閲覧・調査 / Webサイト（起動しています - Excel）の閲覧・調査
2026/04/23 17:00,2026/04/23 17:00,0:05,Excelファイル（IT規制Webサイト設定.xlsx）の入力・編集
2026/04/23 17:00,2026/04/23 17:01,0:05,Webサイト（Claude）の閲覧・調査 / Webサイト（NotebookLM）の閲覧・調査 / Webサイト（サイト名と危険度を列に追加 - Claude）の閲覧・調査 / Webサイト（最近のダウンロード履歴）の閲覧・調査 / Webサイト（起動しています - Excel）の閲覧・調査
2026/04/23 17:01,2026/04/23 17:01,0:05,Excelファイル（IT規制Webサイト設定_v3.xlsx ）の入力・編集 / Excelファイル（IT規制Webサイト設定_v3.xlsx）の入力・編集
2026/04/23 17:01,2026/04/23 17:02,0:05,Excelファイル（IT規制Webサイト設定_v3.xlsx）の入力・編集 / 並べ替え
2026/04/23 17:02,2026/04/23 17:03,0:05,Excelファイル（IT規制Webサイト設定_v3.xlsx）の入力・編集 / 重複の削除
2026/04/23 17:03,2026/04/23 17:03,0:05,Webサイト（Microsoft Excel）の閲覧・調査
2026/04/23 17:03,2026/04/23 17:04,0:05,Excelファイル（IT規制Webサイト設定_v3.xlsx）の入力・編集
2026/04/23 17:04,2026/04/23 17:04,0:05,Webサイト（移動または??コピー）の閲覧・調査
2026/04/23 17:04,2026/04/23 17:05,0:05,Excelファイル（IT規制Webサイト設定_v3.xlsx）の入力・編集
2026/04/23 17:07,2026/04/23 17:07,0:05,Webサイト（10.85.33.223 - リモート デスクトップ接続）の閲覧・調査
2026/04/23 17:12,2026/04/23 17:12,0:05,Excelファイル（IT規制Webサイト設定_v3.xlsx）の入力・編集
2026/04/23 17:12,2026/04/23 17:12,0:05,Excel / Webサイト（10.85.33.223 - リモート デスクトップ接続）の閲覧・調査 / Webサイト（起動しています - Excel）の閲覧・調査
2026/04/23 17:12,2026/04/23 17:12,0:05,Excelファイル（IT規制Webサイト設定.xlsx）の入力・編集
2026/04/23 17:12,2026/04/23 17:12,0:05,Webサイト（10.85.33.223 - リモート デスクトップ接続）の閲覧・調査 / Webサイト（起動しています - Excel）の閲覧・調査
2026/04/23 17:12,2026/04/23 17:12,0:05,Excelファイル（アプリケーション アプリ別(アプリ一覧).csv）の入力・編集
2026/04/23 17:12,2026/04/23 17:12,0:05,Webサイト（起動しています - Excel）の閲覧・調査
2026/04/23 17:12,2026/04/23 17:12,0:05,Excelファイル（IT規制Webサイト設定_v3.xlsx）の入力・編集
2026/04/23 17:13,2026/04/23 17:28,0:15,Excel / Webサイト（10.85.33.223 - リモート デスクトップ接続）の閲覧・調査 / Webサイト（サイト名と危険度を列に追加 - Claude）の閲覧・調査 / Webサイト（起動しています - Excel）の閲覧・調査
2026/04/23 17:28,2026/04/23 17:28,0:05,Excelファイル（IT規制Webサイト設定_v3.xlsx）の入力・編集
2026/04/23 17:35,2026/04/23 17:35,0:05,Webサイト（サイト名と危険度を列に追加 - Claude）の閲覧・調査
2026/04/23 17:35,2026/04/23 17:35,0:05,サイボウズ（メール本文 - サイボウズ Office - プロファイル 1 - Microsoft? Edge）での情報確認・処理
2026/04/23 17:35,2026/04/23 17:35,0:05,Webサイト（サイト名と危険度を列に追加 - Claude）の閲覧・調査 / Webサイト（起動しています - Excel）の閲覧・調査
2026/04/23 17:35,2026/04/23 17:37,0:05,Excelファイル（IT規制Webサイト設定_v3.xlsx）の入力・編集
2026/04/23 17:40,2026/04/23 17:51,0:10,Webサイト（10.85.33.223 - リモート デスクトップ接続）の閲覧・調査
2026/04/23 17:55,2026/04/23 18:03,0:08,Webサイト（10.85.33.223 - リモート デスクトップ接続）の閲覧・調査 / Webサイト（192.169.5.5 - リモート デスクトップ接続）の閲覧・調査 / インポート
2026/04/23 18:03,2026/04/23 18:03,0:05,Excelファイル（IT規制Webサイト設定_v3.xlsx）の入力・編集
2026/04/23 18:03,2026/04/23 18:47,0:43,Webサイト（10.85.33.223 - リモート デスクトップ接続）の閲覧・調査 / Webサイト（192.169.5.5 - リモート デスクトップ接続）の閲覧・調査 / Webサイト（コマンド プロンプト）の閲覧・調査
2026/04/23 18:47,2026/04/23 18:47,0:05,Excelファイル（IT規制Webサイト設定_v3.xlsx）の入力・編集
2026/04/23 18:47,2026/04/23 18:56,0:08,Webサイト（*test555.bat - メモ帳）の閲覧・調査 / Webサイト（10.85.33.223 - リモート デスクトップ接続）の閲覧・調査 / Webサイト（TEST.xml - メモ帳）の閲覧・調査 / Webサイト（test555.bat - メモ帳）の閲覧・調査 / Webサイト（サイト名と危険度を列に追加 - Claude）の閲覧・調査 / Webサイト（タイトルなし...
2026/04/23 19:00,2026/04/23 19:00,0:05,サイボウズ（個人フォルダ - サイボウズ Office および他 3 ページ）での情報確認・処理
2026/04/23 19:00,2026/04/23 19:18,0:17,Webサイト（10.85.33.223 - リモート デスクトップ接続）の閲覧・調査 / Webサイト（accounts.secure.freee.co.jp/sessions/new?redirect_url=https%3A%2F%2Fp.secure.freee.co.jp%2Fusers%2Fafter_login%3Fhash%3D&service_name=payroll&sig...
2026/04/23 19:20,2026/04/23 19:20,0:05,Excelファイル（IT規制Webサイト設定_v3.xlsx）の入力・編集
2026/04/23 19:20,2026/04/23 19:20,0:05,Webサイト（Microsoft Excel）の閲覧・調査
2026/04/23 19:20,2026/04/23 19:20,0:05,Excelファイル（IT規制Webサイト設定_v3.xlsx）の入力・編集
2026/04/23 19:20,2026/04/23 19:20,0:05,Webサイト（10.85.33.223 - リモート デスクトップ接続）の閲覧・調査
2026/04/23 19:20,2026/04/23 19:20,0:05,Excelファイル（IT規制Webサイト設定_v3.xlsx）の入力・編集
2026/04/23 19:20,2026/04/23 19:20,0:05,Webサイト（10.85.33.223 - リモート デスクトップ接続）の閲覧・調査
2026/04/23 19:22,2026/04/23 19:22,0:05,Excelファイル（IT規制Webサイト設定_v3.xlsx）の入力・編集
2026/04/23 19:22,2026/04/23 19:22,0:05,Webサイト（10.85.33.223 - リモート デスクトップ接続）の閲覧・調査
2026/04/23 19:22,2026/04/23 19:22,0:05,Excelファイル（IT規制Webサイト設定_v3.xlsx）の入力・編集
2026/04/23 19:23,2026/04/23 19:23,0:05,Webサイト（10.85.33.223 - リモート デスクトップ接続）の閲覧・調査 / Webサイト（ファイルのコピー）の閲覧・調査
2026/04/23 19:23,2026/04/23 19:23,0:05,Excelファイル（IT規制Webサイト設定_v3.xlsx）の入力・編集
2026/04/23 19:23,2026/04/23 19:30,0:06,Webサイト（10.85.33.223 - リモート デスクトップ接続）の閲覧・調査
2026/04/24 08:59,2026/04/24 08:59,0:05,Excelファイル（IT規制Webサイト設定_v3.xlsx）の入力・編集
2026/04/24 08:59,2026/04/24 09:07,0:08,Webサイト（10.85.33.223 - リモート デスクトップ接続）の閲覧・調査 / Webサイト（192.169.5.5 - リモート デスクトップ接続）の閲覧・調査 / Webサイト（accounts.secure.freee.co.jp/sessions/new?redirect_url=https%3A%2F%2Fp.secure.freee.co.jp%2Fusers%2Faf...
2026/04/24 09:07,2026/04/24 09:07,0:05,サイボウズ（forestway.cybozu.com/o/ag.cgi?page=MailIndex および他 3 ページ）での情報確認・処理 / サイボウズ（トップページ - サイボウズ Office および他 3 ページ）での情報確認・処理 / サイボウズ（トップページ - サイボウズ Office）での情報確認・処理 / サイボウズ（メッセージの詳細 - サイボウズ Office およ...
2026/04/24 09:07,2026/04/24 09:08,0:05,メール（2.システム運営課）の閲覧・作成 / メール（Mozilla Thunderbird）の閲覧・作成 / メール（Re: 年間スケジュール変更の件）の閲覧・作成 / メール（ホーム）の閲覧・作成 / メール（受信トレイ）の閲覧・作成 / メール（宮澤）の閲覧・作成
2026/04/24 09:08,2026/04/24 09:08,0:05,サイボウズ（メール - サイボウズ Office および他 3 ページ）での情報確認・処理
2026/04/24 09:08,2026/04/24 09:11,0:05,Webサイト（10.85.33.223 - リモート デスクトップ接続）の閲覧・調査 / Webサイト（WindowsアプリやAIの活用法、最新ニュース - 窓の杜）の閲覧・調査 / Webサイト（サイト名と危険度を列に追加 - Claude）の閲覧・調査 / Webサイト（セキュリティ 脆弱性 - 窓の杜）の閲覧・調査 / Webサイト（窓の杜 - Google 検索）の閲覧・調査
2026/04/24 09:12,2026/04/24 09:12,0:05,サイボウズ（メール - サイボウズ Office および他 3 ページ）での情報確認・処理
2026/04/24 09:12,2026/04/24 09:38,0:26,Webサイト（10.85.33.223 - リモート デスクトップ接続）の閲覧・調査 / Webサイト（192.169.5.5 - リモート デスクトップ接続）の閲覧・調査 / Webサイト（リモート デスクトップ接続）の閲覧・調査
2026/04/24 09:41,2026/04/24 09:41,0:05,Excelファイル（IT規制Webサイト設定_v3.xlsx）の入力・編集
2026/04/24 09:41,2026/04/24 09:41,0:05,Webサイト（10.85.33.223 - リモート デスクトップ接続）の閲覧・調査
2026/04/24 09:41,2026/04/24 09:41,0:05,Excelファイル（IT規制Webサイト設定_v3.xlsx）の入力・編集
2026/04/24 09:41,2026/04/24 09:41,0:05,Webサイト（10.85.33.223 - リモート デスクトップ接続）の閲覧・調査
2026/04/24 09:44,2026/04/24 10:46,1:01,Webサイト（10.85.33.223 - リモート デスクトップ接続）の閲覧・調査 / Webサイト（192.169.5.5 - リモート デスクトップ接続）の閲覧・調査 / Webサイト（このアプリはお使いの PC では実行できません）の閲覧・調査 / Webサイト（タイトルなし - メモ帳）の閲覧・調査 / Webサイト（ファイルが更新されました）の閲覧・調査 / Webサイト（リモー...
2026/04/24 10:47,2026/04/24 10:47,0:05,Excelファイル（IT規制Webサイト設定_v3.xlsx）の入力・編集
2026/04/24 10:47,2026/04/24 10:47,0:05,Webサイト（10.85.33.223 - リモート デスクトップ接続）の閲覧・調査
2026/04/24 10:47,2026/04/24 10:47,0:05,Excelファイル（IT規制Webサイト設定_v3.xlsx）の入力・編集
2026/04/24 10:48,2026/04/24 10:48,0:05,Webサイト（10.85.33.223 - リモート デスクトップ接続）の閲覧・調査
2026/04/24 10:48,2026/04/24 10:48,0:05,Excelファイル（IT規制Webサイト設定_v3.xlsx）の入力・編集
2026/04/24 10:48,2026/04/24 10:48,0:05,Webサイト（10.85.33.223 - リモート デスクトップ接続）の閲覧・調査
2026/04/24 10:49,2026/04/24 10:49,0:05,Excelファイル（IT規制Webサイト設定_v3.xlsx）の入力・編集
2026/04/24 10:49,2026/04/24 10:49,0:05,Webサイト（10.85.33.223 - リモート デスクトップ接続）の閲覧・調査
2026/04/24 10:49,2026/04/24 10:49,0:05,Excelファイル（IT規制Webサイト設定_v3.xlsx）の入力・編集
2026/04/24 10:50,2026/04/24 10:50,0:05,Webサイト（10.85.33.223 - リモート デスクトップ接続）の閲覧・調査
2026/04/24 10:51,2026/04/24 10:51,0:05,Excelファイル（IT規制Webサイト設定_v3.xlsx）の入力・編集
2026/04/24 10:51,2026/04/24 10:52,0:05,Webサイト（10.85.33.223 - リモート デスクトップ接続）の閲覧・調査
2026/04/24 10:52,2026/04/24 10:52,0:05,Excelファイル（IT規制Webサイト設定_v3.xlsx）の入力・編集
2026/04/24 10:52,2026/04/24 10:53,0:05,Webサイト（10.85.33.223 - リモート デスクトップ接続）の閲覧・調査
2026/04/24 10:53,2026/04/24 10:53,0:05,Excelファイル（IT規制Webサイト設定_v3.xlsx）の入力・編集
2026/04/24 10:54,2026/04/24 10:54,0:05,Webサイト（10.85.33.223 - リモート デスクトップ接続）の閲覧・調査
2026/04/24 10:55,2026/04/24 10:55,0:05,Excelファイル（IT規制Webサイト設定_v3.xlsx）の入力・編集
2026/04/24 10:55,2026/04/24 10:55,0:05,Webサイト（10.85.33.223 - リモート デスクトップ接続）の閲覧・調査
2026/04/24 10:56,2026/04/24 10:56,0:05,Excelファイル（IT規制Webサイト設定_v3.xlsx）の入力・編集
2026/04/24 10:56,2026/04/24 10:56,0:05,Webサイト（10.85.33.223 - リモート デスクトップ接続）の閲覧・調査
2026/04/24 10:56,2026/04/24 10:56,0:05,Excelファイル（IT規制Webサイト設定_v3.xlsx）の入力・編集
2026/04/24 10:56,2026/04/24 10:56,0:05,Webサイト（10.85.33.223 - リモート デスクトップ接続）の閲覧・調査
2026/04/24 10:56,2026/04/24 10:56,0:05,Excelファイル（IT規制Webサイト設定_v3.xlsx）の入力・編集
2026/04/24 10:57,2026/04/24 10:57,0:05,Webサイト（10.85.33.223 - リモート デスクトップ接続）の閲覧・調査
2026/04/24 10:57,2026/04/24 10:57,0:05,Excelファイル（IT規制Webサイト設定_v3.xlsx）の入力・編集
2026/04/24 10:57,2026/04/24 10:58,0:05,Webサイト（10.85.33.223 - リモート デスクトップ接続）の閲覧・調査
2026/04/24 10:59,2026/04/24 10:59,0:05,Excelファイル（IT規制Webサイト設定_v3.xlsx）の入力・編集
2026/04/24 10:59,2026/04/24 10:59,0:05,Webサイト（10.85.33.223 - リモート デスクトップ接続）の閲覧・調査 / Webサイト（192.169.5.5 - リモート デスクトップ接続）の閲覧・調査
2026/04/24 11:01,2026/04/24 11:01,0:05,Excelファイル（IT規制Webサイト設定_v3.xlsx）の入力・編集
2026/04/24 11:02,2026/04/24 11:02,0:05,Webサイト（10.85.33.223 - リモート デスクトップ接続）の閲覧・調査
2026/04/24 11:03,2026/04/24 11:03,0:05,Excelファイル（IT規制Webサイト設定_v3.xlsx）の入力・編集
2026/04/24 11:03,2026/04/24 11:03,0:05,Webサイト（10.85.33.223 - リモート デスクトップ接続）の閲覧・調査
2026/04/24 11:04,2026/04/24 11:04,0:05,Excelファイル（IT規制Webサイト設定_v3.xlsx）の入力・編集
2026/04/24 11:04,2026/04/24 11:04,0:05,Webサイト（10.85.33.223 - リモート デスクトップ接続）の閲覧・調査
2026/04/24 11:04,2026/04/24 11:04,0:05,Excelファイル（IT規制Webサイト設定_v3.xlsx）の入力・編集
2026/04/24 11:04,2026/04/24 11:04,0:05,Webサイト（10.85.33.223 - リモート デスクトップ接続）の閲覧・調査
2026/04/24 11:04,2026/04/24 11:04,0:05,Excelファイル（IT規制Webサイト設定_v3.xlsx）の入力・編集
2026/04/24 11:05,2026/04/24 11:05,0:05,Webサイト（10.85.33.223 - リモート デスクトップ接続）の閲覧・調査
2026/04/24 11:05,2026/04/24 11:05,0:05,Excelファイル（IT規制Webサイト設定_v3.xlsx）の入力・編集
2026/04/24 11:05,2026/04/24 11:05,0:05,Webサイト（10.85.33.223 - リモート デスクトップ接続）の閲覧・調査
2026/04/24 11:05,2026/04/24 11:05,0:05,Excelファイル（IT規制Webサイト設定_v3.xlsx）の入力・編集
2026/04/24 11:05,2026/04/24 11:06,0:05,Webサイト（10.85.33.223 - リモート デスクトップ接続）の閲覧・調査
2026/04/24 11:06,2026/04/24 11:06,0:05,Webサイト（ファイルの置換またはスキップ）の閲覧・調査 / 進行状況
2026/04/24 11:06,2026/04/24 11:07,0:05,0% 完了 / Webサイト（10.85.33.223 - リモート デスクトップ接続）の閲覧・調査 / Webサイト（22% 完了）の閲覧・調査 / Webサイト（77% 完了）の閲覧・調査
2026/04/24 11:24,2026/04/24 11:27,0:05,Webサイト（名前を付けて保存の確認）の閲覧・調査 / Webサイト（名前を付けて保存）の閲覧・調査 / Webサイト（開いているファイル - セキュリティの警告）の閲覧・調査 / 名前の変更
2026/04/24 11:29,2026/04/24 11:29,0:05,Excelファイル（IT規制Webサイト設定_v3.xlsx）の入力・編集
2026/04/24 11:29,2026/04/24 11:29,0:05,Webサイト（192.169.5.5 - リモート デスクトップ接続）の閲覧・調査
2026/04/24 11:30,2026/04/24 11:30,0:05,Webサイト（192.169.5.5 - リモート デスクトップ接続）の閲覧・調査 / Webサイト（名前を付けて保存の確認）の閲覧・調査 / Webサイト（名前を付けて保存）の閲覧・調査 / Webサイト（開いているファイル - セキュリティの警告）の閲覧・調査 / 名前の変更
2026/04/24 11:31,2026/04/24 15:03,3:32,Webサイト（10.85.33.223 - リモート デスクトップ接続）の閲覧・調査 / Webサイト（192.169.5.5 - リモート デスクトップ接続）の閲覧・調査 / Webサイト（Perplexity - Comet）の閲覧・調査 / Webサイト（ファイルの削除）の閲覧・調査 / Webサイト（メモ.txt - サクラエディタ32bit 2.4.2.6048）の閲覧・調査 / ...
2026/04/24 15:09,2026/04/24 15:09,0:05,サイボウズ（forestway.cybozu.com/o/ag.cgi?page=FileView&fCID=1247805&fFID=1255601 および他 4 ページ）での情報確認・処理 / サイボウズ（forestway.cybozu.com/o/ag.cgi?page=MyFolderIndex および他 3 ページ）での情報確認・処理 / サイボウズ（ファイルの詳細 - サイボウ...
2026/04/24 15:09,2026/04/24 15:09,0:05,Excelファイル（2026年4月度【社員】勤怠申請・承認のご依頼0424.xlsx ）の入力・編集 / Excelファイル（IT規制Webサイト設定_v3.xlsx）の入力・編集
2026/04/24 15:11,2026/04/24 15:17,0:06,サイボウズ（forestway.cybozu.com/o/ag.cgi?page=FileView&fCID=1247805&fFID=1255601 および他 5 ページ）での情報確認・処理 / サイボウズ（ファイルの詳細 - サイボウズ Office および他 4 ページ）での情報確認・処理 / サイボウズ（ファイルの詳細 - サイボウズ Office および他 5 ページ）での情報確認...
2026/04/24 15:18,2026/04/24 15:21,0:05,Webサイト（Creating Notebook...）の閲覧・調査 / Webサイト（Loading Notebook... - NotebookLM）の閲覧・調査 / Webサイト（NotebookLM）の閲覧・調査 / Webサイト（Untitled notebook - NotebookLM）の閲覧・調査 / Webサイト（hostsファイルでサイトアクセスを制限 - Noteboo...
2026/04/24 15:27,2026/04/24 15:27,0:05,サイボウズ（メッセージの送信 - サイボウズ Office および他 4 ページ）での情報確認・処理
2026/04/24 15:27,2026/04/24 15:33,0:05,Webサイト（Google NotebookLM）の閲覧・調査 / Webサイト（NotebookLM）の閲覧・調査 / Webサイト（bing.com/search?q=forestway&cvid=7fe0b788ccbd4d13b7cabfb4de63222a&gs_lcrp=EgRlZGdlKgYIABBFGDsyBggAEEUYOzIGCAEQABhAMgYIAhAAGEAyBgg...
2026/04/24 15:38,2026/04/24 15:38,0:05,Excelファイル（IT規制Webサイト設定_v3.xlsx）の入力・編集
2026/04/24 15:39,2026/04/24 16:17,0:37,Webサイト（192.169.5.5 - リモート デスクトップ接続）の閲覧・調査 / Webサイト（192.169.5.5 に接続中）の閲覧・調査 / Webサイト（NotebookLM）の閲覧・調査 / Webサイト（リモート デスクトップ接続 のジャンプ リスト）の閲覧・調査 / Webサイト（リモート デスクトップ接続）の閲覧・調査
2026/04/24 16:17,2026/04/24 16:18,0:05,Excelファイル（IT規制Webサイト設定.xlsx）の入力・編集 / Excelファイル（IT規制Webサイト設定_v3.xlsx）の入力・編集
2026/04/24 16:18,2026/04/24 16:18,0:05,Webサイト（名前を付けて保存）の閲覧・調査
2026/04/24 16:18,2026/04/24 16:18,0:05,Excelファイル（2026年4月度【社員】勤怠申請・承認のご依頼0424.xlsx ）の入力・編集 / Excelファイル（IT規制Webサイト設定.xlsx）の入力・編集 / Excelファイル（IT規制Webサイト設定_v3.xlsx）の入力・編集
2026/04/24 16:18,2026/04/24 16:18,0:05,Webサイト（192.169.5.5 - リモート デスクトップ接続）の閲覧・調査
2026/04/24 16:19,2026/04/24 16:19,0:05,Excelファイル（2026年4月度【社員】勤怠申請・承認のご依頼0424.xlsx ）の入力・編集
2026/04/24 16:19,2026/04/24 16:19,0:05,Excel / Webサイト（起動しています - Excel）の閲覧・調査 / スタート
2026/04/24 16:19,2026/04/24 16:19,0:05,Excel / Excelファイル（IT規制Webサイト設定_v3.xlsx）の入力・編集
2026/04/24 16:19,2026/04/24 16:34,0:14,Excel / Webサイト（192.169.5.5 - リモート デスクトップ接続）の閲覧・調査 / Webサイト（NotebookLM）の閲覧・調査 / Webサイト（リモート デスクトップ接続 のジャンプ リスト）の閲覧・調査 / Webサイト（リモート デスクトップ接続）の閲覧・調査 / Webサイト（注文完了 | フォレストウェイ および他 5 ページ）の閲覧・調査
2026/04/24 16:34,2026/04/24 16:34,0:05,サイボウズ（メッセージの送信 - サイボウズ Office および他 5 ページ）での情報確認・処理
2026/04/24 16:38,2026/04/24 16:38,0:05,Webサイト（NotebookLM）の閲覧・調査
2026/04/24 16:44,2026/04/24 16:44,0:05,サイボウズ（メッセージの送信 - サイボウズ Office および他 5 ページ）での情報確認・処理
2026/04/24 16:44,2026/04/24 16:45,0:05,Webサイト（NotebookLM）の閲覧・調査 / Webサイト（起動しています - Excel）の閲覧・調査
2026/04/24 16:45,2026/04/24 16:45,0:05,Excel / Webサイト（起動しています - Excel）の閲覧・調査
2026/04/24 16:45,2026/04/24 16:45,0:05,Excelファイル（IT規制Webサイト設定_v3.xlsx ）の入力・編集 / Excelファイル（起動しています）の入力・編集
2026/04/24 16:45,2026/04/24 16:46,0:05,Excelファイル（IT規制Webサイト設定_v3.xlsx ）の入力・編集 / 検索と置換
2026/04/24 16:46,2026/04/24 16:50,0:05,Webサイト（192.169.5.5 - リモート デスクトップ接続）の閲覧・調査 / Webサイト（リモート デスクトップ接続 のジャンプ リスト）の閲覧・調査 / Webサイト（リモート デスクトップ接続）の閲覧・調査
2026/04/24 16:50,2026/04/24 16:50,0:05,Excelファイル（IT規制Webサイト設定_v3.xlsx ）の入力・編集
2026/04/24 16:50,2026/04/24 16:50,0:05,Webサイト（Microsoft Excel）の閲覧・調査
2026/04/24 16:50,2026/04/24 16:50,0:05,Excelファイル（IT規制Webサイト設定_v3.xlsx ）の入力・編集
2026/04/24 16:50,2026/04/24 16:50,0:05,Webサイト（名前を付けて保存）の閲覧・調査
2026/04/24 16:50,2026/04/24 16:50,0:05,Excelファイル（IT規制Webサイト設定_v3.xlsx ）の入力・編集 / Excelファイル（コピーIT規制Webサイト設定_v3.xlsx ）の入力・編集
2026/04/24 16:50,2026/04/24 16:50,0:05,Excel / Webサイト（NotebookLM）の閲覧・調査
2026/04/24 16:50,2026/04/24 16:50,0:05,サイボウズ（メッセージの送信 - サイボウズ Office および他 5 ページ）での情報確認・処理
2026/04/24 16:50,2026/04/24 16:50,0:05,Webサイト（サイトから移動しますか?）の閲覧・調査
2026/04/24 16:50,2026/04/24 16:50,0:05,サイボウズ（メッセージの送信 - サイボウズ Office および他 5 ページ）での情報確認・処理
2026/04/24 16:50,2026/04/24 16:51,0:05,Antigravityを用いた「システム開発・改善」の開発・相談 / スタート
2026/04/24 16:51,2026/04/24 16:51,0:05,Antigravityを用いた「システム開発・改善」の開発・相談 / スタート
2026/04/24 16:51,2026/04/24 16:51,0:05,Webサイト（Manager）の閲覧・調査
2026/04/24 16:51,2026/04/24 16:51,0:05,Antigravityを用いた「システム開発・改善」の開発・相談
2026/04/24 16:53,2026/04/24 17:28,0:35,"Webサイト（1,300年に一度の巨大波がカナダ沖で発見! | Watch および他 1 ページ）の閲覧・調査 / Webサイト（1,300年に一度の巨大波がカナダ沖で発見! | Watch）の閲覧・調査 / Webサイト（192.169.5.5 - リモート デスクトップ接続）の閲覧・調査 / Webサイト（MSN および他 1 ページ）の閲覧・調査 / Webサイト（New Tab - ..."
2026/04/24 17:28,2026/04/24 17:28,0:05,Excel / Webサイト（起動しています - Excel）の閲覧・調査
2026/04/24 17:28,2026/04/24 17:28,0:05,Excelファイル（IT規制Webサイト設定_v3.xlsx ）の入力・編集 / Excelファイル（起動しています）の入力・編集
2026/04/24 17:28,2026/04/24 17:38,0:09,Webサイト（10.85.33.223 - リモート デスクトップ接続）の閲覧・調査 / Webサイト（Webサイトブロック用のリストなんだが、別AIで生成の結果あってるものと間違ってるものがある。 これらを修正したい。 - Comet）の閲覧・調査 / Webサイト（リモート デスクトップ接続）の閲覧・調査
2026/04/24 17:38,2026/04/24 17:38,0:05,Excelファイル（IT規制Webサイト設定_v3.xlsx ）の入力・編集
2026/04/24 17:39,2026/04/24 17:39,0:05,Webサイト（10.85.33.223 - リモート デスクトップ接続）の閲覧・調査
2026/04/24 17:39,2026/04/24 17:39,0:05,Excelファイル（IT規制Webサイト設定_v3.xlsx ）の入力・編集
2026/04/24 17:39,2026/04/24 17:39,0:05,Webサイト（10.85.33.223 - リモート デスクトップ接続）の閲覧・調査
2026/04/24 17:39,2026/04/24 17:39,0:05,Excelファイル（IT規制Webサイト設定_v3.xlsx ）の入力・編集
2026/04/24 17:39,2026/04/24 17:39,0:05,Webサイト（Microsoft Excel）の閲覧・調査
2026/04/24 17:39,2026/04/24 17:39,0:05,Excelファイル（IT規制Webサイト設定_v3.xlsx ）の入力・編集
2026/04/24 17:39,2026/04/24 17:39,0:05,Webサイト（10.85.33.223 - リモート デスクトップ接続）の閲覧・調査
2026/04/24 17:40,2026/04/24 17:40,0:05,Excelファイル（IT規制Webサイト設定_v3.xlsx ）の入力・編集
2026/04/24 17:40,2026/04/24 17:40,0:05,Webサイト（10.85.33.223 - リモート デスクトップ接続）の閲覧・調査
2026/04/24 17:40,2026/04/24 17:40,0:05,Excelファイル（IT規制Webサイト設定_v3.xlsx ）の入力・編集
2026/04/24 17:41,2026/04/24 17:41,0:05,Webサイト（10.85.33.223 - リモート デスクトップ接続）の閲覧・調査
2026/04/24 17:41,2026/04/24 17:41,0:05,Excelファイル（IT規制Webサイト設定_v3.xlsx ）の入力・編集
2026/04/24 17:41,2026/04/24 17:41,0:05,Webサイト（10.85.33.223 - リモート デスクトップ接続）の閲覧・調査
2026/04/24 17:41,2026/04/24 17:41,0:05,Excelファイル（IT規制Webサイト設定_v3.xlsx ）の入力・編集
2026/04/24 17:41,2026/04/24 17:41,0:05,Webサイト（10.85.33.223 - リモート デスクトップ接続）の閲覧・調査 / Webサイト（Webサイトブロック用のリストなんだが、別AIで生成の結果あってるものと間違ってるものがある。 これらを修正したい。 - Comet）の閲覧・調査
2026/04/24 17:41,2026/04/24 17:41,0:05,Excelファイル（IT規制Webサイト設定_v3.xlsx ）の入力・編集
2026/04/24 17:42,2026/04/24 17:42,0:05,Webサイト（コマンド プロンプト）の閲覧・調査
2026/04/24 17:42,2026/04/24 17:42,0:05,Excelファイル（IT規制Webサイト設定_v3.xlsx ）の入力・編集
2026/04/24 17:42,2026/04/24 18:17,0:34,Webサイト（10.85.33.223 - リモート デスクトップ接続）の閲覧・調査 / Webサイト（Claude AI抽出の精度確認 - Claude）の閲覧・調査 / Webサイト（Claude）の閲覧・調査 / Webサイト（Google Chrome）の閲覧・調査 / Webサイト（Google）の閲覧・調査 / Webサイト（New Tab - Comet）の閲覧・調査 / We...
2026/04/24 19:05,2026/04/24 19:05,0:05,Webサイト（世界最大のコンドームメーカー受難、イラン戦争の影響で値上げ必至 および他 1 ページ）の閲覧・調査
2026/04/27 07:40,2026/04/27 07:40,0:05,Webサイト（dek.encrypted.settings）の閲覧・調査
2026/04/27 08:58,2026/04/27 08:58,0:05,Webサイト（インフォメーション および他 1 ページ）の閲覧・調査 / Webサイト（インフォメーション）の閲覧・調査
2026/04/27 08:58,2026/04/27 09:00,0:05,サイボウズ（forestway.cybozu.com/o/ag.cgi?page=FileView&fCID=1247805&fFID=1251933 および他 2 ページ）での情報確認・処理 / サイボウズ（forestway.cybozu.com/o/ag.cgi?page=MyFolderIndex および他 1 ページ）での情報確認・処理 / サイボウズ（スケジュール（グループ週表示...
2026/04/27 09:00,2026/04/27 09:00,0:05,Excelファイル（2026年4月度【社員】勤怠申請・承認のご依頼0417.xlsx ）の入力・編集 / Excelファイル（IT規制Webサイト設定_v3.xlsx ）の入力・編集
2026/04/27 09:01,2026/04/27 09:01,0:05,サイボウズ（forestway.cybozu.com/o/ag.cgi?page=MyFolderIndex および他 2 ページ）での情報確認・処理 / サイボウズ（ファイルの詳細 - サイボウズ Office および他 2 ページ）での情報確認・処理 / サイボウズ（メッセージの詳細 - サイボウズ Office および他 2 ページ）での情報確認・処理 / サイボウズ（メッセージの詳細...
2026/04/27 09:02,2026/04/27 09:02,0:05,Excelファイル（2026年4月度【社員】勤怠申請・承認のご依頼0417.xlsx ）の入力・編集
2026/04/27 09:02,2026/04/27 09:02,0:05,サイボウズ（メッセージの詳細 - サイボウズ Office および他 2 ページ）での情報確認・処理
2026/04/27 09:03,2026/04/27 09:03,0:05,Webサイト（10.85.33.223 - リモート デスクトップ接続）の閲覧・調査
2026/04/27 09:03,2026/04/27 09:05,0:05,サイボウズ（forestway.cybozu.com/o/ag.cgi?page=FileView&fCID=1247805&fFID=1255601 および他 3 ページ）での情報確認・処理 / サイボウズ（ファイルの詳細 - サイボウズ Office および他 3 ページ）での情報確認・処理 / サイボウズ（ファイルの詳細 - サイボウズ Office）での情報確認・処理 / サイボウズ...
2026/04/27 09:05,2026/04/27 09:05,0:05,Excelファイル（2026年4月度【社員】勤怠申請・承認のご依頼0417.xlsx ）の入力・編集 / Excelファイル（2026年4月度【社員】勤怠申請・承認のご依頼0424.xlsx ）の入力・編集
2026/04/27 09:06,2026/04/27 09:08,0:05,サイボウズ（ファイルの詳細 - サイボウズ Office および他 2 ページ）での情報確認・処理 / サイボウズ（ファイルの詳細 - サイボウズ Office および他 3 ページ）での情報確認・処理 / サイボウズ（メッセージの詳細 - サイボウズ Office および他 1 ページ）での情報確認・処理
2026/04/27 09:08,2026/04/27 09:08,0:05,Webサイト（インフォメーション）の閲覧・調査
2026/04/27 09:08,2026/04/27 09:08,0:05,サイボウズ（トップページ - サイボウズ Office）での情報確認・処理 / サイボウズ（ワークフロー（最新一覧） - サイボウズ Office）での情報確認・処理 / サイボウズ（ワークフロー（送信一覧） - サイボウズ Office）での情報確認・処理 / サイボウズ（申請データの詳細 - サイボウズ Office）での情報確認・処理
2026/04/27 09:09,2026/04/27 09:20,0:11,Webサイト（Acrobat Reader 脆弱性アップデート案内 - Google Gemini）の閲覧・調査 / Webサイト（Google Gemini）の閲覧・調査 / Webサイト（「Google Chrome 147」に19件の脆弱性、修正版が公開 - 窓の杜 および他 2 ページ）の閲覧・調査 / Webサイト（「Google Chrome 147」に19件の脆弱性、修正版が公...
2026/04/27 09:20,2026/04/27 09:20,0:05,サイボウズ（メッセージの詳細 - サイボウズ Office および他 2 ページ）での情報確認・処理 / サイボウズ（メッセージの詳細 - サイボウズ Office）での情報確認・処理 / サイボウズ（メッセージの送信（再利用） - サイボウズ Office および他 2 ページ）での情報確認・処理 / サイボウズ（メッセージの送信（再利用） - サイボウズ Office）での情報確認・処理...
2026/04/27 09:20,2026/04/27 09:20,0:05,Webサイト（Acrobat Reader 脆弱性アップデート案内 - Google Gemini）の閲覧・調査
2026/04/27 09:20,2026/04/27 09:20,0:05,サイボウズ（メッセージの送信（再利用） - サイボウズ Office および他 2 ページ）での情報確認・処理
2026/04/27 09:21,2026/04/27 09:21,0:05,Webサイト（Acrobat Reader 脆弱性アップデート案内 - Google Gemini）の閲覧・調査
2026/04/27 09:22,2026/04/27 09:22,0:05,サイボウズ（メッセージの送信（再利用） - サイボウズ Office および他 2 ページ）での情報確認・処理
2026/04/27 09:22,2026/04/27 09:24,0:05,Webサイト（Acrobat Reader 脆弱性アップデート案内 - Google Gemini）の閲覧・調査 / Webサイト（セキュリティ 脆弱性 - 窓の杜 および他 2 ページ）の閲覧・調査 / Webサイト（致命的な脆弱性に対処したAndroid OSの2026年4月セキュリティ更新が発表 - 窓の杜 および他 2 ページ）の閲覧・調査 / Webサイト（致命的な脆弱性に対処した...
2026/04/27 09:24,2026/04/27 09:24,0:05,サイボウズ（メッセージの送信（再利用） - サイボウズ Office および他 2 ページ）での情報確認・処理
2026/04/27 09:25,2026/04/27 09:25,0:05,Webサイト（Acrobat Reader 脆弱性アップデート案内 - Google Gemini）の閲覧・調査
2026/04/27 09:26,2026/04/27 09:26,0:05,サイボウズ（メッセージの送信（再利用） - サイボウズ Office および他 2 ページ）での情報確認・処理
2026/04/27 09:28,2026/04/27 09:28,0:05,Webサイト（Windows シェル エクスペリエンス ホスト）の閲覧・調査
2026/04/27 09:28,2026/04/27 09:28,0:05,サイボウズ（メッセージの送信（再利用） - サイボウズ Office および他 2 ページ）での情報確認・処理
2026/04/27 09:29,2026/04/27 09:29,0:05,Webサイト（Acrobat Reader 脆弱性アップデート案内 - Google Gemini）の閲覧・調査
2026/04/27 09:30,2026/04/27 09:30,0:05,サイボウズ（メッセージの送信（再利用） - サイボウズ Office および他 2 ページ）での情報確認・処理
2026/04/27 09:30,2026/04/27 09:30,0:05,Webサイト（Acrobat Reader 脆弱性アップデート案内 - Google Gemini）の閲覧・調査
2026/04/27 09:31,2026/04/27 09:31,0:05,サイボウズ（メッセージの送信（再利用） - サイボウズ Office および他 2 ページ）での情報確認・処理
2026/04/27 09:31,2026/04/27 09:31,0:05,Webサイト（Acrobat Reader 脆弱性アップデート案内 - Google Gemini）の閲覧・調査
2026/04/27 09:31,2026/04/27 09:37,0:05,サイボウズ（メッセージの送信（再利用） - サイボウズ Office および他 2 ページ）での情報確認・処理 / サイボウズ（個人フォルダ - サイボウズ Office および他 2 ページ）での情報確認・処理 / サイボウズ（個人フォルダ - サイボウズ Office）での情報確認・処理
2026/04/27 09:37,2026/04/27 09:38,0:05,"Webサイト（AMAZON - Google 検索）の閲覧・調査 / Webサイト（Acrobat Reader 脆弱性アップデート案内 - Google Gemini）の閲覧・調査 / Webサイト（Amazon | 本, ファッション, 家電から食品まで | アマゾン）の閲覧・調査 / Webサイト（Amazon.co.jp: 【整備済み品】 ノートパソコン NEC Versapro V..."
2026/04/27 09:38,2026/04/27 09:38,0:05,サイボウズ（ワークフロー（最新一覧） - サイボウズ Office および他 2 ページ）での情報確認・処理 / サイボウズ（ワークフロー（最新一覧） - サイボウズ Office）での情報確認・処理 / サイボウズ（ワークフロー（送信一覧） - サイボウズ Office および他 2 ページ）での情報確認・処理 / サイボウズ（ワークフロー（送信一覧） - サイボウズ Office）での情...
2026/04/27 09:38,2026/04/27 09:38,0:05,"PDF資料（20260420_OA中古ノートPC７台購入_④稟議書（システム関連,社長決裁）20230701 (1).pdf および他 3 ページ）の確認 / PDF資料（20260420_OA中古ノートPC７台購入_④稟議書（システム関連,社長決裁）20230701 (1).pdf）の確認"
2026/04/27 09:38,2026/04/27 09:41,0:05,"Webサイト（Amazon | 本, ファッション, 家電から食品まで | アマゾン）の閲覧・調査 / Webサイト（Amazon.co.jp: 【整備済み品】 ノートパソコン NEC Versapro VM-9 14インチ フルHD Core i5-1135G7 第11世代 Windows11 Office 搭載 カメラ Wi-Fi6 type-C PC パソコン (SSD:256GB メ..."
2026/04/27 09:42,2026/04/27 09:42,0:05,"PDF資料（20260420_OA中古ノートPC７台購入_④稟議書（システム関連,社長決裁）20230701 (1).pdf および他 3 ページ）の確認"
2026/04/27 09:42,2026/04/27 09:43,0:05,"Webサイト（AMAZON - Google 検索）の閲覧・調査 / Webサイト（Acrobat Reader 脆弱性アップデート案内 - Google Gemini）の閲覧・調査 / Webサイト（Amazon | 本, ファッション, 家電から食品まで | アマゾン）の閲覧・調査 / Webサイト（Amazon.co.jp: 【整備済み品】Dell Latitude 3420 中古ノー..."
2026/04/27 09:43,2026/04/27 09:43,0:05,"PDF資料（20260420_OA中古ノートPC７台購入_④稟議書（システム関連,社長決裁）20230701 (1).pdf および他 3 ページ）の確認"
2026/04/27 09:43,2026/04/27 09:43,0:05,Webサイト（Amazon.co.jp: 【整備済み品】Dell Latitude 3420 中古ノートパソコン、Windows11Pro、高性能第11世代CPU搭載、WEBカメラ、Bluetooth、無線LAN（WIFI6）、MS Office2021 液晶14インチ TypeC 第11世代i5-1145G7/16GB/512GB/1080タッチパネル) : パソコン・周辺機器）の閲覧・調査
2026/04/27 09:43,2026/04/27 09:43,0:05,"PDF資料（20260420_OA中古ノートPC７台購入_④稟議書（システム関連,社長決裁）20230701 (1).pdf および他 3 ページ）の確認"
2026/04/27 09:43,2026/04/27 09:44,0:05,Webサイト（Acrobat Reader 脆弱性アップデート案内 - Google Gemini）の閲覧・調査 / Webサイト（Amazon.co.jp: 【整備済み品】Dell Latitude 3420 中古ノートパソコン、Windows11Pro、高性能第11世代CPU搭載、WEBカメラ、Bluetooth、無線LAN（WIFI6）、MS Office2021 液晶14インチ Ty...
2026/04/27 09:46,2026/04/27 09:46,0:05,"PDF資料（20260420_OA中古ノートPC７台購入_④稟議書（システム関連,社長決裁）20230701 (1).pdf および他 3 ページ）の確認"
2026/04/27 09:46,2026/04/27 09:46,0:05,Webサイト（インフォメーション および他 3 ページ）の閲覧・調査 / Webサイト（インフォメーション）の閲覧・調査
2026/04/27 09:46,2026/04/27 09:47,0:05,サイボウズ（トップページ - サイボウズ Office および他 3 ページ）での情報確認・処理 / サイボウズ（トップページ - サイボウズ Office）での情報確認・処理 / サイボウズ（メッセージの変更（標題・本文） - サイボウズ Office および他 3 ページ）での情報確認・処理 / サイボウズ（メッセージの変更（標題・本文） - サイボウズ Office）での情報確認・処理...
2026/04/27 09:47,2026/04/27 09:47,0:05,Webサイト（Amazon.co.jp: 【整備済み品】Dell Latitude 3420 中古ノートパソコン、Windows11Pro、高性能第11世代CPU搭載、WEBカメラ、Bluetooth、無線LAN（WIFI6）、MS Office2021 液晶14インチ TypeC 第11世代i5-1145G7/16GB/512GB/1080タッチパネル) : パソコン・周辺機器）の閲覧・調...
2026/04/27 09:47,2026/04/27 09:47,0:05,サイボウズ（メッセージの詳細 - サイボウズ Office および他 3 ページ）での情報確認・処理
2026/04/27 09:48,2026/04/27 09:48,0:05,Webサイト（Amazon.co.jp: 【整備済み品】Dell Latitude 3420 中古ノートパソコン、Windows11Pro、高性能第11世代CPU搭載、WEBカメラ、Bluetooth、無線LAN（WIFI6）、MS Office2021 液晶14インチ TypeC 第11世代i5-1145G7/16GB/512GB/1080タッチパネル) : パソコン・周辺機器）の閲覧・調査
2026/04/27 09:48,2026/04/27 09:50,0:05,サイボウズ（メッセージの詳細 - サイボウズ Office および他 3 ページ）での情報確認・処理 / サイボウズ（メッセージの詳細 - サイボウズ Office）での情報確認・処理 / サイボウズ（メッセージの送信（再利用） - サイボウズ Office および他 3 ページ）での情報確認・処理 / サイボウズ（メッセージの送信（再利用） - サイボウズ Office）での情報確認・処理...
2026/04/27 09:50,2026/04/27 09:50,0:05,Webサイト（Amazon.co.jp: 【整備済み品】Dell Latitude 3420 中古ノートパソコン、Windows11Pro、高性能第11世代CPU搭載、WEBカメラ、Bluetooth、無線LAN（WIFI6）、MS Office2021 液晶14インチ TypeC 第11世代i5-1145G7/16GB/512GB/1080タッチパネル) : パソコン・周辺機器）の閲覧・調...
2026/04/27 09:50,2026/04/27 09:50,0:05,サイボウズ（メッセージの送信（再利用） - サイボウズ Office および他 3 ページ）での情報確認・処理
2026/04/27 09:50,2026/04/27 09:51,0:05,Webサイト（10.85.33.223 - リモート デスクトップ接続）の閲覧・調査 / Webサイト（Amazon.co.jp: 【整備済み品】Dell Latitude 3420 中古ノートパソコン、Windows11Pro、高性能第11世代CPU搭載、WEBカメラ、Bluetooth、無線LAN（WIFI6）、MS Office2021 液晶14インチ TypeC 第11世代i5-11...
2026/04/27 09:51,2026/04/27 09:51,0:05,サイボウズ（メッセージの送信（再利用） - サイボウズ Office および他 3 ページ）での情報確認・処理
2026/04/27 09:51,2026/04/27 09:51,0:05,Webサイト（Amazon.co.jp: 【整備済み品】Dell Latitude 3420 中古ノートパソコン、Windows11Pro、高性能第11世代CPU搭載、WEBカメラ、Bluetooth、無線LAN（WIFI6）、MS Office2021 液晶14インチ TypeC 第11世代i5-1145G7/16GB/512GB/1080タッチパネル) : パソコン・周辺機器）の閲覧・調査
2026/04/27 09:51,2026/04/27 09:51,0:05,サイボウズ（メッセージの送信（再利用） - サイボウズ Office および他 3 ページ）での情報確認・処理
2026/04/27 09:51,2026/04/27 09:51,0:05,Webサイト（Amazon.co.jp: 【整備済み品】Dell Latitude 3420 中古ノートパソコン、Windows11Pro、高性能第11世代CPU搭載、WEBカメラ、Bluetooth、無線LAN（WIFI6）、MS Office2021 液晶14インチ TypeC 第11世代i5-1145G7/16GB/512GB/1080タッチパネル) : パソコン・周辺機器）の閲覧・調査
2026/04/27 09:51,2026/04/27 09:51,0:05,サイボウズ（メッセージの送信（再利用） - サイボウズ Office および他 3 ページ）での情報確認・処理
2026/04/27 09:52,2026/04/27 09:52,0:05,Webサイト（Amazon.co.jp: 【整備済み品】Dell Latitude 3420 中古ノートパソコン、Windows11Pro、高性能第11世代CPU搭載、WEBカメラ、Bluetooth、無線LAN（WIFI6）、MS Office2021 液晶14インチ TypeC 第11世代i5-1145G7/16GB/512GB/1080タッチパネル) : パソコン・周辺機器）の閲覧・調査
2026/04/27 09:52,2026/04/27 09:52,0:05,サイボウズ（メッセージの送信（再利用） - サイボウズ Office および他 3 ページ）での情報確認・処理
2026/04/27 09:52,2026/04/27 09:52,0:05,Webサイト（Amazon.co.jp: 【整備済み品】Dell Latitude 3420 中古ノートパソコン、Windows11Pro、高性能第11世代CPU搭載、WEBカメラ、Bluetooth、無線LAN（WIFI6）、MS Office2021 液晶14インチ TypeC 第11世代i5-1145G7/16GB/512GB/1080タッチパネル) : パソコン・周辺機器）の閲覧・調査
2026/04/27 09:52,2026/04/27 09:52,0:05,サイボウズ（メッセージの送信（再利用） - サイボウズ Office および他 3 ページ）での情報確認・処理
2026/04/27 09:53,2026/04/27 09:53,0:05,Webサイト（Amazon.co.jp: 【整備済み品】Dell Latitude 3420 中古ノートパソコン、Windows11Pro、高性能第11世代CPU搭載、WEBカメラ、Bluetooth、無線LAN（WIFI6）、MS Office2021 液晶14インチ TypeC 第11世代i5-1145G7/16GB/512GB/1080タッチパネル) : パソコン・周辺機器）の閲覧・調査
2026/04/27 09:53,2026/04/27 09:53,0:05,サイボウズ（メッセージの送信（再利用） - サイボウズ Office および他 3 ページ）での情報確認・処理
2026/04/27 09:54,2026/04/27 09:54,0:05,"PDF資料（20260420_OA中古ノートPC７台購入_④稟議書（システム関連,社長決裁）20230701 (1).pdf および他 3 ページ）の確認"
2026/04/27 09:54,2026/04/27 09:54,0:05,Webサイト（Amazon.co.jp: 【整備済み品】Dell Latitude 3420 中古ノートパソコン、Windows11Pro、高性能第11世代CPU搭載、WEBカメラ、Bluetooth、無線LAN（WIFI6）、MS Office2021 液晶14インチ TypeC 第11世代i5-1145G7/16GB/512GB/1080タッチパネル) : パソコン・周辺機器）の閲覧・調査
2026/04/27 09:54,2026/04/27 09:54,0:05,"PDF資料（20260420_OA中古ノートPC７台購入_④稟議書（システム関連,社長決裁）20230701 (1).pdf および他 3 ページ）の確認"
2026/04/27 09:54,2026/04/27 09:55,0:05,サイボウズ（forestway.cybozu.com/o/ag.cgi?page=MyFolderIndex&fid=82 および他 3 ページ）での情報確認・処理 / サイボウズ（メッセージの送信（再利用） - サイボウズ Office および他 3 ページ）での情報確認・処理 / サイボウズ（個人フォルダ - サイボウズ Office および他 3 ページ）での情報確認・処理 / サイボ...
2026/04/27 10:02,2026/04/27 10:02,0:05,Webサイト（Amazon.co.jp: 【整備済み品】Dell Latitude 3420 中古ノートパソコン、Windows11Pro、高性能第11世代CPU搭載、WEBカメラ、Bluetooth、無線LAN（WIFI6）、MS Office2021 液晶14インチ TypeC 第11世代i5-1145G7/16GB/512GB/1080タッチパネル) : パソコン・周辺機器）の閲覧・調査
2026/04/27 10:02,2026/04/27 10:02,0:05,Excelファイル（IT規制Webサイト設定_v3.xlsx ）の入力・編集
2026/04/27 10:02,2026/04/27 10:02,0:05,Webサイト（Amazon.co.jp: 【整備済み品】Dell Latitude 3420 中古ノートパソコン、Windows11Pro、高性能第11世代CPU搭載、WEBカメラ、Bluetooth、無線LAN（WIFI6）、MS Office2021 液晶14インチ TypeC 第11世代i5-1145G7/16GB/512GB/1080タッチパネル) : パソコン・周辺機器）の閲覧・調...
2026/04/27 10:02,2026/04/27 10:04,0:05,Antigravityを用いた「システム開発・改善」の開発・相談 / スタート / プログラム（Update tool scripts and cleanup TEST directory）の開発・修正
2026/04/27 10:08,2026/04/27 10:08,0:05,Webサイト（Amazon.co.jp: 【整備済み品】Dell Latitude 3420 中古ノートパソコン、Windows11Pro、高性能第11世代CPU搭載、WEBカメラ、Bluetooth、無線LAN（WIFI6）、MS Office2021 液晶14インチ TypeC 第11世代i5-1145G7/16GB/512GB/1080タッチパネル) : パソコン・周辺機器）の閲覧・調査
2026/04/27 10:08,2026/04/27 10:08,0:05,サイボウズ（メッセージの詳細 - サイボウズ Office および他 2 ページ）での情報確認・処理 / サイボウズ（メッセージの詳細 - サイボウズ Office）での情報確認・処理 / サイボウズ（個人フォルダ - サイボウズ Office および他 2 ページ）での情報確認・処理
2026/04/27 10:09,2026/04/27 10:09,0:05,Antigravityを用いた「システム開発・改善」の開発・相談
2026/04/27 10:11,2026/04/27 10:11,0:05,Webサイト（Amazon.co.jp: 【整備済み品】Dell Latitude 3420 中古ノートパソコン、Windows11Pro、高性能第11世代CPU搭載、WEBカメラ、Bluetooth、無線LAN（WIFI6）、MS Office2021 液晶14インチ TypeC 第11世代i5-1145G7/16GB/512GB/1080タッチパネル) : パソコン・周辺機器）の閲覧・調査
2026/04/27 10:11,2026/04/27 10:11,0:05,サイボウズ（メッセージの詳細 - サイボウズ Office および他 2 ページ）での情報確認・処理
2026/04/27 10:11,2026/04/27 10:11,0:05,Webサイト（Amazon.co.jp: 【整備済み品】Dell Latitude 3420 中古ノートパソコン、Windows11Pro、高性能第11世代CPU搭載、WEBカメラ、Bluetooth、無線LAN（WIFI6）、MS Office2021 液晶14インチ TypeC 第11世代i5-1145G7/16GB/512GB/1080タッチパネル) : パソコン・周辺機器）の閲覧・調...
2026/04/27 10:11,2026/04/27 10:15,0:05,Antigravityを用いた「システム開発・改善」の開発・相談
2026/04/27 10:15,2026/04/27 10:16,0:05,Antigravityを用いた「システム開発・改善」の開発・相談 / 拡張機能 / 拡張機能 - Google Chrome
2026/04/27 10:16,2026/04/27 10:16,0:05,Webサイト（antigravity browser extension インストール - Google 検索）の閲覧・調査
2026/04/27 10:17,2026/04/27 10:17,0:05,Antigravityを用いた「システム開発・改善」の開発・相談
2026/04/27 10:17,2026/04/27 10:17,0:05,Webサイト（Browser）の閲覧・調査 / Webサイト（翻訳しています…）の閲覧・調査
2026/04/27 10:17,2026/04/27 10:17,0:05,Webサイト（Browser）の閲覧・調査 / ブラウザ - Google Chrome / 翻訳済み
2026/04/27 10:17,2026/04/27 10:17,0:05,PDF資料（acrobat.adobe.com/dc-chrome-extension/mv/ja/Acrobat-for-Chrome.pdf）の確認 / ブラウザ - Google Chrome
2026/04/27 10:17,2026/04/27 10:17,0:05,Webサイト（Loading...）の閲覧・調査
2026/04/27 10:17,2026/04/27 10:17,0:05,PDF資料（Acrobat-for-Chrome.pdf）の確認
2026/04/27 10:18,2026/04/27 10:18,0:05,Webサイト（検索 - Microsoft Bing）の閲覧・調査 / ブラウザ - Google Chrome
2026/04/27 10:18,2026/04/27 10:18,0:05,Antigravityを用いた「システム開発・改善」の開発・相談 / ブラウザ - Google Chrome
2026/04/27 10:21,2026/04/27 10:21,0:05,Webサイト（Google）の閲覧・調査
2026/04/27 10:21,2026/04/27 10:21,0:05,サイボウズ（メッセージの詳細 - サイボウズ Office および他 2 ページ）での情報確認・処理
2026/04/27 10:21,2026/04/27 10:21,0:05,Webサイト（Google）の閲覧・調査
2026/04/27 10:21,2026/04/27 10:21,0:05,サイボウズ（forestway.cybozu.com/o/ag.cgi?page=MyFolderMessageView&mDBID=1&mEID=90361&mDID=296168&cp=ml&sp=&tp=）での情報確認・処理 / サイボウズ（メッセージの詳細 - サイボウズ Office）での情報確認・処理
2026/04/27 10:21,2026/04/27 10:21,0:05,Webサイト（パスワードを保存しますか？）の閲覧・調査
2026/04/27 10:21,2026/04/27 10:21,0:05,サイボウズ（メッセージの詳細 - サイボウズ Office）での情報確認・処理 / サイボウズ（メール - サイボウズ Office）での情報確認・処理
2026/04/27 10:21,2026/04/27 10:21,0:05,Antigravityを用いた「システム開発・改善」の開発・相談
2026/04/27 10:22,2026/04/27 10:23,0:05,サイボウズ（forestway.cybozu.com/o/ag.cgi?page=MyFolderIndex および他 2 ページ）での情報確認・処理 / サイボウズ（メッセージの詳細 - サイボウズ Office および他 2 ページ）での情報確認・処理 / サイボウズ（メッセージの詳細 - サイボウズ Office）での情報確認・処理 / サイボウズ（個人フォルダ - サイボウズ Off...
2026/04/27 10:23,2026/04/27 10:23,0:05,Antigravityを用いた「システム開発・改善」の開発・相談
2026/04/27 10:26,2026/04/27 10:26,0:05,Webサイト（antigravity browser extension インストール - Google 検索）の閲覧・調査
2026/04/27 10:27,2026/04/27 10:27,0:05,Webサイト（Chrome リモート デスクトップ）の閲覧・調査 / Webサイト（Lenovo-csd）の閲覧・調査 / Webサイト（リモート アクセス - Chrome リモート デスクトップ）の閲覧・調査 / 拡張機能
2026/04/27 10:31,2026/04/27 10:31,0:05,サイボウズ（個人フォルダ - サイボウズ Office および他 2 ページ）での情報確認・処理
2026/04/27 10:31,2026/04/27 10:31,0:05,Webサイト（Lenovo-csd）の閲覧・調査
2026/04/27 10:33,2026/04/27 10:33,0:05,サイボウズ（個人フォルダ - サイボウズ Office および他 2 ページ）での情報確認・処理
2026/04/27 10:37,2026/04/27 10:37,0:05,Webサイト（Chrome リモート デスクトップ）の閲覧・調査 / Webサイト（Lenovo-csd）の閲覧・調査
2026/04/27 10:38,2026/04/27 10:38,0:05,サイボウズ（個人フォルダ - サイボウズ Office および他 2 ページ）での情報確認・処理
2026/04/27 10:38,2026/04/27 10:38,0:05,Webサイト（Lenovo-csd）の閲覧・調査 / Webサイト（秘密手法を加えたボリンジャーバンドMT5/MT4インジケーター無料公開！アラートとRSI/MAフィルター機能付き | FXキーストン）の閲覧・調査
2026/04/27 10:38,2026/04/27 10:38,0:05,Qiita / Qiita - Google Chrome / Webサイト（Webのしないといけないセキュリティ対策 #Python - Qiita）の閲覧・調査
2026/04/27 10:39,2026/04/27 10:40,0:05,サイボウズ（メッセージの詳細 - サイボウズ Office および他 2 ページ）での情報確認・処理 / サイボウズ（メッセージの詳細 - サイボウズ Office）での情報確認・処理 / サイボウズ（個人フォルダ - サイボウズ Office および他 2 ページ）での情報確認・処理 / サイボウズ（個人フォルダ - サイボウズ Office）での情報確認・処理
2026/04/27 10:40,2026/04/27 10:42,0:05,Webサイト（Lenovo-csd）の閲覧・調査 / Webサイト（Webのしないといけないセキュリティ対策 #Python - Qiita）の閲覧・調査 / Webサイト（atmarkit.itmedia.co.jp/ait/articles/2110/21/news017.html）の閲覧・調査 / Webサイト（【Windows 11】複数のウィンドウをササッと分割・整列できる「スナッ...
2026/04/27 10:42,2026/04/27 10:44,0:05,Webサイト（Lenovo-csd）の閲覧・調査 / Webサイト（Webのしないといけないセキュリティ対策 #Python - Qiita）の閲覧・調査 / Webサイト（【Windows 11】複数のウィンドウをササッと分割・整列できる「スナップ」が強化 その実力は？：Tech TIPS - ＠IT）の閲覧・調査 / Webサイト（画面分割でいつも同じとこに同じものが来るように保存 - ...
2026/04/27 10:44,2026/04/27 10:47,0:05,Webサイト（Webのしないといけないセキュリティ対策 #Python - Qiita）の閲覧・調査 / Webサイト（Win11 ウィンドウの位置を固定する | ユニコムかつしかのブログ）の閲覧・調査 / Webサイト（antigravity browser extension インストール - Google 検索）の閲覧・調査 / Webサイト（アプリなどを毎回同じ場所、同じ位置、同じ大...
2026/04/27 10:47,2026/04/27 10:47,0:05,サイボウズ（ワークフロー（最新一覧） - サイボウズ Office および他 2 ページ）での情報確認・処理 / サイボウズ（ワークフロー（最新一覧） - サイボウズ Office）での情報確認・処理 / サイボウズ（個人フォルダ - サイボウズ Office および他 2 ページ）での情報確認・処理 / サイボウズ（個人フォルダ - サイボウズ Office）での情報確認・処理
2026/04/27 10:48,2026/04/27 10:48,0:05,Webサイト（Webのしないといけないセキュリティ対策 #Python - Qiita）の閲覧・調査 / Webサイト（Win11 ウィンドウの位置を固定する | ユニコムかつしかのブログ）の閲覧・調査
2026/04/27 10:55,2026/04/27 10:55,0:05,Figma / Figma - Google Chrome / サイボウズ（メール - サイボウズ Office）での情報確認・処理
2026/04/27 10:55,2026/04/27 10:56,0:05,Webサイト（FIGMA - 検索）の閲覧・調査 / Webサイト（Figma Make: AI搭載のデザインツールで制作）の閲覧・調査 / Webサイト（Figma Make: Create with AI-Powered Design Tools）の閲覧・調査 / Webサイト（Google 検索に戻しますか？）の閲覧・調査 / Webサイト（Google）の閲覧・調査 / Webサイト...
2026/04/27 10:56,2026/04/27 10:56,0:05,Figma / Figma - Google Chrome / Webサイト（Figma Make: AI搭載のデザインツールで制作）の閲覧・調査 / Webサイト（ホーム – Figma）の閲覧・調査
2026/04/27 10:56,2026/04/27 10:56,0:05,Figma - Google Chrome / Webサイト（FigJamへようこそ ? FigJam）の閲覧・調査 / Webサイト（FigJamへようこそ – FigJam）の閲覧・調査 / Webサイト（ホーム ? Figma）の閲覧・調査
2026/04/27 10:56,2026/04/27 10:56,0:05,Figma / Webサイト（FigJamへようこそ ? FigJam）の閲覧・調査
2026/04/27 10:56,2026/04/27 10:56,0:05,Antigravityを用いた「システム開発・改善」の開発・相談
2026/04/27 10:58,2026/04/27 10:58,0:05,Webサイト（FigJamへようこそ ? FigJam）の閲覧・調査
2026/04/27 10:58,2026/04/27 10:58,0:05,Antigravityを用いた「システム開発・改善」の開発・相談
2026/04/27 10:58,2026/04/27 10:58,0:05,Figma / Webサイト（FigJamへようこそ ? FigJam）の閲覧・調査 / Webサイト（FigJamへようこそ – FigJam）の閲覧・調査
2026/04/27 10:58,2026/04/27 10:58,0:05,Figma / Webサイト（FigJamへようこそ ? FigJam）の閲覧・調査
2026/04/27 10:59,2026/04/27 10:59,0:05,Antigravityを用いた「システム開発・改善」の開発・相談
2026/04/27 11:00,2026/04/27 11:05,0:05,Figma - Google Chrome / Webサイト（Rapoo、マルチペアリング対応の薄型Bluetoothキーボードと静音マウスセット - PC Watch）の閲覧・調査 / Webサイト（bdsaustralia.net.au/?a=92009121737302）の閲覧・調査 / Webサイト（my-best.com/products/261740）の閲覧・調査 / Webサイ...
2026/04/27 11:06,2026/04/27 11:06,0:05,サイボウズ（個人フォルダ - サイボウズ Office および他 2 ページ）での情報確認・処理
2026/04/27 11:07,2026/04/27 11:07,0:05,Webサイト（ロジクール K295サイレント ワイヤレス キーボードを徹底レビュー！実際に使ってわかったメリット・デメリットは？ | マイベスト）の閲覧・調査
2026/04/27 11:07,2026/04/27 11:07,0:05,サイボウズ（メッセージの詳細 - サイボウズ Office および他 2 ページ）での情報確認・処理 / サイボウズ（メッセージの詳細 - サイボウズ Office）での情報確認・処理 / サイボウズ（個人フォルダ - サイボウズ Office および他 2 ページ）での情報確認・処理
2026/04/27 11:07,2026/04/27 11:07,0:05,Webサイト（ロジクール K295サイレント ワイヤレス キーボードを徹底レビュー！実際に使ってわかったメリット・デメリットは？ | マイベスト）の閲覧・調査
2026/04/27 11:09,2026/04/27 11:09,0:05,サイボウズ（メッセージの詳細 - サイボウズ Office および他 2 ページ）での情報確認・処理
2026/04/27 11:09,2026/04/27 11:09,0:05,Antigravityを用いた「システム開発・改善」の開発・相談
2026/04/27 11:10,2026/04/27 11:10,0:05,サイボウズ（Cybozu MBOX Converter V3.6 - Native Path Fixed）での情報確認・処理
2026/04/27 11:11,2026/04/27 11:11,0:05,メール（Thunderbird の更新）の閲覧・作成
2026/04/27 11:11,2026/04/27 11:11,0:05,サイボウズ（Cybozu MBOX Converter V3.6 - Native Path Fixed）での情報確認・処理
2026/04/27 11:11,2026/04/27 11:11,0:05,メール（2.システム運営課）の閲覧・作成 / メール（Mozilla Thunderbird）の閲覧・作成 / メール（ホーム）の閲覧・作成
2026/04/27 11:11,2026/04/27 11:11,0:05,Antigravityを用いた「システム開発・改善」の開発・相談
2026/04/27 11:17,2026/04/27 11:17,0:05,サイボウズ（Cybozu MBOX Converter V3.6 - Native Path Fixed）での情報確認・処理
2026/04/27 11:18,2026/04/27 11:18,0:05,Webサイト（フォルダーの選択）の閲覧・調査
2026/04/27 11:18,2026/04/27 11:19,0:05,サイボウズ（Cybozu MBOX Converter V3.6 - Native Path Fixed）での情報確認・処理 / サイボウズ（メッセージの詳細 - サイボウズ Office および他 2 ページ）での情報確認・処理 / サイボウズ（メッセージの詳細 - サイボウズ Office）での情報確認・処理 / サイボウズ（個人フォルダ - サイボウズ Office および他 2 ペー...
2026/04/27 11:19,2026/04/27 11:19,0:05,メール（2.システム運営課）の閲覧・作成
2026/04/27 11:19,2026/04/27 11:19,0:05,サイボウズ（Cybozu MBOX Converter V3.6 - Native Path Fixed）での情報確認・処理
2026/04/27 11:19,2026/04/27 11:20,0:05,Webサイト（MSN および他 1 ページ）の閲覧・調査 / Webサイト（msn.com/ja-jp/news/opinion/外来種の巨大鯉を捕獲-解体したら中からまさかの大量発見/vi-AA1F5N69?ocid=msedgdhp&pc=HCTS&cvid=fe99b74712cc473dbd820db2e042b998&ei=4 および他 1 ページ）の閲覧・調査 / Webサイト（...
2026/04/27 11:20,2026/04/27 11:20,0:05,サイボウズ（Cybozu MBOX Converter V3.6 - Native Path Fixed）での情報確認・処理 / 作成完了
2026/04/27 11:20,2026/04/27 11:20,0:05,メール（1.Forest）の閲覧・作成 / メール（1.）の閲覧・作成 / メール（2.システム運営課）の閲覧・作成 / メール（ごみ箱）の閲覧・作成
2026/04/27 11:20,2026/04/27 11:20,0:05,"Webサイト（""ごみ箱"" を空にする）の閲覧・調査"
2026/04/27 11:20,2026/04/27 11:21,0:05,メール（TEST）の閲覧・作成 / メール（ごみ箱）の閲覧・作成
2026/04/27 11:21,2026/04/27 11:21,0:05,Webサイト（フォルダーの削除）の閲覧・調査
2026/04/27 11:21,2026/04/27 11:21,0:05,メール（TEST）の閲覧・作成
2026/04/27 11:21,2026/04/27 11:21,0:05,Webサイト（フォルダーの削除）の閲覧・調査
2026/04/27 11:21,2026/04/27 11:21,0:05,メール（TEST）の閲覧・作成
2026/04/27 11:21,2026/04/27 11:29,0:07,Webサイト（ID管理不全による損害は平均7.5億円、「例外」を放置しない統制の実現方法は - ホワイトペーパー：日経クロステック Active）の閲覧・調査 / Webサイト（ITニューす - Google 検索）の閲覧・調査 / Webサイト（IT新着：日経クロステック Active）の閲覧・調査 / Webサイト（Lenovo-csd）の閲覧・調査 / Webサイト（NIKKEI ID...
2026/04/27 11:29,2026/04/27 11:29,0:05,サイボウズ（Cybozu MBOX Converter V3.6 - Native Path Fixed）での情報確認・処理
2026/04/27 11:29,2026/04/27 11:29,0:05,Webサイト（FigJamへようこそ ? FigJam）の閲覧・調査 / Webサイト（資料（ホワイトペーパー）：日経クロステック Active）の閲覧・調査
2026/04/27 11:30,2026/04/27 11:30,0:05,Antigravityを用いた「システム開発・改善」の開発・相談
2026/04/27 11:31,2026/04/27 11:31,0:05,メール（スター付き）の閲覧・作成
2026/04/27 11:31,2026/04/27 11:31,0:05,サイボウズ（Cybozu_Backup_0415_1509 - t_ito@forest.co.jp - Mozilla Thunderbird）での情報確認・処理
2026/04/27 11:31,2026/04/27 11:31,0:05,メール（ゴミ箱）の閲覧・作成
2026/04/27 11:32,2026/04/27 11:32,0:05,"Webサイト（""ゴミ箱"" を空にする）の閲覧・調査"
2026/04/27 11:32,2026/04/27 11:32,0:05,メール（t_ito@forest.co.jp）の閲覧・作成 / メール（アカウント設定）の閲覧・作成 / メール（ゴミ箱）の閲覧・作成 / メール（読み込み中...）の閲覧・作成
2026/04/27 11:32,2026/04/27 11:32,0:05,Webサイト（新しいフォルダー）の閲覧・調査
2026/04/27 11:32,2026/04/27 11:33,0:05,メール（TEST）の閲覧・作成 / メール（t_ito@forest.co.jp）の閲覧・作成
2026/04/27 11:33,2026/04/27 11:33,0:05,Webサイト（新しいフォルダー）の閲覧・調査
2026/04/27 11:33,2026/04/27 11:33,0:05,メール（TEST）の閲覧・作成
2026/04/27 11:33,2026/04/27 11:34,0:05,サイボウズ（cybozu_sent_migration - t_ito - Mozilla Thunderbird）での情報確認・処理
2026/04/27 11:34,2026/04/27 11:34,0:05,Webサイト（ファイル検索するフォルダーを選択する）の閲覧・調査
2026/04/27 11:34,2026/04/27 11:34,0:05,サイボウズ（cybozu_sent_migration - t_ito - Mozilla Thunderbird）での情報確認・処理
2026/04/27 11:34,2026/04/27 11:34,0:05,メール（11. 契約書審査.sbd）の閲覧・作成
2026/04/27 11:34,2026/04/27 11:34,0:05,サイボウズ（cybozu_sent_migration - t_ito - Mozilla Thunderbird）での情報確認・処理
2026/04/27 11:34,2026/04/27 11:35,0:05,メール（11. 契約書審査.sbd）の閲覧・作成 / メール（13. 管理部.sbd）の閲覧・作成 / メール（24. 監査業務・監査法人関連.sbd）の閲覧・作成 / メール（7. 物流プロジェクト会議.sbd）の閲覧・作成 / メール（8. ㈱エディオン連携.sbd）の閲覧・作成 / メール（bak.sbd）の閲覧・作成
2026/04/27 11:35,2026/04/27 11:35,0:05,サイボウズ（cybozu_sent_migration - t_ito - Mozilla Thunderbird）での情報確認・処理
2026/04/27 11:35,2026/04/27 11:35,0:05,メール（11. 契約書審査.sbd）の閲覧・作成 / メール（複数のフォルダーが選択されています）の閲覧・作成
2026/04/27 11:35,2026/04/27 11:35,0:05,Webサイト（フォルダーの削除）の閲覧・調査
2026/04/27 11:35,2026/04/27 11:35,0:05,メール（複数のフォルダーが選択されています）の閲覧・作成
2026/04/27 11:35,2026/04/27 11:35,0:05,Webサイト（フォルダーの削除）の閲覧・調査
2026/04/27 11:35,2026/04/27 11:35,0:05,メール（複数のフォルダーが選択されています）の閲覧・作成
2026/04/27 11:35,2026/04/27 11:35,0:05,Webサイト（フォルダーの削除）の閲覧・調査
2026/04/27 11:35,2026/04/27 11:35,0:05,メール（複数のフォルダーが選択されています）の閲覧・作成
2026/04/27 11:35,2026/04/27 11:35,0:05,Webサイト（フォルダーの削除）の閲覧・調査
2026/04/27 11:35,2026/04/27 11:35,0:05,メール（複数のフォルダーが選択されています）の閲覧・作成
2026/04/27 11:35,2026/04/27 11:35,0:05,Webサイト（フォルダーの削除）の閲覧・調査
2026/04/27 11:35,2026/04/27 11:35,0:05,メール（複数のフォルダーが選択されています）の閲覧・作成
2026/04/27 11:35,2026/04/27 11:35,0:05,Webサイト（フォルダーの削除）の閲覧・調査
2026/04/27 11:35,2026/04/27 11:35,0:05,メール（複数のフォルダーが選択されています）の閲覧・作成
2026/04/27 11:35,2026/04/27 11:35,0:05,サイボウズ（cybozu_sent_migration - t_ito - Mozilla Thunderbird）での情報確認・処理
2026/04/27 11:35,2026/04/27 11:36,0:05,Antigravityを用いた「システム開発・改善」の開発・相談
2026/04/27 11:37,2026/04/27 11:37,0:05,サイボウズ（cybozu_sent_migration - t_ito - Mozilla Thunderbird）での情報確認・処理
2026/04/27 11:37,2026/04/27 11:37,0:05,Webサイト（トラブルシューティングモードで再起動）の閲覧・調査
2026/04/27 11:37,2026/04/27 11:37,0:05,サイボウズ（cybozu_sent_migration - t_ito - Mozilla Thunderbird）での情報確認・処理
2026/04/27 11:37,2026/04/27 11:37,0:05,Webサイト（トラブルシューティングモードで再起動）の閲覧・調査
2026/04/27 11:37,2026/04/27 11:37,0:05,サイボウズ（cybozu_sent_migration - t_ito - Mozilla Thunderbird）での情報確認・処理
2026/04/27 11:37,2026/04/27 11:37,0:05,Webサイト（メッセージを開く）の閲覧・調査
2026/04/27 11:37,2026/04/27 11:37,0:05,サイボウズ（cybozu_sent_migration - t_ito - Mozilla Thunderbird）での情報確認・処理
2026/04/27 11:38,2026/04/27 11:38,0:05,メール（ホーム）の閲覧・作成 / メール（設定とデータのインポート）の閲覧・作成 / メール（読み込み中...）の閲覧・作成
2026/04/27 11:38,2026/04/27 11:38,0:05,サイボウズ（cybozu_sent_migration - t_ito - Mozilla Thunderbird）での情報確認・処理
2026/04/27 11:39,2026/04/27 11:39,0:05,Webサイト（フォルダーのプロパティ）の閲覧・調査 / プロパティ
2026/04/27 11:39,2026/04/27 11:39,0:05,サイボウズ（cybozu_sent_migration - t_ito - Mozilla Thunderbird）での情報確認・処理
2026/04/27 11:39,2026/04/27 11:39,0:05,メール（ホーム）の閲覧・作成 / メール（設定とデータのインポート）の閲覧・作成 / メール（読み込み中...）の閲覧・作成
2026/04/27 11:39,2026/04/27 11:39,0:05,サイボウズ（Cybozu MBOX Converter V3.6 - Native Path Fixed）での情報確認・処理 / サイボウズ（cybozu_sent_migration - t_ito - Mozilla Thunderbird）での情報確認・処理
2026/04/27 11:39,2026/04/27 11:39,0:05,Webサイト（Select Local Folders path）の閲覧・調査
2026/04/27 11:39,2026/04/27 11:40,0:05,サイボウズ（Cybozu MBOX Converter V3.6 - Native Path Fixed）での情報確認・処理 / サイボウズ（cybozu_sent_migration - t_ito - Mozilla Thunderbird）での情報確認・処理
2026/04/27 11:40,2026/04/27 11:40,0:05,Webサイト（Select Local Folders path）の閲覧・調査
2026/04/27 11:40,2026/04/27 11:40,0:05,サイボウズ（Cybozu MBOX Converter V3.6 - Native Path Fixed）での情報確認・処理
2026/04/27 11:40,2026/04/27 11:40,0:05,メール（Mozilla Thunderbird）の閲覧・作成 / メール（ホーム）の閲覧・作成
2026/04/27 11:40,2026/04/27 11:40,0:05,サイボウズ（cybozu_sent_migration - t_ito - Mozilla Thunderbird）での情報確認・処理
2026/04/27 11:40,2026/04/27 11:40,0:05,メール（TEST）の閲覧・作成
2026/04/27 11:40,2026/04/27 11:40,0:05,サイボウズ（cybozu_sent_migration - t_ito - Mozilla Thunderbird）での情報確認・処理
2026/04/27 11:40,2026/04/27 11:40,0:05,メール（受信トレイ）の閲覧・作成
2026/04/27 11:41,2026/04/27 11:41,0:05,サイボウズ（cybozu_sent_migration - t_ito - Mozilla Thunderbird）での情報確認・処理
2026/04/27 11:41,2026/04/27 11:41,0:05,メール（1.Forest）の閲覧・作成 / メール（19. 営業部）の閲覧・作成 / メール（2.）の閲覧・作成 / メール（20. 顧客課・サービス課）の閲覧・作成 / メール（3.EDIONクロスベンチャーズ）の閲覧・作成 / メール（4.EDION筱崎）の閲覧・作成 / メール（5.メルマガ）の閲覧・作成 / メール（Github）の閲覧・作成 / メール（TEST）の閲覧・作成 / ...
2026/04/27 11:42,2026/04/27 11:42,0:05,サイボウズ（cybozu_sent_migration - t_ito - Mozilla Thunderbird）での情報確認・処理
2026/04/27 11:52,2026/04/27 11:52,0:05,Antigravityを用いた「システム開発・改善」の開発・相談
2026/04/27 11:53,2026/04/27 11:53,0:05,サイボウズ（cybozu_sent_migration - t_ito - Mozilla Thunderbird）での情報確認・処理
2026/04/27 11:53,2026/04/27 11:53,0:05,Antigravityを用いた「システム開発・改善」の開発・相談
2026/04/27 11:55,2026/04/27 11:55,0:05,Webサイト（100% 完了）の閲覧・調査 / Webサイト（27% 完了）の閲覧・調査 / Webサイト（56% 完了）の閲覧・調査 / Webサイト（70% 完了）の閲覧・調査 / Webサイト（89% 完了）の閲覧・調査 / Webサイト（99% 完了）の閲覧・調査
2026/04/27 11:55,2026/04/27 11:55,0:05,サイボウズ（cybozu_sent_migration - t_ito - Mozilla Thunderbird）での情報確認・処理
2026/04/27 11:55,2026/04/27 11:55,0:05,メール（10. Forestway・cocodecow会員規約）の閲覧・作成 / メール（11. 契約書審査）の閲覧・作成 / メール（12. 内部統制・コンプライアンス・リスク管理関連）の閲覧・作成 / メール（8. ㈱エディオン連携）の閲覧・作成 / メール（9. フォーレスト規程関連）の閲覧・作成 / メール（Mozilla Thunderbird）の閲覧・作成 / メール（t_ito...
2026/04/27 11:55,2026/04/27 11:55,0:05,サイボウズ（cybozu_sent_migration - t_ito - Mozilla Thunderbird）での情報確認・処理
2026/04/27 11:55,2026/04/27 11:56,0:05,メール（TEST）の閲覧・作成 / メール（cybouz）の閲覧・作成 / メール（kato@forest.co.jp）の閲覧・作成 / メール（ローカルフォルダー）の閲覧・作成 / メール（受信トレイ）の閲覧・作成
2026/04/27 11:56,2026/04/27 11:56,0:05,サイボウズ（サイボウズ／バックアップ - kato@forest.co.jp - Mozilla Thunderbird）での情報確認・処理
2026/04/27 11:56,2026/04/27 11:56,0:05,メール（12. 内部統制・コンプライアンス・リスク管理関連）の閲覧・作成
2026/04/27 11:56,2026/04/27 11:56,0:05,Antigravityを用いた「システム開発・改善」の開発・相談
2026/04/27 11:57,2026/04/27 11:57,0:05,メール（Mozilla Thunderbird）の閲覧・作成 / メール（ホーム）の閲覧・作成
2026/04/27 11:57,2026/04/27 11:57,0:05,サイボウズ（cybozu_sent_migration - t_ito - Mozilla Thunderbird）での情報確認・処理
2026/04/27 11:58,2026/04/27 11:58,0:05,メール（受信トレイ）の閲覧・作成
2026/04/27 11:58,2026/04/27 11:58,0:05,サイボウズ（cybozu_sent_migration - t_ito - Mozilla Thunderbird）での情報確認・処理
2026/04/27 11:58,2026/04/27 11:58,0:05,メール（TEST）の閲覧・作成
2026/04/27 11:58,2026/04/27 11:58,0:05,サイボウズ（Cybozu_Backup_0427_1117 - t_ito - Mozilla Thunderbird）での情報確認・処理
2026/04/27 11:58,2026/04/27 11:59,0:05,メール（1.）の閲覧・作成 / メール（10. Forestway・cocodecow会員規約）の閲覧・作成 / メール（11. 契約書審査）の閲覧・作成 / メール（13. 管理部）の閲覧・作成 / メール（14. 事業管理部・ＡＩ推進関連）の閲覧・作成 / メール（16. 商品管理部）の閲覧・作成 / メール（17. マーケティング部）の閲覧・作成 / メール（18. 新規開発部）の閲覧...
2026/04/27 11:59,2026/04/27 11:59,0:05,Antigravityを用いた「システム開発・改善」の開発・相談
2026/04/27 12:07,2026/04/27 12:07,0:05,Webサイト（FigJamへようこそ ? FigJam）の閲覧・調査
2026/04/27 12:07,2026/04/27 12:07,0:05,Antigravityを用いた「システム開発・改善」の開発・相談
2026/04/27 12:07,2026/04/27 12:07,0:05,Webサイト（Lenovo-csd）の閲覧・調査 / Webサイト（資料（ホワイトペーパー）：日経クロステック Active）の閲覧・調査
2026/04/27 12:10,2026/04/27 12:10,0:05,サイボウズ（Cybozu MBOX Converter V3.6 - Native Path Fixed）での情報確認・処理
2026/04/27 12:10,2026/04/27 12:10,0:05,Antigravityを用いた「システム開発・改善」の開発・相談
2026/04/27 12:56,2026/04/27 12:56,0:05,Webサイト（Lenovo-csd）の閲覧・調査
2026/04/27 12:56,2026/04/27 12:56,0:05,Antigravityを用いた「システム開発・改善」の開発・相談
2026/04/27 12:56,2026/04/27 12:56,0:05,サイボウズ（Cybozu MBOX Converter V3.6 - Native Path Fixed）での情報確認・処理
2026/04/27 12:56,2026/04/27 12:56,0:05,Antigravityを用いた「システム開発・改善」の開発・相談
2026/04/27 12:56,2026/04/27 12:56,0:05,サイボウズ（Cybozu MBOX Converter V3.6 - Native Path Fixed）での情報確認・処理
2026/04/27 12:56,2026/04/27 12:56,0:05,Webサイト（100% 完了）の閲覧・調査 / Webサイト（287 項目がリサイクルされました）の閲覧・調査 / Webサイト（使用中のフォルダー）の閲覧・調査
2026/04/27 12:56,2026/04/27 12:56,0:05,メール（受信トレイ）の閲覧・作成
2026/04/27 12:56,2026/04/27 12:56,0:05,Webサイト（287 項目がリサイクルされました）の閲覧・調査 / Webサイト（584 項目がリサイクルされました）の閲覧・調査 / Webサイト（使用中のフォルダー）の閲覧・調査
2026/04/27 12:57,2026/04/27 12:57,0:05,サイボウズ（Cybozu MBOX Converter V3.6 - Native Path Fixed）での情報確認・処理
2026/04/27 12:57,2026/04/27 12:57,0:05,Webサイト（フォルダーの選択）の閲覧・調査
2026/04/27 12:57,2026/04/27 12:57,0:05,サイボウズ（Cybozu MBOX Converter V3.6 - Native Path Fixed）での情報確認・処理
2026/04/27 12:58,2026/04/27 12:58,0:05,Antigravityを用いた「システム開発・改善」の開発・相談
2026/04/27 13:00,2026/04/27 13:00,0:05,サイボウズ（Cybozu MBOX Converter V3.6 - Native Path Fixed）での情報確認・処理 / 作成完了
2026/04/27 13:00,2026/04/27 13:00,0:05,Antigravityを用いた「システム開発・改善」の開発・相談
2026/04/27 13:00,2026/04/27 13:00,0:05,サイボウズ（Cybozu MBOX Converter V3.6 - Native Path Fixed）での情報確認・処理
2026/04/27 13:00,2026/04/27 13:00,0:05,Webサイト（フォルダーの選択）の閲覧・調査
2026/04/27 13:00,2026/04/27 13:00,0:05,サイボウズ（Cybozu MBOX Converter V3.6 - Native Path Fixed）での情報確認・処理
2026/04/27 13:01,2026/04/27 13:01,0:05,サイボウズ（Cybozu MBOX Converter V3.6 - Native Path Fixed）での情報確認・処理 / 作成完了
2026/04/27 13:01,2026/04/27 13:01,0:05,メール（1.）の閲覧・作成 / メール（Mozilla Thunderbird）の閲覧・作成 / メール（ホーム）の閲覧・作成 / メール（受信トレイ）の閲覧・作成
2026/04/27 13:02,2026/04/27 13:02,0:05,Webサイト（ImportExportTools NG）の閲覧・調査
2026/04/27 13:02,2026/04/27 13:02,0:05,メール（1.）の閲覧・作成
2026/04/27 13:02,2026/04/27 13:02,0:05,Webサイト（ファイル検索するフォルダーを選択する）の閲覧・調査
2026/04/27 13:02,2026/04/27 13:02,0:05,メール（1.）の閲覧・作成
2026/04/27 13:02,2026/04/27 13:02,0:05,Webサイト（ImportExportTools NG - v14.1.18）の閲覧・調査 / Webサイト（ImportExportTools NG）の閲覧・調査
2026/04/27 13:03,2026/04/27 13:03,0:05,メール（1.）の閲覧・作成
2026/04/27 13:03,2026/04/27 13:03,0:05,Webサイト（選択したメッセージをインポート）の閲覧・調査
2026/04/27 13:03,2026/04/27 13:03,0:05,メール（1.）の閲覧・作成
2026/04/27 13:04,2026/04/27 13:04,0:05,サイボウズ（cybozu_sent_migration - t_ito - Mozilla Thunderbird）での情報確認・処理
2026/04/27 13:04,2026/04/27 13:04,0:05,Webサイト（ファイル検索するフォルダーを選択する）の閲覧・調査
2026/04/27 13:04,2026/04/27 13:04,0:05,サイボウズ（cybozu_sent_migration - t_ito - Mozilla Thunderbird）での情報確認・処理
2026/04/27 13:04,2026/04/27 13:05,0:05,Antigravityを用いた「システム開発・改善」の開発・相談
2026/04/27 13:05,2026/04/27 13:05,0:05,サイボウズ（cybozu_sent_migration - t_ito - Mozilla Thunderbird）での情報確認・処理
2026/04/27 13:05,2026/04/27 13:05,0:05,Antigravityを用いた「システム開発・改善」の開発・相談
2026/04/27 13:05,2026/04/27 13:05,0:05,サイボウズ（Cybozu MBOX Converter V3.6 - Native Path Fixed）での情報確認・処理
2026/04/27 13:05,2026/04/27 13:05,0:05,Webサイト（フォルダーの選択）の閲覧・調査
2026/04/27 13:05,2026/04/27 13:06,0:05,サイボウズ（Cybozu MBOX Converter V3.6 - Native Path Fixed）での情報確認・処理 / サイボウズ（cybozu_sent_migration - t_ito - Mozilla Thunderbird）での情報確認・処理
2026/04/27 13:06,2026/04/27 13:06,0:05,Webサイト（ファイル検索するフォルダーを選択する）の閲覧・調査
2026/04/27 13:06,2026/04/27 13:06,0:05,サイボウズ（cybozu_sent_migration - t_ito - Mozilla Thunderbird）での情報確認・処理
2026/04/27 13:06,2026/04/27 13:06,0:05,メール（Re: PB製造覚書 確認のお願い 【再送】）の閲覧・作成 / メール（ホーム）の閲覧・作成
2026/04/27 13:06,2026/04/27 13:06,0:05,サイボウズ（Cybozu MBOX Converter V3.6 - Native Path Fixed）での情報確認・処理
2026/04/27 13:07,2026/04/27 13:07,0:05,Antigravityを用いた「システム開発・改善」の開発・相談
2026/04/27 13:07,2026/04/27 13:07,0:05,メール（Mozilla Thunderbird）の閲覧・作成 / メール（Re: PB製造覚書 確認のお願い 【再送】）の閲覧・作成 / メール（ホーム）の閲覧・作成
2026/04/27 13:07,2026/04/27 13:07,0:05,サイボウズ（cybozu_sent_migration - t_ito - Mozilla Thunderbird）での情報確認・処理
2026/04/27 13:07,2026/04/27 13:07,0:05,メール（1.）の閲覧・作成
2026/04/27 13:07,2026/04/27 13:07,0:05,Webサイト（ファイル検索するフォルダーを選択する）の閲覧・調査
2026/04/27 13:07,2026/04/27 13:07,0:05,メール（1.）の閲覧・作成 / メール（10. Forestway・cocodecow会員規約）の閲覧・作成 / メール（11. 契約書審査）の閲覧・作成
2026/04/27 13:07,2026/04/27 13:07,0:05,Webサイト（ファイル検索するフォルダーを選択する）の閲覧・調査
2026/04/27 13:08,2026/04/27 13:08,0:05,メール（1.）の閲覧・作成 / メール（10. Forestway・cocodecow会員規約）の閲覧・作成
2026/04/27 13:08,2026/04/27 13:08,0:05,Webサイト（ファイル検索するフォルダーを選択する）の閲覧・調査
2026/04/27 13:08,2026/04/27 13:08,0:05,メール（10. Forestway・cocodecow会員規約）の閲覧・作成 / メール（11-1. ファイル保管済）の閲覧・作成 / メール（11. 契約書審査）の閲覧・作成
2026/04/27 13:09,2026/04/27 13:09,0:05,Webサイト（ファイル検索するフォルダーを選択する）の閲覧・調査
2026/04/27 13:09,2026/04/27 13:09,0:05,メール（10. Forestway・cocodecow会員規約）の閲覧・作成 / メール（11-1. ファイル保管済）の閲覧・作成 / メール（11. 契約書審査）の閲覧・作成
2026/04/27 13:09,2026/04/27 13:09,0:05,Webサイト（ファイル検索するフォルダーを選択する）の閲覧・調査
2026/04/27 13:09,2026/04/27 13:09,0:05,メール（11-1. ファイル保管済）の閲覧・作成 / メール（11. 契約書審査）の閲覧・作成
2026/04/27 13:10,2026/04/27 13:10,0:05,Webサイト（ファイル検索するフォルダーを選択する）の閲覧・調査
2026/04/27 13:10,2026/04/27 13:10,0:05,メール（11-1. ファイル保管済）の閲覧・作成 / メール（11-10. エディオン）の閲覧・作成
2026/04/27 13:10,2026/04/27 13:10,0:05,Webサイト（ファイル検索するフォルダーを選択する）の閲覧・調査
2026/04/27 13:10,2026/04/27 13:10,0:05,メール（11-10. エディオン）の閲覧・作成 / メール（11-11. フォーレスト酒販）の閲覧・作成
2026/04/27 13:10,2026/04/27 13:10,0:05,Webサイト（ファイル検索するフォルダーを選択する）の閲覧・調査
2026/04/27 13:10,2026/04/27 13:11,0:05,メール（10. Forestway・cocodecow会員規約）の閲覧・作成 / メール（11-1. ファイル保管済）の閲覧・作成 / メール（11-10. エディオン）の閲覧・作成 / メール（11-11. フォーレスト酒販）の閲覧・作成 / メール（11-12. 契約書ひな型）の閲覧・作成 / メール（11. 契約書審査）の閲覧・作成
2026/04/27 13:11,2026/04/27 13:11,0:05,Webサイト（ファイル検索するフォルダーを選択する）の閲覧・調査
2026/04/27 13:11,2026/04/27 13:11,0:05,メール（11-12. 契約書ひな型）の閲覧・作成 / メール（11-13. 英文契約書）の閲覧・作成
2026/04/27 13:11,2026/04/27 13:11,0:05,Webサイト（ファイル検索するフォルダーを選択する）の閲覧・調査
2026/04/27 13:11,2026/04/27 13:12,0:05,メール（11-13. 英文契約書）の閲覧・作成 / メール（11-2. 商品部）の閲覧・作成
2026/04/27 13:12,2026/04/27 13:12,0:05,Webサイト（ファイル検索するフォルダーを選択する）の閲覧・調査
2026/04/27 13:12,2026/04/27 13:12,0:05,メール（11-1. ファイル保管済）の閲覧・作成 / メール（11-10. エディオン）の閲覧・作成 / メール（11-11. フォーレスト酒販）の閲覧・作成 / メール（11-12. 契約書ひな型）の閲覧・作成 / メール（11-13. 英文契約書）の閲覧・作成 / メール（11-2. 商品部）の閲覧・作成
2026/04/27 13:12,2026/04/27 13:12,0:05,Webサイト（ファイル検索するフォルダーを選択する）の閲覧・調査
2026/04/27 13:12,2026/04/27 13:13,0:05,メール（11-1. ファイル保管済）の閲覧・作成 / メール（11-2. 商品部）の閲覧・作成 / メール（11-3. 管理部）の閲覧・作成
2026/04/27 13:13,2026/04/27 13:13,0:05,Webサイト（ファイル検索するフォルダーを選択する）の閲覧・調査
2026/04/27 13:13,2026/04/27 13:13,0:05,メール（11-3. 管理部）の閲覧・作成 / メール（11-4. 商品管理部）の閲覧・作成
2026/04/27 13:13,2026/04/27 13:13,0:05,Webサイト（ファイル検索するフォルダーを選択する）の閲覧・調査
2026/04/27 13:14,2026/04/27 13:14,0:05,メール（11-3. 管理部）の閲覧・作成 / メール（11-4. 商品管理部）の閲覧・作成 / メール（11-5. 営業部）の閲覧・作成
2026/04/27 13:14,2026/04/27 13:14,0:05,Webサイト（ファイル検索するフォルダーを選択する）の閲覧・調査
2026/04/27 13:14,2026/04/27 13:14,0:05,メール（11-5. 営業部）の閲覧・作成 / メール（11-6. マーケティング部）の閲覧・作成
2026/04/27 13:14,2026/04/27 13:14,0:05,Webサイト（ファイル検索するフォルダーを選択する）の閲覧・調査
2026/04/27 13:14,2026/04/27 13:14,0:05,メール（11-6. マーケティング部）の閲覧・作成 / メール（11-7. 物流部）の閲覧・作成
2026/04/27 13:14,2026/04/27 13:14,0:05,Webサイト（ファイル検索するフォルダーを選択する）の閲覧・調査
2026/04/27 13:14,2026/04/27 13:14,0:05,メール（11-7. 物流部）の閲覧・作成 / メール（11-8. 配送サービス部）の閲覧・作成
2026/04/27 13:15,2026/04/27 13:15,0:05,Webサイト（ファイル検索するフォルダーを選択する）の閲覧・調査
2026/04/27 13:15,2026/04/27 13:15,0:05,メール（11-8. 配送サービス部）の閲覧・作成 / メール（11-9. システム部）の閲覧・作成
2026/04/27 13:15,2026/04/27 13:15,0:05,Webサイト（ファイル検索するフォルダーを選択する）の閲覧・調査
2026/04/27 13:15,2026/04/27 13:15,0:05,メール（11-4. 商品管理部）の閲覧・作成 / メール（11-5. 営業部）の閲覧・作成 / メール（11-6. マーケティング部）の閲覧・作成 / メール（11-7. 物流部）の閲覧・作成 / メール（11-8. 配送サービス部）の閲覧・作成 / メール（11-9. システム部）の閲覧・作成 / メール（12. 内部統制・コンプライアンス・リスク管理関連）の閲覧・作成
2026/04/27 13:15,2026/04/27 13:15,0:05,Webサイト（ファイル検索するフォルダーを選択する）の閲覧・調査
2026/04/27 13:15,2026/04/27 13:16,0:05,メール（11-6. マーケティング部）の閲覧・作成 / メール（12. 内部統制・コンプライアンス・リスク管理関連）の閲覧・作成
2026/04/27 13:16,2026/04/27 13:16,0:05,Webサイト（ファイル検索するフォルダーを選択する）の閲覧・調査
2026/04/27 13:16,2026/04/27 13:16,0:05,メール（11-6. マーケティング部）の閲覧・作成 / メール（11-7. 物流部）の閲覧・作成
2026/04/27 13:16,2026/04/27 13:16,0:05,Webサイト（ファイル検索するフォルダーを選択する）の閲覧・調査
2026/04/27 13:17,2026/04/27 13:17,0:05,メール（11-7. 物流部）の閲覧・作成 / メール（11-8. 配送サービス部）の閲覧・作成
2026/04/27 13:17,2026/04/27 13:17,0:05,Webサイト（ファイル検索するフォルダーを選択する）の閲覧・調査
2026/04/27 13:17,2026/04/27 13:17,0:05,メール（11-8. 配送サービス部）の閲覧・作成 / メール（11-9. システム部）の閲覧・作成
2026/04/27 13:17,2026/04/27 13:17,0:05,Webサイト（ファイル検索するフォルダーを選択する）の閲覧・調査
2026/04/27 13:17,2026/04/27 13:19,0:05,メール（11-9. システム部）の閲覧・作成 / メール（12. 内部統制・コンプライアンス・リスク管理関連）の閲覧・作成 / メール（13. 管理部）の閲覧・作成 / メール（Fwd: 準委任契約書の送付）の閲覧・作成 / メール（Re: Fwd: 準委任契約書の送付）の閲覧・作成 / メール（ホーム）の閲覧・作成
2026/04/27 13:19,2026/04/27 13:19,0:05,Webサイト（ファイル検索するフォルダーを選択する）の閲覧・調査
2026/04/27 13:19,2026/04/27 13:19,0:05,メール（13-1. 総務・人事課）の閲覧・作成 / メール（13. 管理部）の閲覧・作成
2026/04/27 13:19,2026/04/27 13:19,0:05,Webサイト（ファイル検索するフォルダーを選択する）の閲覧・調査
2026/04/27 13:19,2026/04/27 13:19,0:05,メール（13-1. 総務・人事課）の閲覧・作成 / メール（13-2. 経理課）の閲覧・作成
2026/04/27 13:19,2026/04/27 13:19,0:05,Webサイト（ファイル検索するフォルダーを選択する）の閲覧・調査
2026/04/27 13:20,2026/04/27 13:20,0:05,メール（13-2. 経理課）の閲覧・作成 / メール（14. 事業管理部・ＡＩ推進関連）の閲覧・作成
2026/04/27 13:21,2026/04/27 13:21,0:05,Webサイト（ファイル検索するフォルダーを選択する）の閲覧・調査
2026/04/27 13:21,2026/04/27 13:21,0:05,メール（14. 事業管理部・ＡＩ推進関連）の閲覧・作成 / メール（15. 商品部）の閲覧・作成
2026/04/27 13:21,2026/04/27 13:21,0:05,Webサイト（ファイル検索するフォルダーを選択する）の閲覧・調査
2026/04/27 13:21,2026/04/27 13:21,0:05,メール（15. 商品部）の閲覧・作成 / メール（16. 商品管理部）の閲覧・作成
2026/04/27 13:21,2026/04/27 13:21,0:05,Webサイト（ファイル検索するフォルダーを選択する）の閲覧・調査
2026/04/27 13:21,2026/04/27 13:21,0:05,メール（16. 商品管理部）の閲覧・作成 / メール（17. マーケティング部）の閲覧・作成
2026/04/27 13:21,2026/04/27 13:21,0:05,Webサイト（ファイル検索するフォルダーを選択する）の閲覧・調査
2026/04/27 13:22,2026/04/27 13:22,0:05,メール（16. 商品管理部）の閲覧・作成 / メール（17. マーケティング部）の閲覧・作成
2026/04/27 13:22,2026/04/27 13:22,0:05,Webサイト（ファイル検索するフォルダーを選択する）の閲覧・調査
2026/04/27 13:22,2026/04/27 13:22,0:05,メール（17. マーケティング部）の閲覧・作成 / メール（18. 新規開発部）の閲覧・作成
2026/04/27 13:22,2026/04/27 13:22,0:05,Webサイト（ファイル検索するフォルダーを選択する）の閲覧・調査
2026/04/27 13:22,2026/04/27 13:23,0:05,メール（18. 新規開発部）の閲覧・作成 / メール（19. 営業部）の閲覧・作成
2026/04/27 13:23,2026/04/27 13:23,0:05,Webサイト（FigJamへようこそ ? FigJam）の閲覧・調査 / Webサイト（bing.com/ck/a?!&&p=c8f6b95a86b02123314099c406d93491f14f10823b8d84daac46280dc0427399JmltdHM9MTc3NzE2MTYwMA&ptn=3&ver=2&hsh=4&fclid=2ab368cf-c340-6b5a-2fa6...
2026/04/27 13:23,2026/04/27 13:23,0:05,"Gmail / Gmail - Google Chrome / Webサイト（gmail - 検索）の閲覧・調査 / Webサイト（受信トレイ (1,025) - ticsd0910@gmail.com - Gmail）の閲覧・調査"
2026/04/27 13:23,2026/04/27 13:23,0:05,メール（19. 営業部）の閲覧・作成
2026/04/27 13:23,2026/04/27 13:23,0:05,Webサイト（Google Chrome）の閲覧・調査
2026/04/27 13:24,2026/04/27 13:25,0:05,ようこそ - Google Chrome / メール（フォーレスト株式会社 メール）の閲覧・作成 / メール（受信トレイ (2)）の閲覧・作成
2026/04/27 13:25,2026/04/27 13:26,0:05,"サイボウズ（""サイボウズ／バックアップ/1. "" - kato@forest.co.jp - フォーレスト株式会社 メール）での情報確認・処理 / サイボウズ（""サイボウズ／バックアップ/11. 契約書審査"" - kato@forest.co.jp - フォーレスト株式会社 メール）での情報確認・処理 / サイボウズ（""サイボウズ／バックアップ/11. 契約書審査/11-1. ファイル保管済..."
2026/04/27 13:26,2026/04/27 13:26,0:05,メール（19. 営業部）の閲覧・作成 / メール（Fwd: コクヨ NEOS販促策（次号見開き掲載・年間ｲﾝｾﾝﾃｨﾌﾞ）覚書（案）ご送付の件）の閲覧・作成
2026/04/27 13:26,2026/04/27 13:26,0:05,Webサイト（ファイル検索するフォルダーを選択する）の閲覧・調査
2026/04/27 13:27,2026/04/27 13:27,0:05,メール（19. 営業部）の閲覧・作成 / メール（2.）の閲覧・作成
2026/04/27 13:27,2026/04/27 13:27,0:05,Webサイト（ファイル検索するフォルダーを選択する）の閲覧・調査
2026/04/27 13:27,2026/04/27 13:27,0:05,メール（2.）の閲覧・作成 / メール（20. 顧客課・サービス課）の閲覧・作成
2026/04/27 13:27,2026/04/27 13:27,0:05,Webサイト（ファイル検索するフォルダーを選択する）の閲覧・調査
2026/04/27 13:27,2026/04/27 13:27,0:05,メール（20. 顧客課・サービス課）の閲覧・作成 / メール（21. 物流部）の閲覧・作成
2026/04/27 13:27,2026/04/27 13:27,0:05,Webサイト（ファイル検索するフォルダーを選択する）の閲覧・調査
2026/04/27 13:27,2026/04/27 13:27,0:05,メール（21. 物流部）の閲覧・作成 / メール（22. 配送サービス部）の閲覧・作成
2026/04/27 13:27,2026/04/27 13:27,0:05,Webサイト（ファイル検索するフォルダーを選択する）の閲覧・調査
2026/04/27 13:28,2026/04/27 13:28,0:05,メール（22. 配送サービス部）の閲覧・作成 / メール（23. システム部）の閲覧・作成
2026/04/27 13:28,2026/04/27 13:28,0:05,Webサイト（ファイル検索するフォルダーを選択する）の閲覧・調査
2026/04/27 13:28,2026/04/27 13:28,0:05,メール（23. システム部）の閲覧・作成 / メール（24. 監査業務・監査法人関連）の閲覧・作成
2026/04/27 13:28,2026/04/27 13:28,0:05,Webサイト（ファイル検索するフォルダーを選択する）の閲覧・調査
2026/04/27 13:28,2026/04/27 13:28,0:05,メール（24-1. 会社分類資料）の閲覧・作成 / メール（24. 監査業務・監査法人関連）の閲覧・作成
2026/04/27 13:28,2026/04/27 13:28,0:05,Webサイト（ファイル検索するフォルダーを選択する）の閲覧・調査
2026/04/27 13:28,2026/04/27 13:29,0:05,メール（24-1. 会社分類資料）の閲覧・作成 / メール（25. 税理士法人関連）の閲覧・作成
2026/04/27 13:29,2026/04/27 13:29,0:05,Webサイト（ファイル検索するフォルダーを選択する）の閲覧・調査
2026/04/27 13:29,2026/04/27 13:29,0:05,メール（25. 税理士法人関連）の閲覧・作成 / メール（26. 商標登録）の閲覧・作成
2026/04/27 13:29,2026/04/27 13:29,0:05,Webサイト（ファイル検索するフォルダーを選択する）の閲覧・調査
2026/04/27 13:29,2026/04/27 13:30,0:05,メール（26. 商標登録）の閲覧・作成 / メール（27. 業務連絡）の閲覧・作成 / メール（受信トレイ）の閲覧・作成
2026/04/27 13:30,2026/04/27 13:30,0:05,Webサイト（ファイル検索するフォルダーを選択する）の閲覧・調査
2026/04/27 13:30,2026/04/27 13:30,0:05,メール（27. 業務連絡）の閲覧・作成 / メール（28. 独占禁止法違反事件）の閲覧・作成
2026/04/27 13:30,2026/04/27 13:30,0:05,Webサイト（ファイル検索するフォルダーを選択する）の閲覧・調査
2026/04/27 13:30,2026/04/27 13:30,0:05,メール（28. 独占禁止法違反事件）の閲覧・作成 / メール（29. 独占禁止法／従業員派遣・演出装飾作業）の閲覧・作成
2026/04/27 13:31,2026/04/27 13:31,0:05,Webサイト（ファイル検索するフォルダーを選択する）の閲覧・調査
2026/04/27 13:31,2026/04/27 13:31,0:05,メール（29. 独占禁止法／従業員派遣・演出装飾作業）の閲覧・作成 / メール（30. 表示・家電公取協関連）の閲覧・作成
2026/04/27 13:31,2026/04/27 13:31,0:05,Webサイト（ファイル検索するフォルダーを選択する）の閲覧・調査
2026/04/27 13:31,2026/04/27 13:31,0:05,メール（30. 表示・家電公取協関連）の閲覧・作成 / メール（31. 福徳・フォーレスト酒販関連）の閲覧・作成
2026/04/27 13:31,2026/04/27 13:31,0:05,Webサイト（ファイル検索するフォルダーを選択する）の閲覧・調査
2026/04/27 13:31,2026/04/27 13:31,0:05,メール（31. 福徳・フォーレスト酒販関連）の閲覧・作成 / メール（32. 一時処理フォルダ）の閲覧・作成
2026/04/27 13:32,2026/04/27 13:32,0:05,Webサイト（ファイル検索するフォルダーを選択する）の閲覧・調査
2026/04/27 13:32,2026/04/27 13:32,0:05,メール（32. 一時処理フォルダ）の閲覧・作成 / メール（33. ジェットクリーニング㈱）の閲覧・作成
2026/04/27 13:32,2026/04/27 13:32,0:05,Webサイト（ファイル検索するフォルダーを選択する）の閲覧・調査
2026/04/27 13:32,2026/04/27 13:32,0:05,メール（33. ジェットクリーニング㈱）の閲覧・作成 / メール（34. TKC・Freee・バクラク関連）の閲覧・作成
2026/04/27 13:32,2026/04/27 13:32,0:05,Webサイト（ファイル検索するフォルダーを選択する）の閲覧・調査
2026/04/27 13:32,2026/04/27 13:32,0:05,メール（34. TKC・Freee・バクラク関連）の閲覧・作成 / メール（4. 株主総会）の閲覧・作成
2026/04/27 13:32,2026/04/27 13:32,0:05,Webサイト（ファイル検索するフォルダーを選択する）の閲覧・調査
2026/04/27 13:32,2026/04/27 13:32,0:05,メール（4. 株主総会）の閲覧・作成 / メール（5. 取締役会・経営会議）の閲覧・作成
2026/04/27 13:32,2026/04/27 13:32,0:05,Webサイト（ファイル検索するフォルダーを選択する）の閲覧・調査
2026/04/27 13:33,2026/04/27 13:33,0:05,メール（5. 取締役会・経営会議）の閲覧・作成 / メール（6. ㈱エディオン／月次報告・予算管理）の閲覧・作成
2026/04/27 13:33,2026/04/27 13:33,0:05,Webサイト（ファイル検索するフォルダーを選択する）の閲覧・調査
2026/04/27 13:33,2026/04/27 13:33,0:05,メール（6. ㈱エディオン／月次報告・予算管理）の閲覧・作成 / メール（7. 物流プロジェクト会議）の閲覧・作成
2026/04/27 13:33,2026/04/27 13:33,0:05,Webサイト（ファイル検索するフォルダーを選択する）の閲覧・調査
2026/04/27 13:33,2026/04/27 13:33,0:05,メール（7-1. ジェイトップ）の閲覧・作成 / メール（7. 物流プロジェクト会議）の閲覧・作成
2026/04/27 13:34,2026/04/27 13:34,0:05,Webサイト（ファイル検索するフォルダーを選択する）の閲覧・調査
2026/04/27 13:34,2026/04/27 13:34,0:05,メール（7-1. ジェイトップ）の閲覧・作成 / メール（7-2. 東京配送サービス株式会社）の閲覧・作成
2026/04/27 13:34,2026/04/27 13:34,0:05,Webサイト（ファイル検索するフォルダーを選択する）の閲覧・調査
2026/04/27 13:34,2026/04/27 13:34,0:05,メール（7-2. 東京配送サービス株式会社）の閲覧・作成 / メール（7-3. 寿堂紙製造株式会社）の閲覧・作成
2026/04/27 13:34,2026/04/27 13:34,0:05,Webサイト（ファイル検索するフォルダーを選択する）の閲覧・調査
2026/04/27 13:34,2026/04/27 13:34,0:05,メール（7-3. 寿堂紙製造株式会社）の閲覧・作成 / メール（7-4. 神明株式会社）の閲覧・作成
2026/04/27 13:34,2026/04/27 13:34,0:05,Webサイト（ファイル検索するフォルダーを選択する）の閲覧・調査
2026/04/27 13:34,2026/04/27 13:34,0:05,メール（7-4. 神明株式会社）の閲覧・作成 / メール（7-5. セコム株式会社（警備保障））の閲覧・作成
2026/04/27 13:35,2026/04/27 13:35,0:05,Webサイト（ファイル検索するフォルダーを選択する）の閲覧・調査
2026/04/27 13:35,2026/04/27 13:35,0:05,メール（7-5. セコム株式会社（警備保障））の閲覧・作成 / メール（7-6. そごう・西武株式会社）の閲覧・作成
2026/04/27 13:35,2026/04/27 13:35,0:05,Webサイト（ファイル検索するフォルダーを選択する）の閲覧・調査
2026/04/27 13:35,2026/04/27 13:35,0:05,メール（7-6. そごう・西武株式会社）の閲覧・作成 / メール（7-7. 転貸仲介業者）の閲覧・作成
2026/04/27 13:35,2026/04/27 13:35,0:05,Webサイト（ファイル検索するフォルダーを選択する）の閲覧・調査
2026/04/27 13:35,2026/04/27 13:35,0:05,メール（7-7. 転貸仲介業者）の閲覧・作成 / メール（7-8. 物件紹介・コマーシャル）の閲覧・作成
2026/04/27 13:35,2026/04/27 13:35,0:05,Webサイト（ファイル検索するフォルダーを選択する）の閲覧・調査
2026/04/27 13:35,2026/04/27 13:35,0:05,メール（7-8. 物件紹介・コマーシャル）の閲覧・作成 / メール（7-9. 垂直搬送機の関する件）の閲覧・作成
2026/04/27 13:35,2026/04/27 13:35,0:05,Webサイト（ファイル検索するフォルダーを選択する）の閲覧・調査
2026/04/27 13:36,2026/04/27 13:36,0:05,メール（7-9. 垂直搬送機の関する件）の閲覧・作成 / メール（8. ㈱エディオン連携）の閲覧・作成
2026/04/27 13:36,2026/04/27 13:36,0:05,Webサイト（ファイル検索するフォルダーを選択する）の閲覧・調査
2026/04/27 13:36,2026/04/27 13:36,0:05,メール（8-1. ドロップシッピング）の閲覧・作成 / メール（8. ㈱エディオン連携）の閲覧・作成
2026/04/27 13:36,2026/04/27 13:36,0:05,Webサイト（ファイル検索するフォルダーを選択する）の閲覧・調査
2026/04/27 13:36,2026/04/27 13:36,0:05,メール（8-1. ドロップシッピング）の閲覧・作成 / メール（8-2. 表示関連）の閲覧・作成
2026/04/27 13:36,2026/04/27 13:36,0:05,Webサイト（ファイル検索するフォルダーを選択する）の閲覧・調査
2026/04/27 13:36,2026/04/27 13:36,0:05,メール（8-2. 表示関連）の閲覧・作成 / メール（9. フォーレスト規程関連）の閲覧・作成
2026/04/27 13:36,2026/04/27 13:36,0:05,Webサイト（ファイル検索するフォルダーを選択する）の閲覧・調査
2026/04/27 13:37,2026/04/27 13:37,0:05,メール（9. フォーレスト規程関連）の閲覧・作成
2026/04/27 13:38,2026/04/27 13:38,0:05,Webサイト（Google Chrome のジャンプ リスト）の閲覧・調査 / Webサイト（Windows シェル エクスペリエンス ホスト）の閲覧・調査
2026/04/27 13:38,2026/04/27 13:38,0:05,メール（Fwd: コクヨ NEOS販促策（次号見開き掲載・年間ｲﾝｾﾝﾃｨﾌﾞ）覚書（案）ご送付の件）の閲覧・作成
2026/04/27 13:38,2026/04/27 13:38,0:05,Webサイト（Google Chrome のジャンプ リスト）の閲覧・調査
2026/04/27 13:38,2026/04/27 13:38,0:05,メール（Fwd: コクヨ NEOS販促策（次号見開き掲載・年間ｲﾝｾﾝﾃｨﾌﾞ）覚書（案）ご送付の件）の閲覧・作成
2026/04/27 13:38,2026/04/27 13:38,0:05,Webサイト（Google Chrome のジャンプ リスト）の閲覧・調査 / Webサイト（Google Chrome）の閲覧・調査
2026/04/27 13:39,2026/04/27 13:39,0:05,メール（フォーレスト株式会社 メール）の閲覧・作成
2026/04/27 13:39,2026/04/27 13:49,0:10,Gmail / Gmail - Google Chrome / ようこそ - Google Chrome / メール（9. フォーレスト規程関連）の閲覧・作成 / メール（Fwd: コクヨ NEOS販促策（次号見開き掲載・年間ｲﾝｾﾝﾃｨﾌﾞ）覚書（案）ご送付の件）の閲覧・作成 / メール（【未引当76伝】ココ楽天☆販売停止 品目CD：639218 ｽﾄ）の閲覧・作成 / メール（フォーレス...
2026/04/27 13:49,2026/04/27 13:49,0:05,Webサイト（ファイル検索するフォルダーを選択する）の閲覧・調査
2026/04/27 13:49,2026/04/27 13:49,0:05,メール（9. フォーレスト規程関連）の閲覧・作成 / メール（スター付き）の閲覧・作成
2026/04/27 13:50,2026/04/27 13:50,0:05,Webサイト（ファイル検索するフォルダーを選択する）の閲覧・調査
2026/04/27 13:50,2026/04/27 14:02,0:12,"メール（スター付き）の閲覧・作成 / メール（受信トレイ (14,823)）の閲覧・作成"
2026/04/27 14:02,2026/04/27 14:02,0:05,Webサイト（gmail - 検索）の閲覧・調査
2026/04/27 14:02,2026/04/27 14:02,0:05,メール（スター付き）の閲覧・作成
2026/04/27 14:02,2026/04/27 14:02,0:05,サイボウズ（Cybozu MBOX Converter V3.6 - Native Path Fixed）での情報確認・処理 / 作成完了
2026/04/27 14:02,2026/04/27 14:02,0:05,Webサイト（Lenovo-csd）の閲覧・調査
2026/04/27 14:02,2026/04/27 14:02,0:05,サイボウズ（個人フォルダ - サイボウズ Office および他 2 ページ）での情報確認・処理
2026/04/27 14:02,2026/04/27 14:27,0:24,Webサイト（10.85.33.223 - リモート デスクトップ接続）の閲覧・調査 / Webサイト（192.169.5.5 - リモート デスクトップ接続）の閲覧・調査 / Webサイト（Google Chrome のジャンプ リスト）の閲覧・調査 / Webサイト（Lenovo-csd）の閲覧・調査 / Webサイト（gmail - 検索）の閲覧・調査 / Webサイト（リモート デス...
2026/04/27 14:27,2026/04/27 14:28,0:05,Excelファイル（20260427_ログ表示結果-20260416175217.xlsx ）の入力・編集 / Excelファイル（20260427_ログ表示結果-20260416175217）の入力・編集 / Excelファイル（IT規制Webサイト設定_v3.xlsx ）の入力・編集
2026/04/27 14:28,2026/04/27 14:28,0:05,Webサイト（192.169.5.5 - リモート デスクトップ接続）の閲覧・調査
2026/04/27 14:28,2026/04/27 14:28,0:05,Excelファイル（20260427_ログ表示結果-20260416175217）の入力・編集
2026/04/27 14:33,2026/04/27 14:33,0:05,Webサイト（192.169.5.5 - リモート デスクトップ接続）の閲覧・調査
2026/04/27 14:34,2026/04/27 14:34,0:05,Excelファイル（20260427_ログ表示結果-20260416175217）の入力・編集
2026/04/27 14:34,2026/04/27 14:34,0:05,Webサイト（192.169.5.5 - リモート デスクトップ接続）の閲覧・調査
2026/04/27 14:34,2026/04/27 14:34,0:05,Excelファイル（20260427_ログ表示結果-20260416175217）の入力・編集
2026/04/27 14:35,2026/04/27 14:35,0:05,Webサイト（192.169.5.5 - リモート デスクトップ接続）の閲覧・調査
2026/04/27 14:36,2026/04/27 14:36,0:05,Excelファイル（20260427_ログ表示結果-20260416175217）の入力・編集
2026/04/27 14:36,2026/04/27 14:36,0:05,Webサイト（192.169.5.5 - リモート デスクトップ接続）の閲覧・調査
2026/04/27 14:37,2026/04/27 14:37,0:05,Excelファイル（20260427_ログ表示結果-20260416175217）の入力・編集
2026/04/27 14:37,2026/04/27 14:37,0:05,Webサイト（192.169.5.5 - リモート デスクトップ接続）の閲覧・調査
2026/04/27 14:37,2026/04/27 14:37,0:05,Excelファイル（20260427_ログ表示結果-20260416175217）の入力・編集
2026/04/27 14:37,2026/04/27 14:37,0:05,Webサイト（192.169.5.5 - リモート デスクトップ接続）の閲覧・調査
2026/04/27 14:39,2026/04/27 14:39,0:05,Excelファイル（20260427_ログ表示結果-20260416175217）の入力・編集
2026/04/27 14:39,2026/04/27 14:45,0:05,Webサイト（192.169.5.5 - リモート デスクトップ接続）の閲覧・調査 / Webサイト（Google Gemini）の閲覧・調査 / Webサイト（Lenovo-csd）の閲覧・調査 / Webサイト（社内SEの仕事なんでも相談 - Google Gemini）の閲覧・調査
2026/04/27 14:51,2026/04/27 14:51,0:05,Excelファイル（20260427_ログ表示結果-20260416175217）の入力・編集
2026/04/27 14:51,2026/04/27 14:52,0:05,Webサイト（Google Gemini）の閲覧・調査 / Webサイト（サービス残業調査報告書作成 - Google Gemini）の閲覧・調査
2026/04/27 14:53,2026/04/27 14:53,0:05,Excelファイル（20260427_ログ表示結果-20260416175217）の入力・編集 / Excelファイル（成川.csv）の入力・編集
2026/04/27 14:54,2026/04/27 14:54,0:05,Webサイト（サービス残業調査報告書作成 - Google Gemini）の閲覧・調査
2026/04/27 14:56,2026/04/27 14:56,0:05,Excelファイル（成川.csv）の入力・編集
2026/04/27 14:57,2026/04/27 15:13,0:16,Webサイト（192.169.5.5 - リモート デスクトップ接続）の閲覧・調査 / Webサイト（Google Gemini）の閲覧・調査 / Webサイト（Lenovo-csd）の閲覧・調査 / Webサイト（サービス残業調査報告_詳細ログ（成川氏）_20260404 - Google スプレッドシート）の閲覧・調査 / Webサイト（サービス残業調査報告書作成 - Google Ge...
2026/04/27 15:13,2026/04/27 15:13,0:05,Excelファイル（20260427_ログ表示結果-20260416175217）の入力・編集
2026/04/27 15:14,2026/04/27 15:14,0:05,Webサイト（192.169.5.5 - リモート デスクトップ接続）の閲覧・調査
2026/04/27 15:14,2026/04/27 15:14,0:05,Excelファイル（20260427_ログ表示結果-20260416175217）の入力・編集
2026/04/27 15:14,2026/04/27 15:37,0:23,Webサイト（192.169.5.5 - リモート デスクトップ接続）の閲覧・調査 / Webサイト（Google マップ）の閲覧・調査 / Webサイト（Windows シェル エクスペリエンス ホスト）の閲覧・調査 / Webサイト（google - Google 検索）の閲覧・調査 / Webサイト（googleMAP - Google 検索）の閲覧・調査 / Webサイト（サービス残...
2026/04/27 15:48,2026/04/27 16:19,0:30,サイボウズ（forestway.cybozu.com/o/ag.cgi?page=ScheduleIndex および他 2 ページ）での情報確認・処理 / サイボウズ（スケジュール（グループ週表示） - サイボウズ Office および他 2 ページ）での情報確認・処理 / サイボウズ（スケジュール（グループ週表示） - サイボウズ Office）での情報確認・処理 / サイボウズ（メッセー...
2026/04/27 16:19,2026/04/27 16:21,0:05,Webサイト（C:\Users\フォーレスト026\Downloads\サービス残業調査報告書（成川氏）_20260404.md - サクラエディタ32bit 2.4.2.6048）の閲覧・調査 / Webサイト（サービス残業調査報告書（成川氏）_20260404 - Google ドキュメント）の閲覧・調査 / Webサイト（サービス残業調査報告書（成川氏）_20260404.docx  ...
2026/04/27 16:22,2026/04/27 16:22,0:05,サイボウズ（メッセージの詳細 - サイボウズ Office および他 2 ページ）での情報確認・処理 / サイボウズ（ユーザーの検索 - サイボウズ Office および他 2 ページ）での情報確認・処理 / サイボウズ（ユーザーの検索 - サイボウズ Office）での情報確認・処理 / サイボウズ（ユーザー名簿 - サイボウズ Office および他 2 ページ）での情報確認・処理 / ...
2026/04/27 16:22,2026/04/27 16:22,0:05,Webサイト（サービス残業調査報告書（成川氏）_20260404.docx - Word）の閲覧・調査
2026/04/27 16:22,2026/04/27 16:22,0:05,サイボウズ（ユーザーの検索 - サイボウズ Office および他 2 ページ）での情報確認・処理
2026/04/27 16:22,2026/04/27 16:23,0:05,Webサイト（192.169.5.5 - リモート デスクトップ接続）の閲覧・調査 / Webサイト（サービス残業調査報告書（成川氏）_20260404 - Google ドキュメント）の閲覧・調査 / Webサイト（スプレッドシートに出せる？ - Google Gemini）の閲覧・調査
2026/04/27 16:23,2026/04/27 16:24,0:05,Excelファイル（20260427_ログ表示結果-20260416175217.xlsx ）の入力・編集 / Excelファイル（20260427_ログ表示結果-20260416175217）の入力・編集
2026/04/27 16:24,2026/04/27 16:24,0:05,Webサイト（192.169.5.5 - リモート デスクトップ接続）の閲覧・調査 / Webサイト（スプレッドシートに出せる？ - Google Gemini）の閲覧・調査
2026/04/27 16:26,2026/04/27 16:26,0:05,Excelファイル（20260427_ログ表示結果-20260416175217）の入力・編集
2026/04/27 16:26,2026/04/27 16:31,0:05,Webサイト（Claude AI抽出の精度確認 - Claude）の閲覧・調査 / Webサイト（Google Gemini）の閲覧・調査 / Webサイト（サービス残業調査報告書作成 - Google Gemini）の閲覧・調査 / Webサイト（スプレッドシートに出せる？ - Google Gemini）の閲覧・調査 / Webサイト（生成AIの回答がイマイチな理由は？ 精度と関連性を高...
2026/04/27 16:31,2026/04/27 16:31,0:05,Excelファイル（20260427_ログ表示結果-20260416175217）の入力・編集
2026/04/27 16:31,2026/04/27 16:31,0:05,サイボウズ（ユーザーの検索 - サイボウズ Office および他 2 ページ）での情報確認・処理
2026/04/27 16:31,2026/04/27 16:31,0:05,Excelファイル（20260427_ログ表示結果-20260416175217）の入力・編集 / Excelファイル（IT規制Webサイト設定_v3.xlsx ）の入力・編集 / Excelファイル（成川.csv）の入力・編集
2026/04/27 16:32,2026/04/27 16:32,0:05,Webサイト（Microsoft Excel）の閲覧・調査
2026/04/27 16:32,2026/04/27 16:32,0:05,Excelファイル（IT規制Webサイト設定_v3.xlsx ）の入力・編集
2026/04/27 16:32,2026/04/27 16:32,0:05,Webサイト（Microsoft Excel）の閲覧・調査
2026/04/27 16:32,2026/04/27 16:32,0:05,Excelファイル（IT規制Webサイト設定_v3.xlsx ）の入力・編集
2026/04/27 16:32,2026/04/27 16:32,0:05,サイボウズ（Cybozu MBOX Converter V3.6 - Native Path Fixed）での情報確認・処理 / サイボウズ（ユーザーの検索 - サイボウズ Office および他 2 ページ）での情報確認・処理
2026/04/27 16:33,2026/04/27 16:34,0:05,Webサイト（gmail - 検索）の閲覧・調査 / Webサイト（windows applocker 使い方 - Comet）の閲覧・調査
2026/04/27 16:34,2026/04/27 16:34,0:05,サイボウズ（メール - サイボウズ Office）での情報確認・処理
2026/04/27 16:34,2026/04/27 16:34,0:05,Webサイト（FIGMA - 検索）の閲覧・調査 / Webサイト（FigJamへようこそ ? FigJam）の閲覧・調査 / Webサイト（NotebookLM Web Importer - Import web pages and YouTube videos to NotebookLM）の閲覧・調査 / Webサイト（gmail - 検索）の閲覧・調査 / Webサイト（ヘルプ ? D...
2026/04/27 16:34,2026/04/27 16:34,0:05,Figma / Webサイト（NotebookLM Web Importer - Import web pages and YouTube videos to NotebookLM）の閲覧・調査 / Webサイト（bing.com/aclick?ld=e8CMQj0mkvnHyXJBraTT4LcjVUCUxUG8Vez64R-_63rhknmZsp-MghOAd8P8ckDsT9RHQah...
2026/04/27 16:34,2026/04/27 16:34,0:05,サイボウズ（メール - サイボウズ Office）での情報確認・処理
2026/04/27 16:34,2026/04/27 16:34,0:05,Webサイト（bing.com/aclick?ld=e8CMQj0mkvnHyXJBraTT4LcjVUCUxUG8Vez64R-_63rhknmZsp-MghOAd8P8ckDsT9RHQaheJMLxc6cMvcTXYNZ7LTKopJ0t4H2KVanmqNI6u7V3iaMk-D2m3Y8dEQr0BvB7XOw1DcXNJZJCyOFApUdfsg9-ehrYZxI4hqzX7PT...
2026/04/27 16:34,2026/04/27 16:34,0:05,Figma / サイボウズ（ユーザーの検索 - サイボウズ Office）での情報確認・処理
2026/04/27 16:34,2026/04/27 16:34,0:05,"PDF資料（20260420_OA中古ノートPC７台購入_④稟議書（システム関連,社長決裁）20230701 (1).pdf）の確認"
2026/04/27 16:34,2026/04/27 16:34,0:05,Webサイト（致命的な脆弱性に対処したAndroid OSの2026年4月セキュリティ更新が発表 - 窓の杜）の閲覧・調査
2026/04/27 16:34,2026/04/27 16:34,0:05,"PDF資料（20260420_OA中古ノートPC７台購入_④稟議書（システム関連,社長決裁）20230701 (1).pdf）の確認"
2026/04/27 16:34,2026/04/27 16:34,0:05,サイボウズ（ユーザーの検索 - サイボウズ Office）での情報確認・処理
2026/04/27 16:34,2026/04/27 16:36,0:05,Webサイト（FigJamへようこそ ? FigJam）の閲覧・調査 / Webサイト（FigJamへようこそ – FigJam）の閲覧・調査 / Webサイト（gmail - 検索）の閲覧・調査 / Webサイト（windows applocker 使い方 - Comet）の閲覧・調査 / Webサイト（ブラウザの動作を遅くしているタブを修正）の閲覧・調査 / Webサイト（検索 - Mi...
2026/04/27 16:36,2026/04/27 16:36,0:05,サイボウズ（ユーザーの検索 - サイボウズ Office および他 2 ページ）での情報確認・処理
2026/04/27 16:36,2026/04/27 16:41,0:05,Webサイト（Downdetector - リアルタイムのサービス問題と障害を確認 - JP）の閲覧・調査 / Webサイト（Gemini）の閲覧・調査 / Webサイト（Google Chrome）の閲覧・調査 / Webサイト（Google Gemini）の閲覧・調査 / Webサイト（Google）の閲覧・調査 / Webサイト（downdetector - Google 検索）の閲覧...
2026/04/27 16:41,2026/04/27 16:41,0:05,Excel / Webサイト（Microsoft Excel）の閲覧・調査
2026/04/27 16:41,2026/04/27 16:41,0:05,Excel / Webサイト（起動しています - Excel）の閲覧・調査
2026/04/27 16:41,2026/04/27 16:41,0:05,Excelファイル（20260427_ログ表示結果-20260416175217）の入力・編集
2026/04/27 16:41,2026/04/27 16:41,0:05,Excel / Webサイト（起動しています - Excel）の閲覧・調査
2026/04/27 16:41,2026/04/27 16:41,0:05,Excel / Webサイト（Microsoft Excel）の閲覧・調査
2026/04/27 16:41,2026/04/27 16:41,0:05,Excel / Webサイト（ファイルの削除）の閲覧・調査 / Webサイト（起動しています - Excel）の閲覧・調査
2026/04/27 16:42,2026/04/27 16:42,0:05,Excelファイル（20260427_ログ表示結果-20260416175217）の入力・編集
2026/04/27 16:42,2026/04/27 16:43,0:05,Webサイト（サービス残業調査報告書作成 - Google Gemini）の閲覧・調査 / Webサイト（サービス残業調査報告書（成川氏）_20260405_公休日調査 - Google ドキュメント）の閲覧・調査
2026/04/27 16:43,2026/04/27 16:43,0:05,Excelファイル（20260427_ログ表示結果-20260416175217）の入力・編集 / Excelファイル（成川_ログ検索結果-20260405.csv）の入力・編集
2026/04/27 16:44,2026/04/27 16:44,0:05,Webサイト（サービス残業調査報告書（成川氏）_20260405_公休日調査 - Google ドキュメント）の閲覧・調査 / Webサイト（最近のダウンロード履歴）の閲覧・調査
2026/04/27 16:44,2026/04/27 16:44,0:05,サイボウズ（ユーザーの検索 - サイボウズ Office および他 2 ページ）での情報確認・処理
2026/04/27 16:44,2026/04/27 16:45,0:05,Webサイト（サービス残業調査報告書作成 - Google Gemini）の閲覧・調査 / Webサイト（サービス残業調査報告書（成川氏）_20260405_公休日調査 - Google ドキュメント）の閲覧・調査 / Webサイト（サービス残業調査報告書（成川氏）_20260405_公休日調査.docx  -  保護ビュー - Word）の閲覧・調査 / Webサイト（サービス残業調査報告...
2026/04/27 16:45,2026/04/27 16:45,0:05,Excelファイル（20260427_ログ表示結果-20260416175217）の入力・編集 / Excelファイル（成川_ログ検索結果-20260405.csv）の入力・編集
2026/04/27 16:45,2026/04/27 16:46,0:05,Webサイト（192.169.5.5 - リモート デスクトップ接続）の閲覧・調査 / Webサイト（リモート デスクトップ接続）の閲覧・調査
2026/04/27 16:46,2026/04/27 16:46,0:05,Excelファイル（20260427_ログ表示結果-20260416175217）の入力・編集
2026/04/27 16:46,2026/04/27 16:48,0:05,Webサイト（192.169.5.5 - リモート デスクトップ接続）の閲覧・調査 / Webサイト（windows applocker 使い方 - Comet）の閲覧・調査 / Webサイト（サービス残業調査報告書作成 - Google Gemini）の閲覧・調査
2026/04/27 16:49,2026/04/27 16:49,0:05,Excelファイル（20260427_ログ表示結果-20260416175217）の入力・編集 / Excelファイル（成川_ログ検索結果-20260409.csv）の入力・編集
2026/04/27 16:49,2026/04/27 16:50,0:05,Webサイト（サービス残業調査報告書作成 - Google Gemini）の閲覧・調査 / Webサイト（サービス残業調査報告書（成川氏）_20260409_夜間調査 - Google ドキュメント）の閲覧・調査 / Webサイト（サービス残業調査報告書（成川氏）_20260409_夜間調査.docx  -  保護ビュー - Word）の閲覧・調査 / Webサイト（最近のダウンロード履歴）...
2026/04/27 16:50,2026/04/27 16:50,0:05,サイボウズ（ユーザーの検索 - サイボウズ Office および他 2 ページ）での情報確認・処理
2026/04/27 16:50,2026/04/27 16:50,0:05,Webサイト（サービス残業調査報告書（成川氏）_20260409_夜間調査.docx  -  保護ビュー - Word）の閲覧・調査 / Webサイト（サービス残業調査報告書（成川氏）_20260409_夜間調査.docx - Word）の閲覧・調査
2026/04/27 16:50,2026/04/27 16:50,0:05,サイボウズ（ユーザーの検索 - サイボウズ Office および他 2 ページ）での情報確認・処理
2026/04/27 16:51,2026/04/27 16:51,0:05,Excelファイル（20260427_ログ表示結果-20260416175217）の入力・編集 / Excelファイル（成川_ログ検索結果-20260409.csv）の入力・編集
2026/04/27 16:51,2026/04/27 16:51,0:05,Webサイト（192.169.5.5 - リモート デスクトップ接続）の閲覧・調査
2026/04/27 16:52,2026/04/27 16:52,0:05,Excelファイル（20260427_ログ表示結果-20260416175217）の入力・編集
2026/04/27 16:52,2026/04/27 16:52,0:05,サイボウズ（ユーザーの検索 - サイボウズ Office および他 2 ページ）での情報確認・処理
2026/04/27 16:52,2026/04/27 16:54,0:05,Webサイト（「いま」を見つけよう / X）の閲覧・調査 / Webサイト（サービス残業調査報告書作成 - Google Gemini）の閲覧・調査 / Webサイト（サービス残業調査報告書（成川氏）_20260409_夜間調査 - Google ドキュメント）の閲覧・調査
2026/04/27 16:54,2026/04/27 16:57,0:05,Webサイト（(21) Grok / X）の閲覧・調査 / Webサイト（(21) ホーム / X）の閲覧・調査 / Webサイト（サービス残業調査報告書作成 - Google Gemini）の閲覧・調査 / Webサイト（ホーム / X）の閲覧・調査 / X - Google Chrome / x.com - Google Chrome
2026/04/27 16:57,2026/04/27 16:57,0:05,Excelファイル（20260427_ログ表示結果-20260416175217）の入力・編集
2026/04/27 16:57,2026/04/27 16:57,0:05,Webサイト（サービス残業調査報告書作成 - Google Gemini）の閲覧・調査 / Webサイト（サービス残業調査報告書（成川氏）_20260410_金曜夜間調査 - Google ドキュメント）の閲覧・調査
2026/04/27 16:58,2026/04/27 16:58,0:05,サイボウズ（ユーザーの検索 - サイボウズ Office および他 2 ページ）での情報確認・処理
2026/04/27 16:58,2026/04/27 16:59,0:05,Webサイト（サービス残業調査報告書（成川氏）_20260410_金曜夜間調査 - Google ドキュメント）の閲覧・調査 / Webサイト（サービス残業調査報告書（成川氏）_20260410_金曜夜間調査.docx  -  保護ビュー - Word）の閲覧・調査 / Webサイト（サービス残業調査報告書（成川氏）_20260410_金曜夜間調査.docx - Word）の閲覧・調査 / ...
2026/04/27 16:59,2026/04/27 16:59,0:05,Excelファイル（20260427_ログ表示結果-20260416175217）の入力・編集
2026/04/27 16:59,2026/04/27 16:59,0:05,Webサイト（192.169.5.5 - リモート デスクトップ接続）の閲覧・調査
2026/04/27 17:00,2026/04/27 17:00,0:05,Excelファイル（20260427_ログ表示結果-20260416175217）の入力・編集
2026/04/27 17:00,2026/04/27 17:00,0:05,Webサイト（サービス残業調査報告書（成川氏）_20260410_金曜夜間調査 - Google ドキュメント）の閲覧・調査
2026/04/27 17:00,2026/04/27 17:00,0:05,Excelファイル（20260427_ログ表示結果-20260416175217）の入力・編集
2026/04/27 17:00,2026/04/27 17:00,0:05,サイボウズ（ユーザーの検索 - サイボウズ Office および他 2 ページ）での情報確認・処理
2026/04/27 17:01,2026/04/27 17:01,0:05,Webサイト（Google Chrome）の閲覧・調査 / Webサイト（Google Gemini）の閲覧・調査 / Webサイト（Google）の閲覧・調査 / Webサイト（Windows シェル エクスペリエンス ホスト）の閲覧・調査 / Webサイト（gemini.google.com/app?utm_source=app_launcher&utm_medium=owned&utm...
2026/04/27 17:02,2026/04/27 17:03,0:05,Webサイト（Chrome リモート デスクトップ）の閲覧・調査 / Webサイト（Lenovo-csd）の閲覧・調査 / Webサイト（リモート アクセス - Chrome リモート デスクトップ）の閲覧・調査 / 拡張機能
2026/04/27 17:03,2026/04/27 17:03,0:05,サイボウズ（ユーザーの検索 - サイボウズ Office および他 2 ページ）での情報確認・処理
2026/04/27 17:03,2026/04/27 17:03,0:05,Webサイト（Lenovo-csd）の閲覧・調査 / Webサイト（サービス残業調査報告書作成 - Google Gemini）の閲覧・調査
2026/04/27 17:04,2026/04/27 17:04,0:05,Excelファイル（20260427_ログ表示結果-20260416175217）の入力・編集 / Excelファイル（成川_ログ検索結果-20260405.csv）の入力・編集
2026/04/27 17:06,2026/04/27 17:06,0:05,サイボウズ（ユーザーの検索 - サイボウズ Office および他 2 ページ）での情報確認・処理
2026/04/27 17:06,2026/04/27 17:06,0:05,Excelファイル（20260427_ログ表示結果-20260416175217）の入力・編集 / Excelファイル（成川.csv）の入力・編集 / Excelファイル（成川_ログ検索結果-20260405.csv）の入力・編集
2026/04/27 17:07,2026/04/27 17:07,0:05,Webサイト（ファイルの名前変更）の閲覧・調査
2026/04/27 17:07,2026/04/27 17:07,0:05,サイボウズ（ユーザーの検索 - サイボウズ Office および他 2 ページ）での情報確認・処理
2026/04/27 17:07,2026/04/27 17:08,0:05,Webサイト（100% 完了）の閲覧・調査 / Webサイト（36% 完了）の閲覧・調査 / Webサイト（48% 完了）の閲覧・調査 / Webサイト（91% 完了）の閲覧・調査 / Webサイト（サービス残業調査報告書作成 - Google Gemini）の閲覧・調査 / Webサイト（ファイルの置換またはスキップ）の閲覧・調査
2026/04/27 17:08,2026/04/27 17:08,0:05,Excelファイル（20260427_ログ表示結果-20260416175217）の入力・編集
2026/04/27 17:09,2026/04/27 17:09,0:05,Webサイト（サービス残業調査報告書作成 - Google Gemini）の閲覧・調査
2026/04/27 17:09,2026/04/27 17:09,0:05,Excelファイル（20260427_ログ表示結果-20260416175217）の入力・編集
2026/04/27 17:09,2026/04/27 17:11,0:05,Webサイト（192.169.5.5 - リモート デスクトップ接続）の閲覧・調査 / Webサイト（サービス残業調査報告書作成 - Google Gemini）の閲覧・調査
2026/04/27 17:11,2026/04/27 17:11,0:05,サイボウズ（ユーザーの検索 - サイボウズ Office および他 2 ページ）での情報確認・処理
2026/04/27 17:11,2026/04/27 17:11,0:05,Webサイト（サービス残業調査報告書作成 - Google Gemini）の閲覧・調査
2026/04/27 17:11,2026/04/27 17:12,0:05,0% 完了 / Excelファイル（20260427_ログ表示結果-20260416175217）の入力・編集
2026/04/27 17:12,2026/04/27 17:12,0:05,0% 完了 / Webサイト（37% 完了）の閲覧・調査 / Webサイト（87% 完了）の閲覧・調査 / Webサイト（サービス残業調査報告書作成 - Google Gemini）の閲覧・調査
2026/04/27 17:13,2026/04/27 17:13,0:05,Excelファイル（20260427_ログ表示結果-20260416175217）の入力・編集 / Excelファイル（成川_ログ検索結果-20260415.csv）の入力・編集
2026/04/27 17:16,2026/04/27 17:16,0:05,Webサイト（サービス残業調査報告書作成 - Google Gemini）の閲覧・調査
2026/04/27 17:16,2026/04/27 17:16,0:05,Excelファイル（成川_ログ検索結果-20260415.csv）の入力・編集
2026/04/27 17:16,2026/04/27 17:16,0:05,Webサイト（サービス残業調査報告書作成 - Google Gemini）の閲覧・調査
2026/04/27 17:17,2026/04/27 17:17,0:05,Antigravityを用いた「システム開発・改善」の開発・相談 / スタート
2026/04/27 17:22,2026/04/27 17:22,0:05,Webサイト（Manager）の閲覧・調査
2026/04/27 17:22,2026/04/27 17:22,0:05,Antigravityを用いた「システム開発・改善」の開発・相談
2026/04/27 17:30,2026/04/27 17:30,0:05,Excelファイル（成川_ログ検索結果-20260415.csv）の入力・編集
2026/04/27 17:30,2026/04/27 17:30,0:05,Webサイト（Microsoft Excel）の閲覧・調査
2026/04/27 17:30,2026/04/27 17:30,0:05,Excelファイル（成川_ログ検索結果-20260415.csv）の入力・編集
2026/04/27 17:31,2026/04/27 17:38,0:06,Webサイト（サービス残業調査報告書（成川社員）_20260404.docx  -  保護ビュー - Word）の閲覧・調査 / Webサイト（サービス残業調査報告書（成川社員）_20260405.docx  -  保護ビュー - Word）の閲覧・調査 / Webサイト（起動しています - Word）の閲覧・調査 / Webサイト（起動しています - サービス残業調査報告書（成川社員）_2...
2026/04/27 17:38,2026/04/27 17:38,0:05,Antigravityを用いた「システム開発・改善」の開発・相談
2026/04/27 17:41,2026/04/27 17:41,0:05,Webサイト（変換したいファイルが入ったフォルダを選択してください）の閲覧・調査
2026/04/27 17:42,2026/04/27 17:44,0:05,Antigravityを用いた「システム開発・改善」の開発・相談
2026/04/27 17:45,2026/04/27 17:45,0:05,Excelファイル（成川_ログ検索結果-20260415.csv）の入力・編集
2026/04/27 17:45,2026/04/27 17:45,0:05,Antigravityを用いた「システム開発・改善」の開発・相談 / Excel
2026/04/27 17:45,2026/04/27 17:45,0:05,Webサイト（変換したいファイルが入ったフォルダを選択してください）の閲覧・調査 / Webサイト（起動しています - Excel）の閲覧・調査
2026/04/27 17:45,2026/04/27 17:45,0:05,Excelファイル（test_excel_01.xlsx）の入力・編集
2026/04/27 17:46,2026/04/27 17:46,0:05,Antigravityを用いた「システム開発・改善」の開発・相談
2026/04/27 17:50,2026/04/27 17:53,0:05,Webサイト（100% 完了）の閲覧・調査 / Webサイト（82% 完了）の閲覧・調査 / Webサイト（98% 完了）の閲覧・調査 / Webサイト（C:\Users\フォーレスト026\MyProject\MyProject\dist\README_OfficeConverter.txt - サクラエディタ32bit 2.4.2.6048）の閲覧・調査
2026/04/27 17:58,2026/04/27 17:58,0:05,Antigravityを用いた「システム開発・改善」の開発・相談
2026/04/27 18:02,2026/04/27 18:02,0:05,サイボウズ（ユーザーの検索 - サイボウズ Office および他 2 ページ）での情報確認・処理
2026/04/27 18:03,2026/04/27 18:09,0:06,Webサイト（インフォメーション および他 2 ページ）の閲覧・調査 / Webサイト（インフォメーション）の閲覧・調査 / Webサイト（サービス残業調査報告書作成 - Google Gemini）の閲覧・調査
2026/04/28 08:55,2026/04/28 08:55,0:05,Antigravityを用いた「システム開発・改善」の開発・相談
2026/04/28 08:58,2026/04/28 08:58,0:05,Webサイト（accounts.secure.freee.co.jp/sessions/new?redirect_url=https%3A%2F%2Fp.secure.freee.co.jp%2Fusers%2Fafter_login%3Fhash%3D&service_name=payroll&sign_up_url=https%3A%2F%2Faccounts.secure.freee....
2026/04/28 09:03,2026/04/28 09:03,0:05,Antigravityを用いた「システム開発・改善」の開発・相談
2026/04/28 09:08,2026/04/28 09:16,0:08,Webサイト（100% 完了）の閲覧・調査 / Webサイト（36% 完了）の閲覧・調査 / Webサイト（41% 完了）の閲覧・調査 / Webサイト（64% 完了）の閲覧・調査 / Webサイト（86% 完了）の閲覧・調査 / Webサイト（99% 完了）の閲覧・調査 / Webサイト（サービス残業調査報告書作成 - Google Gemini）の閲覧・調査 / Webサイト（システム ...
2026/04/28 09:25,2026/04/28 09:25,0:05,Antigravityを用いた「システム開発・改善」の開発・相談
2026/04/28 09:25,2026/04/28 09:25,0:05,Webサイト（社内SEの仕事なんでも相談 - Google Gemini）の閲覧・調査
2026/04/28 09:25,2026/04/28 09:25,0:05,Antigravityを用いた「システム開発・改善」の開発・相談
2026/04/28 09:25,2026/04/28 09:58,0:32,Webサイト（192.169.5.5 - リモート デスクトップ接続）の閲覧・調査 / Webサイト（alert_scawtemp.log - メモ帳）の閲覧・調査 / Webサイト（社内SEの仕事なんでも相談 - Google Gemini）の閲覧・調査
2026/04/28 09:58,2026/04/28 09:58,0:05,サイボウズ（forestway.cybozu.com および他 3 ページ）での情報確認・処理
2026/04/28 09:58,2026/04/28 09:58,0:05,Webサイト（インフォメーション および他 3 ページ）の閲覧・調査 / Webサイト（インフォメーション）の閲覧・調査
2026/04/28 09:58,2026/04/28 09:59,0:05,サイボウズ（スケジュール（グループ週表示） - サイボウズ Office および他 3 ページ）での情報確認・処理 / サイボウズ（スケジュール（グループ週表示） - サイボウズ Office）での情報確認・処理 / サイボウズ（トップページ - サイボウズ Office および他 3 ページ）での情報確認・処理 / サイボウズ（トップページ - サイボウズ Office）での情報確認・処理...
2026/04/28 09:59,2026/04/28 09:59,0:05,Webサイト（Meet - yqy-cxra-wtx）の閲覧・調査 / Webサイト（Meet および他 4 ページ）の閲覧・調査 / Webサイト（meet.google.com/yqy-cxra-wtx および他 4 ページ）の閲覧・調査
2026/04/28 09:59,2026/04/28 09:59,0:05,Meet / Webサイト（Meet - yqy-cxra-wtx および他 4 ページ）の閲覧・調査 / Webサイト（Meet および他 4 ページ）の閲覧・調査
2026/04/28 09:59,2026/04/28 10:07,0:07,Meet / Webサイト（192.169.5.5 - リモート デスクトップ接続）の閲覧・調査 / Webサイト（Meet - yqy-cxra-wtx および他 4 ページ）の閲覧・調査 / Webサイト（Meet - 経営方針発表会 および他 4 ページ）の閲覧・調査 / Webサイト（Meet - 経営方針発表会）の閲覧・調査 / Webサイト（リモート デスクトップ接続）の閲覧・調査
2026/04/28 10:07,2026/04/28 10:07,0:05,Antigravityを用いた「システム開発・改善」の開発・相談
2026/04/28 10:07,2026/04/28 10:24,0:17,Webサイト（/usr/bin/bash --login -i??????????????????????????????????????????????????）の閲覧・調査 / Webサイト（Gemini）の閲覧・調査 / Webサイト（Git Bash のジャンプ リスト）の閲覧・調査 / Webサイト（Meet - 経営方針発表会 および他 4 ページ）の閲覧・調査 / Webサイト...
2026/04/28 10:24,2026/04/28 10:26,0:05,"Excelファイル（(GoogleGeminiGem元)20260428?PCモニター・切り替え機購入の件?④稟議書（システム関連,社長決裁）20230701.xlsx）の入力・編集"
2026/04/28 10:28,2026/04/28 10:29,0:05,Webサイト（Gemini）の閲覧・調査 / Webサイト（起動しています - Excel）の閲覧・調査
2026/04/28 10:29,2026/04/28 10:29,0:05,"Excelファイル（20250617_基幹用NAS購入について_④稟議書（システム関連,社長決裁）20230701.xlsx）の入力・編集 / PDF資料（20251218?(完成)東日本物流3階休憩室フリーWi-Fi設置の件?④稟議書（システム関連,社長決裁）20230701.pdf）の確認"
2026/04/28 10:29,2026/04/28 10:47,0:17,Webサイト（Adobe Acrobat Reader (64-bit)）の閲覧・調査 / Webサイト（Gemini）の閲覧・調査 / Webサイト（Meet - 経営方針発表会 および他 4 ページ）の閲覧・調査
2026/04/28 10:47,2026/04/28 10:47,0:05,サイボウズ（ワークフローの検索 - サイボウズ Office および他 3 ページ）での情報確認・処理 / サイボウズ（ワークフローの検索 - サイボウズ Office）での情報確認・処理 / サイボウズ（ワークフロー（受信一覧） - サイボウズ Office および他 3 ページ）での情報確認・処理 / サイボウズ（ワークフロー（受信一覧） - サイボウズ Office）での情報確認・処理...
2026/04/28 10:48,2026/04/28 10:48,0:05,Webサイト（Gemini）の閲覧・調査
2026/04/28 10:48,2026/04/28 10:49,0:05,サイボウズ（ワークフローの検索 - サイボウズ Office および他 3 ページ）での情報確認・処理 / サイボウズ（ワークフローの検索 - サイボウズ Office）での情報確認・処理 / サイボウズ（ワークフロー（受信一覧） - サイボウズ Office および他 3 ページ）での情報確認・処理 / サイボウズ（ワークフロー（受信一覧） - サイボウズ Office）での情報確認・処理...
2026/04/28 10:49,2026/04/28 10:49,0:05,PDF資料（【営業統括部】_仕事用スマートフォン貸与稟議書_2025.11.19(提出用).pdf および他 4 ページ）の確認 / PDF資料（【営業統括部】_仕事用スマートフォン貸与稟議書_2025.11.19(提出用).pdf）の確認
2026/04/28 10:49,2026/04/28 11:01,0:11,Webサイト（Gemini）の閲覧・調査 / Webサイト（起動しています - Excel）の閲覧・調査
2026/04/28 11:01,2026/04/28 11:01,0:05,"Excelファイル（20260428_システム部向け保有スマホ２台貸与台_④稟議書（システム関連,社長決裁）20230701.xlsx）の入力・編集"
2026/04/28 11:02,2026/04/28 11:02,0:05,Webサイト（Gemini）の閲覧・調査
2026/04/28 11:02,2026/04/28 11:02,0:05,"Excelファイル（20260428_システム部向け保有スマホ２台貸与台_④稟議書（システム関連,社長決裁）20230701.xlsx）の入力・編集"
2026/04/28 11:03,2026/04/28 11:03,0:05,Webサイト（Gemini）の閲覧・調査
2026/04/28 11:03,2026/04/28 11:03,0:05,"Excelファイル（20260428_システム部向け保有スマホ２台貸与台_④稟議書（システム関連,社長決裁）20230701.xlsx）の入力・編集"
2026/04/28 11:03,2026/04/28 11:03,0:05,Webサイト（Gemini）の閲覧・調査
2026/04/28 11:03,2026/04/28 11:03,0:05,"Excelファイル（20260428_システム部向け保有スマホ２台貸与台_④稟議書（システム関連,社長決裁）20230701.xlsx）の入力・編集"
2026/04/28 11:04,2026/04/28 11:04,0:05,Webサイト（Gemini）の閲覧・調査
2026/04/28 11:04,2026/04/28 11:04,0:05,"Excelファイル（20260428_システム部向け保有スマホ２台貸与台_④稟議書（システム関連,社長決裁）20230701.xlsx）の入力・編集"
2026/04/28 11:04,2026/04/28 11:04,0:05,Webサイト（Gemini）の閲覧・調査
2026/04/28 11:04,2026/04/28 11:04,0:05,"Excelファイル（20260428_システム部向け保有スマホ２台貸与台_④稟議書（システム関連,社長決裁）20230701.xlsx）の入力・編集"
2026/04/28 11:04,2026/04/28 11:04,0:05,Webサイト（Gemini）の閲覧・調査
2026/04/28 11:05,2026/04/28 11:05,0:05,"Excelファイル（20260428_システム部向け保有スマホ２台貸与台_④稟議書（システム関連,社長決裁）20230701.xlsx）の入力・編集"
2026/04/28 11:05,2026/04/28 11:05,0:05,Webサイト（Gemini）の閲覧・調査
2026/04/28 11:05,2026/04/28 11:05,0:05,"Excelファイル（20260428_システム部向け保有スマホ２台貸与台_④稟議書（システム関連,社長決裁）20230701.xlsx）の入力・編集"
2026/04/28 11:06,2026/04/28 11:06,0:05,Webサイト（Gemini）の閲覧・調査
2026/04/28 11:06,2026/04/28 11:06,0:05,"Excelファイル（20260428_システム部向け保有スマホ２台貸与台_④稟議書（システム関連,社長決裁）20230701.xlsx）の入力・編集"
2026/04/28 11:06,2026/04/28 11:06,0:05,Webサイト（Gemini）の閲覧・調査
2026/04/28 11:10,2026/04/28 11:10,0:05,"Excelファイル（20260428_システム部向け保有スマホ２台貸与台_④稟議書（システム関連,社長決裁）20230701.xlsx）の入力・編集"
2026/04/28 11:10,2026/04/28 11:10,0:05,Webサイト（Gemini）の閲覧・調査
2026/04/28 11:11,2026/04/28 11:14,0:05,"Excelファイル（20260428_システム部向け保有スマホ２台貸与台_④稟議書（システム関連,社長決裁）20230701.xlsx）の入力・編集"
2026/04/28 11:15,2026/04/28 11:15,0:05,Webサイト（Microsoft Excel）の閲覧・調査
2026/04/28 11:15,2026/04/28 11:15,0:05,"Excelファイル（20260428_システム部向け保有スマホ２台貸与台_④稟議書（システム関連,社長決裁）20230701.xlsx）の入力・編集"
2026/04/28 11:15,2026/04/28 11:15,0:05,Webサイト（Microsoft Excel）の閲覧・調査
2026/04/28 11:15,2026/04/28 11:26,0:11,"Excelファイル（20260428_システム部向け保有スマホ２台貸与台_④稟議書（システム関連,社長決裁）20230701.xlsx）の入力・編集 / PDF資料（【営業統括部】_仕事用スマートフォン貸与稟議書_2025.11.19(提出用).pdf および他 4 ページ）の確認"
2026/04/28 11:26,2026/04/28 11:26,0:05,Webサイト（形式を選択して貼り付け）の閲覧・調査
2026/04/28 11:26,2026/04/28 11:33,0:06,"Excelファイル（20260428_システム部向け保有スマホ２台貸与台_④稟議書（システム関連,社長決裁）20230701.xlsx）の入力・編集 / PDF資料（【営業統括部】_仕事用スマートフォン貸与稟議書_2025.11.19(提出用).pdf および他 4 ページ）の確認"
2026/04/28 11:39,2026/04/28 11:39,0:05,Webサイト（Gemini）の閲覧・調査
2026/04/28 11:39,2026/04/28 11:39,0:05,PDF資料（【営業統括部】_仕事用スマートフォン貸与稟議書_2025.11.19(提出用).pdf および他 4 ページ）の確認
2026/04/28 11:39,2026/04/28 11:39,0:05,サイボウズ（ファイル管理 - サイボウズ Office および他 3 ページ）での情報確認・処理 / サイボウズ（ファイル管理 - サイボウズ Office）での情報確認・処理 / サイボウズ（申請データの詳細 - サイボウズ Office および他 3 ページ）での情報確認・処理
2026/04/28 11:39,2026/04/28 11:39,0:05,"Excelファイル（20260428_システム部向け保有スマホ２台貸与台_④稟議書（システム関連,社長決裁）20230701.xlsx）の入力・編集"
2026/04/28 11:39,2026/04/28 11:39,0:05,Excel / サイボウズ（ファイル管理 - サイボウズ Office および他 3 ページ）での情報確認・処理
2026/04/28 11:39,2026/04/28 11:39,0:05,Webサイト（起動しています - Excel）の閲覧・調査
2026/04/28 11:39,2026/04/28 11:42,0:05,"Excelファイル（20260420_OA中古ノートPC７台購入_④稟議書（システム関連,社長決裁）20230701.xlsx）の入力・編集 / Excelファイル（20260428_システム部向け保有スマホ２台貸与台_④稟議書（システム関連,社長決裁）20230701.xlsx）の入力・編集 / PDF資料（お見積書_1262207(1台).pdf）の確認 / PDF資料（フォーレスト様お..."
2026/04/28 11:42,2026/04/28 11:43,0:05,Webサイト（Adobe Acrobat）の閲覧・調査 / Webサイト（パスワードの入力）の閲覧・調査 / Webサイト（圧縮 (zip 形式) フォルダー エラー）の閲覧・調査
2026/04/28 11:43,2026/04/28 11:43,0:05,PDF資料（お見積書_1262207(1台).pdf）の確認
2026/04/28 11:43,2026/04/28 11:43,0:05,Webサイト（Adobe Acrobat Reader (64-bit)）の閲覧・調査
2026/04/28 11:43,2026/04/28 11:44,0:05,PDF資料（フォーレスト様お見積もり20241127.pdf）の確認 / PDF資料（フォーレスト様お見積もり20250606.pdf）の確認
2026/04/28 11:44,2026/04/28 11:44,0:05,Webサイト（Adobe Acrobat）の閲覧・調査
2026/04/28 11:44,2026/04/28 11:44,0:05,PDF資料（お見積書_1262207(1台).pdf）の確認 / PDF資料（フォーレスト株式会社_伊藤様_20240423.pdf）の確認 / PDF資料（フォーレスト様お見積もり20241127.pdf）の確認 / PDF資料（フォーレスト様お見積もり20250606.pdf）の確認
2026/04/28 11:44,2026/04/28 11:44,0:05,Webサイト（Adobe Acrobat）の閲覧・調査
2026/04/28 11:44,2026/04/28 11:44,0:05,PDF資料（お見積書_1262207(1台).pdf）の確認 / PDF資料（フォーレスト株式会社_伊藤様_20240423.pdf）の確認
2026/04/28 11:45,2026/04/28 11:45,0:05,Webサイト（パスワードの入力）の閲覧・調査 / Webサイト（圧縮 (zip 形式) フォルダー エラー）の閲覧・調査
2026/04/28 11:45,2026/04/28 11:45,0:05,PDF資料（お見積書_1262207(1台).pdf）の確認 / PDF資料（フォーレスト様お見積もり20251118.pdf）の確認
2026/04/28 11:45,2026/04/28 11:45,0:05,Webサイト（Adobe Acrobat）の閲覧・調査
2026/04/28 11:45,2026/04/28 11:45,0:05,PDF資料（フォーレスト様お見積もり20251118.pdf）の確認
2026/04/28 11:45,2026/04/28 11:45,0:05,Webサイト（Adobe Acrobat）の閲覧・調査
2026/04/28 11:45,2026/04/28 11:45,0:05,PDF資料（フォーレスト様お見積もり20251118.pdf）の確認
2026/04/28 11:45,2026/04/28 11:45,0:05,Webサイト（Adobe Acrobat Reader (64-bit)）の閲覧・調査
2026/04/28 11:46,2026/04/28 11:46,0:05,PDF資料（御見積書25.6.9.pdf）の確認
2026/04/28 11:46,2026/04/28 11:46,0:05,Webサイト（Adobe Acrobat Reader (64-bit)）の閲覧・調査
2026/04/28 11:46,2026/04/28 11:46,0:05,PDF資料（【商品部】社用携帯電話（スマートフォン　高坂担当課長分）支給の件.pdf）の確認
2026/04/28 11:46,2026/04/28 11:46,0:05,Webサイト（Adobe Acrobat Reader (64-bit)）の閲覧・調査
2026/04/28 11:47,2026/04/28 11:47,0:05,メール（4.EDION筱崎）の閲覧・作成 / メール（Mozilla Thunderbird）の閲覧・作成 / メール（Re: スマホ 新規購入のお見積もりのお願い）の閲覧・作成 / メール（スター付き）の閲覧・作成 / メール（ホーム）の閲覧・作成
2026/04/28 11:48,2026/04/28 11:48,0:05,Webサイト（名前を付けて保存の確認）の閲覧・調査 / Webサイト（添付ファイルを保存）の閲覧・調査
2026/04/28 11:48,2026/04/28 11:48,0:05,メール（4.EDION筱崎）の閲覧・作成 / メール（Re: スマホ 新規購入のお見積もりのお願い）の閲覧・作成 / メール（お見積り送付）の閲覧・作成 / メール（ホーム）の閲覧・作成
2026/04/28 11:48,2026/04/28 11:49,0:05,Webサイト（名前を付けて保存の確認）の閲覧・調査 / Webサイト（添付ファイルを保存）の閲覧・調査
2026/04/28 11:49,2026/04/28 11:49,0:05,メール（お見積り送付）の閲覧・作成
2026/04/28 11:49,2026/04/28 11:50,0:05,"Excelファイル（20260428_システム部向け保有スマホ２台貸与台_④稟議書（システム関連,社長決裁）20230701.xlsx）の入力・編集 / PDF資料（フォーレスト様お見積もり20250606.pdf）の確認 / PDF資料（フォーレスト様お見積もり20251118.pdf）の確認"
2026/04/28 11:50,2026/04/28 11:50,0:05,Webサイト（Adobe Acrobat）の閲覧・調査
2026/04/28 11:50,2026/04/28 11:54,0:05,"Excelファイル（20260428_システム部向け保有スマホ２台貸与台_④稟議書（システム関連,社長決裁）20230701.xlsx）の入力・編集 / PDF資料（20260428_システム部向け保有スマホ２台貸与台_④稟議書（システム関連,社長決裁）20230701.pdf）の確認 / PDF資料（フォーレスト様お見積もり20250606.pdf）の確認 / PDF資料（フォーレスト様お..."
2026/04/28 11:55,2026/04/28 11:55,0:05,Webサイト（名前を付けて保存）の閲覧・調査
2026/04/28 11:55,2026/04/28 11:56,0:05,"Excelファイル（20260428_システム部向け保有スマホ２台貸与台_④稟議書（システム関連,社長決裁）20230701.xlsx）の入力・編集"
2026/04/28 11:56,2026/04/28 11:56,0:05,Webサイト（名前を付けて保存）の閲覧・調査
2026/04/28 11:56,2026/04/28 11:56,0:05,"Excelファイル（20260428_システム部向け保有スマホ２台貸与台_④稟議書（システム関連,社長決裁）20230701.xlsx）の入力・編集"
2026/04/28 11:56,2026/04/28 11:56,0:05,Webサイト（Microsoft Excel）の閲覧・調査
2026/04/28 11:56,2026/04/28 11:56,0:05,"PDF資料（20260428_システム部向け保有スマホ２台貸与台_④稟議書（システム関連,社長決裁）20230701.pdf）の確認"
2026/04/28 11:56,2026/04/28 11:56,0:05,Webサイト（Adobe Acrobat）の閲覧・調査
2026/04/28 11:56,2026/04/28 11:56,0:05,"PDF資料（20260428_システム部向け保有スマホ２台貸与台_④稟議書（システム関連,社長決裁）20230701.pdf）の確認 / PDF資料（フォーレスト様お見積もり20250606.pdf）の確認"
2026/04/28 11:56,2026/04/28 11:56,0:05,Webサイト（Microsoft Excel）の閲覧・調査
2026/04/28 11:56,2026/04/28 11:56,0:05,"Excelファイル（20260428_システム部向け保有スマホ２台貸与台_④稟議書（システム関連,社長決裁）20230701.xlsx）の入力・編集"
2026/04/28 11:56,2026/04/28 11:56,0:05,Antigravityを用いた「システム開発・改善」の開発・相談
2026/04/28 11:56,2026/04/28 11:56,0:05,Webサイト（PDF24 Toolbox - PDF 結合）の閲覧・調査 / Webサイト（PDF24 Toolbox）の閲覧・調査
2026/04/28 11:56,2026/04/28 11:56,0:05,PDF資料（フォーレスト様お見積もり20250606.pdf）の確認
2026/04/28 11:57,2026/04/28 11:57,0:05,Webサイト（Adobe Acrobat）の閲覧・調査 / Webサイト（PDF24 Toolbox - PDF 結合）の閲覧・調査 / Webサイト（名前を付けて保存）の閲覧・調査
2026/04/28 11:57,2026/04/28 11:57,0:05,PDF資料（フォーレスト様お見積もり20250606.pdf）の確認
2026/04/28 11:57,2026/04/28 11:57,0:05,Webサイト（Adobe Acrobat Reader (64-bit)）の閲覧・調査
2026/04/28 11:58,2026/04/28 11:58,0:05,PDF資料（merged.pdf）の確認
2026/04/28 11:58,2026/04/28 11:58,0:05,Webサイト（Adobe Acrobat Reader (64-bit)）の閲覧・調査
2026/04/28 11:58,2026/04/28 11:58,0:05,"Excelファイル（20260428_システム部向け保有スマホ２台貸与台_④稟議書（システム関連,社長決裁）20230701.xlsx）の入力・編集"
2026/04/28 11:58,2026/04/28 11:58,0:05,Webサイト（名前を付けて保存）の閲覧・調査
2026/04/28 11:58,2026/04/28 11:58,0:05,"Excelファイル（20260428_システム部向け保有スマホ２台貸与台_④稟議書（システム関連,社長決裁）20230701.xlsx）の入力・編集"
2026/04/28 11:58,2026/04/28 11:59,0:05,Webサイト（PDF24 Toolbox - PDF 結合）の閲覧・調査 / Webサイト（PDF24 Toolbox）の閲覧・調査 / Webサイト（名前を付けて保存の確認）の閲覧・調査 / Webサイト（名前を付けて保存）の閲覧・調査
2026/04/28 11:59,2026/04/28 11:59,0:05,PDF資料（merged.pdf）の確認
2026/04/28 11:59,2026/04/28 11:59,0:05,Webサイト（Adobe Acrobat Reader (64-bit)）の閲覧・調査
2026/04/28 12:55,2026/04/28 12:58,0:05,"Excelファイル（20260420_OA中古ノートPC７台購入_④稟議書（システム関連,社長決裁）20230701.xlsx）の入力・編集 / Excelファイル（20260428_システム部向け保有スマホ２台貸与台_④稟議書（システム関連,社長決裁）20230701.xlsx）の入力・編集 / PDF資料（merged.pdf）の確認"
2026/04/28 12:58,2026/04/28 12:58,0:05,Webサイト（名前を付けて保存の確認）の閲覧・調査 / Webサイト（名前を付けて保存）の閲覧・調査
2026/04/28 12:58,2026/04/28 12:58,0:05,"Excelファイル（20260428_システム部向け保有スマホ２台貸与台_④稟議書（システム関連,社長決裁）20230701.xlsx）の入力・編集"
2026/04/28 12:59,2026/04/28 13:01,0:05,Webサイト（PDF24 Toolbox - PDF 結合）の閲覧・調査 / Webサイト（名前を付けて保存）の閲覧・調査
2026/04/28 13:01,2026/04/28 13:01,0:05,"Excelファイル（20260420_OA中古ノートPC７台購入_④稟議書（システム関連,社長決裁）20230701.xlsx）の入力・編集 / Excelファイル（20260428_システム部向け保有スマホ２台貸与台_④稟議書（システム関連,社長決裁）20230701.xlsx）の入力・編集"
2026/04/28 13:02,2026/04/28 13:03,0:05,サイボウズ（ファイル管理 - サイボウズ Office および他 3 ページ）での情報確認・処理 / サイボウズ（ワークフロー（最新一覧） - サイボウズ Office および他 3 ページ）での情報確認・処理 / サイボウズ（ワークフロー（最新一覧） - サイボウズ Office）での情報確認・処理 / サイボウズ（申請データの作成（内容の入力） - サイボウズ Office および他 3...
2026/04/28 13:03,2026/04/28 13:03,0:05,"PDF資料（20260428_システム部向け保有スマホ２台貸与_④稟議書（システム関連,社長決裁）20230701.pdf）の確認 / PDF資料（merged.pdf）の確認"
2026/04/28 13:03,2026/04/28 13:03,0:05,Webサイト（Adobe Acrobat）の閲覧・調査
2026/04/28 13:04,2026/04/28 13:04,0:05,"PDF資料（20260428_システム部向け保有スマホ２台貸与_④稟議書（システム関連,社長決裁）20230701.pdf）の確認 / PDF資料（merged.pdf）の確認"
2026/04/28 13:04,2026/04/28 13:04,0:05,Webサイト（Adobe Acrobat Reader (64-bit)）の閲覧・調査
2026/04/28 13:04,2026/04/28 13:04,0:05,サイボウズ（申請の作成（内容の確認） - サイボウズ Office および他 3 ページ）での情報確認・処理 / サイボウズ（申請の作成（内容の確認） - サイボウズ Office）での情報確認・処理 / サイボウズ（申請の作成（経路の設定） - サイボウズ Office および他 3 ページ）での情報確認・処理 / サイボウズ（申請の作成（経路の設定） - サイボウズ Office）での情...
2026/04/28 13:04,2026/04/28 13:04,0:05,"PDF資料（20260428_システム部向け保有スマホ２台貸与_④稟議書（システム関連,社長決裁）20230701.pdf および他 4 ページ）の確認 / PDF資料（20260428_システム部向け保有スマホ２台貸与_④稟議書（システム関連,社長決裁）20230701.pdf）の確認"
2026/04/28 13:04,2026/04/28 13:04,0:05,サイボウズ（申請の作成（内容の確認） - サイボウズ Office および他 4 ページ）での情報確認・処理
2026/04/28 13:04,2026/04/28 13:04,0:05,Webサイト（サイトから移動しますか?）の閲覧・調査
2026/04/28 13:04,2026/04/28 13:04,0:05,サイボウズ（ワークフロー（送信一覧） - サイボウズ Office および他 4 ページ）での情報確認・処理 / サイボウズ（ワークフロー（送信一覧） - サイボウズ Office）での情報確認・処理 / サイボウズ（申請の作成（内容の確認） - サイボウズ Office および他 4 ページ）での情報確認・処理
2026/04/28 13:05,2026/04/28 13:05,0:05,"Excelファイル（20260420_OA中古ノートPC７台購入_④稟議書（システム関連,社長決裁）20230701.xlsx）の入力・編集"
2026/04/28 13:05,2026/04/28 13:11,0:06,サイボウズ（ワークフロー（送信一覧） - サイボウズ Office および他 4 ページ）での情報確認・処理
2026/04/28 13:11,2026/04/28 13:11,0:05,Webサイト（PDF24 Toolbox - PDF 結合）の閲覧・調査
2026/04/28 13:11,2026/04/28 13:11,0:05,Antigravityを用いた「システム開発・改善」の開発・相談
2026/04/28 13:12,2026/04/28 13:12,0:05,Webサイト（起動しています - Excel）の閲覧・調査
2026/04/28 13:12,2026/04/28 13:12,0:05,Excelファイル（20260427_ログ表示結果-20260416175217）の入力・編集 / Excelファイル（成川_ログ検索結果-20260404.csv）の入力・編集
2026/04/28 13:12,2026/04/28 13:36,0:23,Webサイト（Chrome リモート デスクトップ）の閲覧・調査 / Webサイト（Claude）の閲覧・調査 / Webサイト（Gemini）の閲覧・調査 / Webサイト（Google ドライブ）の閲覧・調査 / Webサイト（Lenovo-csd）の閲覧・調査 / Webサイト（docs.google.com/document/d/1HlsLBmD08xRMY9-Edl6_xtFil_...
2026/04/28 13:38,2026/04/28 13:40,0:05,Excelファイル（20260427_ログ表示結果-20260416175217）の入力・編集 / Excelファイル（成川_ログ検索結果-20260404.csv）の入力・編集 / Excelファイル（成川_ログ検索結果-20260413.csv）の入力・編集 / Excelファイル（成川_ログ検索結果-20260415.csv）の入力・編集
2026/04/28 13:40,2026/04/28 13:41,0:05,Webサイト（サービス残業調査報告書_成川社員__20260415 (1).docx  -  保護ビュー - Word）の閲覧・調査 / Webサイト（勤務時間とPC稼働状況の項目順序変更 - Claude）の閲覧・調査 / Webサイト（最近のダウンロード履歴）の閲覧・調査 / Webサイト（起動しています - Word）の閲覧・調査
2026/04/28 13:41,2026/04/28 13:43,0:05,Webサイト（claude.ai が次の許可を求めています）の閲覧・調査 / Webサイト（サービス残業調査報告書（成川氏）_20260404.docx - Word）の閲覧・調査 / Webサイト（勤務時間とPC稼働状況の項目順序変更 - Claude）の閲覧・調査 / Webサイト（最近のダウンロード履歴）の閲覧・調査 / Webサイト（起動しています - Word）の閲覧・調査 / Word
2026/04/28 13:43,2026/04/28 13:43,0:05,Webサイト（サービス残業調査報告書（成川氏）_20260404.docx - Word）の閲覧・調査 / 閲覧の再開
2026/04/28 13:43,2026/04/28 13:44,0:05,Webサイト（Claude）の閲覧・調査 / Webサイト（サービス残業調査報告書_成川社員__20260404.docx  -  保護ビュー - Word）の閲覧・調査 / Webサイト（サービス残業調査報告書_成川社員__20260405.docx  -  保護ビュー - Word）の閲覧・調査 / Webサイト（勤務時間とPC稼働状況の項目順序変更 - Claude）の閲覧・調査 / ...
2026/04/28 13:44,2026/04/28 13:44,0:05,Excelファイル（成川_ログ検索結果-20260404.csv）の入力・編集
2026/04/28 13:44,2026/04/28 13:44,0:05,Webサイト（サービス残業調査報告書_成川社員__20260404.docx  -  保護ビュー - Word）の閲覧・調査 / Webサイト（起動しています - Word）の閲覧・調査
2026/04/28 13:45,2026/04/28 13:45,0:05,Webサイト（サービス残業調査報告書_成川社員__20260404.docx  -  保護ビュー - Word）の閲覧・調査 / Webサイト（起動しています - Word）の閲覧・調査 / Word
2026/04/28 13:45,2026/04/28 13:46,0:05,Excelファイル（成川_ログ検索結果-20260404.csv）の入力・編集 / Word
2026/04/28 13:46,2026/04/28 13:46,0:05,Webサイト（起動しています - Excel）の閲覧・調査
2026/04/28 13:46,2026/04/28 13:46,0:05,Excelファイル（成川_ログ検索結果-20260405.csv）の入力・編集
2026/04/28 13:47,2026/04/28 13:47,0:05,Excel / Webサイト（起動しています - Excel）の閲覧・調査
2026/04/28 13:47,2026/04/28 13:47,0:05,Excelファイル（成川_ログ検索結果-20260409.csv）の入力・編集
2026/04/28 13:48,2026/04/28 13:48,0:05,Webサイト（Microsoft Excel）の閲覧・調査
2026/04/28 13:48,2026/04/28 13:48,0:05,Excelファイル（成川_ログ検索結果-20260409.csv）の入力・編集
2026/04/28 13:49,2026/04/28 13:49,0:05,Webサイト（サービス残業調査報告書_成川社員__20260405.docx  -  保護ビュー - Word）の閲覧・調査 / Webサイト（勤務時間とPC稼働状況の項目順序変更 - Claude）の閲覧・調査 / Webサイト（最近のダウンロード履歴）の閲覧・調査 / Webサイト（起動しています - Word）の閲覧・調査
2026/04/28 13:50,2026/04/28 13:57,0:07,Excelファイル（成川_ログ検索結果-20260409.csv）の入力・編集 / Excelファイル（成川_ログ検索結果-20260410.csv）の入力・編集 / Excelファイル（成川_ログ検索結果-20260413.csv）の入力・編集
2026/04/28 13:57,2026/04/28 13:57,0:05,Excel / Webサイト（起動しています - Excel）の閲覧・調査
2026/04/28 13:57,2026/04/28 13:57,0:05,Excelファイル（成川_ログ検索結果-20260415.csv）の入力・編集
2026/04/28 13:58,2026/04/28 13:59,0:05,Webサイト（サービス残業調査報告書_成川社員__20260405.docx  -  保護ビュー - Word）の閲覧・調査 / Webサイト（起動しています - Excel）の閲覧・調査
2026/04/28 13:59,2026/04/28 13:59,0:05,Excelファイル（成川_ログ検索結果-20260404.csv）の入力・編集
2026/04/28 13:59,2026/04/28 14:01,0:05,Webサイト（Microsoft Word）の閲覧・調査 / Webサイト（サービス残業調査報告書_成川社員__20260404.docx  -  保護ビュー - Word）の閲覧・調査 / Webサイト（サービス残業調査報告書_成川社員__20260404.docx - Word）の閲覧・調査 / Webサイト（サービス残業調査報告書_成川社員__20260405.docx  -  保護ビ...
2026/04/28 14:01,2026/04/28 14:02,0:05,Excelファイル（成川_ログ検索結果-20260404.csv）の入力・編集
2026/04/28 14:02,2026/04/28 14:03,0:05,Excel / Webサイト（Microsoft Word）の閲覧・調査 / Webサイト（サービス残業調査報告書_成川社員__20260409.docx  -  保護ビュー - Word）の閲覧・調査 / Webサイト（サービス残業調査報告書_成川社員__20260410.docx  -  保護ビュー - Word）の閲覧・調査 / Webサイト（サービス残業調査報告書_成川社員__202...
2026/04/28 14:03,2026/04/28 14:04,0:05,Webサイト（Microsoft Word）の閲覧・調査 / Webサイト（サービス残業調査報告書_成川社員__20260404.docx  -  保護ビュー - Word）の閲覧・調査 / Webサイト（サービス残業調査報告書_成川社員__20260405.docx  -  保護ビュー - Word）の閲覧・調査 / Webサイト（サービス残業調査報告書_成川社員__20260405.do...
2026/04/28 14:04,2026/04/28 14:13,0:09,Webサイト（192.169.5.5 - リモート デスクトップ接続）の閲覧・調査 / Webサイト（Google Gemini）の閲覧・調査 / Webサイト（サービス残業調査報告書作成 - Google Gemini）の閲覧・調査 / Webサイト（リモート デスクトップ接続）の閲覧・調査 / Webサイト（勤務時間とPC稼働状況の項目順序変更 - Claude）の閲覧・調査 / Web...
2026/04/28 14:13,2026/04/28 14:13,0:05,Excelファイル（20260427_ログ表示結果-20260416175217）の入力・編集
2026/04/28 14:14,2026/04/28 14:14,0:05,Webサイト（192.169.5.5 - リモート デスクトップ接続）の閲覧・調査
2026/04/28 14:15,2026/04/28 14:15,0:05,Excelファイル（20260427_ログ表示結果-20260416175217）の入力・編集
2026/04/28 14:15,2026/04/28 14:19,0:05,Webサイト（192.169.5.5 - リモート デスクトップ接続）の閲覧・調査
2026/04/28 14:21,2026/04/28 14:21,0:05,Excelファイル（20260427_ログ表示結果-20260416175217）の入力・編集
2026/04/28 14:21,2026/04/28 14:21,0:05,Webサイト（192.169.5.5 - リモート デスクトップ接続）の閲覧・調査
2026/04/28 14:21,2026/04/28 14:21,0:05,Excelファイル（20260427_ログ表示結果-20260416175217）の入力・編集
2026/04/28 14:21,2026/04/28 14:26,0:05,Webサイト（192.169.5.5 - リモート デスクトップ接続）の閲覧・調査 / Webサイト（Google Gemini）の閲覧・調査 / Webサイト（サービス残業調査報告書作成 - Google Gemini）の閲覧・調査
2026/04/28 14:26,2026/04/28 14:26,0:05,Excelファイル（20260427_ログ表示結果-20260416175217）の入力・編集
2026/04/28 14:26,2026/04/28 14:27,0:05,Webサイト（サービス残業調査報告書作成 - Google Gemini）の閲覧・調査 / Webサイト（残業調査報告書_山本光克社員_20260402 - Google ドキュメント）の閲覧・調査
2026/04/28 14:27,2026/04/28 14:27,0:05,Excelファイル（20260427_ログ表示結果-20260416175217）の入力・編集
2026/04/28 14:27,2026/04/28 14:28,0:05,Webサイト（サービス残業調査報告書作成 - Google Gemini）の閲覧・調査 / Webサイト（残業調査報告書_成川社員__20260415.docx  -  保護ビュー - Word）の閲覧・調査 / Webサイト（起動しています - Word）の閲覧・調査
2026/04/28 14:28,2026/04/28 14:46,0:17,Webサイト（Google Workspace ステータス ダッシュボード）の閲覧・調査 / Webサイト（サービス残業調査報告書作成 - Google Gemini）の閲覧・調査 / Webサイト（ページが見つかりません）の閲覧・調査 / Webサイト（勤務時間とPC稼働状況の項目順序変更 - Claude）の閲覧・調査 / Webサイト（残業調査報告書_山本光克社員_20260402 -...
2026/04/28 14:46,2026/04/28 14:46,0:05,Excelファイル（20260427_ログ表示結果-20260416175217）の入力・編集
2026/04/28 14:46,2026/04/28 14:49,0:05,Webサイト（サービス残業調査報告書作成 - Google Gemini）の閲覧・調査 / Webサイト（最近のダウンロード履歴）の閲覧・調査 / Webサイト（残業調査報告書_山本光克社員__20260402_修正版V5 - Google ドキュメント）の閲覧・調査 / Webサイト（残業調査報告書_山本光克社員__20260402_修正版V5.docx  -  保護ビュー - Word）...
2026/04/28 14:49,2026/04/28 14:49,0:05,Excelファイル（20260427_ログ表示結果-20260416175217）の入力・編集
2026/04/28 14:49,2026/04/28 14:51,0:05,Webサイト（Google Gemini）の閲覧・調査 / Webサイト（サービス残業調査報告書作成 - Google Gemini）の閲覧・調査
2026/04/28 14:52,2026/04/28 14:52,0:05,Excelファイル（20260427_ログ表示結果-20260416175217）の入力・編集 / Excelファイル（山本光克_ログ検索結果-20260406.csv）の入力・編集
2026/04/28 14:52,2026/04/28 15:00,0:07,Webサイト（192.169.5.5 - リモート デスクトップ接続）の閲覧・調査 / Webサイト（Google Chrome）の閲覧・調査 / Webサイト（Google Gemini）の閲覧・調査 / Webサイト（Google）の閲覧・調査 / Webサイト（gemini.google.com/app?utm_source=app_launcher&utm_medium=owned&...
2026/04/28 15:06,2026/04/28 15:06,0:05,サイボウズ（forestway.cybozu.com/o/ag.cgi?page=ScheduleIndex および他 4 ページ）での情報確認・処理 / サイボウズ（スケジュール（グループ週表示） - サイボウズ Office および他 4 ページ）での情報確認・処理 / サイボウズ（スケジュール（グループ週表示） - サイボウズ Office）での情報確認・処理 / サイボウズ（ワークフ...
2026/04/28 15:51,2026/04/28 15:53,0:05,Webサイト（docs.google.com/document/d/1-lKSX6YyiwiRasPpGvUZHUsVfSIjgjYX2TCV3zrJe1o/edit?usp=drive_web）の閲覧・調査 / Webサイト（サービス残業調査報告書作成 - Google Gemini）の閲覧・調査 / Webサイト（残業調査報告書_山本光克社員__20260409_作成版 - Google...
2026/04/28 15:54,2026/04/28 15:54,0:05,Excelファイル（20260427_ログ表示結果-20260416175217）の入力・編集
2026/04/28 15:55,2026/04/28 15:55,0:05,Webサイト（残業調査報告書_山本光克社員__20260410_作成版 - Google ドキュメント）の閲覧・調査
2026/04/28 15:55,2026/04/28 15:55,0:05,Excelファイル（20260427_ログ表示結果-20260416175217）の入力・編集
2026/04/28 15:55,2026/04/28 15:55,0:05,Antigravityを用いた「システム開発・改善」の開発・相談
2026/04/28 15:55,2026/04/28 15:55,0:05,Excelファイル（20260427_ログ表示結果-20260416175217）の入力・編集
2026/04/28 15:55,2026/04/28 15:55,0:05,メール（お見積り送付）の閲覧・作成
2026/04/28 15:55,2026/04/28 15:55,0:05,Excelファイル（20260427_ログ表示結果-20260416175217）の入力・編集
2026/04/28 15:55,2026/04/28 15:55,0:05,Webサイト（Google Chrome）の閲覧・調査 / Webサイト（Google Gemini）の閲覧・調査 / Webサイト（Google）の閲覧・調査 / Webサイト（gemini.google.com/app?utm_source=app_launcher&utm_medium=owned&utm_campaign=base_all）の閲覧・調査 / Webサイト（サービス残業...
2026/04/28 15:57,2026/04/28 15:57,0:05,Excelファイル（20260427_ログ表示結果-20260416175217）の入力・編集
2026/04/28 15:57,2026/04/28 15:58,0:05,Webサイト（サービス残業調査報告書作成 - Google Gemini）の閲覧・調査
2026/04/28 15:59,2026/04/28 15:59,0:05,サイボウズ（メッセージの詳細 - サイボウズ Office および他 4 ページ）での情報確認・処理 / サイボウズ（メッセージの詳細 - サイボウズ Office）での情報確認・処理 / サイボウズ（予定の詳細 - サイボウズ Office および他 4 ページ）での情報確認・処理 / サイボウズ（個人フォルダ - サイボウズ Office および他 4 ページ）での情報確認・処理 / サ...
2026/04/28 15:59,2026/04/28 16:04,0:05,Webサイト（192.169.5.5 - リモート デスクトップ接続）の閲覧・調査 / Webサイト（サービス残業調査報告書作成 - Google Gemini）の閲覧・調査 / Webサイト（残業調査報告書_山本光克社員__20260402_確定版 - Google ドキュメント）の閲覧・調査 / Webサイト（残業調査報告書_山本光克社員__20260406_確定版 - Google ド...
2026/04/28 16:04,2026/04/28 16:04,0:05,Excelファイル（20260427_ログ表示結果-20260416175217）の入力・編集
2026/04/28 16:04,2026/04/28 16:16,0:11,Webサイト（192.169.5.5 - リモート デスクトップ接続）の閲覧・調査 / Webサイト（Google Chrome）の閲覧・調査 / Webサイト（Google Gemini）の閲覧・調査 / Webサイト（Google）の閲覧・調査 / Webサイト（google.com）の閲覧・調査 / Webサイト（サービス残業調査報告書作成 - Google Gemini）の閲覧・調査...
2026/04/28 16:17,2026/04/28 16:17,0:05,Excelファイル（20260427_ログ表示結果-20260416175217）の入力・編集
2026/04/28 16:17,2026/04/28 16:17,0:05,Webサイト（サービス残業調査報告書作成 - Google Gemini）の閲覧・調査 / Webサイト（残業調査報告書_山本光克社員_20260402_検証 - Google ドキュメント）の閲覧・調査
2026/04/28 16:18,2026/04/28 16:18,0:05,Excelファイル（20260427_ログ表示結果-20260416175217）の入力・編集
2026/04/28 16:18,2026/04/28 16:18,0:05,Webサイト（Google Chrome）の閲覧・調査 / Webサイト（Google Gemini）の閲覧・調査 / Webサイト（Google）の閲覧・調査 / Webサイト（gemini.google.com/app?utm_source=app_launcher&utm_medium=owned&utm_campaign=base_all）の閲覧・調査 / Webサイト（google...
2026/04/28 16:18,2026/04/28 16:18,0:05,Excelファイル（20260427_ログ表示結果-20260416175217）の入力・編集
2026/04/28 16:18,2026/04/28 16:19,0:05,Webサイト（サービス残業調査報告書作成 - Google Gemini）の閲覧・調査 / Webサイト（残業調査報告書_山本光克社員_20260410_申請検証版 - Google ドキュメント）の閲覧・調査
2026/04/28 16:20,2026/04/28 16:20,0:05,Excelファイル（20260427_ログ表示結果-20260416175217）の入力・編集
2026/04/28 16:20,2026/04/28 16:21,0:05,Webサイト（サービス残業調査報告書作成 - Google Gemini）の閲覧・調査 / Webサイト（残業調査報告書_山本光克社員_20260402_検証 - Google ドキュメント）の閲覧・調査 / Webサイト（残業調査報告書_山本光克社員_20260406_検証 - Google ドキュメント）の閲覧・調査 / Webサイト（残業調査報告書_山本光克社員_20260409_検証...
2026/04/28 16:21,2026/04/28 16:21,0:05,Excelファイル（20260427_ログ表示結果-20260416175217）の入力・編集
2026/04/28 16:22,2026/04/28 16:23,0:05,Webサイト（サービス残業調査報告書作成 - Google Gemini）の閲覧・調査 / Webサイト（残業調査報告書_山本光克社員_20260410_検証 - Google ドキュメント）の閲覧・調査 / Webサイト（残業調査報告書_山本光克社員_20260413_検証 - Google ドキュメント）の閲覧・調査 / Webサイト（残業調査報告書_成川社員__20260404.doc...
2026/04/28 16:23,2026/04/28 16:23,0:05,Webサイト（残業調査報告書_成川社員__20260405.docx  -  保護ビュー - Word）の閲覧・調査 / Webサイト（起動しています - Word）の閲覧・調査 / Word
2026/04/28 16:23,2026/04/28 16:23,0:05,Webサイト（残業調査報告書_成川社員__20260409.docx  -  保護ビュー - Word）の閲覧・調査 / Webサイト（起動しています - Word）の閲覧・調査 / Word
2026/04/28 16:23,2026/04/28 16:23,0:05,Webサイト（残業調査報告書_成川社員__20260415.docx  -  保護ビュー - Word）の閲覧・調査 / Webサイト（起動しています - Word）の閲覧・調査 / Word
2026/04/28 16:24,2026/04/28 16:24,0:05,Webサイト（残業調査報告書_成川社員__20260413.docx  -  保護ビュー - Word）の閲覧・調査 / Webサイト（起動しています - Word）の閲覧・調査 / Word
2026/04/28 16:24,2026/04/28 16:24,0:05,Webサイト（残業調査報告書_成川社員__20260409.docx  -  保護ビュー - Word）の閲覧・調査 / Webサイト（起動しています - Word）の閲覧・調査 / Word
2026/04/28 16:24,2026/04/28 16:26,0:05,Webサイト（サービス残業調査報告書作成 - Google Gemini）の閲覧・調査 / Webサイト（残業調査報告書_山本光克社員_20260413_検証 - Google ドキュメント）の閲覧・調査 / Word
2026/04/28 16:26,2026/04/28 16:26,0:05,Excelファイル（20260427_ログ表示結果-20260416175217）の入力・編集
2026/04/28 16:26,2026/04/28 16:26,0:05,Excelファイル（20260427_ログ表示結果-20260416175217）の入力・編集 / 検索と置換
2026/04/28 16:26,2026/04/28 16:26,0:05,Webサイト（サービス残業調査報告書作成 - Google Gemini）の閲覧・調査
2026/04/28 16:27,2026/04/28 16:27,0:05,Excelファイル（20260427_ログ表示結果-20260416175217）の入力・編集
2026/04/28 16:27,2026/04/28 16:28,0:05,Excelファイル（20260427_ログ表示結果-20260416175217）の入力・編集 / 検索と置換
2026/04/28 16:28,2026/04/28 16:28,0:05,Webサイト（サービス残業調査報告書作成 - Google Gemini）の閲覧・調査
2026/04/28 16:29,2026/04/28 16:29,0:05,Excelファイル（20260427_ログ表示結果-20260416175217）の入力・編集
2026/04/28 16:29,2026/04/28 16:35,0:06,Webサイト（192.169.5.5 - リモート デスクトップ接続）の閲覧・調査 / Webサイト（サービス残業調査報告書作成 - Google Gemini）の閲覧・調査 / Webサイト（最近のダウンロード履歴）の閲覧・調査 / Webサイト（残業調査報告書_成川真菜社員_20260404_完全再現版 - Google ドキュメント）の閲覧・調査 / Webサイト（残業調査報告書_成川...
2026/04/28 16:36,2026/04/28 16:36,0:05,Excelファイル（20260427_ログ表示結果-20260416175217）の入力・編集 / Excelファイル（樋口_ログ検索結果-20260413.csv）の入力・編集
2026/04/28 16:36,2026/04/28 16:50,0:13,Webサイト（192.169.5.5 - リモート デスクトップ接続）の閲覧・調査 / Webサイト（サービス残業調査報告書作成 - Google Gemini）の閲覧・調査 / Webサイト（ページが見つかりません）の閲覧・調査 / Webサイト（最近のダウンロード履歴）の閲覧・調査 / Webサイト（残業調査報告書_成川真菜社員_20260405_完全再現版 - Google ドキュメン...
2026/04/28 16:52,2026/04/28 16:52,0:05,サイボウズ（メッセージの詳細 - サイボウズ Office および他 4 ページ）での情報確認・処理
2026/04/28 16:52,2026/04/28 16:52,0:05,Webサイト（Google Chrome）の閲覧・調査
2026/04/28 16:52,2026/04/28 16:52,0:05,サイボウズ（メッセージの詳細 - サイボウズ Office および他 4 ページ）での情報確認・処理
2026/04/28 16:52,2026/04/28 16:55,0:05,Webサイト（192.169.5.5 - リモート デスクトップ接続）の閲覧・調査 / Webサイト（Google Chrome）の閲覧・調査 / Webサイト（Google Gemini）の閲覧・調査 / Webサイト（Google）の閲覧・調査 / Webサイト（サービス残業調査報告書作成 - Google Gemini）の閲覧・調査 / Webサイト（残業調査報告書_成川真菜社員_20...
2026/04/28 16:56,2026/04/28 16:56,0:05,Excelファイル（20260427_ログ表示結果-20260416175217）の入力・編集 / Excelファイル（成川_ログ検索結果-20260409.csv）の入力・編集
2026/04/28 16:56,2026/04/28 16:56,0:05,Excelファイル（20260427_ログ表示結果-20260416175217）の入力・編集 / 検索と置換
2026/04/28 16:56,2026/04/28 17:00,0:05,Webサイト（192.169.5.5 - リモート デスクトップ接続）の閲覧・調査 / Webサイト（ファイルの削除）の閲覧・調査 / Webサイト（残業調査報告書_成川真菜社員_20260409_公休日検証版 - Google ドキュメント）の閲覧・調査
2026/04/28 17:00,2026/04/28 17:00,0:05,Excelファイル（20260427_ログ表示結果-20260416175217）の入力・編集
2026/04/28 17:00,2026/04/28 17:00,0:05,Excelファイル（20260427_ログ表示結果-20260416175217）の入力・編集 / 検索と置換
2026/04/28 17:00,2026/04/28 17:04,0:05,Webサイト（192.169.5.5 - リモート デスクトップ接続）の閲覧・調査 / Webサイト（Google Chrome）の閲覧・調査 / Webサイト（Google Gemini）の閲覧・調査 / Webサイト（Google）の閲覧・調査 / Webサイト（サービス残業調査報告書作成 - Google Gemini）の閲覧・調査
2026/04/28 17:04,2026/04/28 17:04,0:05,Excelファイル（20260427_ログ表示結果-20260416175217）の入力・編集
2026/04/28 17:04,2026/04/28 17:04,0:05,Excelファイル（20260427_ログ表示結果-20260416175217）の入力・編集 / 検索と置換
2026/04/28 17:04,2026/04/28 17:05,0:05,Webサイト（192.169.5.5 - リモート デスクトップ接続）の閲覧・調査 / Webサイト（サービス残業調査報告書作成 - Google Gemini）の閲覧・調査
2026/04/28 17:05,2026/04/28 17:05,0:05,Antigravityを用いた「システム開発・改善」の開発・相談
2026/04/28 17:06,2026/04/28 17:06,0:05,Webサイト（サービス残業調査報告書作成 - Google Gemini）の閲覧・調査
2026/04/28 17:08,2026/04/28 17:08,0:05,Antigravityを用いた「システム開発・改善」の開発・相談
2026/04/28 17:08,2026/04/28 17:08,0:05,Webサイト（サービス残業調査報告書作成 - Google Gemini）の閲覧・調査
2026/04/28 17:08,2026/04/28 17:08,0:05,Antigravityを用いた「システム開発・改善」の開発・相談
2026/04/28 17:09,2026/04/28 17:09,0:05,Webサイト（192.169.5.5 - リモート デスクトップ接続）の閲覧・調査
2026/04/28 17:09,2026/04/28 17:09,0:05,Antigravityを用いた「システム開発・改善」の開発・相談
2026/04/28 17:11,2026/04/28 17:11,0:05,Webサイト（サービス残業調査報告書作成 - Google Gemini）の閲覧・調査
2026/04/28 17:12,2026/04/28 17:12,0:05,Antigravityを用いた「システム開発・改善」の開発・相談
2026/04/28 17:14,2026/04/28 17:14,0:05,Webサイト（サービス残業調査報告書作成 - Google Gemini）の閲覧・調査
2026/04/28 17:14,2026/04/28 17:14,0:05,Antigravityを用いた「システム開発・改善」の開発・相談
2026/04/28 17:15,2026/04/28 17:15,0:05,Excelファイル（20260427_ログ表示結果-20260416175217）の入力・編集
2026/04/28 17:15,2026/04/28 17:17,0:05,Antigravityを用いた「システム開発・改善」の開発・相談
2026/04/28 17:17,2026/04/28 17:17,0:05,Webサイト（API keys | Google AI Studio）の閲覧・調査 / Webサイト（Google AI Studio）の閲覧・調査 / Webサイト（サービス残業調査報告書作成 - Google Gemini）の閲覧・調査
2026/04/28 17:18,2026/04/28 17:18,0:05,Antigravityを用いた「システム開発・改善」の開発・相談
2026/04/28 17:18,2026/04/28 17:18,0:05,Webサイト（API keys | Google AI Studio）の閲覧・調査
2026/04/28 17:19,2026/04/28 17:19,0:05,Antigravityを用いた「システム開発・改善」の開発・相談
2026/04/28 17:19,2026/04/28 17:19,0:05,Webサイト（API keys | Google AI Studio）の閲覧・調査
2026/04/28 17:19,2026/04/28 17:19,0:05,Antigravityを用いた「システム開発・改善」の開発・相談
2026/04/28 17:22,2026/04/28 17:22,0:05,Excelファイル（20260427_ログ表示結果-20260416175217）の入力・編集
2026/04/28 17:22,2026/04/28 17:22,0:05,Webサイト（Microsoft Excel）の閲覧・調査
2026/04/28 17:22,2026/04/28 17:22,0:05,Excelファイル（20260427_ログ表示結果-20260416175217）の入力・編集
2026/04/28 17:22,2026/04/28 17:22,0:05,Antigravityを用いた「システム開発・改善」の開発・相談
2026/04/28 17:24,2026/04/28 17:24,0:05,Excelファイル（20260427_ログ表示結果-20260416175217）の入力・編集
2026/04/28 17:24,2026/04/28 17:24,0:05,Excelファイル（20260427_ログ表示結果-20260416175217）の入力・編集 / 検索と置換
2026/04/28 17:24,2026/04/28 17:24,0:05,Antigravityを用いた「システム開発・改善」の開発・相談
2026/04/28 17:30,2026/04/28 17:31,0:05,Webサイト（PC操作ログ(CSV)を選択）の閲覧・調査 / Webサイト（ファイル選択 (1/3)）の閲覧・調査 / Webサイト（ファイル選択 (2/3)）の閲覧・調査 / Webサイト（フォルダ選択 (3/3)）の閲覧・調査 / Webサイト（勤怠マスタ(Excel)を選択）の閲覧・調査 / Webサイト（報告書の保存先フォルダを選択）の閲覧・調査
2026/04/28 17:31,2026/04/28 17:31,0:05,Antigravityを用いた「システム開発・改善」の開発・相談
2026/04/28 17:46,2026/04/28 17:46,0:05,Webサイト（PC操作ログ(CSV)を選択）の閲覧・調査 / Webサイト（ファイル選択 (1/3)）の閲覧・調査 / Webサイト（ファイル選択 (2/3)）の閲覧・調査 / Webサイト（フォルダ選択 (3/3)）の閲覧・調査 / Webサイト（勤怠マスタ(Excel)を選択）の閲覧・調査 / Webサイト（報告書の保存先フォルダを選択）の閲覧・調査
2026/04/28 17:46,2026/04/28 17:46,0:05,Antigravityを用いた「システム開発・改善」の開発・相談
2026/04/28 17:48,2026/04/28 17:49,0:05,Webサイト（PC操作ログ(CSV)を選択）の閲覧・調査 / Webサイト（ファイル選択 (1/3)）の閲覧・調査 / Webサイト（ファイル選択 (2/3)）の閲覧・調査 / Webサイト（フォルダ選択 (3/3)）の閲覧・調査 / Webサイト（勤怠マスタ(Excel)を選択）の閲覧・調査 / Webサイト（報告書の保存先フォルダを選択）の閲覧・調査
2026/04/28 17:49,2026/04/28 17:49,0:05,Antigravityを用いた「システム開発・改善」の開発・相談
2026/04/28 17:49,2026/04/28 17:49,0:05,Webサイト（残業調査報告書_成川真菜社員_20260404.docx  -  保護ビュー - Word）の閲覧・調査 / Webサイト（起動しています - Word）の閲覧・調査
2026/04/28 17:50,2026/04/28 17:50,0:05,Antigravityを用いた「システム開発・改善」の開発・相談 / Word
2026/04/28 17:50,2026/04/28 17:51,0:05,Webサイト（PC操作ログ(CSV)を選択）の閲覧・調査 / Webサイト（ファイル選択 (1/3)）の閲覧・調査 / Webサイト（ファイル選択 (2/3)）の閲覧・調査 / Webサイト（フォルダ選択 (3/3)）の閲覧・調査 / Webサイト（勤怠マスタ(Excel)を選択）の閲覧・調査 / Webサイト（報告書の保存先フォルダを選択）の閲覧・調査
2026/04/28 17:51,2026/04/28 17:51,0:05,Antigravityを用いた「システム開発・改善」の開発・相談
2026/04/28 17:51,2026/04/28 17:51,0:05,Webサイト（【違反疑い】残業調査報告書_成川_20260404.docx  -  互換モード - Word）の閲覧・調査
2026/04/28 17:51,2026/04/28 17:51,0:05,Antigravityを用いた「システム開発・改善」の開発・相談
2026/04/28 17:54,2026/04/28 17:56,0:05,Webサイト（API keys | Google AI Studio）の閲覧・調査 / Webサイト（Gemini 3.1 Pro プレビュー版 ?|? Gemini API ?|? Google AI for Developers）の閲覧・調査 / Webサイト（Gemini 3.1 Pro プレビュー版  |  Gemini API  |  Google AI for Developer...
2026/04/28 17:56,2026/04/28 17:56,0:05,Antigravityを用いた「システム開発・改善」の開発・相談
2026/04/28 17:56,2026/04/28 17:58,0:05,Webサイト（API keys | Google AI Studio）の閲覧・調査 / Webサイト（GeminiAPI 現在のバージョン - Google 検索）の閲覧・調査 / Webサイト（Google AI Studio）の閲覧・調査 / Webサイト（Projects | Google AI Studio）の閲覧・調査 / Webサイト（Usage | Google AI Stud...
2026/04/28 17:58,2026/04/28 17:58,0:05,Antigravityを用いた「システム開発・改善」の開発・相談
2026/04/28 17:58,2026/04/28 17:58,0:05,Webサイト（Usage | Google AI Studio）の閲覧・調査
2026/04/28 17:58,2026/04/28 17:58,0:05,Antigravityを用いた「システム開発・改善」の開発・相談
2026/04/28 17:59,2026/04/28 18:00,0:05,Webサイト（PC操作ログ(CSV)を選択）の閲覧・調査 / Webサイト（ファイル選択 (1/3)）の閲覧・調査 / Webサイト（ファイル選択 (2/3)）の閲覧・調査 / Webサイト（フォルダ選択 (3/3)）の閲覧・調査 / Webサイト（勤怠マスタ(Excel)を選択）の閲覧・調査 / Webサイト（報告書の保存先フォルダを選択）の閲覧・調査
2026/04/28 18:00,2026/04/28 18:01,0:05,Antigravityを用いた「システム開発・改善」の開発・相談
2026/04/28 18:01,2026/04/28 18:01,0:05,Webサイト（PC操作ログ(CSV)を選択）の閲覧・調査 / Webサイト（ファイル選択 (1/3)）の閲覧・調査 / Webサイト（ファイル選択 (2/3)）の閲覧・調査 / Webサイト（フォルダ選択 (3/3)）の閲覧・調査 / Webサイト（勤怠マスタ(Excel)を選択）の閲覧・調査 / Webサイト（報告書の保存先フォルダを選択）の閲覧・調査
2026/04/28 18:01,2026/04/28 18:01,0:05,Antigravityを用いた「システム開発・改善」の開発・相談
2026/04/28 18:03,2026/04/28 18:03,0:05,Webサイト（PC操作ログ(CSV)を選択）の閲覧・調査 / Webサイト（ファイル選択 (1/3)）の閲覧・調査 / Webサイト（ファイル選択 (2/3)）の閲覧・調査 / Webサイト（フォルダ選択 (3/3)）の閲覧・調査 / Webサイト（勤怠マスタ(Excel)を選択）の閲覧・調査 / Webサイト（報告書の保存先フォルダを選択）の閲覧・調査
2026/04/28 18:04,2026/04/28 18:04,0:05,Antigravityを用いた「システム開発・改善」の開発・相談
2026/04/28 18:04,2026/04/28 18:04,0:05,Webサイト（Usage | Google AI Studio）の閲覧・調査
2026/04/28 18:04,2026/04/28 18:04,0:05,Antigravityを用いた「システム開発・改善」の開発・相談
2026/04/28 18:04,2026/04/28 18:04,0:05,Webサイト（GeminiAPI 現在のバージョン - Google 検索）の閲覧・調査 / Webサイト（Google Gemini）の閲覧・調査 / Webサイト（Usage | Google AI Studio）の閲覧・調査 / Webサイト（gemini.google.com/app?utm_source=app_launcher&utm_medium=owned&utm_campa...
2026/04/28 18:05,2026/04/28 18:05,0:05,Antigravityを用いた「システム開発・改善」の開発・相談
2026/04/28 18:05,2026/04/28 18:05,0:05,Webサイト（APIエラー503の原因と対策 - Google Gemini）の閲覧・調査 / Webサイト（Google Gemini）の閲覧・調査
2026/04/28 18:06,2026/04/28 18:06,0:05,Antigravityを用いた「システム開発・改善」の開発・相談
2026/04/28 18:06,2026/04/28 18:06,0:05,Webサイト（APIエラー503の原因と対策 - Google Gemini）の閲覧・調査 / Webサイト（Google Cloud Service Health）の閲覧・調査 / Webサイト（status.cloud.google.com）の閲覧・調査
2026/04/28 18:07,2026/04/28 18:07,0:05,Antigravityを用いた「システム開発・改善」の開発・相談
2026/04/28 18:09,2026/04/28 18:09,0:05,Webサイト（【違反疑い】残業調査報告書_成川_20260404.docx  -  互換モード - Word）の閲覧・調査 / Webサイト（残業調査報告書_成川_20260404.docx  -  互換モード - Word）の閲覧・調査
2026/04/28 18:09,2026/04/28 18:09,0:05,Antigravityを用いた「システム開発・改善」の開発・相談
2026/04/28 18:23,2026/04/28 18:23,0:05,Webサイト（Google Cloud Service Health）の閲覧・調査
2026/04/28 18:28,2026/04/28 18:28,0:05,Antigravityを用いた「システム開発・改善」の開発・相談
2026/04/28 18:28,2026/04/28 18:29,0:05,Webサイト（PC操作ログ(CSV)を選択）の閲覧・調査 / Webサイト（ファイル選択 (1/3)）の閲覧・調査 / Webサイト（ファイル選択 (2/3)）の閲覧・調査 / Webサイト（フォルダ選択 (3/3)）の閲覧・調査 / Webサイト（勤怠マスタ(Excel)を選択）の閲覧・調査 / Webサイト（報告書の保存先フォルダを選択）の閲覧・調査
2026/04/28 18:29,2026/04/28 18:29,0:05,Antigravityを用いた「システム開発・改善」の開発・相談
2026/04/28 21:49,2026/04/28 21:49,0:05,Webサイト（FWN-026）の閲覧・調査 / Webサイト（リモート アクセス - Chrome リモート デスクトップ）の閲覧・調査
2026/04/28 21:49,2026/04/28 21:53,0:05,プログラム（feat: 残業調査報告書の自動生成ツール（Gemini AI要約・Word出力対応）を追加）の開発・修正 / プログラム（fix: Wordファイルを開いたままでもエラーにならず別名保存する機能を追加）の開発・修正
2026/04/28 21:57,2026/04/28 21:57,0:05,Webサイト（PC操作ログ(CSV)を選択）の閲覧・調査 / Webサイト（ファイル選択 (1/3)）の閲覧・調査 / Webサイト（ファイル選択 (2/3)）の閲覧・調査 / Webサイト（フォルダ選択 (3/3)）の閲覧・調査 / Webサイト（勤怠マスタ(Excel)を選択）の閲覧・調査 / Webサイト（報告書の保存先フォルダを選択）の閲覧・調査
2026/04/28 21:57,2026/04/28 22:06,0:08,Antigravityを用いた「システム開発・改善」の開発・相談
2026/04/28 22:08,2026/04/28 22:08,0:05,Webサイト（100% 完了）の閲覧・調査 / Webサイト（99% 完了）の閲覧・調査
2026/04/28 22:08,2026/04/28 22:12,0:05,Antigravityを用いた「システム開発・改善」の開発・相談 / プログラム（fix: Wordの出力ヘッダーを過去資料と完全に一致させるように修正（曜日、推測される作業時間の自動計算等））の開発・修正 / プログラム（fix: アプリケーションの分類名を過去の資料に準拠したフォーマットに変更し、NANや長いURLを丸めるように修正）の開発・修正
2026/04/28 22:14,2026/04/28 22:14,0:05,Webサイト（PC操作ログ(CSV)を選択）の閲覧・調査 / Webサイト（ファイル選択 (1/3)）の閲覧・調査 / Webサイト（ファイル選択 (2/3)）の閲覧・調査 / Webサイト（フォルダ選択 (3/3)）の閲覧・調査 / Webサイト（勤怠マスタ(Excel)を選択）の閲覧・調査 / Webサイト（報告書の保存先フォルダを選択）の閲覧・調査
2026/04/28 22:14,2026/04/28 22:14,0:05,Antigravityを用いた「システム開発・改善」の開発・相談
2026/04/28 22:15,2026/04/28 22:15,0:05,Webサイト（残業調査報告書_成川_20260404.docx  -  互換モード - Word）の閲覧・調査 / Webサイト（残業調査報告書_成川_20260404_再生成.docx  -  互換モード - Word）の閲覧・調査
2026/04/28 22:23,2026/04/28 22:26,0:05,Antigravityを用いた「システム開発・改善」の開発・相談 / プログラム（feat: 複数のCSVファイルを一括で選択・連続処理できるバッチ機能を追加）の開発・修正
2026/04/28 22:33,2026/04/28 22:33,0:05,Webサイト（ファイル選択 (1/3)）の閲覧・調査
2026/04/28 22:33,2026/04/28 22:33,0:05,Antigravityを用いた「システム開発・改善」の開発・相談
2026/04/28 22:33,2026/04/28 22:33,0:05,Webサイト（PC操作ログ(CSV)を複数選択）の閲覧・調査 / Webサイト（ファイル選択 (1/3)）の閲覧・調査 / Webサイト（ファイル選択 (2/3)）の閲覧・調査 / Webサイト（フォルダ選択 (3/3)）の閲覧・調査 / Webサイト（勤怠マスタ(Excel)を選択）の閲覧・調査 / Webサイト（報告書の保存先フォルダを選択）の閲覧・調査
2026/04/28 22:34,2026/04/28 22:34,0:05,Antigravityを用いた「システム開発・改善」の開発・相談
2026/04/28 22:35,2026/04/28 22:35,0:05,Webサイト（PC操作ログ(CSV)を複数選択）の閲覧・調査 / Webサイト（ファイル選択 (1/3)）の閲覧・調査 / Webサイト（ファイル選択 (2/3)）の閲覧・調査 / Webサイト（フォルダ選択 (3/3)）の閲覧・調査 / Webサイト（勤怠マスタ(Excel)を選択）の閲覧・調査 / Webサイト（報告書の保存先フォルダを選択）の閲覧・調査
2026/04/28 22:36,2026/04/28 22:37,0:05,Antigravityを用いた「システム開発・改善」の開発・相談 / プログラム（fix: NAS上のCSV読み込み時の文字コードエラーを回避するため、複数のエンコーディングを自動試行する安全機能を実装）の開発・修正
2026/04/28 22:38,2026/04/28 22:39,0:05,Webサイト（PC操作ログ(CSV)を複数選択）の閲覧・調査 / Webサイト（ファイル選択 (1/3)）の閲覧・調査 / Webサイト（ファイル選択 (2/3)）の閲覧・調査 / Webサイト（フォルダ選択 (3/3)）の閲覧・調査 / Webサイト（勤怠マスタ(Excel)を選択）の閲覧・調査 / Webサイト（報告書の保存先フォルダを選択）の閲覧・調査
2026/04/28 22:41,2026/04/28 22:41,0:05,Antigravityを用いた「システム開発・改善」の開発・相談
2026/04/28 22:42,2026/04/28 22:43,0:05,Webサイト（【違反疑い】残業調査報告書_成川_20260404.docx  -  互換モード - Word）の閲覧・調査 / Webサイト（残業調査報告書_岸川恭士_20260402.docx  -  保護ビュー - Word）の閲覧・調査 / Webサイト（起動しています - Word）の閲覧・調査 / Webサイト（起動しています - 【違反疑い】残業調査報告書_成川_20260404...
2026/04/28 22:43,2026/04/28 22:43,0:05,Excelファイル（20260427_ログ表示結果-20260416175217）の入力・編集
2026/04/28 22:44,2026/04/28 22:48,0:05,Antigravityを用いた「システム開発・改善」の開発・相談 / プログラム（feat: 勤怠マスタのH列またはL列が赤色（背景色あり）になっている「監査対象日」のみを抽出・出力する機能を実装）の開発・修正 / プログラム（fix: 監査対象日の判定をセルの背景色ではなく、文字色が赤等に変更されている箇所を検知するように修正）の開発・修正
2026/04/28 22:49,2026/04/28 22:49,0:05,Webサイト（PC操作ログ(CSV)を複数選択）の閲覧・調査 / Webサイト（ファイル選択 (1/3)）の閲覧・調査 / Webサイト（ファイル選択 (2/3)）の閲覧・調査 / Webサイト（フォルダ選択 (3/3)）の閲覧・調査 / Webサイト（勤怠マスタ(Excel)を選択）の閲覧・調査 / Webサイト（報告書の保存先フォルダを選択）の閲覧・調査
2026/04/28 22:50,2026/04/28 22:50,0:05,Antigravityを用いた「システム開発・改善」の開発・相談
2026/04/28 22:52,2026/04/28 22:52,0:05,Webサイト（残業調査報告書_岸川恭士_20260404.docx  -  保護ビュー - Word）の閲覧・調査 / Webサイト（起動しています - Word）の閲覧・調査
2026/04/28 22:53,2026/04/28 22:53,0:05,Excelファイル（20260427_ログ表示結果-20260416175217）の入力・編集
2026/04/28 22:53,2026/04/28 22:53,0:05,Excelファイル（20260427_ログ表示結果-20260416175217）の入力・編集 / 検索と置換
2026/04/28 22:53,2026/04/28 22:53,0:05,Webサイト（残業調査報告書_岸川恭士_20260404.docx  -  保護ビュー - Word）の閲覧・調査
2026/04/28 22:53,2026/04/28 22:54,0:05,Excelファイル（20260427_ログ表示結果-20260416175217）の入力・編集 / Word
2026/04/28 22:54,2026/04/28 22:54,0:05,Antigravityを用いた「システム開発・改善」の開発・相談
2026/04/28 22:54,2026/04/28 22:54,0:05,Excelファイル（20260427_ログ表示結果-20260416175217）の入力・編集
2026/04/28 22:54,2026/04/28 22:54,0:05,Antigravityを用いた「システム開発・改善」の開発・相談
2026/04/28 22:55,2026/04/28 22:55,0:05,Excelファイル（20260427_ログ表示結果-20260416175217）の入力・編集
2026/04/28 22:55,2026/04/28 22:55,0:05,Antigravityを用いた「システム開発・改善」の開発・相談
2026/04/28 22:55,2026/04/28 22:55,0:05,Excelファイル（20260427_ログ表示結果-20260416175217）の入力・編集
2026/04/28 22:55,2026/04/28 22:57,0:05,Antigravityを用いた「システム開発・改善」の開発・相談 / プログラム（fix: 早出サービス残業対策としてA列の文字色が赤くなっている場合も監査対象として検知するように追加）の開発・修正
2026/04/28 22:58,2026/04/28 22:58,0:05,Webサイト（PC操作ログ(CSV)を複数選択）の閲覧・調査 / Webサイト（ファイル選択 (1/3)）の閲覧・調査 / Webサイト（ファイル選択 (2/3)）の閲覧・調査 / Webサイト（フォルダ選択 (3/3)）の閲覧・調査 / Webサイト（勤怠マスタ(Excel)を選択）の閲覧・調査 / Webサイト（報告書の保存先フォルダを選択）の閲覧・調査
2026/04/28 22:59,2026/04/28 22:59,0:05,Antigravityを用いた「システム開発・改善」の開発・相談
2026/04/28 23:08,2026/04/28 23:08,0:05,Webサイト（残業調査報告書_岸川恭士_20260404.docx  -  保護ビュー - Word）の閲覧・調査 / Webサイト（起動しています - Word）の閲覧・調査
2026/04/28 23:08,2026/04/28 23:12,0:05,Antigravityを用いた「システム開発・改善」の開発・相談 / Word / プログラム（fix: 複数日が含まれるCSVのファイル名から対象者を推測する際、マスタの全氏名と照合する安全なロジックに変更）の開発・修正
2026/04/28 23:13,2026/04/28 23:13,0:05,Webサイト（PC操作ログ(CSV)を複数選択）の閲覧・調査 / Webサイト（ファイル選択 (1/3)）の閲覧・調査 / Webサイト（ファイル選択 (2/3)）の閲覧・調査 / Webサイト（フォルダ選択 (3/3)）の閲覧・調査 / Webサイト（勤怠マスタ(Excel)を選択）の閲覧・調査 / Webサイト（報告書の保存先フォルダを選択）の閲覧・調査
2026/04/28 23:14,2026/04/28 23:14,0:05,Antigravityを用いた「システム開発・改善」の開発・相談
2026/04/28 23:15,2026/04/28 23:15,0:05,Excelファイル（20260427_ログ表示結果-20260416175217）の入力・編集
2026/04/28 23:15,2026/04/28 23:17,0:05,Antigravityを用いた「システム開発・改善」の開発・相談 / プログラム（fix: 年のズレによる監査対象漏れを防ぐため月日で照合し、テーマカラーでの赤文字も検知するように強化）の開発・修正
2026/04/28 23:17,2026/04/28 23:18,0:05,Webサイト（PC操作ログ(CSV)を複数選択）の閲覧・調査 / Webサイト（ファイル選択 (1/3)）の閲覧・調査 / Webサイト（ファイル選択 (2/3)）の閲覧・調査 / Webサイト（フォルダ選択 (3/3)）の閲覧・調査 / Webサイト（勤怠マスタ(Excel)を選択）の閲覧・調査 / Webサイト（報告書の保存先フォルダを選択）の閲覧・調査
2026/04/28 23:18,2026/04/28 23:18,0:05,Antigravityを用いた「システム開発・改善」の開発・相談
2026/04/28 23:19,2026/04/28 23:19,0:05,Excelファイル（20260427_ログ表示結果-20260416175217）の入力・編集
2026/04/28 23:20,2026/04/28 23:20,0:05,Antigravityを用いた「システム開発・改善」の開発・相談
2026/04/28 23:21,2026/04/28 23:22,0:05,Excelファイル（20260427_ログ表示結果-20260416175217）の入力・編集
2026/04/28 23:23,2026/04/28 23:24,0:05,Antigravityを用いた「システム開発・改善」の開発・相談 / プログラム（fix: 監査対象の判定を曖昧な文字色から、AC列の「〇」印による確実な判定に変更）の開発・修正
2026/04/28 23:24,2026/04/28 23:24,0:05,Webサイト（PC操作ログ(CSV)を複数選択）の閲覧・調査 / Webサイト（ファイル選択 (1/3)）の閲覧・調査 / Webサイト（ファイル選択 (2/3)）の閲覧・調査 / Webサイト（フォルダ選択 (3/3)）の閲覧・調査 / Webサイト（勤怠マスタ(Excel)を選択）の閲覧・調査 / Webサイト（報告書の保存先フォルダを選択）の閲覧・調査
2026/04/28 23:25,2026/04/28 23:25,0:05,Antigravityを用いた「システム開発・改善」の開発・相談
2026/04/28 23:26,2026/04/28 23:26,0:05,Webサイト（残業調査報告書_岸川恭士_20260401.docx  -  保護ビュー - Word）の閲覧・調査 / Webサイト（起動しています - Word）の閲覧・調査
2026/04/28 23:26,2026/04/28 23:31,0:05,Antigravityを用いた「システム開発・改善」の開発・相談 / プログラム（feat: 早出検知時にWordヘッダーへ出勤打刻時間および出勤前/退勤後の推測時間を分けて出力するよう機能追加）の開発・修正
2026/04/28 23:31,2026/04/28 23:31,0:05,Webサイト（PC操作ログ(CSV)を複数選択）の閲覧・調査 / Webサイト（ファイル選択 (1/3)）の閲覧・調査 / Webサイト（ファイル選択 (2/3)）の閲覧・調査 / Webサイト（フォルダ選択 (3/3)）の閲覧・調査 / Webサイト（勤怠マスタ(Excel)を選択）の閲覧・調査 / Webサイト（報告書の保存先フォルダを選択）の閲覧・調査
2026/04/28 23:32,2026/04/28 23:32,0:05,Antigravityを用いた「システム開発・改善」の開発・相談
2026/04/28 23:32,2026/04/28 23:32,0:05,Webサイト（PC操作ログ(CSV)を複数選択）の閲覧・調査 / Webサイト（ファイル選択 (1/3)）の閲覧・調査 / Webサイト（ファイル選択 (2/3)）の閲覧・調査 / Webサイト（フォルダ選択 (3/3)）の閲覧・調査 / Webサイト（勤怠マスタ(Excel)を選択）の閲覧・調査 / Webサイト（報告書の保存先フォルダを選択）の閲覧・調査
2026/04/28 23:33,2026/04/28 23:33,0:05,Antigravityを用いた「システム開発・改善」の開発・相談
2026/04/28 23:33,2026/04/28 23:33,0:05,Webサイト（残業調査報告書_岸川恭士_20260401.docx  -  保護ビュー - Word）の閲覧・調査
2026/04/28 23:33,2026/04/28 23:34,0:05,Webサイト（残業調査報告書_岸川恭士_20260402.docx  -  保護ビュー - Word）の閲覧・調査 / Webサイト（起動しています - Word）の閲覧・調査 / Word
2026/04/28 23:35,2026/04/28 23:35,0:05,Webサイト（残業調査報告書_岸川恭士_20260403.docx  -  保護ビュー - Word）の閲覧・調査 / Webサイト（起動しています - Word）の閲覧・調査 / Word
2026/04/28 23:35,2026/04/28 23:35,0:05,Antigravityを用いた「システム開発・改善」の開発・相談 / Word
2026/04/28 23:36,2026/04/28 23:36,0:05,Excelファイル（成川_ログ検索結果-20260409.csv）の入力・編集
2026/04/28 23:36,2026/04/28 23:39,0:05,Antigravityを用いた「システム開発・改善」の開発・相談
2026/04/28 23:39,2026/04/28 23:39,0:05,Webサイト（ファイル選択 (1/3)）の閲覧・調査 / Webサイト（勤怠マスタ(Excel)を選択）の閲覧・調査
2026/04/28 23:39,2026/04/28 23:41,0:05,Antigravityを用いた「システム開発・改善」の開発・相談 / プログラム（fix: 推測時間とアプリ稼働時間の表示を、1時間未満なら分のみ、1時間なら時間のみとなる自然な日本語フォーマットに変更）の開発・修正
2026/04/28 23:42,2026/04/28 23:43,0:05,Webサイト（PC操作ログ(CSV)を複数選択）の閲覧・調査 / Webサイト（ファイル選択 (1/3)）の閲覧・調査 / Webサイト（ファイル選択 (2/3)）の閲覧・調査 / Webサイト（フォルダ選択 (3/3)）の閲覧・調査 / Webサイト（勤怠マスタ(Excel)を選択）の閲覧・調査 / Webサイト（報告書の保存先フォルダを選択）の閲覧・調査
2026/04/28 23:43,2026/04/28 23:43,0:05,Antigravityを用いた「システム開発・改善」の開発・相談
2026/04/28 23:44,2026/04/28 23:44,0:05,Webサイト（残業調査報告書_岸川恭士_20260401.docx  -  保護ビュー - Word）の閲覧・調査 / Webサイト（起動しています - Word）の閲覧・調査
2026/04/28 23:45,2026/04/28 23:45,0:05,Antigravityを用いた「システム開発・改善」の開発・相談
2026/04/28 23:46,2026/04/28 23:46,0:05,Excelファイル（成川_ログ検索結果-20260409.csv）の入力・編集
2026/04/28 23:46,2026/04/28 23:46,0:05,Webサイト（ダウンロード中）の閲覧・調査
2026/04/28 23:46,2026/04/28 23:46,0:05,Excelファイル（岸川_ログ検索結果-20260401_20260404.csv）の入力・編集 / Excelファイル（成川_ログ検索結果-20260409.csv）の入力・編集
2026/04/28 23:46,2026/04/28 23:46,0:05,Antigravityを用いた「システム開発・改善」の開発・相談
2026/04/28 23:47,2026/04/28 23:47,0:05,Excelファイル（岸川_ログ検索結果-20260401_20260404.csv）の入力・編集
2026/04/28 23:48,2026/04/28 23:48,0:05,Antigravityを用いた「システム開発・改善」の開発・相談
2026/04/28 23:49,2026/04/28 23:49,0:05,Excelファイル（岸川_ログ検索結果-20260401_20260404.csv）の入力・編集
2026/04/28 23:49,2026/04/28 23:52,0:05,Antigravityを用いた「システム開発・改善」の開発・相談 / プログラム（fix: 429API制限エラーの回避処理と、O列(タイトル)ベースでのG列(日時)差分による正確な操作時間集計ロジックを実装）の開発・修正
2026/04/28 23:53,2026/04/28 23:54,0:05,Webサイト（PC操作ログ(CSV)を複数選択）の閲覧・調査 / Webサイト（ファイル選択 (1/3)）の閲覧・調査 / Webサイト（ファイル選択 (2/3)）の閲覧・調査 / Webサイト（フォルダ選択 (3/3)）の閲覧・調査 / Webサイト（勤怠マスタ(Excel)を選択）の閲覧・調査 / Webサイト（報告書の保存先フォルダを選択）の閲覧・調査
2026/04/28 23:54,2026/04/28 23:54,0:05,Antigravityを用いた「システム開発・改善」の開発・相談
2026/04/29 00:12,2026/04/29 00:12,0:05,Webサイト（PC操作ログ(CSV)を複数選択）の閲覧・調査 / Webサイト（ファイル選択 (1/3)）の閲覧・調査 / Webサイト（ファイル選択 (2/3)）の閲覧・調査 / Webサイト（フォルダ選択 (3/3)）の閲覧・調査 / Webサイト（勤怠マスタ(Excel)を選択）の閲覧・調査 / Webサイト（報告書の保存先フォルダを選択）の閲覧・調査
2026/04/29 00:13,2026/04/29 00:13,0:05,Antigravityを用いた「システム開発・改善」の開発・相談
2026/04/29 00:13,2026/04/29 00:13,0:05,Webサイト（残業調査報告書_岸川恭士_20260401.docx  -  保護ビュー - Word）の閲覧・調査
2026/04/29 00:13,2026/04/29 00:13,0:05,Webサイト（残業調査報告書_岸川恭士_20260402.docx  -  保護ビュー - Word）の閲覧・調査 / Webサイト（起動しています - Word）の閲覧・調査 / Word
2026/04/29 00:24,2026/04/29 00:24,0:05,Webサイト（残業調査報告書_岸川恭士_20260411.docx  -  保護ビュー - Word）の閲覧・調査 / Webサイト（起動しています - Word）の閲覧・調査 / Word
2026/04/29 00:25,2026/04/29 00:25,0:05,Webサイト（残業調査報告書_岸川恭士_20260408.docx  -  保護ビュー - Word）の閲覧・調査 / Webサイト（起動しています - Word）の閲覧・調査 / Word
2026/04/29 00:26,2026/04/29 00:38,0:12,Excelファイル（20260427_ログ表示結果-20260416175217）の入力・編集 / Excelファイル（岸川_ログ検索結果-20260401_20260404.csv）の入力・編集 / Word
2026/04/29 00:38,2026/04/29 00:38,0:05,メール（お見積り送付）の閲覧・作成
2026/04/29 00:39,2026/04/29 00:39,0:05,Webサイト（残業調査報告書_岸川恭士_20260411.docx  -  保護ビュー - Word）の閲覧・調査 / Webサイト（起動しています - Word）の閲覧・調査
2026/04/29 00:39,2026/04/29 00:39,0:05,Webサイト（残業調査報告書_岸川恭士_20260409.docx  -  保護ビュー - Word）の閲覧・調査 / Webサイト（起動しています - Word）の閲覧・調査 / Word
2026/04/29 00:39,2026/04/29 00:40,0:05,Antigravityを用いた「システム開発・改善」の開発・相談 / Word
2026/04/29 00:40,2026/04/29 00:40,0:05,Webサイト（PC操作ログ(CSV)を複数選択）の閲覧・調査 / Webサイト（ファイル選択 (1/3)）の閲覧・調査 / Webサイト（ファイル選択 (2/3)）の閲覧・調査 / Webサイト（フォルダ選択 (3/3)）の閲覧・調査 / Webサイト（勤怠マスタ(Excel)を選択）の閲覧・調査 / Webサイト（報告書の保存先フォルダを選択）の閲覧・調査
2026/04/29 00:40,2026/04/29 00:40,0:05,Antigravityを用いた「システム開発・改善」の開発・相談
2026/04/29 00:41,2026/04/29 00:41,0:05,Webサイト（残業調査報告書_成川真菜社員_20260404.docxのプロパティ）の閲覧・調査
2026/04/29 00:41,2026/04/29 00:41,0:05,Antigravityを用いた「システム開発・改善」の開発・相談
2026/04/29 00:41,2026/04/29 00:44,0:05,Excelファイル（20260427_ログ表示結果-20260416175217）の入力・編集 / Excelファイル（岸川_ログ検索結果-20260401_20260404.csv）の入力・編集 / Excelファイル（成川_ログ検索結果-20260409.csv）の入力・編集
2026/04/29 00:44,2026/04/29 00:44,0:05,Antigravityを用いた「システム開発・改善」の開発・相談 / Excel
2026/04/29 00:44,2026/04/29 00:44,0:05,Webサイト（PC操作ログ(CSV)を複数選択）の閲覧・調査 / Webサイト（ファイル選択 (1/3)）の閲覧・調査 / Webサイト（ファイル選択 (2/3)）の閲覧・調査 / Webサイト（フォルダ選択 (3/3)）の閲覧・調査 / Webサイト（勤怠マスタ(Excel)を選択）の閲覧・調査 / Webサイト（報告書の保存先フォルダを選択）の閲覧・調査
2026/04/29 00:45,2026/04/29 00:45,0:05,Antigravityを用いた「システム開発・改善」の開発・相談
2026/04/29 00:46,2026/04/29 00:46,0:05,Webサイト（残業調査報告書_成川真菜_20260404.docx  -  保護ビュー - Word）の閲覧・調査 / Webサイト（残業調査報告書_成川真菜_20260415.docxのプロパティ）の閲覧・調査 / Webサイト（起動しています - Word）の閲覧・調査
2026/04/29 00:46,2026/04/29 00:47,0:05,Webサイト（起動しています - Excel）の閲覧・調査 / Word
2026/04/29 00:47,2026/04/29 00:47,0:05,Excelファイル（20260427_ログ表示結果-20260416175217）の入力・編集
2026/04/29 00:48,2026/04/29 00:48,0:05,Antigravityを用いた「システム開発・改善」の開発・相談 / Excel
2026/04/29 00:48,2026/04/29 00:48,0:05,Webサイト（PC操作ログ(CSV)を複数選択）の閲覧・調査 / Webサイト（ファイル選択 (1/3)）の閲覧・調査 / Webサイト（ファイル選択 (2/3)）の閲覧・調査 / Webサイト（フォルダ選択 (3/3)）の閲覧・調査 / Webサイト（勤怠マスタ(Excel)を選択）の閲覧・調査 / Webサイト（報告書の保存先フォルダを選択）の閲覧・調査
2026/04/29 00:48,2026/04/29 00:48,0:05,Antigravityを用いた「システム開発・改善」の開発・相談
2026/04/29 00:49,2026/04/29 00:49,0:05,Webサイト（残業調査報告書_成川真菜_20260405.docx  -  保護ビュー - Word）の閲覧・調査 / Webサイト（起動しています - Word）の閲覧・調査
2026/04/29 00:49,2026/04/29 01:02,0:12,Webサイト（Google マップ）の閲覧・調査 / Webサイト（〒277-0941 千葉県柏市高柳１６５２−１６ から ミズノヤ - Google マップ）の閲覧・調査 / Webサイト（〒277-0941 千葉県柏市高柳１６５２−１６ から 本千葉駅 - Google マップ）の閲覧・調査 / Webサイト（〒277-0941 千葉県柏市高柳１６５２−１６ から 東京女子医科大学病院 ...
2026/04/29 09:52,2026/04/29 09:53,0:05,Webサイト（FWN-026）の閲覧・調査 / Webサイト（LINE Notify）の閲覧・調査 / Webサイト（MT5 乖離アラートインジケーター作成 - Google Gemini）の閲覧・調査 / Webサイト（ミズノヤ から 東京女子医科大学病院 - Google マップ）の閲覧・調査 / Webサイト（秘密手法を加えたボリンジャーバンドMT5/MT4インジケーター無料公開！アラ...
2026/04/29 10:21,2026/04/29 10:21,0:05,Antigravityを用いた「システム開発・改善」の開発・相談
2026/04/29 10:21,2026/04/29 10:23,0:05,Webサイト（Windows の既定のロック画面）の閲覧・調査 / Webサイト（リモート アクセス - Chrome リモート デスクトップ）の閲覧・調査
2026/04/29 13:58,2026/04/29 15:01,1:03,Webサイト（API keys | Google AI Studio）の閲覧・調査 / Webサイト（Gemini API クオータ問題解決策 - Google Gemini）の閲覧・調査 / Webサイト（Gemini×NotebookLM連携がスゴい…カスタムAI「Gem機能」で業務が激変するワケ ｜ビジネス+IT）の閲覧・調査 / Webサイト（Gemini有料プラン（Google A...
2026/04/29 19:33,2026/04/29 19:33,0:05,Webサイト（AdBlock が更新されました！）の閲覧・調査
2026/04/30 08:56,2026/04/30 08:58,0:05,Webサイト（API keys | Google AI Studio）の閲覧・調査 / Webサイト（APIエラー503の原因と対策 - Google Gemini）の閲覧・調査 / Webサイト（AdBlock が更新されました！ および他 1 ページ）の閲覧・調査 / Webサイト（Gemini 3.1 Pro プレビュー版 ?|? Gemini API ?|? Google AI fo...
2026/04/30 08:58,2026/04/30 08:58,0:05,サイボウズ（forestway.cybozu.com および他 1 ページ）での情報確認・処理 / サイボウズ（forestway.cybozu.com/login?redirect=https%3A%2F%2Fforestway.cybozu.com%2F および他 1 ページ）での情報確認・処理
2026/04/30 08:58,2026/04/30 08:58,0:05,Webサイト（インフォメーション および他 1 ページ）の閲覧・調査 / Webサイト（インフォメーション）の閲覧・調査
2026/04/30 08:58,2026/04/30 08:59,0:05,サイボウズ（トップページ - サイボウズ Office および他 1 ページ）での情報確認・処理 / サイボウズ（トップページ - サイボウズ Office）での情報確認・処理 / サイボウズ（ワークフロー（最新一覧） - サイボウズ Office および他 1 ページ）での情報確認・処理 / サイボウズ（ワークフロー（最新一覧） - サイボウズ Office）での情報確認・処理 / サイボ...
2026/04/30 08:59,2026/04/30 08:59,0:05,"PDF資料（20260428_システム部向け保有スマホ２台貸与_④稟議書（システム関連,社長決裁）20230701.pdf および他 2 ページ）の確認 / PDF資料（20260428_システム部向け保有スマホ２台貸与_④稟議書（システム関連,社長決裁）20230701.pdf）の確認"
2026/04/30 09:06,2026/04/30 09:06,0:05,Webサイト（残業調査報告書_成川真菜社員_20260404.docx  -  保護ビュー - Word）の閲覧・調査 / Webサイト（起動しています - Word）の閲覧・調査
2026/04/30 09:07,2026/04/30 09:07,0:05,"PDF資料（20260428_システム部向け保有スマホ２台貸与_④稟議書（システム関連,社長決裁）20230701.pdf および他 2 ページ）の確認 / Word"
2026/04/30 09:07,2026/04/30 09:08,0:05,サイボウズ（forestway.cybozu.com/o/ag.cgi?page=WorkFlowIndex および他 1 ページ）での情報確認・処理 / サイボウズ（メッセージの詳細 - サイボウズ Office および他 1 ページ）での情報確認・処理 / サイボウズ（メッセージの詳細 - サイボウズ Office）での情報確認・処理 / サイボウズ（ワークフロー（最新一覧） - サイボ...
2026/04/30 09:09,2026/04/30 09:09,0:05,Antigravityを用いた「システム開発・改善」の開発・相談 / スタート
2026/04/30 09:19,2026/04/30 09:19,0:05,サイボウズ（個人フォルダ - サイボウズ Office および他 1 ページ）での情報確認・処理
2026/04/30 09:19,2026/04/30 09:20,0:05,Webサイト（General）の閲覧・調査 / Webサイト（GitHub Japan | GitHub）の閲覧・調査 / Webサイト（GitHub）の閲覧・調査 / Webサイト（Google）の閲覧・調査 / Webサイト（Sign in to GitHub · GitHub）の閲覧・調査 / Webサイト（Sign in to GitHub ・ GitHub）の閲覧・調査 / Web...
2026/04/30 09:21,2026/04/30 09:21,0:05,Antigravityを用いた「システム開発・改善」の開発・相談
2026/04/30 09:21,2026/04/30 09:21,0:05,Webサイト（Usage | Google AI Studio）の閲覧・調査 / Webサイト（csd0910 (t_ito)）の閲覧・調査
2026/04/30 09:21,2026/04/30 09:21,0:05,Antigravityを用いた「システム開発・改善」の開発・相談
2026/04/30 09:22,2026/04/30 09:23,0:05,Webサイト（GitHub）の閲覧・調査 / Webサイト（csd0910 (t_ito)）の閲覧・調査 / Webサイト（csd0910/myproject: デフォルト）の閲覧・調査
2026/04/30 09:24,2026/04/30 09:24,0:05,Antigravityを用いた「システム開発・改善」の開発・相談
2026/04/30 09:29,2026/04/30 09:29,0:05,Webサイト（csd0910/myproject: デフォルト）の閲覧・調査
2026/04/30 09:29,2026/04/30 09:35,0:05,サイボウズ（システム設定 - サイボウズ Office および他 1 ページ）での情報確認・処理 / サイボウズ（システム設定 - サイボウズ Office）での情報確認・処理 / サイボウズ（メッセージ - サイボウズ Office および他 1 ページ）での情報確認・処理 / サイボウズ（メッセージ - サイボウズ Office）での情報確認・処理 / サイボウズ（メッセージの詳細 - ...
2026/04/30 09:35,2026/04/30 09:35,0:05,Webサイト（【開発受付一覧 - システム部_システム運営課】 - Google スプレッドシート および他 2 ページ）の閲覧・調査 / Webサイト（【開発受付一覧 - システム部_システム運営課】 - Google スプレッドシート）の閲覧・調査
2026/04/30 09:36,2026/04/30 09:36,0:05,Antigravityを用いた「システム開発・改善」の開発・相談
2026/04/30 09:43,2026/04/30 09:43,0:05,Webサイト（【開発受付一覧 - システム部_システム運営課】 - Google スプレッドシート および他 2 ページ）の閲覧・調査
2026/04/30 09:44,2026/04/30 09:44,0:05,Antigravityを用いた「システム開発・改善」の開発・相談
2026/04/30 09:46,2026/04/30 09:46,0:05,Webサイト（【開発受付一覧 - システム部_システム運営課】 - Google スプレッドシート および他 2 ページ）の閲覧・調査
2026/04/30 09:48,2026/04/30 09:48,0:05,Antigravityを用いた「システム開発・改善」の開発・相談
2026/04/30 09:48,2026/04/30 09:48,0:05,Webサイト（【開発受付一覧 - システム部_システム運営課】 - Google スプレッドシート および他 2 ページ）の閲覧・調査
2026/04/30 09:49,2026/04/30 09:49,0:05,Antigravityを用いた「システム開発・改善」の開発・相談
2026/04/30 09:49,2026/04/30 09:49,0:05,Webサイト（【開発受付一覧 - システム部_システム運営課】 - Google スプレッドシート および他 2 ページ）の閲覧・調査
2026/04/30 09:50,2026/04/30 09:50,0:05,サイボウズ（forestway.cybozu.com/o/ag.cgi?page=UserListIndex および他 2 ページ）での情報確認・処理 / サイボウズ（トップページ - サイボウズ Office および他 2 ページ）での情報確認・処理 / サイボウズ（トップページ - サイボウズ Office）での情報確認・処理 / サイボウズ（メッセージの詳細 - サイボウズ Offic...
2026/04/30 09:50,2026/04/30 09:50,0:05,PDF資料（FRT組織図-20260401 (1).pdf および他 3 ページ）の確認 / PDF資料（FRT組織図-20260401 (1).pdf）の確認
2026/04/30 09:51,2026/04/30 09:51,0:05,サイボウズ（掲示の詳細 - サイボウズ Office および他 3 ページ）での情報確認・処理
2026/04/30 09:51,2026/04/30 09:51,0:05,Webサイト（契約状況 および他 3 ページ）の閲覧・調査
2026/04/30 09:51,2026/04/30 09:51,0:05,Webサイト（インフォメーション および他 3 ページ）の閲覧・調査 / Webサイト（インフォメーション）の閲覧・調査 / Webサイト（グループ（ロール）の設定 および他 3 ページ）の閲覧・調査 / Webサイト（グループ（ロール）の設定）の閲覧・調査 / Webサイト（サービスの利用ユーザーの設定 および他 3 ページ）の閲覧・調査 / Webサイト（サービスの利用ユーザーの設定）の...
2026/04/30 09:51,2026/04/30 09:51,0:05,サイボウズ（トップページ - サイボウズ Office および他 3 ページ）での情報確認・処理 / サイボウズ（トップページ - サイボウズ Office）での情報確認・処理 / サイボウズ（掲示の詳細 - サイボウズ Office および他 3 ページ）での情報確認・処理 / サイボウズ（掲示の詳細 - サイボウズ Office）での情報確認・処理
2026/04/30 09:51,2026/04/30 09:51,0:05,Webサイト（名前を付けて保存）の閲覧・調査
2026/04/30 09:51,2026/04/30 09:51,0:05,PDF資料（FRT組織図-20260401 (1).pdf）の確認
2026/04/30 09:52,2026/04/30 09:52,0:05,Antigravityを用いた「システム開発・改善」の開発・相談
2026/04/30 09:53,2026/04/30 09:53,0:05,PDF資料（FRT組織図-20260401 (1).pdf）の確認
2026/04/30 09:54,2026/04/30 09:54,0:05,Antigravityを用いた「システム開発・改善」の開発・相談
2026/04/30 09:55,2026/04/30 09:55,0:05,PDF資料（FRT組織図-20260401 (1).pdf）の確認
2026/04/30 09:55,2026/04/30 09:55,0:05,Antigravityを用いた「システム開発・改善」の開発・相談
2026/04/30 09:55,2026/04/30 09:55,0:05,サイボウズ（掲示の詳細 - サイボウズ Office および他 3 ページ）での情報確認・処理
2026/04/30 09:55,2026/04/30 09:55,0:05,Webサイト（【開発受付一覧 - システム部_システム運営課】 - Google スプレッドシート および他 3 ページ）の閲覧・調査
2026/04/30 09:56,2026/04/30 09:56,0:05,Antigravityを用いた「システム開発・改善」の開発・相談
2026/04/30 09:58,2026/04/30 10:01,0:05,Webサイト（CSVファイルの保存先を選択/作成）の閲覧・調査 / Webサイト（【開発受付一覧 - システム部_システム運営課】 - Google スプレッドシート および他 3 ページ）の閲覧・調査 / Webサイト（作業課題記録ツール (佐々嶌仕様)）の閲覧・調査 / Webサイト（履歴から選択）の閲覧・調査
2026/04/30 10:01,2026/04/30 10:01,0:05,Antigravityを用いた「システム開発・改善」の開発・相談
2026/04/30 10:02,2026/04/30 10:02,0:05,Webサイト（起動しています - Excel）の閲覧・調査
2026/04/30 10:02,2026/04/30 10:02,0:05,Excelファイル（sasajima_work_log.csv）の入力・編集
2026/04/30 10:03,2026/04/30 10:03,0:05,Antigravityを用いた「システム開発・改善」の開発・相談
2026/04/30 10:04,2026/04/30 10:04,0:05,Webサイト（システム トレイ オーバーフロー ウィンドウ。）の閲覧・調査
2026/04/30 10:04,2026/04/30 10:04,0:05,Antigravityを用いた「システム開発・改善」の開発・相談
2026/04/30 10:04,2026/04/30 10:04,0:05,Webサイト（システム トレイ オーバーフロー ウィンドウ。）の閲覧・調査
2026/04/30 10:04,2026/04/30 10:04,0:05,Antigravityを用いた「システム開発・改善」の開発・相談
2026/04/30 10:04,2026/04/30 10:04,0:05,Excelファイル（sasajima_work_log.csv）の入力・編集
2026/04/30 10:04,2026/04/30 10:04,0:05,Antigravityを用いた「システム開発・改善」の開発・相談
2026/04/30 10:08,2026/04/30 10:08,0:05,Webサイト（作業課題記録ツール (佐々嶌仕様)）の閲覧・調査
2026/04/30 10:08,2026/04/30 10:08,0:05,Antigravityを用いた「システム開発・改善」の開発・相談
2026/04/30 10:10,2026/04/30 10:10,0:05,Webサイト（作業課題記録ツール (佐々嶌仕様)）の閲覧・調査
2026/04/30 10:10,2026/04/30 10:11,0:05,Antigravityを用いた「システム開発・改善」の開発・相談
2026/04/30 10:12,2026/04/30 10:12,0:05,Webサイト（作業課題記録ツール (佐々嶌仕様)）の閲覧・調査
2026/04/30 10:12,2026/04/30 10:16,0:05,Antigravityを用いた「システム開発・改善」の開発・相談
2026/04/30 10:20,2026/04/30 10:20,0:05,Excelファイル（sasajima_work_log.csv）の入力・編集
2026/04/30 10:20,2026/04/30 10:20,0:05,Antigravityを用いた「システム開発・改善」の開発・相談 / スタート
2026/04/30 10:23,2026/04/30 10:23,0:05,Webサイト（10.85.33.223 - リモート デスクトップ接続）の閲覧・調査 / Webサイト（リモート デスクトップ接続）の閲覧・調査
2026/04/30 10:29,2026/04/30 10:29,0:05,Antigravityを用いた「システム開発・改善」の開発・相談
2026/04/30 10:33,2026/04/30 10:33,0:05,Webサイト（10.85.33.223 - リモート デスクトップ接続）の閲覧・調査
2026/04/30 10:34,2026/04/30 10:34,0:05,Antigravityを用いた「システム開発・改善」の開発・相談
2026/04/30 10:38,2026/04/30 10:38,0:05,Webサイト（10.85.33.223 - リモート デスクトップ接続）の閲覧・調査
2026/04/30 10:39,2026/04/30 10:39,0:05,Antigravityを用いた「システム開発・改善」の開発・相談
2026/04/30 10:39,2026/04/30 10:39,0:05,Webサイト（【開発受付一覧 - システム部_システム運営課】 - Google スプレッドシート および他 3 ページ）の閲覧・調査
2026/04/30 10:39,2026/04/30 10:39,0:05,Antigravityを用いた「システム開発・改善」の開発・相談
2026/04/30 10:40,2026/04/30 10:40,0:05,Webサイト（作業課題記録ツール (佐々嶌仕様)）の閲覧・調査
2026/04/30 10:41,2026/04/30 10:41,0:05,Excelファイル（sasajima_work_log.csv）の入力・編集
2026/04/30 10:41,2026/04/30 10:41,0:05,Webサイト（作業課題記録ツール (佐々嶌仕様)）の閲覧・調査
2026/04/30 10:41,2026/04/30 10:41,0:05,Antigravityを用いた「システム開発・改善」の開発・相談
2026/04/30 10:41,2026/04/30 10:41,0:05,Webサイト（起動しています - Excel）の閲覧・調査
2026/04/30 10:41,2026/04/30 10:41,0:05,Excelファイル（営業部_ログ検索結果-20260416140900.csv）の入力・編集
2026/04/30 10:41,2026/04/30 10:41,0:05,Antigravityを用いた「システム開発・改善」の開発・相談 / Excel
2026/04/30 10:41,2026/04/30 10:41,0:05,Webサイト（起動しています - Excel）の閲覧・調査
2026/04/30 10:41,2026/04/30 10:41,0:05,Excelファイル（sasajima_work_log.csv）の入力・編集
2026/04/30 10:41,2026/04/30 10:41,0:05,Webサイト（システム トレイ オーバーフロー ウィンドウ。）の閲覧・調査
2026/04/30 10:41,2026/04/30 10:41,0:05,Excelファイル（sasajima_work_log.csv）の入力・編集
2026/04/30 10:41,2026/04/30 10:41,0:05,Antigravityを用いた「システム開発・改善」の開発・相談
2026/04/30 10:42,2026/04/30 10:42,0:05,Webサイト（windows applocker 使い方 - Comet）の閲覧・調査
2026/04/30 10:42,2026/04/30 10:42,0:05,Antigravityを用いた「システム開発・改善」の開発・相談
2026/04/30 10:42,2026/04/30 10:42,0:05,Excelファイル（sasajima_work_log.csv）の入力・編集
2026/04/30 10:42,2026/04/30 10:42,0:05,Antigravityを用いた「システム開発・改善」の開発・相談
2026/04/30 10:42,2026/04/30 10:42,0:05,Webサイト（windows applocker 使い方 - Comet）の閲覧・調査
2026/04/30 10:42,2026/04/30 10:42,0:05,Antigravityを用いた「システム開発・改善」の開発・相談
2026/04/30 10:47,2026/04/30 10:47,0:05,Webサイト（【開発受付一覧 - システム部_システム運営課】 - Google スプレッドシート および他 3 ページ）の閲覧・調査
2026/04/30 10:47,2026/04/30 10:47,0:05,Antigravityを用いた「システム開発・改善」の開発・相談
2026/04/30 10:49,2026/04/30 10:49,0:05,Webサイト（10.85.33.223 - リモート デスクトップ接続）の閲覧・調査
2026/04/30 11:01,2026/04/30 11:02,0:05,Antigravityを用いた「システム開発・改善」の開発・相談
2026/04/30 11:03,2026/04/30 11:03,0:05,Webサイト（10.85.33.223 - リモート デスクトップ接続）の閲覧・調査 / Webサイト（【開発受付一覧 - システム部_システム運営課】 - Google スプレッドシート および他 3 ページ）の閲覧・調査
2026/04/30 11:03,2026/04/30 11:04,0:05,サイボウズ（forestway.cybozu.com/o/ag.cgi?page=MyFolderIndex および他 3 ページ）での情報確認・処理 / サイボウズ（メッセージの送信 - サイボウズ Office および他 3 ページ）での情報確認・処理 / サイボウズ（メッセージの送信 - サイボウズ Office）での情報確認・処理 / サイボウズ（個人フォルダ - サイボウズ Off...
2026/04/30 11:04,2026/04/30 11:05,0:05,Webサイト（CSVファイルの保存先を選択/作成）の閲覧・調査 / Webサイト（システム トレイ オーバーフロー ウィンドウ。）の閲覧・調査 / Webサイト（作業課題記録ツール (佐々嶌仕様)）の閲覧・調査 / Webサイト（名前を付けて保存の確認）の閲覧・調査
2026/04/30 11:06,2026/04/30 11:06,0:05,Antigravityを用いた「システム開発・改善」の開発・相談
2026/04/30 11:06,2026/04/30 11:06,0:05,Webサイト（作業課題記録ツール (佐々嶌仕様)）の閲覧・調査
2026/04/30 11:06,2026/04/30 11:06,0:05,Antigravityを用いた「システム開発・改善」の開発・相談
2026/04/30 11:08,2026/04/30 11:08,0:05,Webサイト（作業課題記録ツール (佐々嶌仕様)）の閲覧・調査
2026/04/30 11:08,2026/04/30 11:09,0:05,Antigravityを用いた「システム開発・改善」の開発・相談
2026/04/30 11:10,2026/04/30 11:10,0:05,Webサイト（作業課題記録ツール (佐々嶌仕様)）の閲覧・調査
2026/04/30 11:10,2026/04/30 11:10,0:05,Antigravityを用いた「システム開発・改善」の開発・相談
2026/04/30 11:11,2026/04/30 11:11,0:05,Webサイト（作業課題記録ツール (佐々嶌仕様)）の閲覧・調査 / Webサイト（設定 (応答なし)）の閲覧・調査
2026/04/30 11:11,2026/04/30 11:11,0:05,Antigravityを用いた「システム開発・改善」の開発・相談
2026/04/30 11:11,2026/04/30 11:11,0:05,Webサイト（システム トレイ オーバーフロー ウィンドウ。）の閲覧・調査 / Webサイト（作業課題記録ツール (佐々嶌仕様)）の閲覧・調査
2026/04/30 11:11,2026/04/30 11:11,0:05,Antigravityを用いた「システム開発・改善」の開発・相談
2026/04/30 11:11,2026/04/30 11:11,0:05,Webサイト（作業課題記録ツール (佐々嶌仕様)）の閲覧・調査
2026/04/30 11:11,2026/04/30 11:12,0:05,Antigravityを用いた「システム開発・改善」の開発・相談
2026/04/30 11:12,2026/04/30 11:12,0:05,Webサイト（ファイルの置換またはスキップ）の閲覧・調査
2026/04/30 11:12,2026/04/30 11:12,0:05,0% 完了 / Webサイト（100% 完了）の閲覧・調査 / Webサイト（22% 完了）の閲覧・調査 / Webサイト（77% 完了）の閲覧・調査
2026/04/30 11:12,2026/04/30 11:12,0:05,Antigravityを用いた「システム開発・改善」の開発・相談
2026/04/30 11:14,2026/04/30 11:14,0:05,Webサイト（ファイルの置換またはスキップ）の閲覧・調査
2026/04/30 11:14,2026/04/30 11:14,0:05,0% 完了 / Webサイト（37% 完了）の閲覧・調査 / Webサイト（87% 完了）の閲覧・調査
2026/04/30 11:14,2026/04/30 11:14,0:05,サイボウズ（forestway.cybozu.com/o/ag.cgi?page=MyFolderIndex&fid= および他 3 ページ）での情報確認・処理 / サイボウズ（メッセージの送信 - サイボウズ Office および他 3 ページ）での情報確認・処理 / サイボウズ（個人フォルダ - サイボウズ Office および他 3 ページ）での情報確認・処理 / サイボウズ（個人フォ...
2026/04/30 11:15,2026/04/30 11:15,0:05,Antigravityを用いた「システム開発・改善」の開発・相談
2026/04/30 11:18,2026/04/30 11:18,0:05,Webサイト（ファイルの置換またはスキップ）の閲覧・調査
2026/04/30 11:18,2026/04/30 11:18,0:05,0% 完了 / Webサイト（100% 完了）の閲覧・調査 / Webサイト（11% 完了）の閲覧・調査 / Webサイト（66% 完了）の閲覧・調査 / Webサイト（98% 完了）の閲覧・調査
2026/04/30 11:24,2026/04/30 11:24,0:05,Antigravityを用いた「システム開発・改善」の開発・相談
2026/04/30 11:25,2026/04/30 11:25,0:05,サイボウズ（個人フォルダ - サイボウズ Office および他 3 ページ）での情報確認・処理
2026/04/30 11:25,2026/04/30 11:25,0:05,Webサイト（【開発受付一覧 - システム部_システム運営課】 - Google スプレッドシート および他 3 ページ）の閲覧・調査
2026/04/30 11:25,2026/04/30 11:25,0:05,Antigravityを用いた「システム開発・改善」の開発・相談
2026/04/30 11:26,2026/04/30 11:26,0:05,Webサイト（【開発受付一覧 - システム部_システム運営課】 - Google スプレッドシート および他 3 ページ）の閲覧・調査 / Webサイト（【開発受付一覧 - システム部_システム運営課】 - Google スプレッドシート）の閲覧・調査
2026/04/30 11:26,2026/04/30 11:26,0:05,Antigravityを用いた「システム開発・改善」の開発・相談
2026/04/30 11:27,2026/04/30 11:27,0:05,Webサイト（【開発受付一覧 - システム部_システム運営課】 - Google スプレッドシート および他 3 ページ）の閲覧・調査 / Webサイト（【開発受付一覧 - システム部_システム運営課】 - Google スプレッドシート）の閲覧・調査
2026/04/30 11:27,2026/04/30 11:27,0:05,Antigravityを用いた「システム開発・改善」の開発・相談
2026/04/30 11:27,2026/04/30 11:28,0:05,Webサイト（【開発受付一覧 - システム部_システム運営課】 - Google スプレッドシート および他 3 ページ）の閲覧・調査 / Webサイト（【開発受付一覧 - システム部_システム運営課】 - Google スプレッドシート）の閲覧・調査
2026/04/30 11:28,2026/04/30 11:28,0:05,Antigravityを用いた「システム開発・改善」の開発・相談
2026/04/30 11:28,2026/04/30 11:28,0:05,Webサイト（【開発受付一覧 - システム部_システム運営課】 - Google スプレッドシート および他 3 ページ）の閲覧・調査 / Webサイト（【開発受付一覧 - システム部_システム運営課】 - Google スプレッドシート）の閲覧・調査
2026/04/30 11:28,2026/04/30 11:28,0:05,Antigravityを用いた「システム開発・改善」の開発・相談
2026/04/30 11:29,2026/04/30 11:29,0:05,Webサイト（【開発受付一覧 - システム部_システム運営課】 - Google スプレッドシート および他 3 ページ）の閲覧・調査
2026/04/30 11:29,2026/04/30 11:29,0:05,Antigravityを用いた「システム開発・改善」の開発・相談
2026/04/30 11:30,2026/04/30 11:30,0:05,Webサイト（【開発受付一覧 - システム部_システム運営課】 - Google スプレッドシート および他 3 ページ）の閲覧・調査
2026/04/30 11:30,2026/04/30 11:30,0:05,Antigravityを用いた「システム開発・改善」の開発・相談
2026/04/30 11:30,2026/04/30 11:30,0:05,Webサイト（【開発受付一覧 - システム部_システム運営課】 - Google スプレッドシート および他 3 ページ）の閲覧・調査
2026/04/30 11:31,2026/04/30 11:31,0:05,Antigravityを用いた「システム開発・改善」の開発・相談
2026/04/30 11:31,2026/04/30 11:31,0:05,Webサイト（【開発受付一覧 - システム部_システム運営課】 - Google スプレッドシート および他 3 ページ）の閲覧・調査
2026/04/30 11:31,2026/04/30 11:31,0:05,Antigravityを用いた「システム開発・改善」の開発・相談
2026/04/30 11:33,2026/04/30 11:33,0:05,Webサイト（作業記録 Unified）の閲覧・調査
2026/04/30 11:33,2026/04/30 11:34,0:05,Antigravityを用いた「システム開発・改善」の開発・相談
2026/04/30 11:34,2026/04/30 11:36,0:05,Webサイト（作業記録 Unified）の閲覧・調査 / Webサイト（保存先Excelファイルの選択）の閲覧・調査
2026/04/30 11:36,2026/04/30 11:36,0:05,Antigravityを用いた「システム開発・改善」の開発・相談
2026/04/30 11:37,2026/04/30 11:37,0:05,Webサイト（作業記録 Unified）の閲覧・調査
2026/04/30 11:37,2026/04/30 11:37,0:05,Antigravityを用いた「システム開発・改善」の開発・相談
2026/04/30 11:37,2026/04/30 11:37,0:05,サイボウズ（forestway.cybozu.com/login?redirect=https%3A%2F%2Fforestway.cybozu.com%2F および他 1 ページ）での情報確認・処理
2026/04/30 11:37,2026/04/30 11:37,0:05,Webサイト（インフォメーション および他 1 ページ）の閲覧・調査 / Webサイト（インフォメーション）の閲覧・調査
2026/04/30 11:37,2026/04/30 11:37,0:05,サイボウズ（トップページ - サイボウズ Office および他 1 ページ）での情報確認・処理 / サイボウズ（トップページ - サイボウズ Office）での情報確認・処理
2026/04/30 11:37,2026/04/30 11:38,0:05,Webサイト（【開発受付一覧 - システム部_システム運営課】 - Google スプレッドシート および他 2 ページ）の閲覧・調査 / Webサイト（【開発受付一覧 - システム部_システム運営課】 - Google スプレッドシート）の閲覧・調査
2026/04/30 11:38,2026/04/30 11:38,0:05,Antigravityを用いた「システム開発・改善」の開発・相談
2026/04/30 11:38,2026/04/30 11:38,0:05,Webサイト（作業記録 Unified）の閲覧・調査
2026/04/30 11:38,2026/04/30 11:38,0:05,Antigravityを用いた「システム開発・改善」の開発・相談
2026/04/30 11:39,2026/04/30 11:42,0:05,Webサイト（【開発受付一覧 - システム部_システム運営課】 - Google スプレッドシート および他 2 ページ）の閲覧・調査 / Webサイト（【開発受付一覧 - システム部_システム運営課】 - Google スプレッドシート）の閲覧・調査 / Webサイト（作業記録 Unified）の閲覧・調査
2026/04/30 11:42,2026/04/30 11:55,0:12,Antigravityを用いた「システム開発・改善」の開発・相談
2026/04/30 11:55,2026/04/30 11:57,0:05,Webサイト（作業記録 Unified）の閲覧・調査 / Webサイト（保存先Excelファイルの選択）の閲覧・調査
2026/04/30 11:57,2026/04/30 11:57,0:05,Antigravityを用いた「システム開発・改善」の開発・相談
2026/04/30 11:57,2026/04/30 11:57,0:05,Webサイト（システム トレイ オーバーフロー ウィンドウ。）の閲覧・調査 / Webサイト（作業記録 Unified）の閲覧・調査
2026/04/30 11:57,2026/04/30 11:57,0:05,Antigravityを用いた「システム開発・改善」の開発・相談
2026/04/30 11:58,2026/04/30 11:58,0:05,Antigravityを用いた「システム開発・改善」の開発・相談 / スタート
2026/04/30 13:01,2026/04/30 13:01,0:05,Webサイト（【開発受付一覧 - システム部_システム運営課】 - Google スプレッドシート および他 2 ページ）の閲覧・調査
2026/04/30 13:01,2026/04/30 13:01,0:05,Antigravityを用いた「システム開発・改善」の開発・相談
2026/04/30 13:01,2026/04/30 13:01,0:05,Webサイト（【開発受付一覧 - システム部_システム運営課】 - Google スプレッドシート および他 2 ページ）の閲覧・調査 / Webサイト（【開発受付一覧 - システム部_システム運営課】 - Google スプレッドシート）の閲覧・調査
2026/04/30 13:01,2026/04/30 13:01,0:05,Antigravityを用いた「システム開発・改善」の開発・相談
2026/04/30 13:02,2026/04/30 13:02,0:05,Webサイト（【開発受付一覧 - システム部_システム運営課】 - Google スプレッドシート および他 2 ページ）の閲覧・調査 / Webサイト（【開発受付一覧 - システム部_システム運営課】 - Google スプレッドシート）の閲覧・調査
2026/04/30 13:02,2026/04/30 13:02,0:05,Antigravityを用いた「システム開発・改善」の開発・相談
2026/04/30 13:06,2026/04/30 13:07,0:05,Webサイト（システム トレイ オーバーフロー ウィンドウ。）の閲覧・調査 / Webサイト（作業記録 Unified）の閲覧・調査
2026/04/30 13:07,2026/04/30 13:07,0:05,Antigravityを用いた「システム開発・改善」の開発・相談
2026/04/30 13:07,2026/04/30 13:07,0:05,Webサイト（作業記録 Unified）の閲覧・調査
2026/04/30 13:07,2026/04/30 13:08,0:05,Antigravityを用いた「システム開発・改善」の開発・相談
2026/04/30 13:08,2026/04/30 13:08,0:05,Webサイト（作業記録 Unified）の閲覧・調査 / Webサイト（保存先Excelファイルの選択）の閲覧・調査
2026/04/30 13:09,2026/04/30 13:09,0:05,Antigravityを用いた「システム開発・改善」の開発・相談
2026/04/30 13:12,2026/04/30 13:12,0:05,Webサイト（作業記録 Unified）の閲覧・調査 / Webサイト（履歴から選択 (ヘルプデスク - 作業内容管理・進捗)）の閲覧・調査 / Webサイト（履歴から選択 (他部署受付 - 作業内容管理・進捗)）の閲覧・調査
2026/04/30 13:12,2026/04/30 13:12,0:05,Antigravityを用いた「システム開発・改善」の開発・相談
2026/04/30 13:12,2026/04/30 13:12,0:05,Webサイト（履歴から選択 (他部署受付 - 作業内容管理・進捗)）の閲覧・調査
2026/04/30 13:12,2026/04/30 13:12,0:05,Antigravityを用いた「システム開発・改善」の開発・相談
2026/04/30 13:14,2026/04/30 13:15,0:05,Webサイト（Visual Studio Code）の閲覧・調査 / Webサイト（config_unified.json - メモ帳）の閲覧・調査 / Webサイト（【開発受付一覧 - システム部_システム運営課】 - Google スプレッドシート および他 2 ページ）の閲覧・調査 / Webサイト（作業記録 Unified）の閲覧・調査
2026/04/30 13:16,2026/04/30 13:16,0:05,サイボウズ（トップページ - サイボウズ Office および他 2 ページ）での情報確認・処理 / サイボウズ（トップページ - サイボウズ Office）での情報確認・処理 / サイボウズ（個人フォルダ - サイボウズ Office および他 2 ページ）での情報確認・処理 / サイボウズ（個人フォルダ - サイボウズ Office）での情報確認・処理 / サイボウズ（掲示の詳細 - サ...
2026/04/30 13:16,2026/04/30 13:16,0:05,PDF資料（【人事通達】2026年4月1日付人事発令.pdf および他 3 ページ）の確認 / PDF資料（【人事通達】2026年4月1日付人事発令.pdf）の確認
2026/04/30 13:16,2026/04/30 13:16,0:05,サイボウズ（掲示の詳細 - サイボウズ Office および他 2 ページ）での情報確認・処理
2026/04/30 13:16,2026/04/30 13:16,0:05,PDF資料（FRT組織図-20260401 (2).pdf および他 3 ページ）の確認 / PDF資料（FRT組織図-20260401 (2).pdf）の確認
2026/04/30 13:16,2026/04/30 13:16,0:05,Antigravityを用いた「システム開発・改善」の開発・相談
2026/04/30 13:17,2026/04/30 13:17,0:05,PDF資料（FRT組織図-20260401 (2).pdf および他 3 ページ）の確認
2026/04/30 13:20,2026/04/30 13:20,0:05,Antigravityを用いた「システム開発・改善」の開発・相談
2026/04/30 13:20,2026/04/30 13:20,0:05,PDF資料（FRT組織図-20260401 (2).pdf および他 3 ページ）の確認
2026/04/30 13:20,2026/04/30 13:20,0:05,Antigravityを用いた「システム開発・改善」の開発・相談
2026/04/30 13:20,2026/04/30 13:20,0:05,PDF資料（FRT組織図-20260401 (2).pdf および他 3 ページ）の確認
2026/04/30 13:20,2026/04/30 13:20,0:05,Antigravityを用いた「システム開発・改善」の開発・相談
2026/04/30 13:20,2026/04/30 13:20,0:05,PDF資料（FRT組織図-20260401 (2).pdf および他 3 ページ）の確認
2026/04/30 13:20,2026/04/30 13:20,0:05,Antigravityを用いた「システム開発・改善」の開発・相談
2026/04/30 13:20,2026/04/30 13:20,0:05,PDF資料（FRT組織図-20260401 (2).pdf および他 3 ページ）の確認
2026/04/30 13:22,2026/04/30 13:22,0:05,Antigravityを用いた「システム開発・改善」の開発・相談
2026/04/30 13:23,2026/04/30 13:23,0:05,PDF資料（FRT組織図-20260401 (2).pdf および他 3 ページ）の確認
2026/04/30 13:23,2026/04/30 13:23,0:05,Antigravityを用いた「システム開発・改善」の開発・相談
2026/04/30 13:23,2026/04/30 13:23,0:05,PDF資料（FRT組織図-20260401 (2).pdf および他 3 ページ）の確認
2026/04/30 13:23,2026/04/30 13:23,0:05,Antigravityを用いた「システム開発・改善」の開発・相談
2026/04/30 13:23,2026/04/30 13:24,0:05,PDF資料（FRT組織図-20260401 (2).pdf および他 3 ページ）の確認
2026/04/30 13:28,2026/04/30 13:28,0:05,Antigravityを用いた「システム開発・改善」の開発・相談
2026/04/30 13:28,2026/04/30 13:28,0:05,PDF資料（FRT組織図-20260401 (2).pdf および他 3 ページ）の確認
2026/04/30 13:28,2026/04/30 13:28,0:05,Antigravityを用いた「システム開発・改善」の開発・相談
2026/04/30 13:28,2026/04/30 13:28,0:05,PDF資料（FRT組織図-20260401 (2).pdf および他 3 ページ）の確認
2026/04/30 13:28,2026/04/30 13:28,0:05,Antigravityを用いた「システム開発・改善」の開発・相談
2026/04/30 13:28,2026/04/30 13:28,0:05,PDF資料（FRT組織図-20260401 (2).pdf および他 3 ページ）の確認
2026/04/30 13:29,2026/04/30 13:29,0:05,Antigravityを用いた「システム開発・改善」の開発・相談
2026/04/30 13:29,2026/04/30 13:29,0:05,PDF資料（FRT組織図-20260401 (2).pdf および他 3 ページ）の確認
2026/04/30 13:29,2026/04/30 13:29,0:05,Antigravityを用いた「システム開発・改善」の開発・相談
2026/04/30 13:29,2026/04/30 13:29,0:05,PDF資料（FRT組織図-20260401 (2).pdf および他 3 ページ）の確認
2026/04/30 13:29,2026/04/30 13:29,0:05,Antigravityを用いた「システム開発・改善」の開発・相談
2026/04/30 13:29,2026/04/30 13:29,0:05,PDF資料（FRT組織図-20260401 (2).pdf および他 3 ページ）の確認
2026/04/30 13:29,2026/04/30 13:29,0:05,Antigravityを用いた「システム開発・改善」の開発・相談
2026/04/30 13:30,2026/04/30 13:30,0:05,PDF資料（FRT組織図-20260401 (2).pdf および他 3 ページ）の確認
2026/04/30 13:30,2026/04/30 13:30,0:05,Antigravityを用いた「システム開発・改善」の開発・相談
2026/04/30 13:30,2026/04/30 13:30,0:05,PDF資料（FRT組織図-20260401 (2).pdf および他 3 ページ）の確認
2026/04/30 13:30,2026/04/30 13:30,0:05,Antigravityを用いた「システム開発・改善」の開発・相談
2026/04/30 13:31,2026/04/30 13:31,0:05,PDF資料（FRT組織図-20260401 (2).pdf および他 3 ページ）の確認
2026/04/30 13:31,2026/04/30 13:31,0:05,Antigravityを用いた「システム開発・改善」の開発・相談
2026/04/30 13:34,2026/04/30 13:34,0:05,Webサイト（作業記録 Unified）の閲覧・調査
2026/04/30 13:34,2026/04/30 13:34,0:05,Antigravityを用いた「システム開発・改善」の開発・相談
2026/04/30 13:35,2026/04/30 13:35,0:05,Webサイト（作業記録 Unified）の閲覧・調査
2026/04/30 13:35,2026/04/30 13:35,0:05,Antigravityを用いた「システム開発・改善」の開発・相談
2026/04/30 13:35,2026/04/30 13:35,0:05,Webサイト（システム トレイ オーバーフロー ウィンドウ。）の閲覧・調査
2026/04/30 13:35,2026/04/30 13:35,0:05,Antigravityを用いた「システム開発・改善」の開発・相談
2026/04/30 13:35,2026/04/30 13:35,0:05,PDF資料（FRT組織図-20260401 (2).pdf および他 3 ページ）の確認
2026/04/30 13:36,2026/04/30 13:36,0:05,Antigravityを用いた「システム開発・改善」の開発・相談
2026/04/30 13:36,2026/04/30 13:36,0:05,PDF資料（FRT組織図-20260401 (2).pdf および他 3 ページ）の確認
2026/04/30 13:36,2026/04/30 13:37,0:05,Webサイト（MSN および他 5 ページ）の閲覧・調査 / Webサイト（タケノコ掘りに行った5歳児、行方不明21年 香川県警が再捜索 および他 5 ページ）の閲覧・調査 / Webサイト（作業記録 Unified）の閲覧・調査
2026/04/30 13:37,2026/04/30 13:37,0:05,Antigravityを用いた「システム開発・改善」の開発・相談
2026/04/30 13:38,2026/04/30 13:38,0:05,Webサイト（config_unified.json - メモ帳）の閲覧・調査 / Webサイト（作業記録 Unified）の閲覧・調査
2026/04/30 13:39,2026/04/30 13:39,0:05,Antigravityを用いた「システム開発・改善」の開発・相談
2026/04/30 13:39,2026/04/30 13:40,0:05,Webサイト（MSN および他 5 ページ）の閲覧・調査 / Webサイト（msn.com/ja-jp/autos/news/日産-新型フェアレディz-初公開-s30デザイン採用で注目-nismoにmt設定-実車公開前に改良内容を解説/ar-AA222wR8?ocid=entnewsntp&pc=HCTS&cvid=69f2c0b2a0754bfea7e08e5980fd811b&ei=15...
2026/04/30 13:41,2026/04/30 13:41,0:05,Antigravityを用いた「システム開発・改善」の開発・相談
2026/04/30 13:42,2026/04/30 13:42,0:05,Webサイト（セキュリティ 脆弱性 - 窓の杜 および他 4 ページ）の閲覧・調査 / Webサイト（セキュリティ 脆弱性 - 窓の杜）の閲覧・調査
2026/04/30 13:42,2026/04/30 13:42,0:05,Antigravityを用いた「システム開発・改善」の開発・相談
2026/04/30 13:42,2026/04/30 13:44,0:05,Webサイト（エクセルの起動・動作が遅くて業務の効率が落ちる！ 年始に設定を見直して改善しよう【再掲】 - 窓の杜 および他 4 ページ）の閲覧・調査 / Webサイト（エクセルの起動・動作が遅くて業務の効率が落ちる！ 年始に設定を見直して改善しよう【再掲】 - 窓の杜）の閲覧・調査 / Webサイト（セキュリティ 脆弱性 - 窓の杜 および他 4 ページ）の閲覧・調査 / Webサイト（作...
2026/04/30 13:44,2026/04/30 13:44,0:05,Excelファイル（WorkLog_Unified.xlsx）の入力・編集
2026/04/30 13:44,2026/04/30 13:45,0:05,Webサイト（システム トレイ オーバーフロー ウィンドウ。）の閲覧・調査 / Webサイト（作業記録 Unified）の閲覧・調査
2026/04/30 13:45,2026/04/30 13:45,0:05,Excelファイル（WorkLog_Unified.xlsx）の入力・編集
2026/04/30 13:45,2026/04/30 13:45,0:05,Webサイト（エクセルの起動・動作が遅くて業務の効率が落ちる！ 年始に設定を見直して改善しよう【再掲】 - 窓の杜 および他 4 ページ）の閲覧・調査 / Webサイト（作業記録 Unified）の閲覧・調査 / Webサイト（起動しています - Excel）の閲覧・調査
2026/04/30 13:45,2026/04/30 13:45,0:05,Excelファイル（WorkLog_Unified.xlsx）の入力・編集
2026/04/30 13:45,2026/04/30 13:46,0:05,Webサイト（システム トレイ オーバーフロー ウィンドウ。）の閲覧・調査 / Webサイト（作業記録 Unified）の閲覧・調査 / Webサイト（保存先Excelファイルの選択）の閲覧・調査 / Webサイト（名前を付けて保存の確認）の閲覧・調査
2026/04/30 13:46,2026/04/30 13:46,0:05,Excelファイル（WorkLog_Unified.xlsx）の入力・編集
2026/04/30 13:46,2026/04/30 13:46,0:05,Excel / Webサイト（作業記録 Unified）の閲覧・調査 / Webサイト（起動しています - Excel）の閲覧・調査
2026/04/30 13:46,2026/04/30 13:46,0:05,Excelファイル（WorkLog_Unified.xlsx）の入力・編集
2026/04/30 13:47,2026/04/30 13:47,0:05,Webサイト（作業記録 Unified）の閲覧・調査 / Webサイト（保存先Excelファイルの選択）の閲覧・調査 / Webサイト（名前を付けて保存の確認）の閲覧・調査
2026/04/30 13:47,2026/04/30 13:47,0:05,Antigravityを用いた「システム開発・改善」の開発・相談
2026/04/30 13:47,2026/04/30 13:47,0:05,Excelファイル（WorkLog_Unified.xlsx）の入力・編集
2026/04/30 13:47,2026/04/30 13:47,0:05,Webサイト（【開発受付一覧 - システム部_システム運営課】 - Google スプレッドシート および他 4 ページ）の閲覧・調査 / Webサイト（【開発受付一覧 - システム部_システム運営課】 - Google スプレッドシート）の閲覧・調査 / Webサイト（エクセルの起動・動作が遅くて業務の効率が落ちる！ 年始に設定を見直して改善しよう【再掲】 - 窓の杜 および他 4 ページ...
2026/04/30 13:52,2026/04/30 13:52,0:05,Antigravityを用いた「システム開発・改善」の開発・相談
2026/04/30 13:52,2026/04/30 13:52,0:05,Webサイト（【開発受付一覧 - システム部_システム運営課】 - Google スプレッドシート および他 4 ページ）の閲覧・調査
2026/04/30 13:53,2026/04/30 13:53,0:05,Antigravityを用いた「システム開発・改善」の開発・相談
2026/04/30 13:53,2026/04/30 13:53,0:05,Webサイト（【開発受付一覧 - システム部_システム運営課】 - Google スプレッドシート および他 4 ページ）の閲覧・調査 / Webサイト（【開発受付一覧 - システム部_システム運営課】 - Google スプレッドシート）の閲覧・調査
2026/04/30 13:53,2026/04/30 13:53,0:05,Antigravityを用いた「システム開発・改善」の開発・相談
2026/04/30 13:53,2026/04/30 13:53,0:05,Webサイト（【開発受付一覧 - システム部_システム運営課】 - Google スプレッドシート および他 4 ページ）の閲覧・調査 / Webサイト（【開発受付一覧 - システム部_システム運営課】 - Google スプレッドシート）の閲覧・調査
2026/04/30 13:53,2026/04/30 13:53,0:05,Antigravityを用いた「システム開発・改善」の開発・相談
2026/04/30 13:55,2026/04/30 13:55,0:05,Webサイト（作業記録 Unified）の閲覧・調査
2026/04/30 13:55,2026/04/30 13:55,0:05,Antigravityを用いた「システム開発・改善」の開発・相談
2026/04/30 13:55,2026/04/30 13:55,0:05,Webサイト（作業記録 Unified）の閲覧・調査
2026/04/30 13:55,2026/04/30 13:55,0:05,Antigravityを用いた「システム開発・改善」の開発・相談
2026/04/30 13:55,2026/04/30 13:56,0:05,Webサイト（作業記録 Unified）の閲覧・調査 / Webサイト（保存先Excelファイルの選択）の閲覧・調査 / Webサイト（名前を付けて保存の確認）の閲覧・調査
2026/04/30 13:56,2026/04/30 13:56,0:05,Antigravityを用いた「システム開発・改善」の開発・相談
2026/04/30 13:56,2026/04/30 13:56,0:05,Webサイト（Microsoft Excel）の閲覧・調査
2026/04/30 13:56,2026/04/30 13:56,0:05,Excel / Webサイト（Microsoft Excel）の閲覧・調査
2026/04/30 13:56,2026/04/30 13:58,0:05,Antigravityを用いた「システム開発・改善」の開発・相談 / Excel
2026/04/30 13:58,2026/04/30 13:58,0:05,Webサイト（作業記録 Unified）の閲覧・調査
2026/04/30 13:58,2026/04/30 13:58,0:05,Antigravityを用いた「システム開発・改善」の開発・相談
2026/04/30 13:58,2026/04/30 13:58,0:05,Webサイト（Microsoft Excel）の閲覧・調査
2026/04/30 13:58,2026/04/30 13:58,0:05,0% 完了 / 3% 完了 / Excel / Webサイト（46% 完了）の閲覧・調査 / Webサイト（ファイルの削除）の閲覧・調査
2026/04/30 13:58,2026/04/30 13:59,0:05,Antigravityを用いた「システム開発・改善」の開発・相談
2026/04/30 13:59,2026/04/30 13:59,0:05,Webサイト（Book1 - Excel）の閲覧・調査
2026/04/30 13:59,2026/04/30 13:59,0:05,Excelファイル（WorkLog_Unified.xlsx）の入力・編集
2026/04/30 13:59,2026/04/30 13:59,0:05,Webサイト（Book1 - Excel）の閲覧・調査
2026/04/30 13:59,2026/04/30 13:59,0:05,Antigravityを用いた「システム開発・改善」の開発・相談 / Excel
2026/04/30 13:59,2026/04/30 14:02,0:05,Webサイト（API keys | Google AI Studio）の閲覧・調査 / Webサイト（APIエラー503の原因と対策 - Google Gemini）の閲覧・調査 / Webサイト（Google Cloud Service Health）の閲覧・調査 / Webサイト（Google）の閲覧・調査 / Webサイト（Usage | Google AI Studio）の閲覧・調査...
2026/04/30 14:02,2026/04/30 14:02,0:05,Antigravityを用いた「システム開発・改善」の開発・相談 / スタート
2026/04/30 14:02,2026/04/30 14:03,0:05,Webサイト（API keys | Google AI Studio）の閲覧・調査 / Webサイト（APIエラー503の原因と対策 - Google Gemini）の閲覧・調査 / Webサイト（Gemini 3.1 Pro プレビュー版 ?|? Gemini API ?|? Google AI for Developers）の閲覧・調査 / Webサイト（Gemini 3.1 Pro プ...
2026/04/30 14:03,2026/04/30 14:03,0:05,Antigravityを用いた「システム開発・改善」の開発・相談
2026/04/30 14:04,2026/04/30 14:04,0:05,Webサイト（作業記録 Unified）の閲覧・調査
2026/04/30 14:04,2026/04/30 14:04,0:05,Antigravityを用いた「システム開発・改善」の開発・相談
2026/04/30 14:04,2026/04/30 14:04,0:05,Webサイト（作業課題記録ツール (佐々嶌仕様)）の閲覧・調査
2026/04/30 14:04,2026/04/30 14:05,0:05,Antigravityを用いた「システム開発・改善」の開発・相談
2026/04/30 14:06,2026/04/30 14:07,0:05,Webサイト（Google）の閲覧・調査 / Webサイト（作業記録 Unified）の閲覧・調査 / Webサイト（保存先Excelファイルの選択）の閲覧・調査
2026/04/30 14:07,2026/04/30 14:07,0:05,Antigravityを用いた「システム開発・改善」の開発・相談
2026/04/30 14:07,2026/04/30 14:07,0:05,Webサイト（作業記録 Unified）の閲覧・調査
2026/04/30 14:07,2026/04/30 14:07,0:05,Antigravityを用いた「システム開発・改善」の開発・相談
2026/04/30 14:07,2026/04/30 14:07,0:05,Webサイト（起動しています - Excel）の閲覧・調査
2026/04/30 14:07,2026/04/30 14:08,0:05,Excelファイル（TEST.xlsx）の入力・編集
2026/04/30 14:08,2026/04/30 14:08,0:05,Webサイト（システム トレイ オーバーフロー ウィンドウ。）の閲覧・調査 / Webサイト（作業課題記録ツール (佐々嶌仕様)）の閲覧・調査
2026/04/30 14:08,2026/04/30 14:08,0:05,Excelファイル（TEST.xlsx）の入力・編集
2026/04/30 14:08,2026/04/30 14:08,0:05,Webサイト（システム トレイ オーバーフロー ウィンドウ。）の閲覧・調査
2026/04/30 14:08,2026/04/30 14:08,0:05,Antigravityを用いた「システム開発・改善」の開発・相談
2026/04/30 14:10,2026/04/30 14:10,0:05,Webサイト（2026年にオープンしたスーパー銭湯のまとめ | スーパー銭湯全国検索）の閲覧・調査 / Webサイト（Google）の閲覧・調査
2026/04/30 14:10,2026/04/30 14:10,0:05,Antigravityを用いた「システム開発・改善」の開発・相談
2026/04/30 14:10,2026/04/30 14:11,0:05,Webサイト（2026年にオープンしたスーパー銭湯のまとめ | スーパー銭湯全国検索）の閲覧・調査
2026/04/30 14:11,2026/04/30 14:11,0:05,Webサイト（2026年にオープンしたスーパー銭湯のまとめ | スーパー銭湯全国検索）の閲覧・調査 / スタート
2026/04/30 14:12,2026/04/30 14:12,0:05,Antigravityを用いた「システム開発・改善」の開発・相談
2026/04/30 14:12,2026/04/30 14:13,0:05,Webサイト（2026年にオープンしたスーパー銭湯のまとめ | スーパー銭湯全国検索）の閲覧・調査 / Webサイト（APIエラー503の原因と対策 - Google Gemini）の閲覧・調査 / Webサイト（Google Chrome）の閲覧・調査 / Webサイト（Google Gemini）の閲覧・調査 / Webサイト（Google）の閲覧・調査 / Webサイト（社内SEの仕事...
2026/04/30 14:14,2026/04/30 14:14,0:05,Antigravityを用いた「システム開発・改善」の開発・相談
2026/04/30 14:15,2026/04/30 14:15,0:05,Webサイト（社内SEの仕事なんでも相談 - Google Gemini）の閲覧・調査
2026/04/30 14:15,2026/04/30 14:15,0:05,Antigravityを用いた「システム開発・改善」の開発・相談
2026/04/30 14:15,2026/04/30 14:16,0:05,Webサイト（作業記録 Unified）の閲覧・調査 / Webサイト（保存先Excelファイルの選択）の閲覧・調査 / Webサイト（名前を付けて保存の確認）の閲覧・調査
2026/04/30 14:16,2026/04/30 14:16,0:05,Antigravityを用いた「システム開発・改善」の開発・相談
2026/04/30 14:16,2026/04/30 14:17,0:05,Webサイト（システム トレイ オーバーフロー ウィンドウ。）の閲覧・調査 / Webサイト（作業記録 Unified）の閲覧・調査
2026/04/30 14:17,2026/04/30 14:17,0:05,Antigravityを用いた「システム開発・改善」の開発・相談
2026/04/30 14:17,2026/04/30 14:17,0:05,Excelファイル（TEST.xlsx）の入力・編集
2026/04/30 14:17,2026/04/30 14:17,0:05,Antigravityを用いた「システム開発・改善」の開発・相談 / Excel
2026/04/30 14:19,2026/04/30 14:19,0:05,Webサイト（作業記録 Unified）の閲覧・調査
2026/04/30 14:19,2026/04/30 14:19,0:05,Antigravityを用いた「システム開発・改善」の開発・相談
2026/04/30 14:28,2026/04/30 14:29,0:05,Webサイト（作業記録 Unified）の閲覧・調査
2026/04/30 14:29,2026/04/30 14:29,0:05,Antigravityを用いた「システム開発・改善」の開発・相談
2026/04/30 14:29,2026/04/30 14:29,0:05,Webサイト（システム トレイ オーバーフロー ウィンドウ。）の閲覧・調査 / Webサイト（作業記録 Unified）の閲覧・調査 / Webサイト（履歴から選択 (ヘルプデスク - 作業内容管理・進捗)）の閲覧・調査
2026/04/30 14:29,2026/04/30 14:30,0:05,Antigravityを用いた「システム開発・改善」の開発・相談
2026/04/30 14:30,2026/04/30 14:30,0:05,Webサイト（作業記録 Unified）の閲覧・調査
2026/04/30 14:30,2026/04/30 14:30,0:05,Antigravityを用いた「システム開発・改善」の開発・相談
2026/04/30 14:31,2026/04/30 14:31,0:05,Webサイト（作業記録 Unified）の閲覧・調査
2026/04/30 14:32,2026/04/30 14:32,0:05,Antigravityを用いた「システム開発・改善」の開発・相談
2026/04/30 14:32,2026/04/30 14:32,0:05,Webサイト（作業記録 Unified）の閲覧・調査
2026/04/30 14:33,2026/04/30 14:33,0:05,Antigravityを用いた「システム開発・改善」の開発・相談
2026/04/30 14:34,2026/04/30 14:34,0:05,Webサイト（作業記録 Unified）の閲覧・調査
2026/04/30 14:34,2026/04/30 14:36,0:05,Antigravityを用いた「システム開発・改善」の開発・相談
2026/04/30 14:37,2026/04/30 14:38,0:05,Webサイト（作業記録 Unified）の閲覧・調査
2026/04/30 14:38,2026/04/30 14:38,0:05,Antigravityを用いた「システム開発・改善」の開発・相談
2026/04/30 14:38,2026/04/30 14:38,0:05,Webサイト（作業記録 Unified）の閲覧・調査
2026/04/30 14:38,2026/04/30 14:39,0:05,Antigravityを用いた「システム開発・改善」の開発・相談
2026/04/30 14:39,2026/04/30 14:39,0:05,Webサイト（作業記録 Unified）の閲覧・調査
2026/04/30 14:39,2026/04/30 14:39,0:05,Antigravityを用いた「システム開発・改善」の開発・相談
2026/04/30 14:39,2026/04/30 14:40,0:05,Webサイト（作業記録 Unified）の閲覧・調査
2026/04/30 14:40,2026/04/30 14:40,0:05,Antigravityを用いた「システム開発・改善」の開発・相談
2026/04/30 14:40,2026/04/30 14:40,0:05,Webサイト（作業記録 Unified）の閲覧・調査
2026/04/30 14:40,2026/04/30 14:40,0:05,Antigravityを用いた「システム開発・改善」の開発・相談
2026/04/30 14:40,2026/04/30 14:40,0:05,Webサイト（作業記録 Unified）の閲覧・調査
2026/04/30 14:40,2026/04/30 14:41,0:05,Antigravityを用いた「システム開発・改善」の開発・相談
2026/04/30 14:41,2026/04/30 14:41,0:05,Webサイト（作業記録 Unified）の閲覧・調査
2026/04/30 14:41,2026/04/30 14:41,0:05,Antigravityを用いた「システム開発・改善」の開発・相談
2026/04/30 14:41,2026/04/30 14:41,0:05,Webサイト（作業記録 Unified）の閲覧・調査
2026/04/30 14:41,2026/04/30 14:41,0:05,Antigravityを用いた「システム開発・改善」の開発・相談
2026/04/30 14:41,2026/04/30 14:41,0:05,Webサイト（社内SEの仕事なんでも相談 - Google Gemini）の閲覧・調査
2026/04/30 14:42,2026/04/30 14:42,0:05,Antigravityを用いた「システム開発・改善」の開発・相談 / スタート
2026/04/30 14:44,2026/04/30 14:44,0:05,Webサイト（作業記録 Unified）の閲覧・調査
2026/04/30 14:44,2026/04/30 14:44,0:05,Antigravityを用いた「システム開発・改善」の開発・相談
2026/04/30 14:44,2026/04/30 14:45,0:05,Webサイト（作業記録 Unified）の閲覧・調査 / Webサイト（履歴から選択 (他部署受付 - 作業内容管理・進捗)）の閲覧・調査
2026/04/30 14:45,2026/04/30 14:46,0:05,Antigravityを用いた「システム開発・改善」の開発・相談
2026/04/30 14:46,2026/04/30 14:46,0:05,Webサイト（履歴から選択 (他部署受付 - 作業内容管理・進捗)）の閲覧・調査
2026/04/30 14:46,2026/04/30 14:46,0:05,Antigravityを用いた「システム開発・改善」の開発・相談
2026/04/30 14:46,2026/04/30 14:46,0:05,Webサイト（作業記録 Unified）の閲覧・調査
2026/04/30 14:46,2026/04/30 14:46,0:05,Antigravityを用いた「システム開発・改善」の開発・相談
2026/04/30 14:47,2026/04/30 14:48,0:05,Webサイト（作業記録 Unified）の閲覧・調査
2026/04/30 14:48,2026/04/30 14:48,0:05,Antigravityを用いた「システム開発・改善」の開発・相談
2026/04/30 14:48,2026/04/30 14:48,0:05,Webサイト（作業記録 Unified）の閲覧・調査
2026/04/30 14:48,2026/04/30 14:48,0:05,Antigravityを用いた「システム開発・改善」の開発・相談
2026/04/30 14:49,2026/04/30 14:49,0:05,Webサイト（作業記録 Unified）の閲覧・調査
2026/04/30 14:49,2026/04/30 14:49,0:05,Antigravityを用いた「システム開発・改善」の開発・相談
2026/04/30 14:52,2026/04/30 14:52,0:05,Webサイト（作業記録 Unified）の閲覧・調査
2026/04/30 14:52,2026/04/30 14:52,0:05,Antigravityを用いた「システム開発・改善」の開発・相談
2026/04/30 14:52,2026/04/30 14:52,0:05,Webサイト（作業記録 Unified）の閲覧・調査
2026/04/30 14:52,2026/04/30 14:52,0:05,Antigravityを用いた「システム開発・改善」の開発・相談
2026/04/30 14:52,2026/04/30 14:52,0:05,Webサイト（起動しています - Excel）の閲覧・調査
2026/04/30 14:52,2026/04/30 14:52,0:05,Excelファイル（TEST.xlsx）の入力・編集
2026/04/30 14:52,2026/04/30 14:52,0:05,Webサイト（docs.google.com/spreadsheets/u/1/d/1zRlHv4s1szjiIN22LW1eN5OKPK2sInBjF7SKHGmpIJc/edit?gid=1344014782#gid=1344014782）の閲覧・調査 / Webサイト（【開発受付一覧 - システム部_システム運営課】 - Google スプレッドシート）の閲覧・調査
2026/04/30 14:52,2026/04/30 14:53,0:05,Excelファイル（TEST.xlsx）の入力・編集
2026/04/30 14:53,2026/04/30 14:53,0:05,Webサイト（セルの書式設定）の閲覧・調査
2026/04/30 14:53,2026/04/30 14:53,0:05,Excelファイル（TEST.xlsx）の入力・編集
2026/04/30 14:54,2026/04/30 14:54,0:05,Webサイト（【開発受付一覧 - システム部_システム運営課】 - Google スプレッドシート）の閲覧・調査
2026/04/30 14:54,2026/04/30 14:54,0:05,Excelファイル（TEST.xlsx）の入力・編集
2026/04/30 14:54,2026/04/30 14:54,0:05,Webサイト（【開発受付一覧 - システム部_システム運営課】 - Google スプレッドシート）の閲覧・調査
2026/04/30 14:54,2026/04/30 14:54,0:05,Excelファイル（TEST.xlsx）の入力・編集
2026/04/30 14:54,2026/04/30 14:54,0:05,Webサイト（【開発受付一覧 - システム部_システム運営課】 - Google スプレッドシート）の閲覧・調査
2026/04/30 14:54,2026/04/30 14:54,0:05,Excelファイル（TEST.xlsx）の入力・編集
2026/04/30 14:56,2026/04/30 14:56,0:05,Webサイト（作業記録 Unified）の閲覧・調査 / Webサイト（履歴選択 - ヘルプデスク - 作業内容管理・進捗）の閲覧・調査
2026/04/30 14:56,2026/04/30 14:56,0:05,Antigravityを用いた「システム開発・改善」の開発・相談
2026/04/30 14:56,2026/04/30 14:57,0:05,Webサイト（作業記録 Unified）の閲覧・調査 / Webサイト（履歴選択 - ヘルプデスク - 作業内容管理・進捗）の閲覧・調査
2026/04/30 14:57,2026/04/30 14:57,0:05,Antigravityを用いた「システム開発・改善」の開発・相談
2026/04/30 14:58,2026/04/30 14:58,0:05,Webサイト（システム トレイ オーバーフロー ウィンドウ。）の閲覧・調査
2026/04/30 14:58,2026/04/30 14:58,0:05,Antigravityを用いた「システム開発・改善」の開発・相談
2026/04/30 14:59,2026/04/30 14:59,0:05,Webサイト（作業記録 Unified）の閲覧・調査
2026/04/30 14:59,2026/04/30 14:59,0:05,Antigravityを用いた「システム開発・改善」の開発・相談
2026/04/30 14:59,2026/04/30 14:59,0:05,Webサイト（作業記録 Unified）の閲覧・調査 / Webサイト（保存先Excelファイルの選択）の閲覧・調査 / Webサイト（名前を付けて保存の確認）の閲覧・調査 / Webサイト（履歴選択 - ヘルプデスク - 作業内容管理・進捗）の閲覧・調査
2026/04/30 14:59,2026/04/30 14:59,0:05,Excelファイル（TEST.xlsx）の入力・編集
2026/04/30 14:59,2026/04/30 15:00,0:05,Excel / Webサイト（作業記録 Unified）の閲覧・調査 / Webサイト（保存先Excelファイルの選択）の閲覧・調査 / Webサイト（名前を付けて保存の確認）の閲覧・調査 / Webサイト（履歴選択 - ヘルプデスク - 作業内容管理・進捗）の閲覧・調査
2026/04/30 15:00,2026/04/30 15:00,0:05,Antigravityを用いた「システム開発・改善」の開発・相談
2026/04/30 15:00,2026/04/30 15:00,0:05,Webサイト（起動しています - Excel）の閲覧・調査
2026/04/30 15:00,2026/04/30 15:00,0:05,Excelファイル（TEST.xlsx）の入力・編集
2026/04/30 15:00,2026/04/30 15:00,0:05,Antigravityを用いた「システム開発・改善」の開発・相談
2026/04/30 15:03,2026/04/30 15:03,0:05,Webサイト（【開発受付一覧 - システム部_システム運営課】 - Google スプレッドシート）の閲覧・調査 / Webサイト（履歴選択 - ヘルプデスク - 作業内容管理・進捗）の閲覧・調査 / Webサイト（社内SEの仕事なんでも相談 - Google Gemini）の閲覧・調査
2026/04/30 15:03,2026/04/30 15:03,0:05,Antigravityを用いた「システム開発・改善」の開発・相談
2026/04/30 15:05,2026/04/30 15:11,0:05,Webサイト（作業記録 Unified）の閲覧・調査 / Webサイト（保存先Excelファイルの選択）の閲覧・調査 / Webサイト（名前を付けて保存の確認）の閲覧・調査 / Webサイト（履歴選択 - ヘルプデスク - 作業内容管理・進捗）の閲覧・調査
2026/04/30 15:11,2026/04/30 15:11,0:05,Antigravityを用いた「システム開発・改善」の開発・相談
2026/04/30 15:20,2026/04/30 15:20,0:05,Webサイト（作業記録 Unified）の閲覧・調査
2026/04/30 15:20,2026/04/30 15:20,0:05,Antigravityを用いた「システム開発・改善」の開発・相談
2026/04/30 15:20,2026/04/30 15:21,0:05,Webサイト（Google Gemini）の閲覧・調査 / Webサイト（Google）の閲覧・調査 / Webサイト（【開発受付一覧 - システム部_システム運営課】 - Google スプレッドシート）の閲覧・調査 / Webサイト（社内SEの仕事なんでも相談 - Google Gemini）の閲覧・調査 / Webサイト（起動しています - Excel）の閲覧・調査
2026/04/30 15:21,2026/04/30 15:21,0:05,Excelファイル（TEST.xlsx）の入力・編集
2026/04/30 15:21,2026/04/30 15:21,0:05,Excel / Webサイト（作業記録 Unified）の閲覧・調査 / Webサイト（保存先Excelファイルの選択）の閲覧・調査 / Webサイト（履歴選択 - ヘルプデスク - 作業内容管理・進捗）の閲覧・調査
2026/04/30 15:22,2026/04/30 15:22,0:05,Antigravityを用いた「システム開発・改善」の開発・相談
2026/04/30 15:27,2026/04/30 15:27,0:05,Webサイト（作業記録 Unified）の閲覧・調査 / Webサイト（履歴選択 - ヘルプデスク - 作業内容管理・進捗）の閲覧・調査 / Webサイト（履歴選択 - 他部署受付 - 作業内容管理・進捗）の閲覧・調査
2026/04/30 15:28,2026/04/30 15:28,0:05,Antigravityを用いた「システム開発・改善」の開発・相談
2026/04/30 15:30,2026/04/30 15:30,0:05,Webサイト（作業記録 Unified）の閲覧・調査 / Webサイト（履歴選択 - 他部署受付 - 作業内容管理・進捗）の閲覧・調査
2026/04/30 15:30,2026/04/30 15:30,0:05,Antigravityを用いた「システム開発・改善」の開発・相談
2026/04/30 15:32,2026/04/30 15:32,0:05,Webサイト（作業記録 Unified）の閲覧・調査 / Webサイト（履歴選択 - ヘルプデスク - 作業内容管理・進捗）の閲覧・調査 / Webサイト（履歴選択 - 他部署受付 - 作業内容管理・進捗）の閲覧・調査 / Webサイト（履歴選択 - 社内機器・ソフト・システムの保守 - 作業内容管理・進捗）の閲覧・調査 / Webサイト（社内SEの仕事なんでも相談 - Google Gem...
2026/04/30 15:33,2026/04/30 15:33,0:05,Antigravityを用いた「システム開発・改善」の開発・相談
2026/04/30 15:33,2026/04/30 15:34,0:05,Webサイト（作業記録 Unified）の閲覧・調査 / Webサイト（履歴選択 - 社内機器・ソフト・システムの保守 - 作業内容管理・進捗）の閲覧・調査 / Webサイト（起動しています - Excel）の閲覧・調査
2026/04/30 15:34,2026/04/30 15:34,0:05,Excelファイル（TEST.xlsx）の入力・編集
2026/04/30 15:35,2026/04/30 15:35,0:05,Antigravityを用いた「システム開発・改善」の開発・相談
2026/04/30 15:38,2026/04/30 15:38,0:05,Webサイト（作業記録 Unified）の閲覧・調査
2026/04/30 15:39,2026/04/30 15:39,0:05,Excelファイル（TEST.xlsx）の入力・編集 / Excelファイル（新規タスク記録表.xlsx）の入力・編集
2026/04/30 15:40,2026/04/30 15:40,0:05,Antigravityを用いた「システム開発・改善」の開発・相談
2026/04/30 15:40,2026/04/30 15:40,0:05,Excelファイル（新規タスク記録表.xlsx）の入力・編集
2026/04/30 15:40,2026/04/30 15:41,0:05,Antigravityを用いた「システム開発・改善」の開発・相談
2026/04/30 15:41,2026/04/30 15:41,0:05,Excelファイル（新規タスク記録表.xlsx）の入力・編集
2026/04/30 15:42,2026/04/30 15:42,0:05,Antigravityを用いた「システム開発・改善」の開発・相談
2026/04/30 15:43,2026/04/30 15:43,0:05,Excelファイル（TEST.xlsx）の入力・編集 / Excelファイル（新規タスク記録表.xlsx）の入力・編集
2026/04/30 15:43,2026/04/30 15:43,0:05,Antigravityを用いた「システム開発・改善」の開発・相談
2026/04/30 15:44,2026/04/30 15:44,0:05,Webサイト（作業記録 Unified）の閲覧・調査 / Webサイト（設定 (応答なし)）の閲覧・調査
2026/04/30 15:44,2026/04/30 15:44,0:05,Antigravityを用いた「システム開発・改善」の開発・相談
2026/04/30 15:44,2026/04/30 15:44,0:05,Webサイト（作業記録 Unified）の閲覧・調査
2026/04/30 15:44,2026/04/30 15:44,0:05,Excelファイル（TEST.xlsx）の入力・編集
2026/04/30 15:44,2026/04/30 15:45,0:05,Webサイト（作業記録 Unified）の閲覧・調査
2026/04/30 15:45,2026/04/30 15:45,0:05,Antigravityを用いた「システム開発・改善」の開発・相談
2026/04/30 15:45,2026/04/30 15:46,0:05,Webサイト（システム トレイ オーバーフロー ウィンドウ。）の閲覧・調査 / Webサイト（作業記録 Unified）の閲覧・調査
2026/04/30 15:46,2026/04/30 15:47,0:05,Antigravityを用いた「システム開発・改善」の開発・相談
2026/04/30 15:48,2026/04/30 15:49,0:05,Webサイト（作業記録 Unified）の閲覧・調査
2026/04/30 15:49,2026/04/30 15:49,0:05,Antigravityを用いた「システム開発・改善」の開発・相談
2026/04/30 15:49,2026/04/30 15:49,0:05,Webサイト（作業記録 Unified）の閲覧・調査
2026/04/30 15:49,2026/04/30 15:49,0:05,Antigravityを用いた「システム開発・改善」の開発・相談
2026/04/30 15:51,2026/04/30 16:15,0:23,Webサイト（作業記録 Unified）の閲覧・調査 / Webサイト（履歴選択 - 他部署受付 - 作業内容管理・進捗）の閲覧・調査 / Webサイト（起動しています - Excel）の閲覧・調査
2026/04/30 16:15,2026/04/30 16:15,0:05,Excelファイル（新規タスク記録表.xlsx）の入力・編集
2026/04/30 16:15,2026/04/30 16:15,0:05,Antigravityを用いた「システム開発・改善」の開発・相談
2026/04/30 16:28,2026/04/30 16:28,0:05,Webサイト（作業記録 Unified）の閲覧・調査 / Webサイト（履歴選択 - ヘルプデスク - 作業内容管理・進捗）の閲覧・調査
2026/04/30 16:28,2026/04/30 16:29,0:05,Excelファイル（TEST.xlsx）の入力・編集 / Excelファイル（新規タスク記録表.xlsx）の入力・編集
2026/04/30 16:29,2026/04/30 16:29,0:05,Webサイト（作業記録 Unified）の閲覧・調査 / Webサイト（履歴選択 - ヘルプデスク - 作業内容管理・進捗）の閲覧・調査
2026/04/30 16:29,2026/04/30 16:29,0:05,Excelファイル（新規タスク記録表.xlsx）の入力・編集
2026/04/30 16:29,2026/04/30 16:29,0:05,Antigravityを用いた「システム開発・改善」の開発・相談
2026/04/30 16:29,2026/04/30 16:30,0:05,Webサイト（作業記録 Unified）の閲覧・調査 / Webサイト（保存先Excelファイルの選択）の閲覧・調査 / Webサイト（履歴選択 - ヘルプデスク - 作業内容管理・進捗）の閲覧・調査
2026/04/30 16:30,2026/04/30 16:30,0:05,Antigravityを用いた「システム開発・改善」の開発・相談
2026/04/30 16:32,2026/04/30 16:33,0:05,Webサイト（作業記録 Unified）の閲覧・調査 / Webサイト（履歴選択 - ヘルプデスク - 作業内容管理・進捗）の閲覧・調査 / Webサイト（履歴選択 - 他部署受付 - 作業内容管理・進捗）の閲覧・調査
2026/04/30 16:33,2026/04/30 16:33,0:05,Antigravityを用いた「システム開発・改善」の開発・相談
2026/04/30 16:33,2026/04/30 16:33,0:05,Webサイト（作業記録 Unified）の閲覧・調査 / Webサイト（履歴選択 - 他部署受付 - 作業内容管理・進捗）の閲覧・調査
2026/04/30 16:33,2026/04/30 16:33,0:05,Antigravityを用いた「システム開発・改善」の開発・相談
2026/04/30 16:33,2026/04/30 16:33,0:05,Webサイト（作業記録 Unified）の閲覧・調査
2026/04/30 16:33,2026/04/30 16:33,0:05,Excelファイル（TEST.xlsx）の入力・編集 / Excelファイル（新規タスク記録表.xlsx）の入力・編集
2026/04/30 16:34,2026/04/30 16:34,0:05,Webサイト（作業記録 Unified）の閲覧・調査 / Webサイト（履歴選択 - 社内機器・ソフト・システムの保守 - 作業内容管理・進捗）の閲覧・調査
2026/04/30 16:34,2026/04/30 16:34,0:05,Excelファイル（TEST.xlsx）の入力・編集 / Excelファイル（新規タスク記録表.xlsx）の入力・編集 / 保存エラー
2026/04/30 16:34,2026/04/30 16:34,0:05,Webサイト（作業記録 Unified）の閲覧・調査 / 保存エラー
2026/04/30 16:35,2026/04/30 16:35,0:05,Excelファイル（TEST.xlsx）の入力・編集 / Excelファイル（新規タスク記録表.xlsx）の入力・編集
2026/04/30 16:35,2026/04/30 16:35,0:05,Webサイト（作業記録 Unified）の閲覧・調査
2026/04/30 16:35,2026/04/30 16:35,0:05,Excelファイル（TEST.xlsx）の入力・編集 / Excelファイル（新規タスク記録表.xlsx）の入力・編集
2026/04/30 16:35,2026/04/30 16:35,0:05,Webサイト（作業記録 Unified）の閲覧・調査
2026/04/30 16:35,2026/04/30 16:35,0:05,Excelファイル（新規タスク記録表.xlsx）の入力・編集
2026/04/30 16:35,2026/04/30 16:35,0:05,Webサイト（作業記録 Unified）の閲覧・調査
2026/04/30 16:35,2026/04/30 16:35,0:05,Excelファイル（TEST.xlsx）の入力・編集 / Excelファイル（新規タスク記録表.xlsx）の入力・編集
2026/04/30 16:36,2026/04/30 16:36,0:05,Webサイト（作業記録 Unified）の閲覧・調査 / Webサイト（履歴選択 - 社内機器・ソフト・システムの保守 - 作業内容管理・進捗）の閲覧・調査
2026/04/30 16:36,2026/04/30 16:36,0:05,Antigravityを用いた「システム開発・改善」の開発・相談
2026/04/30 16:37,2026/04/30 16:37,0:05,Webサイト（履歴選択 - 社内機器・ソフト・システムの保守 - 作業内容管理・進捗）の閲覧・調査
2026/04/30 16:37,2026/04/30 16:37,0:05,Antigravityを用いた「システム開発・改善」の開発・相談
2026/04/30 16:37,2026/04/30 16:37,0:05,Webサイト（システム トレイ オーバーフロー ウィンドウ。）の閲覧・調査 / Webサイト（作業記録 Unified）の閲覧・調査
2026/04/30 16:37,2026/04/30 16:37,0:05,Excelファイル（TEST.xlsx）の入力・編集
2026/04/30 16:37,2026/04/30 16:37,0:05,Antigravityを用いた「システム開発・改善」の開発・相談
2026/04/30 16:41,2026/04/30 16:41,0:05,Excelファイル（TEST.xlsx）の入力・編集
2026/04/30 16:41,2026/04/30 16:41,0:05,Antigravityを用いた「システム開発・改善」の開発・相談
2026/04/30 16:41,2026/04/30 16:42,0:05,Webサイト（作業記録 Unified）の閲覧・調査 / Webサイト（履歴選択 - ヘルプデスク - 作業内容管理・進捗）の閲覧・調査 / Webサイト（履歴選択 - 他部署受付 - 作業内容管理・進捗）の閲覧・調査
2026/04/30 16:42,2026/04/30 16:42,0:05,Antigravityを用いた「システム開発・改善」の開発・相談
2026/04/30 16:42,2026/04/30 16:42,0:05,Webサイト（システム トレイ オーバーフロー ウィンドウ。）の閲覧・調査
2026/04/30 16:42,2026/04/30 16:42,0:05,Antigravityを用いた「システム開発・改善」の開発・相談
2026/04/30 16:42,2026/04/30 16:42,0:05,Webサイト（社内SEの仕事なんでも相談 - Google Gemini）の閲覧・調査
2026/04/30 16:43,2026/04/30 16:43,0:05,Antigravityを用いた「システム開発・改善」の開発・相談
2026/04/30 16:43,2026/04/30 16:44,0:05,Webサイト（作業記録 Unified）の閲覧・調査 / Webサイト（履歴選択 - ヘルプデスク - 作業内容管理・進捗）の閲覧・調査
2026/04/30 16:44,2026/04/30 16:44,0:05,Antigravityを用いた「システム開発・改善」の開発・相談
2026/04/30 16:44,2026/04/30 16:44,0:05,Webサイト（作業記録 Unified）の閲覧・調査 / Webサイト（履歴選択 - ヘルプデスク - 作業内容管理・進捗）の閲覧・調査 / Webサイト（履歴選択 - 他部署受付 - 作業内容管理・進捗）の閲覧・調査
2026/04/30 16:45,2026/04/30 16:45,0:05,Webサイト（作業記録 Unified）の閲覧・調査 / 保存エラー
2026/04/30 16:45,2026/04/30 16:45,0:05,Excelファイル（TEST.xlsx）の入力・編集 / Excelファイル（新規タスク記録表.xlsx）の入力・編集
2026/04/30 16:45,2026/04/30 16:45,0:05,Webサイト（作業記録 Unified）の閲覧・調査
2026/04/30 16:45,2026/04/30 16:45,0:05,Webサイト（作業記録 Unified）の閲覧・調査 / 保存エラー
2026/04/30 16:45,2026/04/30 16:45,0:05,Webサイト（作業記録 Unified）の閲覧・調査 / 保存エラー
2026/04/30 16:45,2026/04/30 16:45,0:05,Excelファイル（新規タスク記録表.xlsx）の入力・編集
2026/04/30 16:45,2026/04/30 16:45,0:05,Webサイト（作業記録 Unified）の閲覧・調査
2026/04/30 16:45,2026/04/30 16:45,0:05,Webサイト（作業記録 Unified）の閲覧・調査 / 保存エラー
2026/04/30 16:45,2026/04/30 16:45,0:05,Webサイト（作業記録 Unified）の閲覧・調査 / 保存エラー
2026/04/30 16:45,2026/04/30 16:45,0:05,Antigravityを用いた「システム開発・改善」の開発・相談 / 保存エラー
2026/04/30 16:46,2026/04/30 16:46,0:05,Webサイト（【開発受付一覧 - システム部_システム運営課】 - Google スプレッドシート）の閲覧・調査 / Webサイト（インフォメーション および他 1 ページ）の閲覧・調査 / Webサイト（インフォメーション）の閲覧・調査
2026/04/30 16:46,2026/04/30 16:47,0:05,サイボウズ（トップページ - サイボウズ Office および他 1 ページ）での情報確認・処理 / サイボウズ（トップページ - サイボウズ Office）での情報確認・処理 / サイボウズ（メッセージの詳細 - サイボウズ Office および他 1 ページ）での情報確認・処理 / サイボウズ（メッセージの詳細 - サイボウズ Office）での情報確認・処理 / サイボウズ（個人フォル...
2026/04/30 16:47,2026/04/30 16:48,0:05,Webサイト（作業記録 Unified）の閲覧・調査 / Webサイト（履歴選択 - ヘルプデスク - 作業内容管理・進捗）の閲覧・調査
2026/04/30 16:48,2026/04/30 16:48,0:05,サイボウズ（メッセージの詳細 - サイボウズ Office および他 1 ページ）での情報確認・処理
2026/04/30 16:48,2026/04/30 16:48,0:05,Webサイト（作業記録 Unified）の閲覧・調査 / Webサイト（履歴選択 - ヘルプデスク - 作業内容管理・進捗）の閲覧・調査
2026/04/30 16:48,2026/04/30 16:48,0:05,サイボウズ（メッセージの詳細 - サイボウズ Office および他 1 ページ）での情報確認・処理
2026/04/30 16:48,2026/04/30 16:48,0:05,Webサイト（作業記録 Unified）の閲覧・調査
2026/04/30 16:48,2026/04/30 16:48,0:05,Excelファイル（TEST.xlsx）の入力・編集 / Excelファイル（新規タスク記録表.xlsx）の入力・編集
2026/04/30 16:49,2026/04/30 16:49,0:05,Webサイト（作業記録 Unified）の閲覧・調査 / Webサイト（履歴選択 - ヘルプデスク - 作業内容管理・進捗）の閲覧・調査
2026/04/30 16:49,2026/04/30 16:49,0:05,Excelファイル（TEST.xlsx）の入力・編集 / Excelファイル（新規タスク記録表.xlsx）の入力・編集
2026/04/30 16:49,2026/04/30 16:50,0:05,Webサイト（作業記録 Unified）の閲覧・調査
2026/04/30 16:50,2026/04/30 16:50,0:05,Excelファイル（新規タスク記録表.xlsx）の入力・編集
2026/04/30 16:50,2026/04/30 16:50,0:05,Webサイト（作業記録 Unified）の閲覧・調査
2026/04/30 16:50,2026/04/30 16:50,0:05,Excelファイル（新規タスク記録表.xlsx）の入力・編集
2026/04/30 16:50,2026/04/30 16:50,0:05,Webサイト（作業記録 Unified）の閲覧・調査
2026/04/30 16:50,2026/04/30 16:51,0:05,Excelファイル（新規タスク記録表.xlsx）の入力・編集
2026/04/30 16:51,2026/04/30 16:51,0:05,Antigravityを用いた「システム開発・改善」の開発・相談
2026/04/30 16:52,2026/04/30 16:53,0:05,Webサイト（システム トレイ オーバーフロー ウィンドウ。）の閲覧・調査 / Webサイト（作業記録 Unified）の閲覧・調査 / Webサイト（履歴選択 - ヘルプデスク - 作業内容管理・進捗）の閲覧・調査
2026/04/30 16:53,2026/04/30 16:53,0:05,Antigravityを用いた「システム開発・改善」の開発・相談
2026/04/30 16:55,2026/04/30 16:55,0:05,Webサイト（作業記録 Unified）の閲覧・調査 / Webサイト（履歴選択 - 他部署受付 - 作業内容管理・進捗）の閲覧・調査
2026/04/30 16:56,2026/04/30 16:56,0:05,Antigravityを用いた「システム開発・改善」の開発・相談
2026/04/30 16:56,2026/04/30 16:56,0:05,Webサイト（履歴選択 - 他部署受付 - 作業内容管理・進捗）の閲覧・調査
2026/04/30 16:56,2026/04/30 16:57,0:05,Antigravityを用いた「システム開発・改善」の開発・相談
2026/04/30 16:57,2026/04/30 16:57,0:05,Excelファイル（新規タスク記録表.xlsx）の入力・編集
2026/04/30 16:57,2026/04/30 16:58,0:05,Webサイト（作業記録 Unified）の閲覧・調査 / Webサイト（履歴選択 - ヘルプデスク - 作業内容管理・進捗）の閲覧・調査
2026/04/30 16:58,2026/04/30 16:58,0:05,Excelファイル（新規タスク記録表.xlsx）の入力・編集
2026/04/30 16:58,2026/04/30 16:58,0:05,Webサイト（作業記録 Unified）の閲覧・調査 / Webサイト（履歴選択 - ヘルプデスク - 作業内容管理・進捗）の閲覧・調査
2026/04/30 16:58,2026/04/30 16:58,0:05,Excelファイル（新規タスク記録表.xlsx）の入力・編集
2026/04/30 16:58,2026/04/30 16:58,0:05,サイボウズ（メッセージの詳細 - サイボウズ Office および他 1 ページ）での情報確認・処理
2026/04/30 16:59,2026/04/30 17:02,0:05,Antigravityを用いた「システム開発・改善」の開発・相談
2026/04/30 17:02,2026/04/30 17:02,0:05,Webサイト（Select Ruby binary path for global configuration）の閲覧・調査
2026/04/30 17:02,2026/04/30 17:02,0:05,Antigravityを用いた「システム開発・改善」の開発・相談
2026/04/30 17:03,2026/04/30 17:03,0:05,Webサイト（Select Ruby binary path for global configuration）の閲覧・調査
2026/04/30 17:03,2026/04/30 17:03,0:05,Antigravityを用いた「システム開発・改善」の開発・相談
2026/04/30 17:03,2026/04/30 17:03,0:05,Excelファイル（新規タスク記録表.xlsx）の入力・編集
2026/04/30 17:03,2026/04/30 17:03,0:05,Antigravityを用いた「システム開発・改善」の開発・相談
2026/04/30 17:04,2026/04/30 17:04,0:05,サイボウズ（メッセージの詳細 - サイボウズ Office および他 1 ページ）での情報確認・処理
2026/04/30 17:04,2026/04/30 17:04,0:05,Webサイト（社内SEの仕事なんでも相談 - Google Gemini）の閲覧・調査
2026/04/30 17:04,2026/04/30 17:05,0:05,Antigravityを用いた「システム開発・改善」の開発・相談
2026/04/30 17:07,2026/04/30 17:07,0:05,Webサイト（ファイルの置換またはスキップ）の閲覧・調査 / Webサイト（作業記録 Unified）の閲覧・調査
2026/04/30 17:07,2026/04/30 17:07,0:05,0% 完了 / Webサイト（37% 完了）の閲覧・調査 / Webサイト（87% 完了）の閲覧・調査
2026/04/30 17:07,2026/04/30 17:07,0:05,Webサイト（システム トレイ オーバーフロー ウィンドウ。）の閲覧・調査 / Webサイト（作業記録 Unified）の閲覧・調査 / お知らせ
2026/04/30 17:08,2026/04/30 17:08,0:05,Antigravityを用いた「システム開発・改善」の開発・相談
2026/04/30 17:08,2026/04/30 17:09,0:05,Webサイト（C:\Users\フォーレスト026\MyProject\MyProject\tools\TEST\Workmemo_Unified_README.md - サクラエディタ32bit 2.4.2.6048）の閲覧・調査 / Webサイト（システム トレイ オーバーフロー ウィンドウ。）の閲覧・調査
2026/04/30 17:09,2026/04/30 17:09,0:05,Antigravityを用いた「システム開発・改善」の開発・相談
2026/04/30 17:14,2026/04/30 17:14,0:05,Antigravityを用いた「システム開発・改善」の開発・相談 / スタート
2026/04/30 17:15,2026/04/30 17:15,0:05,Webサイト（フォルダーの削除）の閲覧・調査
2026/04/30 17:15,2026/04/30 17:15,0:05,Antigravityを用いた「システム開発・改善」の開発・相談
2026/04/30 17:15,2026/04/30 17:20,0:05,Webサイト（Windows シェル エクスペリエンス ホスト）の閲覧・調査 / Webサイト（システム トレイ オーバーフロー ウィンドウ。）の閲覧・調査
2026/04/30 17:30,2026/04/30 17:34,0:05,Antigravityを用いた「システム開発・改善」の開発・相談
2026/04/30 17:35,2026/04/30 17:35,0:05,Webサイト（Settings）の閲覧・調査
2026/04/30 17:35,2026/04/30 17:35,0:05,Antigravityを用いた「システム開発・改善」の開発・相談
2026/04/30 17:35,2026/04/30 17:35,0:05,Webサイト（クレジットの履歴）の閲覧・調査
2026/04/30 17:35,2026/04/30 17:35,0:05,Antigravityを用いた「システム開発・改善」の開発・相談
2026/04/30 17:35,2026/04/30 17:36,0:05,Webサイト（Settings）の閲覧・調査 / Webサイト（クレジットの履歴 および他 2 ページ）の閲覧・調査 / Webサイト（クレジットの履歴）の閲覧・調査
2026/04/30 17:36,2026/04/30 17:36,0:05,Antigravityを用いた「システム開発・改善」の開発・相談
2026/04/30 17:41,2026/04/30 17:41,0:05,Webサイト（レジストリ エディター）の閲覧・調査
2026/04/30 17:42,2026/04/30 17:42,0:05,Antigravityを用いた「システム開発・改善」の開発・相談
2026/04/30 17:42,2026/04/30 17:42,0:05,Webサイト（レジストリ エディター）の閲覧・調査
2026/04/30 17:42,2026/04/30 17:42,0:05,Antigravityを用いた「システム開発・改善」の開発・相談
2026/04/30 17:42,2026/04/30 17:42,0:05,Webサイト（レジストリ エディター）の閲覧・調査
2026/04/30 17:44,2026/04/30 17:44,0:05,Antigravityを用いた「システム開発・改善」の開発・相談
2026/04/30 17:44,2026/04/30 17:44,0:05,Webサイト（レジストリ エディター）の閲覧・調査
2026/04/30 17:44,2026/04/30 17:44,0:05,Antigravityを用いた「システム開発・改善」の開発・相談
2026/04/30 17:45,2026/04/30 17:45,0:05,Webサイト（レジストリ エディター）の閲覧・調査
2026/04/30 17:45,2026/04/30 17:46,0:05,Antigravityを用いた「システム開発・改善」の開発・相談
2026/04/30 17:47,2026/04/30 17:47,0:05,Webサイト（クレジットの履歴 および他 2 ページ）の閲覧・調査 / Webサイト（システム トレイ オーバーフロー ウィンドウ。）の閲覧・調査 / Webサイト（レジストリ エディター）の閲覧・調査 / Webサイト（作業記録 Unified）の閲覧・調査 / Webサイト（設定 (応答なし)）の閲覧・調査
2026/04/30 17:47,2026/04/30 17:47,0:05,Antigravityを用いた「システム開発・改善」の開発・相談
2026/04/30 17:48,2026/04/30 17:48,0:05,Webサイト（Workmemo_Sasajima.exeのプロパティ）の閲覧・調査 / Webサイト（システム トレイ オーバーフロー ウィンドウ。）の閲覧・調査
2026/04/30 17:48,2026/04/30 17:48,0:05,Antigravityを用いた「システム開発・改善」の開発・相談
2026/04/30 17:48,2026/04/30 17:48,0:05,Webサイト（レジストリ エディター）の閲覧・調査
2026/04/30 17:48,2026/04/30 17:48,0:05,Antigravityを用いた「システム開発・改善」の開発・相談
2026/04/30 17:49,2026/04/30 17:49,0:05,Webサイト（Workmemo_Sasajima.exeのプロパティ）の閲覧・調査
2026/04/30 17:49,2026/04/30 17:50,0:05,Webサイト（Workmemo_Sasajima.exeのプロパティ）の閲覧・調査 / 属性の詳細
2026/04/30 17:50,2026/04/30 17:50,0:05,Antigravityを用いた「システム開発・改善」の開発・相談
2026/04/30 17:52,2026/04/30 17:58,0:05,Webサイト（クレジットの履歴 および他 2 ページ）の閲覧・調査 / Webサイト（レジストリ エディター）の閲覧・調査 / Webサイト（文字列の編集）の閲覧・調査
2026/04/30 17:58,2026/04/30 17:58,0:05,サイボウズ（メッセージの詳細 - サイボウズ Office および他 2 ページ）での情報確認・処理 / サイボウズ（メッセージの詳細 - サイボウズ Office）での情報確認・処理 / サイボウズ（個人フォルダ - サイボウズ Office および他 2 ページ）での情報確認・処理 / サイボウズ（個人フォルダ - サイボウズ Office）での情報確認・処理
2026/04/30 18:05,2026/04/30 18:05,0:05,Webサイト（レジストリ エディター）の閲覧・調査
2026/04/30 18:05,2026/04/30 18:05,0:05,サイボウズ（メッセージの詳細 - サイボウズ Office および他 2 ページ）での情報確認・処理
2026/04/30 18:05,2026/04/30 18:06,0:05,Webサイト（インフォメーション および他 2 ページ）の閲覧・調査 / Webサイト（インフォメーション）の閲覧・調査 / Webサイト（レジストリ エディター）の閲覧・調査
2026/05/01 09:10,2026/05/01 09:10,0:05,Excelファイル（新規タスク記録表.xlsx）の入力・編集
2026/05/01 09:10,2026/05/01 09:10,0:05,Webサイト（accounts.secure.freee.co.jp/sessions/new?redirect_url=https%3A%2F%2Fp.secure.freee.co.jp%2Fusers%2Fafter_login%3Fhash%3D&service_name=payroll&sign_up_url=https%3A%2F%2Faccounts.secure.freee....
2026/05/01 09:10,2026/05/01 09:11,0:05,サイボウズ（forestway.cybozu.com/o/ag.cgi?page=FileIndex および他 2 ページ）での情報確認・処理 / サイボウズ（スケジュール（グループ週表示） - サイボウズ Office および他 2 ページ）での情報確認・処理 / サイボウズ（スケジュール（グループ週表示） - サイボウズ Office）での情報確認・処理 / サイボウズ（トップページ -...
2026/05/01 09:15,2026/05/01 09:15,0:05,Webサイト（【LAN DISK CONNECT（ランディスクコネクト）】便利な機能のご紹介 | アイ・オー・データ機器 I-O DATA）の閲覧・調査 / Webサイト（クレジットの履歴）の閲覧・調査
2026/05/01 09:15,2026/05/01 09:15,0:05,サイボウズ（メッセージの詳細 - サイボウズ Office）での情報確認・処理
2026/05/01 09:15,2026/05/01 09:15,0:05,Webサイト（Windows の既定のロック画面）の閲覧・調査 / Webサイト（【開発受付一覧 - システム部_システム運営課】 - Google スプレッドシート）の閲覧・調査 / Webサイト（新規タスク記録表 (version 1).xlsb  -  自動回復済み - Excel）の閲覧・調査
2026/05/01 09:15,2026/05/01 09:15,0:05,サイボウズ（メッセージの詳細 - サイボウズ Office）での情報確認・処理
2026/05/01 09:15,2026/05/01 09:16,0:05,Webサイト（Google Chrome）の閲覧・調査 / Webサイト（Power Automate）の閲覧・調査 / Webサイト（【LAN DISK CONNECT（ランディスクコネクト）】便利な機能のご紹介 | アイ・オー・データ機器 I-O DATA）の閲覧・調査 / Webサイト（クレジットの履歴）の閲覧・調査 / Webサイト（システム トレイ オーバーフロー ウィンドウ。）の...
2026/05/01 09:16,2026/05/01 09:18,0:05,Webサイト（windows applocker 使い方 - Comet）の閲覧・調査 / Webサイト（【LAN DISK CONNECT（ランディスクコネクト）】便利な機能のご紹介 | アイ・オー・データ機器 I-O DATA および他 3 ページ）の閲覧・調査 / Webサイト（レジストリ エディター）の閲覧・調査 / Webサイト（作業記録 Unified）の閲覧・調査 / Webサ...
2026/05/01 09:18,2026/05/01 09:18,0:05,Antigravityを用いた「システム開発・改善」の開発・相談
2026/05/01 09:23,2026/05/01 09:27,0:05,Webサイト（Google Chrome）の閲覧・調査 / Webサイト（Google Gemini）の閲覧・調査 / Webサイト（Google）の閲覧・調査 / Webサイト（NAS上のスタートアップ登録解除方法 - Google Gemini）の閲覧・調査 / Webサイト（レジストリ エディター）の閲覧・調査 / Webサイト（社内SEの仕事なんでも相談 - Google Gemin...
2026/05/01 09:28,2026/05/01 09:28,0:05,Antigravityを用いた「システム開発・改善」の開発・相談
2026/05/01 09:29,2026/05/01 09:38,0:08,Webサイト（Autoruns - Sysinternals | Microsoft Learn）の閲覧・調査 / Webサイト（Google）の閲覧・調査 / Webサイト（NAS上のスタートアップ登録解除方法 - Google Gemini）の閲覧・調査 / Webサイト（windows applocker 使い方 - Comet）の閲覧・調査 / Webサイト（コマンド プロンプト -...
2026/05/01 09:38,2026/05/01 09:45,0:06,"Excelファイル（20260428_システム部向け保有スマホ２台貸与台_④稟議書（システム関連,社長決裁）20230701.xlsx）の入力・編集"
2026/05/01 09:45,2026/05/01 09:45,0:05,Webサイト（セルの書式設定）の閲覧・調査
2026/05/01 09:45,2026/05/01 09:45,0:05,"Excelファイル（20260428_システム部向け保有スマホ２台貸与台_④稟議書（システム関連,社長決裁）20230701.xlsx）の入力・編集"
2026/05/01 09:53,2026/05/01 09:53,0:05,Webサイト（リモート アクセス - Chrome リモート デスクトップ）の閲覧・調査
2026/05/01 09:53,2026/05/01 09:53,0:05,"Excelファイル（20260428_システム部向け保有スマホ２台貸与台_④稟議書（システム関連,社長決裁）20230701.xlsx）の入力・編集"
2026/05/01 09:53,2026/05/01 09:53,0:05,Webサイト（セルの書式設定）の閲覧・調査
2026/05/01 09:53,2026/05/01 09:54,0:05,"Excelファイル（20260428_システム部向け保有スマホ２台貸与台_④稟議書（システム関連,社長決裁）20230701.xlsx）の入力・編集"
2026/05/01 09:54,2026/05/01 09:54,0:05,Webサイト（セルの書式設定）の閲覧・調査
2026/05/01 09:54,2026/05/01 09:54,0:05,"Excelファイル（20260428_システム部向け保有スマホ２台貸与台_④稟議書（システム関連,社長決裁）20230701.xlsx）の入力・編集"
2026/05/01 09:54,2026/05/01 09:54,0:05,Webサイト（セルの書式設定）の閲覧・調査
2026/05/01 09:55,2026/05/01 09:55,0:05,"Excelファイル（20260428_システム部向け保有スマホ２台貸与台_④稟議書（システム関連,社長決裁）20230701.xlsx）の入力・編集"
2026/05/01 09:57,2026/05/01 09:57,0:05,Webサイト（【LAN DISK CONNECT（ランディスクコネクト）】便利な機能のご紹介 | アイ・オー・データ機器 I-O DATA および他 3 ページ）の閲覧・調査 / Webサイト（新規タスク記録表 (version 1).xlsb  -  自動回復済み - Excel）の閲覧・調査
2026/05/01 09:58,2026/05/01 09:58,0:05,サイボウズ（forestway.cybozu.com/login?redirect=https%3A%2F%2Fforestway.cybozu.com%2F）での情報確認・処理 / サイボウズ（forestway.cybozu.com）での情報確認・処理
2026/05/01 09:58,2026/05/01 09:58,0:05,Webサイト（インフォメーション）の閲覧・調査
2026/05/01 09:58,2026/05/01 09:58,0:05,サイボウズ（トップページ - サイボウズ Office）での情報確認・処理 / サイボウズ（ワークフロー（最新一覧） - サイボウズ Office）での情報確認・処理 / サイボウズ（差し戻された申請の処理 - サイボウズ Office）での情報確認・処理 / サイボウズ（申請データの作成（内容の入力） - サイボウズ Office）での情報確認・処理
2026/05/01 09:58,2026/05/01 09:58,0:05,Webサイト（新規タスク記録表 (version 1).xlsb  -  自動回復済み - Excel）の閲覧・調査
2026/05/01 09:58,2026/05/01 09:58,0:05,"Excelファイル（20260428_システム部向け保有スマホ２台貸与台_④稟議書（システム関連,社長決裁）20230701.xlsx）の入力・編集"
2026/05/01 09:59,2026/05/01 09:59,0:05,Webサイト（発行中...）の閲覧・調査
2026/05/01 09:59,2026/05/01 09:59,0:05,"Excelファイル（20260428_システム部向け保有スマホ２台貸与台_④稟議書（システム関連,社長決裁）20230701.xlsx）の入力・編集"
2026/05/01 09:59,2026/05/01 09:59,0:05,Webサイト（新規タスク記録表 (version 1).xlsb  -  自動回復済み - Excel）の閲覧・調査
2026/05/01 09:59,2026/05/01 09:59,0:05,"Excelファイル（20260501_システム部向け保有スマホ２台貸与台_④稟議書（システム関連,社長決裁）20230701.xlsx）の入力・編集"
2026/05/01 09:59,2026/05/01 09:59,0:05,Webサイト（新規タスク記録表 (version 1).xlsb  -  自動回復済み - Excel）の閲覧・調査
2026/05/01 09:59,2026/05/01 09:59,0:05,"PDF資料（20260501_システム部向け保有スマホ２台貸与台_④稟議書（システム関連,社長決裁）20230701.pdf）の確認"
2026/05/01 10:00,2026/05/01 10:00,0:05,Webサイト（新規タスク記録表 (version 1).xlsb  -  自動回復済み - Excel）の閲覧・調査
2026/05/01 10:00,2026/05/01 10:01,0:05,"Excelファイル（20260501_システム部向け保有スマホ２台貸与台_④稟議書（システム関連,社長決裁）20230701.xlsx）の入力・編集"
2026/05/01 10:01,2026/05/01 10:01,0:05,Webサイト（名前を付けて保存）の閲覧・調査
2026/05/01 10:01,2026/05/01 10:01,0:05,"Excelファイル（20260501_システム部向け保有スマホ２台貸与台_④稟議書（システム関連,社長決裁）20230701.xlsx）の入力・編集"
2026/05/01 10:01,2026/05/01 10:01,0:05,Webサイト（Microsoft Excel）の閲覧・調査
2026/05/01 10:02,2026/05/01 10:02,0:05,"PDF資料（20260501_システム部向け保有スマホ２台貸与台_④稟議書（システム関連,社長決裁）20230701.pdf）の確認"
2026/05/01 10:02,2026/05/01 10:02,0:05,Webサイト（Adobe Acrobat Reader (64-bit)）の閲覧・調査 / Webサイト（Microsoft Excel）の閲覧・調査
2026/05/01 10:02,2026/05/01 10:02,0:05,"Excelファイル（20260501_システム部向け保有スマホ２台貸与台_④稟議書（システム関連,社長決裁）20230701.xlsx）の入力・編集"
2026/05/01 10:02,2026/05/01 10:02,0:05,Webサイト（名前を付けて保存）の閲覧・調査
2026/05/01 10:02,2026/05/01 10:02,0:05,"Excelファイル（20260501_システム部向け保有スマホ２台貸与台_④稟議書（システム関連,社長決裁）20230701.xlsx）の入力・編集 / PDF資料（20260501_システム部向け保有スマホ２台貸与台_④稟議書（システム関連,社長決裁）20230701.pdf）の確認"
2026/05/01 10:02,2026/05/01 10:02,0:05,Webサイト（Adobe Acrobat Reader (64-bit)）の閲覧・調査
2026/05/01 10:02,2026/05/01 10:03,0:05,サイボウズ（forestway.cybozu.com/o/ag.cgi?page=WorkFlowRoute&id=17385&wid=287610&wDID=&fid=&SP=&cp=ww&resend=1&ssid=1-3508-2146907-u3068）での情報確認・処理 / サイボウズ（申請の作成（内容の確認） - サイボウズ Office）での情報確認・処理 / サイボウズ（申請...
2026/05/01 10:03,2026/05/01 10:03,0:05,Webサイト（サイトから移動しますか?）の閲覧・調査
2026/05/01 10:03,2026/05/01 10:03,0:05,サイボウズ（申請の作成（内容の確認） - サイボウズ Office）での情報確認・処理
2026/05/01 10:03,2026/05/01 10:04,0:05,"Excelファイル（20260501_システム部向け保有スマホ２台貸与台_④稟議書（システム関連,社長決裁）20230701.xlsx）の入力・編集"
2026/05/01 10:04,2026/05/01 10:04,0:05,Webサイト（名前を付けて保存）の閲覧・調査
2026/05/01 10:04,2026/05/01 10:04,0:05,"Excelファイル（20260501_システム部向け保有スマホ２台貸与台_④稟議書（システム関連,社長決裁）20230701.xlsx）の入力・編集"
2026/05/01 10:04,2026/05/01 10:04,0:05,Webサイト（インフォメーション）の閲覧・調査 / Webサイト（新規タスク記録表 (version 1).xlsb  -  自動回復済み - Excel）の閲覧・調査
2026/05/01 10:04,2026/05/01 10:14,0:09,サイボウズ（forestway.cybozu.com/o/ag.cgi?page=WorkFlowPreview&id=17385&wid=287610&wDID=&fid=&SP=&CP=ww&resend=1&ssid=2-273-2165493-u3068）での情報確認・処理 / サイボウズ（トップページ - サイボウズ Office）での情報確認・処理 / サイボウズ（ワークフロー（...
2026/05/01 10:14,2026/05/01 10:25,0:10,Webサイト（AutoRuns License Agreement）の閲覧・調査 / Webサイト（Autoruns - Sysinternals | Microsoft Learn）の閲覧・調査 / Webサイト（Autoruns - Sysinternals: www.sysinternals.com (Administrator)）の閲覧・調査 / Webサイト（Autoruns - ...
2026/05/01 10:25,2026/05/01 10:26,0:05,サイボウズ（forestway.cybozu.com/o/ag.cgi?page=MyFolderIndex）での情報確認・処理 / サイボウズ（メッセージの詳細 - サイボウズ Office）での情報確認・処理 / サイボウズ（ワークフロー（送信一覧） - サイボウズ Office）での情報確認・処理 / サイボウズ（個人フォルダ - サイボウズ Office）での情報確認・処理
2026/05/01 10:26,2026/05/01 10:26,0:05,Webサイト（NAS上のスタートアップ登録解除方法 - Google Gemini）の閲覧・調査
2026/05/01 10:27,2026/05/01 10:27,0:05,サイボウズ（メッセージの詳細 - サイボウズ Office）での情報確認・処理
2026/05/01 10:28,2026/05/01 10:29,0:05,Webサイト（Autoruns - Sysinternals: www.sysinternals.com）の閲覧・調査 / Webサイト（C:\Users\フォーレスト026\Downloads\Autoruns\autorunsc64.exe）の閲覧・調査 / Webサイト（NAS上のスタートアップ登録解除方法 - Google Gemini）の閲覧・調査
2026/05/01 10:30,2026/05/01 10:30,0:05,サイボウズ（メッセージの詳細 - サイボウズ Office）での情報確認・処理
2026/05/01 10:31,2026/05/01 10:31,0:05,Webサイト（NAS上のスタートアップ登録解除方法 - Google Gemini）の閲覧・調査
2026/05/01 10:31,2026/05/01 10:31,0:05,Antigravityを用いた「システム開発・改善」の開発・相談
2026/05/01 10:32,2026/05/01 10:32,0:05,Webサイト（Google Gemini）の閲覧・調査 / Webサイト（NAS上のスタートアップ登録解除方法 - Google Gemini）の閲覧・調査
2026/05/01 10:33,2026/05/01 10:33,0:05,Antigravityを用いた「システム開発・改善」の開発・相談
2026/05/01 10:33,2026/05/01 10:33,0:05,Webサイト（Google Gemini）の閲覧・調査
2026/05/01 10:33,2026/05/01 10:33,0:05,Antigravityを用いた「システム開発・改善」の開発・相談
2026/05/01 10:33,2026/05/01 10:33,0:05,Webサイト（Settings）の閲覧・調査
2026/05/01 10:34,2026/05/01 10:34,0:05,Antigravityを用いた「システム開発・改善」の開発・相談
2026/05/01 10:34,2026/05/01 10:36,0:05,Webサイト（Settings）の閲覧・調査
2026/05/01 10:36,2026/05/01 10:36,0:05,Antigravityを用いた「システム開発・改善」の開発・相談
2026/05/01 10:38,2026/05/01 10:38,0:05,Webサイト（Settings）の閲覧・調査
2026/05/01 10:38,2026/05/01 10:41,0:05,Antigravityを用いた「システム開発・改善」の開発・相談
2026/05/01 10:42,2026/05/01 10:42,0:05,Webサイト（Google）の閲覧・調査
2026/05/01 10:42,2026/05/01 10:42,0:05,プログラム（Update Workmemo tools and add test scripts）の開発・修正
2026/05/01 10:42,2026/05/01 10:45,0:05,Webサイト（Google - Google Workspace Marketplace）の閲覧・調査 / Webサイト（Google ストアでは Google のデバイスやアクセサリをご購入いただけます）の閲覧・調査 / Webサイト（Marketplace でビジネスアプリをダウンロード | Google Workspace）の閲覧・調査 / Webサイト（store.google.co...
2026/05/01 10:46,2026/05/01 10:46,0:05,サイボウズ（forestway.cybozu.com/o/ag.cgi?page=WorkFlowIndex）での情報確認・処理 / サイボウズ（メッセージの詳細 - サイボウズ Office）での情報確認・処理 / サイボウズ（ワークフロー（最新一覧） - サイボウズ Office）での情報確認・処理 / サイボウズ（差し戻された申請の処理 - サイボウズ Office）での情報確認・処理
2026/05/01 10:47,2026/05/01 10:47,0:05,Webサイト（新規タスク記録表 (version 1).xlsb  -  自動回復済み - Excel）の閲覧・調査
2026/05/01 10:47,2026/05/01 10:47,0:05,"Excelファイル（20260501_システム部向け保有スマホ２台貸与台_④稟議書（システム関連,社長決裁）20230701.xlsx）の入力・編集"
2026/05/01 10:47,2026/05/01 10:47,0:05,Webサイト（新規タスク記録表 (version 1).xlsb  -  自動回復済み - Excel）の閲覧・調査
2026/05/01 10:47,2026/05/01 10:47,0:05,サイボウズ（差し戻された申請の処理 - サイボウズ Office）での情報確認・処理
2026/05/01 10:47,2026/05/01 10:47,0:05,Webサイト（新規タスク記録表 (version 1).xlsb  -  自動回復済み - Excel）の閲覧・調査
2026/05/01 10:47,2026/05/01 10:47,0:05,"Excelファイル（20260501_システム部向け保有スマホ２台貸与台_④稟議書（システム関連,社長決裁）20230701.xlsx）の入力・編集"
2026/05/01 10:48,2026/05/01 10:48,0:05,Webサイト（新規タスク記録表 (version 1).xlsb  -  自動回復済み - Excel）の閲覧・調査
2026/05/01 10:48,2026/05/01 10:48,0:05,サイボウズ（差し戻された申請の処理 - サイボウズ Office）での情報確認・処理
2026/05/01 10:48,2026/05/01 10:48,0:05,Webサイト（新規タスク記録表 (version 1).xlsb  -  自動回復済み - Excel）の閲覧・調査
2026/05/01 10:48,2026/05/01 10:48,0:05,"Excelファイル（20260501_システム部向け保有スマホ２台貸与台_④稟議書（システム関連,社長決裁）20230701.xlsx）の入力・編集"
2026/05/01 10:48,2026/05/01 10:48,0:05,Webサイト（名前を付けて保存）の閲覧・調査
2026/05/01 10:48,2026/05/01 10:48,0:05,"Excelファイル（20260501_システム部向け保有スマホ２台貸与台_④稟議書（システム関連,社長決裁）20230701.xlsx）の入力・編集"
2026/05/01 10:48,2026/05/01 10:48,0:05,Webサイト（新規タスク記録表 (version 1).xlsb  -  自動回復済み - Excel）の閲覧・調査
2026/05/01 10:49,2026/05/01 10:49,0:05,"PDF資料（20260501_システム部向け保有スマホ２台貸与台_④稟議書（システム関連,社長決裁）20230701.pdf）の確認"
2026/05/01 10:49,2026/05/01 10:49,0:05,Webサイト（Adobe Acrobat Reader (64-bit)）の閲覧・調査
2026/05/01 10:49,2026/05/01 10:49,0:05,"PDF資料（20260501_システム部向け保有スマホ２台貸与台_④稟議書（システム関連,社長決裁）20230701.pdf）の確認"
2026/05/01 10:49,2026/05/01 10:49,0:05,Webサイト（Adobe Acrobat Reader (64-bit)）の閲覧・調査 / Webサイト（新規タスク記録表 (version 1).xlsb  -  自動回復済み - Excel）の閲覧・調査
2026/05/01 10:49,2026/05/01 10:49,0:05,"Excelファイル（20260501_システム部向け保有スマホ２台貸与台_④稟議書（システム関連,社長決裁）20230701.xlsx）の入力・編集"
2026/05/01 10:49,2026/05/01 10:49,0:05,Webサイト（名前を付けて保存）の閲覧・調査
2026/05/01 10:49,2026/05/01 10:49,0:05,"Excelファイル（20260501_システム部向け保有スマホ２台貸与台_④稟議書（システム関連,社長決裁）20230701.xlsx）の入力・編集 / PDF資料（20260501_システム部向け保有スマホ２台貸与台_④稟議書（システム関連,社長決裁）20230701.pdf）の確認"
2026/05/01 10:50,2026/05/01 10:50,0:05,Webサイト（Adobe Acrobat Reader (64-bit)）の閲覧・調査
2026/05/01 10:50,2026/05/01 10:50,0:05,"Excelファイル（20260501_システム部向け保有スマホ２台貸与台_④稟議書（システム関連,社長決裁）20230701.xlsx）の入力・編集"
2026/05/01 10:50,2026/05/01 10:50,0:05,Webサイト（新規タスク記録表 (version 1).xlsb  -  自動回復済み - Excel）の閲覧・調査
2026/05/01 10:50,2026/05/01 10:53,0:05,サイボウズ（トップページ - サイボウズ Office）での情報確認・処理 / サイボウズ（メール - サイボウズ Office）での情報確認・処理 / サイボウズ（ワークフローの検索 - サイボウズ Office）での情報確認・処理 / サイボウズ（ワークフロー（受信一覧） - サイボウズ Office）での情報確認・処理 / サイボウズ（ワークフロー（最新一覧） - サイボウズ Offi...
2026/05/01 10:53,2026/05/01 10:53,0:05,Webサイト（新規タスク記録表 (version 1).xlsb  -  自動回復済み - Excel）の閲覧・調査
2026/05/01 10:53,2026/05/01 10:53,0:05,"Excelファイル（20260501_システム部向け保有スマホ２台貸与台_④稟議書（システム関連,社長決裁）20230701.xlsx）の入力・編集"
2026/05/01 10:53,2026/05/01 10:54,0:05,サイボウズ（ファイルの詳細 - サイボウズ Office）での情報確認・処理 / サイボウズ（ファイル管理 - サイボウズ Office）での情報確認・処理 / サイボウズ（ワークフロー（最新一覧） - サイボウズ Office）での情報確認・処理 / サイボウズ（申請データの作成（内容の入力） - サイボウズ Office）での情報確認・処理 / サイボウズ（申請データの作成（申請フォーム...
2026/05/01 10:54,2026/05/01 10:55,0:05,"Excelファイル（20260501_システム部向け保有スマホ２台貸与台_④稟議書（システム関連,社長決裁）20230701.xlsx）の入力・編集 / Excelファイル（②稟議書（通常稟議,社長決裁）20240701.xlsx ）の入力・編集"
2026/05/01 10:56,2026/05/01 10:58,0:05,サイボウズ（ファイルの詳細 - サイボウズ Office）での情報確認・処理 / サイボウズ（ワークフロー（最新一覧） - サイボウズ Office）での情報確認・処理 / サイボウズ（ワークフロー（送信一覧） - サイボウズ Office）での情報確認・処理 / サイボウズ（差し戻された申請の処理 - サイボウズ Office）での情報確認・処理 / サイボウズ（申請データの作成（内容の入...
2026/05/01 10:58,2026/05/01 10:58,0:05,"Excelファイル（②稟議書（通常稟議,社長決裁）20240701.xlsx ）の入力・編集 / PDF資料（20260501_システム部向け保有スマホ２台貸与_②稟議書（通常稟議,社長決裁）20240701.pdf および他 1 ページ）の確認 / PDF資料（20260501_システム部向け保有スマホ２台貸与_②稟議書（通常稟議,社長決裁）20240701.pdf）の確認"
2026/05/01 10:58,2026/05/01 10:58,0:05,Webサイト（新規タスク記録表 (version 1).xlsb  -  自動回復済み - Excel）の閲覧・調査
2026/05/01 10:58,2026/05/01 10:58,0:05,"PDF資料（20260501_システム部向け保有スマホ２台貸与_②稟議書（通常稟議,社長決裁）20240701.pdf および他 1 ページ）の確認"
2026/05/01 10:59,2026/05/01 10:59,0:05,サイボウズ（申請データの作成（内容の入力） - サイボウズ Office および他 1 ページ）での情報確認・処理
2026/05/01 10:59,2026/05/01 10:59,0:05,Webサイト（サイトから移動しますか?）の閲覧・調査
2026/05/01 10:59,2026/05/01 10:59,0:05,サイボウズ（申請データの作成（内容の入力） - サイボウズ Office および他 1 ページ）での情報確認・処理
2026/05/01 10:59,2026/05/01 10:59,0:05,"PDF資料（20260501_システム部向け保有スマホ２台貸与_②稟議書（通常稟議,社長決裁）20240701.pdf）の確認"
2026/05/01 10:59,2026/05/01 10:59,0:05,Webサイト（Adobe Acrobat Reader (64-bit)）の閲覧・調査
2026/05/01 10:59,2026/05/01 11:01,0:05,サイボウズ（申請の作成（内容の確認） - サイボウズ Office および他 1 ページ）での情報確認・処理 / サイボウズ（申請の作成（内容の確認） - サイボウズ Office）での情報確認・処理 / サイボウズ（申請の作成（経路の設定） - サイボウズ Office および他 1 ページ）での情報確認・処理 / サイボウズ（申請の作成（経路の設定） - サイボウズ Office）での情...
2026/05/01 11:01,2026/05/01 11:01,0:05,"PDF資料（20260501_システム部向け保有スマホ２台貸与_②稟議書（通常稟議,社長決裁）20240701.pdf および他 1 ページ）の確認"
2026/05/01 11:01,2026/05/01 11:01,0:05,サイボウズ（forestway.cybozu.com および他 2 ページ）での情報確認・処理
2026/05/01 11:01,2026/05/01 11:01,0:05,Webサイト（インフォメーション および他 2 ページ）の閲覧・調査 / Webサイト（インフォメーション）の閲覧・調査
2026/05/01 11:01,2026/05/01 11:02,0:05,サイボウズ（トップページ - サイボウズ Office および他 2 ページ）での情報確認・処理 / サイボウズ（トップページ - サイボウズ Office）での情報確認・処理 / サイボウズ（ファイルの詳細 - サイボウズ Office および他 2 ページ）での情報確認・処理 / サイボウズ（ファイルの詳細 - サイボウズ Office）での情報確認・処理 / サイボウズ（ファイル管理 ...
2026/05/01 11:02,2026/05/01 11:02,0:05,Webサイト（新規タスク記録表 (version 1).xlsb  -  自動回復済み - Excel）の閲覧・調査
2026/05/01 11:02,2026/05/01 11:02,0:05,Excelファイル（本社_担当一覧202604.xlsx ）の入力・編集
2026/05/01 11:03,2026/05/01 11:03,0:05,Webサイト（新規タスク記録表 (version 1).xlsb  -  自動回復済み - Excel）の閲覧・調査
2026/05/01 11:03,2026/05/01 11:04,0:05,サイボウズ（ファイルの詳細 - サイボウズ Office および他 2 ページ）での情報確認・処理 / サイボウズ（掲示の検索 - サイボウズ Office および他 2 ページ）での情報確認・処理 / サイボウズ（掲示の検索 - サイボウズ Office）での情報確認・処理 / サイボウズ（掲示の詳細 - サイボウズ Office および他 2 ページ）での情報確認・処理 / サイボウズ（...
2026/05/01 11:04,2026/05/01 11:04,0:05,PDF資料（FRT組織図-20260201.pdf）の確認
2026/05/01 11:04,2026/05/01 11:04,0:05,サイボウズ（掲示の詳細 - サイボウズ Office および他 2 ページ）での情報確認・処理
2026/05/01 11:04,2026/05/01 11:04,0:05,PDF資料（【人事通達】2026年2月1日付人事発令.pdf および他 3 ページ）の確認 / PDF資料（【人事通達】2026年2月1日付人事発令.pdf）の確認
2026/05/01 11:04,2026/05/01 11:04,0:05,サイボウズ（掲示の検索 - サイボウズ Office および他 2 ページ）での情報確認・処理 / サイボウズ（掲示の検索 - サイボウズ Office）での情報確認・処理 / サイボウズ（掲示の詳細 - サイボウズ Office および他 2 ページ）での情報確認・処理 / サイボウズ（掲示の詳細 - サイボウズ Office）での情報確認・処理
2026/05/01 11:04,2026/05/01 11:04,0:05,PDF資料（【人事通達】2026年2月1日付人事発令.pdf）の確認 / PDF資料（【人事通達】2026年3月1日付人事発令.pdf）の確認
2026/05/01 11:04,2026/05/01 11:04,0:05,サイボウズ（掲示の詳細 - サイボウズ Office および他 2 ページ）での情報確認・処理
2026/05/01 11:04,2026/05/01 11:04,0:05,PDF資料（【人事通達】2026年3月1日付人事発令.pdf および他 3 ページ）の確認 / PDF資料（【人事通達】2026年3月1日付人事発令.pdf）の確認
2026/05/01 11:04,2026/05/01 11:04,0:05,サイボウズ（掲示の検索 - サイボウズ Office および他 2 ページ）での情報確認・処理 / サイボウズ（掲示の検索 - サイボウズ Office）での情報確認・処理 / サイボウズ（掲示の詳細 - サイボウズ Office および他 2 ページ）での情報確認・処理 / サイボウズ（掲示の詳細 - サイボウズ Office）での情報確認・処理
2026/05/01 11:04,2026/05/01 11:04,0:05,PDF資料（【人事通達】2025年8月1日付人事発令.pdf）の確認 / PDF資料（【人事通達】2026年3月1日付人事発令.pdf）の確認
2026/05/01 11:04,2026/05/01 11:04,0:05,サイボウズ（掲示の詳細 - サイボウズ Office および他 2 ページ）での情報確認・処理
2026/05/01 11:04,2026/05/01 11:04,0:05,PDF資料（【人事通達】2025年8月1日付人事発令.pdf および他 3 ページ）の確認 / PDF資料（【人事通達】2025年8月1日付人事発令.pdf）の確認
2026/05/01 11:04,2026/05/01 11:04,0:05,サイボウズ（掲示の検索 - サイボウズ Office および他 2 ページ）での情報確認・処理 / サイボウズ（掲示の検索 - サイボウズ Office）での情報確認・処理 / サイボウズ（掲示の詳細 - サイボウズ Office および他 2 ページ）での情報確認・処理 / サイボウズ（掲示の詳細 - サイボウズ Office）での情報確認・処理
2026/05/01 11:04,2026/05/01 11:04,0:05,PDF資料（FRT組織図-20250601.pdf）の確認 / PDF資料（【人事通達】2025年8月1日付人事発令.pdf）の確認
2026/05/01 11:04,2026/05/01 11:04,0:05,サイボウズ（掲示の詳細 - サイボウズ Office および他 2 ページ）での情報確認・処理
2026/05/01 11:04,2026/05/01 11:04,0:05,PDF資料（FRT組織図-20250601.pdf および他 3 ページ）の確認 / PDF資料（FRT組織図-20250601.pdf）の確認
2026/05/01 11:05,2026/05/01 11:05,0:05,Webサイト（新規タスク記録表 (version 1).xlsb  -  自動回復済み - Excel）の閲覧・調査
2026/05/01 11:05,2026/05/01 11:06,0:05,"Excelファイル（20260501_システム部向け保有スマホ２台貸与_④稟議書（システム関連,社長決裁）20230701.xlsx）の入力・編集 / PDF資料（FRT組織図-20250601.pdf）の確認"
2026/05/01 11:06,2026/05/01 11:06,0:05,Webサイト（新規タスク記録表 (version 1).xlsb  -  自動回復済み - Excel）の閲覧・調査
2026/05/01 11:06,2026/05/01 11:06,0:05,"PDF資料（20260501_システム部向け保有スマホ２台貸与_②稟議書（通常稟議,社長決裁）20240701.pdf）の確認 / PDF資料（FRT組織図-20250601.pdf）の確認"
2026/05/01 11:06,2026/05/01 11:06,0:05,Webサイト（Adobe Acrobat）の閲覧・調査
2026/05/01 11:06,2026/05/01 11:06,0:05,"PDF資料（20260501_システム部向け保有スマホ２台貸与_②稟議書（通常稟議,社長決裁）20240701.pdf）の確認 / PDF資料（FRT組織図-20250601.pdf）の確認"
2026/05/01 11:06,2026/05/01 11:06,0:05,Webサイト（新規タスク記録表 (version 1).xlsb  -  自動回復済み - Excel）の閲覧・調査
2026/05/01 11:06,2026/05/01 11:07,0:05,PDF資料（FRT組織図-20250601.pdf および他 3 ページ）の確認
2026/05/01 11:07,2026/05/01 11:07,0:05,サイボウズ（掲示の詳細 - サイボウズ Office および他 3 ページ）での情報確認・処理 / サイボウズ（申請の作成（内容の確認） - サイボウズ Office および他 3 ページ）での情報確認・処理
2026/05/01 11:07,2026/05/01 11:07,0:05,Webサイト（サイトから移動しますか?）の閲覧・調査
2026/05/01 11:07,2026/05/01 11:07,0:05,サイボウズ（申請の作成（内容の確認） - サイボウズ Office および他 3 ページ）での情報確認・処理 / サイボウズ（申請の作成（経路の設定） - サイボウズ Office および他 3 ページ）での情報確認・処理 / サイボウズ（申請の作成（経路の設定） - サイボウズ Office）での情報確認・処理
2026/05/01 11:07,2026/05/01 11:07,0:05,Webサイト（サイトから移動しますか?）の閲覧・調査
2026/05/01 11:07,2026/05/01 11:07,0:05,サイボウズ（申請の作成（内容の確認） - サイボウズ Office および他 3 ページ）での情報確認・処理 / サイボウズ（申請の作成（内容の確認） - サイボウズ Office）での情報確認・処理 / サイボウズ（申請の作成（経路の設定） - サイボウズ Office および他 3 ページ）での情報確認・処理 / サイボウズ（申請の作成（経路の設定） - サイボウズ Office）での情...
2026/05/01 11:08,2026/05/01 11:08,0:05,"PDF資料（20260501_システム部向け保有スマホ２台貸与_④稟議書（システム関連,社長決裁）20230701.pdf）の確認 / PDF資料（FRT組織図-20250601.pdf）の確認"
2026/05/01 11:08,2026/05/01 11:08,0:05,Webサイト（Adobe Acrobat）の閲覧・調査
2026/05/01 11:08,2026/05/01 11:08,0:05,"PDF資料（20260501_システム部向け保有スマホ２台貸与_④稟議書（システム関連,社長決裁）20230701.pdf）の確認 / PDF資料（FRT組織図-20250601.pdf）の確認"
2026/05/01 11:08,2026/05/01 11:08,0:05,サイボウズ（申請の作成（内容の確認） - サイボウズ Office および他 2 ページ）での情報確認・処理 / サイボウズ（申請の作成（内容の確認） - サイボウズ Office および他 3 ページ）での情報確認・処理
2026/05/01 11:08,2026/05/01 11:08,0:05,Webサイト（サイトから移動しますか?）の閲覧・調査
2026/05/01 11:08,2026/05/01 11:10,0:05,サイボウズ（forestway.cybozu.com/o/ag.cgi?page=WorkFlowPreview&id=17327&wid=&wDID=&fid=&SP=&CP=wsl&resend=&ssid=2-3440-2309201-u3068 および他 2 ページ）での情報確認・処理 / サイボウズ（ワークフロー（送信一覧） - サイボウズ Office および他 2 ページ）での...
2026/05/01 11:10,2026/05/01 11:10,0:05,"PDF資料（20260501_システム部向け保有スマホ２台貸与_②稟議書（通常稟議,社長決裁）20240701.pdf）の確認 / PDF資料（FRT組織図-20250601.pdf）の確認"
2026/05/01 11:10,2026/05/01 11:10,0:05,Webサイト（Adobe Acrobat）の閲覧・調査
2026/05/01 11:10,2026/05/01 11:10,0:05,"PDF資料（20260501_システム部向け保有スマホ２台貸与_②稟議書（通常稟議,社長決裁）20240701.pdf）の確認 / PDF資料（FRT組織図-20250601.pdf）の確認"
2026/05/01 11:10,2026/05/01 11:10,0:05,サイボウズ（申請データの詳細 - サイボウズ Office および他 2 ページ）での情報確認・処理
2026/05/01 11:11,2026/05/01 11:20,0:09,Webサイト（Google - Google Workspace Marketplace）の閲覧・調査 / Webサイト（ショートカットの削除）の閲覧・調査
2026/05/01 11:20,2026/05/01 11:20,0:05,Antigravityを用いた「システム開発・改善」の開発・相談 / スタート
2026/05/01 11:20,2026/05/01 11:20,0:05,Webサイト（フォルダーを開く）の閲覧・調査
2026/05/01 11:20,2026/05/01 11:23,0:05,Antigravityを用いた「システム開発・改善」の開発・相談
2026/05/01 11:23,2026/05/01 11:23,0:05,Webサイト（Google Gemini）の閲覧・調査
2026/05/01 11:23,2026/05/01 11:23,0:05,Antigravityを用いた「システム開発・改善」の開発・相談
2026/05/01 11:23,2026/05/01 11:24,0:05,Webサイト（Google Gemini）の閲覧・調査 / Webサイト（Windows11 Pro キッティング自動化手法 - Google Gemini）の閲覧・調査 / Webサイト（社内SEの仕事なんでも相談 - Google Gemini）の閲覧・調査
2026/05/01 11:26,2026/05/01 11:26,0:05,サイボウズ（申請データの詳細 - サイボウズ Office および他 2 ページ）での情報確認・処理
2026/05/01 11:26,2026/05/01 11:26,0:05,PDF資料（FRT組織図-20250601.pdf および他 2 ページ）の確認
2026/05/01 11:26,2026/05/01 11:26,0:05,サイボウズ（掲示の詳細 - サイボウズ Office および他 1 ページ）での情報確認・処理
2026/05/01 11:26,2026/05/01 11:37,0:11,Webサイト（C:\Program Files\WindowsApps\Microsoft.WindowsConfigurationDesigner_2025.416.0.0_x86__8wekyb3d8bbwe\icd\ICD.exe）の閲覧・調査 / Webサイト（Microsoft Privacy Statement ? Microsoft privacy および他 4 ページ）の閲覧...
2026/05/01 11:39,2026/05/01 11:39,0:05,Antigravityを用いた「システム開発・改善」の開発・相談
2026/05/01 11:41,2026/05/01 11:41,0:05,Webサイト（C:\WINDOWS\system32\wevtutil.exe）の閲覧・調査
2026/05/01 11:41,2026/05/01 11:41,0:05,Antigravityを用いた「システム開発・改善」の開発・相談
2026/05/01 11:41,2026/05/01 11:41,0:05,Webサイト（C:\WINDOWS\system32\wevtutil.exe）の閲覧・調査
2026/05/01 11:41,2026/05/01 11:41,0:05,Antigravityを用いた「システム開発・改善」の開発・相談
2026/05/01 11:41,2026/05/01 11:41,0:05,Webサイト（C:\WINDOWS\System32\Wbem\mofComp.exe）の閲覧・調査
2026/05/01 11:41,2026/05/01 11:41,0:05,Antigravityを用いた「システム開発・改善」の開発・相談
2026/05/01 11:41,2026/05/01 11:41,0:05,Webサイト（Windows アセスメント & デプロイメント キット）の閲覧・調査
2026/05/01 11:41,2026/05/01 11:41,0:05,Antigravityを用いた「システム開発・改善」の開発・相談
2026/05/01 11:41,2026/05/01 11:41,0:05,Webサイト（Windows ADK のダウンロードとインストール | Microsoft Learn および他 4 ページ）の閲覧・調査
2026/05/01 11:41,2026/05/01 11:41,0:05,Antigravityを用いた「システム開発・改善」の開発・相談
2026/05/01 11:42,2026/05/01 11:44,0:05,Webサイト（Autoruns - Sysinternals: www.sysinternals.com (Administrator)）の閲覧・調査 / Webサイト（C:\Program Files\WindowsApps\Microsoft.WindowsConfigurationDesigner_2025.416.0.0_x86__8wekyb3d8bbwe\icd\ICD.exe）...
2026/05/01 11:44,2026/05/01 11:46,0:05,Webサイト（C:\WINDOWS\system32\wevtutil.exe）の閲覧・調査 / Webサイト（Windows アセスメント & デプロイメント キット）の閲覧・調査 / Webサイト（コントロール パネル\すべてのコントロール パネル項目\プログラムと機能）の閲覧・調査 / スタート
2026/05/01 11:47,2026/05/01 11:47,0:05,Antigravityを用いた「システム開発・改善」の開発・相談
2026/05/01 11:47,2026/05/01 11:47,0:05,Webサイト（Windows アセスメント & デプロイメント キット）の閲覧・調査
2026/05/01 11:47,2026/05/01 11:47,0:05,Antigravityを用いた「システム開発・改善」の開発・相談
2026/05/01 11:48,2026/05/01 11:49,0:05,Webサイト（Windows アセスメント & デプロイメント キット）の閲覧・調査 / Webサイト（windows構成デザイナー 日本語化 - 検索 および他 4 ページ）の閲覧・調査
2026/05/01 11:49,2026/05/01 11:51,0:05,Antigravityを用いた「システム開発・改善」の開発・相談
2026/05/01 11:52,2026/05/01 11:52,0:05,Webサイト（C:\WINDOWS\system32\wevtutil.exe）の閲覧・調査
2026/05/01 11:52,2026/05/01 11:52,0:05,Antigravityを用いた「システム開発・改善」の開発・相談
2026/05/01 11:52,2026/05/01 11:52,0:05,Webサイト（C:\WINDOWS\system32\wevtutil.exe）の閲覧・調査
2026/05/01 11:52,2026/05/01 11:52,0:05,Antigravityを用いた「システム開発・改善」の開発・相談
2026/05/01 11:53,2026/05/01 11:53,0:05,Webサイト（Windows アセスメント & デプロイメント キット）の閲覧・調査
2026/05/01 11:53,2026/05/01 11:53,0:05,Antigravityを用いた「システム開発・改善」の開発・相談
2026/05/01 11:53,2026/05/01 11:53,0:05,Webサイト（windows構成デザイナー 日本語化 - 検索 および他 4 ページ）の閲覧・調査
2026/05/01 11:53,2026/05/01 11:53,0:05,Antigravityを用いた「システム開発・改善」の開発・相談
2026/05/01 11:53,2026/05/01 11:57,0:05,Webサイト（Windows 11 24H2/25H2 オプションパッチ「KB5083631」公開：新機能と修正内容の詳細 - enjoypclife.net および他 6 ページ）の閲覧・調査 / Webサイト（Windows 11 24H2/25H2 オプションパッチ「KB5083631」公開：新機能と修正内容の詳細 - enjoypclife.net）の閲覧・調査 / Webサイト（W...
2026/05/01 11:58,2026/05/01 12:04,0:05,Webサイト（C:\Program Files\WindowsApps\Microsoft.WindowsConfigurationDesigner_2025.416.0.0_x86__8wekyb3d8bbwe\icd\ICD.exe）の閲覧・調査 / Webサイト（New project）の閲覧・調査 / Webサイト（Windows 11 24H2/25H2 オプションパッチ「KB50...
2026/05/01 12:04,2026/05/01 12:19,0:15,サイボウズ（メッセージの詳細 - サイボウズ Office および他 6 ページ）での情報確認・処理 / サイボウズ（メッセージの詳細 - サイボウズ Office）での情報確認・処理 / サイボウズ（個人フォルダ - サイボウズ Office および他 6 ページ）での情報確認・処理 / サイボウズ（個人フォルダ - サイボウズ Office）での情報確認・処理 / サイボウズ（掲示の詳細...
2026/05/01 12:19,2026/05/01 12:19,0:05,Antigravityを用いた「システム開発・改善」の開発・相談
2026/05/01 12:33,2026/05/01 12:33,0:05,Webサイト（Windows11 Pro キッティング自動化手法 - Google Gemini）の閲覧・調査
2026/05/01 12:38,2026/05/01 13:00,0:21,Webサイト（*Windows 11 設定全項目リスト（キッティング用） - メモ帳）の閲覧・調査 / Webサイト（Windows11 Pro キッティング自動化手法 - Google Gemini）の閲覧・調査 / Webサイト（microsoft.default.default (default$windows.data.bluelightreduction.settings|wind...
2026/05/01 13:00,2026/05/01 13:00,0:05,Excelファイル（新規タスク記録表.xlsx）の入力・編集
2026/05/01 13:00,2026/05/01 13:00,0:05,Webサイト（新規タスク記録表 (version 1).xlsb  -  自動回復済み - Excel）の閲覧・調査 / Webサイト（起動しています - Excel）の閲覧・調査
2026/05/01 13:01,2026/05/01 13:01,0:05,Excelファイル（000.（重要）設定等のマニュアル.xlsx）の入力・編集
2026/05/01 13:01,2026/05/01 13:01,0:05,Webサイト（Windows11 Pro キッティング自動化手法 - Google Gemini）の閲覧・調査
2026/05/01 13:01,2026/05/01 13:01,0:05,Excelファイル（000.（重要）設定等のマニュアル.xlsx）の入力・編集
2026/05/01 13:01,2026/05/01 13:01,0:05,Webサイト（Windows11 Pro キッティング自動化手法 - Google Gemini）の閲覧・調査
2026/05/01 13:02,2026/05/01 13:02,0:05,Excelファイル（000.（重要）設定等のマニュアル.xlsx）の入力・編集
2026/05/01 13:02,2026/05/01 13:02,0:05,Webサイト（Windows11 Pro キッティング自動化手法 - Google Gemini）の閲覧・調査
2026/05/01 13:03,2026/05/01 13:03,0:05,Excelファイル（000.（重要）設定等のマニュアル.xlsx）の入力・編集
2026/05/01 13:03,2026/05/01 13:03,0:05,Webサイト（Windows11 Pro キッティング自動化手法 - Google Gemini）の閲覧・調査
2026/05/01 13:03,2026/05/01 13:03,0:05,Excelファイル（000.（重要）設定等のマニュアル.xlsx）の入力・編集
2026/05/01 13:03,2026/05/01 13:03,0:05,Webサイト（Windows11 Pro キッティング自動化手法 - Google Gemini）の閲覧・調査
2026/05/01 13:04,2026/05/01 13:04,0:05,Excelファイル（000.（重要）設定等のマニュアル.xlsx）の入力・編集
2026/05/01 13:04,2026/05/01 13:04,0:05,Webサイト（Windows11 Pro キッティング自動化手法 - Google Gemini）の閲覧・調査
2026/05/01 13:04,2026/05/01 13:04,0:05,Excelファイル（000.（重要）設定等のマニュアル.xlsx）の入力・編集
2026/05/01 13:04,2026/05/01 13:04,0:05,Webサイト（Windows11 Pro キッティング自動化手法 - Google Gemini）の閲覧・調査
2026/05/01 13:04,2026/05/01 13:04,0:05,Excelファイル（000.（重要）設定等のマニュアル.xlsx）の入力・編集
2026/05/01 13:04,2026/05/01 13:04,0:05,Webサイト（Windows11 Pro キッティング自動化手法 - Google Gemini）の閲覧・調査
2026/05/01 13:05,2026/05/01 13:05,0:05,Excelファイル（000.（重要）設定等のマニュアル.xlsx）の入力・編集
2026/05/01 13:05,2026/05/01 13:05,0:05,Webサイト（Windows11 Pro キッティング自動化手法 - Google Gemini）の閲覧・調査
2026/05/01 13:05,2026/05/01 13:05,0:05,Excelファイル（000.（重要）設定等のマニュアル.xlsx）の入力・編集
2026/05/01 13:06,2026/05/01 13:06,0:05,Webサイト（Windows11 Pro キッティング自動化手法 - Google Gemini）の閲覧・調査
2026/05/01 13:06,2026/05/01 13:06,0:05,Excelファイル（000.（重要）設定等のマニュアル.xlsx）の入力・編集
2026/05/01 13:06,2026/05/01 13:07,0:05,Webサイト（Windows11 Pro キッティング自動化手法 - Google Gemini）の閲覧・調査 / Webサイト（まもなく再起動する時間です (推定: 4 分)）の閲覧・調査
2026/05/01 13:07,2026/05/01 13:07,0:05,Excelファイル（000.（重要）設定等のマニュアル.xlsx）の入力・編集
2026/05/01 13:07,2026/05/01 13:07,0:05,Webサイト（Windows11 Pro キッティング自動化手法 - Google Gemini）の閲覧・調査
2026/05/01 13:08,2026/05/01 13:08,0:05,Excelファイル（000.（重要）設定等のマニュアル.xlsx）の入力・編集
2026/05/01 13:08,2026/05/01 13:08,0:05,Webサイト（Windows11 Pro キッティング自動化手法 - Google Gemini）の閲覧・調査
2026/05/01 13:08,2026/05/01 13:08,0:05,Excelファイル（000.（重要）設定等のマニュアル.xlsx）の入力・編集
2026/05/01 13:08,2026/05/01 13:08,0:05,Webサイト（Windows11 Pro キッティング自動化手法 - Google Gemini）の閲覧・調査
2026/05/01 13:08,2026/05/01 13:08,0:05,Excelファイル（000.（重要）設定等のマニュアル.xlsx）の入力・編集
2026/05/01 13:09,2026/05/01 13:31,0:22,Webサイト（New project）の閲覧・調査 / Webサイト（Windows Configuration Designer）の閲覧・調査 / Webサイト（Windows11 Pro キッティング自動化手法 - Google Gemini）の閲覧・調査 / Webサイト（フォルダーの参照）の閲覧・調査
2026/05/01 13:37,2026/05/01 13:42,0:05,Excelファイル（000.（重要）設定等のマニュアル.xlsx）の入力・編集 / Excelファイル（①社用ノートパソコン管理台帳.xlsx ）の入力・編集
2026/05/01 13:42,2026/05/01 13:42,0:05,Webサイト（Windows11 Pro キッティング自動化手法 - Google Gemini）の閲覧・調査
2026/05/01 13:42,2026/05/01 13:42,0:05,Excelファイル（①社用ノートパソコン管理台帳.xlsx ）の入力・編集
2026/05/01 13:42,2026/05/01 13:55,0:12,Webサイト（Setup_MS365.bat - メモ帳）の閲覧・調査 / Webサイト（Windows11 Pro キッティング自動化手法 - Google Gemini）の閲覧・調査 / Webサイト（configuration-MS365-x64.xml - メモ帳）の閲覧・調査 / Webサイト（開いているファイル - セキュリティの警告）の閲覧・調査
2026/05/01 13:55,2026/05/01 13:55,0:05,サイボウズ（メッセージの詳細 - サイボウズ Office および他 6 ページ）での情報確認・処理
2026/05/01 13:55,2026/05/01 14:10,0:15,Webサイト（Adobe - Adobe Acrobat Reader の配布 および他 5 ページ）の閲覧・調査 / Webサイト（Adobe - Adobe Acrobat Reader の配布）の閲覧・調査 / Webサイト（Adobe - Adobe Acrobat Reader をインストール および他 5 ページ）の閲覧・調査 / Webサイト（Adobe - Adobe Acr...
2026/05/01 14:11,2026/05/01 14:12,0:05,Webサイト（Setup_MS365.bat - メモ帳）の閲覧・調査 / Webサイト（Windows PowerShell ISE）の閲覧・調査 / Webサイト（Windows11 Pro キッティング自動化手法 - Google Gemini）の閲覧・調査 / Webサイト（名前を付けて保存の確認）の閲覧・調査 / Webサイト（名前を付けて保存）の閲覧・調査 / 名前の変更
2026/05/01 14:12,2026/05/01 14:13,0:05,Webサイト（*install.bat - メモ帳）の閲覧・調査 / Webサイト（Adobe - Adobe Acrobat Reader をインストール および他 5 ページ）の閲覧・調査 / Webサイト（Adobe - Adobe Acrobat Reader をインストール）の閲覧・調査 / Webサイト（Adobe - Adobe Acrobat Reader をダウンロード お...
2026/05/01 14:13,2026/05/01 14:14,0:05,サイボウズ（forestway.cybozu.com/o/ag.cgi?page=MyFolderIndex および他 5 ページ）での情報確認・処理 / サイボウズ（メッセージの詳細 - サイボウズ Office および他 5 ページ）での情報確認・処理 / サイボウズ（ワークフロー（最新一覧） - サイボウズ Office および他 5 ページ）での情報確認・処理 / サイボウズ（ワーク...
2026/05/01 14:14,2026/05/01 14:15,0:05,Webサイト（1 件の中断されたアクション）の閲覧・調査 / Webサイト（windows構成デザイナー 日本語化 - 検索 および他 4 ページ）の閲覧・調査
2026/05/01 14:15,2026/05/01 14:29,0:14,0% 完了 / 5% 完了 / Webサイト（*install.bat - メモ帳）の閲覧・調査 / Webサイト（10% 完了）の閲覧・調査 / Webサイト（100% 完了）の閲覧・調査 / Webサイト（17% 完了）の閲覧・調査 / Webサイト（22% 完了）の閲覧・調査 / Webサイト（27% 完了）の閲覧・調査 / Webサイト（33% 完了）の閲覧・調査 / Webサイト（...
2026/05/01 14:30,2026/05/01 14:50,0:20,Webサイト（C:\Program Files\WindowsApps\Microsoft.WindowsConfigurationDesigner_2025.416.0.0_x86__8wekyb3d8bbwe\icd\ICD.exe）の閲覧・調査 / Webサイト（Microsoft Privacy Statement ? Microsoft privacy および他 5 ページ）の閲覧...
2026/05/01 14:51,2026/05/01 14:51,0:05,サイボウズ（スケジュール（グループ週表示） - サイボウズ Office および他 5 ページ）での情報確認・処理 / サイボウズ（スケジュール（グループ週表示） - サイボウズ Office）での情報確認・処理 / サイボウズ（個人フォルダ - サイボウズ Office および他 5 ページ）での情報確認・処理 / サイボウズ（個人フォルダ - サイボウズ Office）での情報確認・処理...
2026/05/01 14:53,2026/05/01 14:53,0:05,Webサイト（Windows Configuration Designer）の閲覧・調査
2026/05/01 14:54,2026/05/01 14:54,0:05,サイボウズ（スケジュール（グループ週表示） - サイボウズ Office および他 5 ページ）での情報確認・処理
2026/05/01 14:54,2026/05/01 14:54,0:05,Webサイト（Windows Configuration Designer）の閲覧・調査
2026/05/01 14:55,2026/05/01 14:55,0:05,サイボウズ（スケジュール（グループ週表示） - サイボウズ Office および他 5 ページ）での情報確認・処理
2026/05/01 14:55,2026/05/01 14:55,0:05,Webサイト（Windows11 Pro キッティング自動化手法 - Google Gemini）の閲覧・調査
2026/05/01 14:56,2026/05/01 15:10,0:13,サイボウズ（スケジュール（グループ週表示） - サイボウズ Office および他 5 ページ）での情報確認・処理 / サイボウズ（スケジュール（グループ週表示） - サイボウズ Office）での情報確認・処理 / サイボウズ（予定の登録 - サイボウズ Office および他 5 ページ）での情報確認・処理 / サイボウズ（予定の登録 - サイボウズ Office）での情報確認・処理 /...
2026/05/01 15:43,2026/05/01 15:43,0:05,Webサイト（Windows Configuration Designer）の閲覧・調査 / Webサイト（Windows11 Pro キッティング自動化手法 - Google Gemini）の閲覧・調査
2026/05/01 15:43,2026/05/01 15:43,0:05,サイボウズ（スケジュール（グループ週表示） - サイボウズ Office および他 5 ページ）での情報確認・処理
2026/05/01 15:45,2026/05/01 15:45,0:05,Webサイト（Windows Configuration Designer）の閲覧・調査
2026/05/01 15:45,2026/05/01 15:45,0:05,サイボウズ（スケジュール（グループ週表示） - サイボウズ Office および他 5 ページ）での情報確認・処理
2026/05/01 15:46,2026/05/01 15:46,0:05,Webサイト（Windows Configuration Designer）の閲覧・調査
2026/05/01 15:46,2026/05/01 15:46,0:05,サイボウズ（スケジュール（グループ週表示） - サイボウズ Office および他 5 ページ）での情報確認・処理
2026/05/01 15:46,2026/05/01 15:46,0:05,Webサイト（Windows Configuration Designer）の閲覧・調査
2026/05/01 15:46,2026/05/01 15:46,0:05,サイボウズ（スケジュール（グループ週表示） - サイボウズ Office および他 5 ページ）での情報確認・処理
2026/05/01 15:47,2026/05/01 15:47,0:05,Webサイト（Windows Configuration Designer）の閲覧・調査
2026/05/01 15:47,2026/05/01 15:47,0:05,サイボウズ（スケジュール（グループ週表示） - サイボウズ Office および他 5 ページ）での情報確認・処理
2026/05/01 15:48,2026/05/01 15:48,0:05,Webサイト（Windows Configuration Designer）の閲覧・調査
2026/05/01 15:48,2026/05/01 15:48,0:05,サイボウズ（スケジュール（グループ週表示） - サイボウズ Office および他 5 ページ）での情報確認・処理
2026/05/01 15:50,2026/05/01 15:50,0:05,Webサイト（Windows Configuration Designer）の閲覧・調査
2026/05/01 15:50,2026/05/01 15:50,0:05,サイボウズ（スケジュール（グループ週表示） - サイボウズ Office および他 5 ページ）での情報確認・処理
2026/05/01 15:51,2026/05/01 15:51,0:05,Webサイト（Windows Configuration Designer）の閲覧・調査
2026/05/01 15:51,2026/05/01 15:51,0:05,サイボウズ（スケジュール（グループ週表示） - サイボウズ Office および他 5 ページ）での情報確認・処理
2026/05/01 15:51,2026/05/01 15:51,0:05,Webサイト（Windows Configuration Designer）の閲覧・調査
2026/05/01 15:51,2026/05/01 15:51,0:05,サイボウズ（スケジュール（グループ週表示） - サイボウズ Office および他 5 ページ）での情報確認・処理
2026/05/01 15:52,2026/05/01 17:32,1:39,Webサイト（(21) Grok / X および他 8 ページ）の閲覧・調査 / Webサイト（(21) Grok / X）の閲覧・調査 / Webサイト（10% 完了）の閲覧・調査 / Webサイト（100% 完了）の閲覧・調査 / Webサイト（13% 完了）の閲覧・調査 / Webサイト（17% 完了）の閲覧・調査 / Webサイト（21% 完了）の閲覧・調査 / Webサイト（26%...
2026/05/01 17:32,2026/05/01 17:33,0:05,サイボウズ（forestway.cybozu.com/o/ag.cgi?page=MyFolderIndex および他 8 ページ）での情報確認・処理 / サイボウズ（スケジュール（グループ週表示） - サイボウズ Office および他 8 ページ）での情報確認・処理 / サイボウズ（メッセージの詳細 - サイボウズ Office および他 8 ページ）での情報確認・処理 / サイボウズ（...
2026/05/01 17:33,2026/05/01 17:36,0:05,Webサイト（Claude）の閲覧・調査 / Webサイト（Creating Notebook...）の閲覧・調査 / Webサイト（Google - Google Workspace Marketplace）の閲覧・調査 / Webサイト（Google Gemini）の閲覧・調査 / Webサイト（Google NotebookLM）の閲覧・調査 / Webサイト（NotebookLM）の...
2026/05/01 17:36,2026/05/01 17:36,0:05,メール（The Yen Redline: Intervention Strategies and 2026 Market Outlook）の閲覧・作成
2026/05/01 17:36,2026/05/01 17:36,0:05,Webサイト（Creating Notebook...）の閲覧・調査 / Webサイト（NotebookLM）の閲覧・調査 / Webサイト（Untitled notebook - NotebookLM）の閲覧・調査
2026/05/01 17:36,2026/05/01 17:36,0:05,メール（The Yen Redline: Intervention Strategies and 2026 Market Outlook）の閲覧・作成
2026/05/01 17:36,2026/05/01 17:36,0:05,Webサイト（NotebookLM）の閲覧・調査
2026/05/01 17:36,2026/05/01 17:36,0:05,メール（The Yen Redline: Intervention Strategies and 2026 Market Outlook）の閲覧・作成
2026/05/01 17:36,2026/05/01 17:36,0:05,サイボウズ（メッセージの送信 - サイボウズ Office および他 8 ページ）での情報確認・処理
2026/05/01 17:36,2026/05/01 17:36,0:05,Webサイト（(21) Grok / X および他 8 ページ）の閲覧・調査
2026/05/01 17:36,2026/05/01 17:36,0:05,メール（The Yen Redline: Intervention Strategies and 2026 Market Outlook）の閲覧・作成
2026/05/01 17:36,2026/05/01 17:36,0:05,Webサイト（NotebookLM）の閲覧・調査 / Webサイト（円安介入とGW相場の見通し - Google Gemini）の閲覧・調査
2026/05/01 17:37,2026/05/01 17:37,0:05,メール（The Yen Redline: Intervention Strategies and 2026 Market Outlook）の閲覧・作成
2026/05/01 17:37,2026/05/01 17:38,0:05,Webサイト（2026/5/1 現在のUSD/JPY相場分析。調べてみて。GWを挟み今後のは？　 2024年のゴールデンウィーク（GW）を彷彿とさせる、極めて神経質な「介入... - Comet）の閲覧・調査 / Webサイト（New Tab - Comet）の閲覧・調査 / Webサイト（NotebookLM）の閲覧・調査 / Webサイト（Perplexity - Comet）の閲覧・調...
2026/05/01 17:38,2026/05/01 17:38,0:05,メール（The Yen Redline: Intervention Strategies and 2026 Market Outlook）の閲覧・作成
2026/05/01 17:38,2026/05/01 17:45,0:07,Webサイト（(21) Grok / X および他 8 ページ）の閲覧・調査 / Webサイト（NotebookLM）の閲覧・調査 / Webサイト（Windows Configuration Designer）の閲覧・調査 / Webサイト（Windows for Education ドキュメント - Windows Education | Microsoft Learn および他 7 ペ...
2026/05/01 17:45,2026/05/01 17:46,0:05,Webサイト（2026/5/1 現在のUSD/JPY相場分析。調べてみて。GWを挟み今後のは？　 2024年のゴールデンウィーク（GW）を彷彿とさせる、極めて神経質な「介入... - Comet）の閲覧・調査 / Webサイト（C:\Program Files\WindowsApps\Microsoft.WindowsConfigurationDesigner_2025.416.0.0_x8...
2026/05/01 17:46,2026/05/01 17:49,0:05,Webサイト（C:\Program Files\WindowsApps\Microsoft.WindowsConfigurationDesigner_2025.416.0.0_x86__8wekyb3d8bbwe\icd\ICD.exe）の閲覧・調査 / Webサイト（Google Chrome のジャンプ リスト）の閲覧・調査 / Webサイト（Google Chrome）の閲覧・調査 /...
2026/05/01 17:49,2026/05/01 17:49,0:05,"メール（フォーレスト株式会社 メール）の閲覧・作成 / メール（受信トレイ (14,823)）の閲覧・作成 / メール（受信トレイ (15,770)）の閲覧・作成"
2026/05/01 17:49,2026/05/01 17:49,0:05,Webサイト（ユーザーリスト - 管理コンソール）の閲覧・調査
2026/05/01 17:49,2026/05/01 17:49,0:05,"メール（受信トレイ (15,770)）の閲覧・作成"
2026/05/01 17:49,2026/05/01 17:53,0:05,Webサイト（Google Workspace Business Standard - 管理コンソール）の閲覧・調査 / Webサイト（アカウント設定 - 管理コンソール）の閲覧・調査 / Webサイト（サブスクリプション - 管理コンソール）の閲覧・調査 / Webサイト（ユーザーリスト - 管理コンソール）の閲覧・調査 / Webサイト（検索 - 管理コンソール）の閲覧・調査 / Web...
2026/05/01 17:55,2026/05/01 17:58,0:05,Webサイト（0 項目がリサイクルされました）の閲覧・調査 / Webサイト（C:\Program Files\WindowsApps\Microsoft.WindowsConfigurationDesigner_2025.416.0.0_x86__8wekyb3d8bbwe\icd\ICD.exe）の閲覧・調査 / Webサイト（New project）の閲覧・調査 / Webサイト（Wi...
2026/05/01 18:59,2026/05/01 18:59,0:05,Antigravityを用いた「システム開発・改善」の開発・相談
2026/05/01 18:59,2026/05/01 18:59,0:05,Webサイト（タスク スケジューラ）の閲覧・調査
2026/05/01 20:37,2026/05/01 21:20,0:42,Webサイト（AccuRadio - Log-in - AccuRadio）の閲覧・調査 / Webサイト（Acuradio - Google 検索）の閲覧・調査 / Webサイト（Free Internet Radio | AccuRadio Online）の閲覧・調査 / Webサイト（Hits (Top 40) - Listen to Free Radio Stations - Acc...
2026/05/01 21:59,2026/05/01 21:59,0:05,Webサイト（FX OANDA くそ板 - Google 検索）の閲覧・調査 / Webサイト（FXのオーダーブック(オープンオーダー・ポジション) OANDA Japan）の閲覧・調査
2026/05/01 22:42,2026/05/01 22:42,0:05,Webサイト（Messaging APIの料金 | LINE Developers）の閲覧・調査
2026/05/02 08:59,2026/05/02 08:59,0:05,Webサイト（IT 担当者向けの構成サービス プロバイダー | Microsoft Learn）の閲覧・調査 / Webサイト（Windows for Education ドキュメント - Windows Education | Microsoft Learn）の閲覧・調査 / Webサイト（Windows構成デザイナー 使い方 - 検索）の閲覧・調査
2026/05/02 08:59,2026/05/02 08:59,0:05,サイボウズ（メッセージの送信 - サイボウズ Office）での情報確認・処理
2026/05/02 08:59,2026/05/02 08:59,0:05,Webサイト（2026/5/1 現在のUSD/JPY相場分析。調べてみて。GWを挟み今後のは？　 2024年のゴールデンウィーク（GW）を彷彿とさせる、極めて神経質な「介入... - Comet）の閲覧・調査 / Webサイト（Perplexity - Comet）の閲覧・調査
2026/05/02 08:59,2026/05/02 08:59,0:05,サイボウズ（メッセージの送信 - サイボウズ Office）での情報確認・処理
2026/05/02 08:59,2026/05/02 08:59,0:05,Webサイト（000 (version 1).xlsb  -  自動回復済み - Excel）の閲覧・調査 / Webサイト（Adobe - Adobe Acrobat Reader をダウンロード）の閲覧・調査 / Webサイト（IT 担当者向けの構成サービス プロバイダー | Microsoft Learn）の閲覧・調査 / Webサイト（Windows 11 24H2/25H2 オプシ...
2026/05/02 08:59,2026/05/02 09:04,0:05,Excel / Webサイト（2026/5/1 現在のUSD/JPY相場分析。調べてみて。GWを挟み今後のは？　 2024年のゴールデンウィーク（GW）を彷彿とさせる、極めて神経質な「介入... - Comet）の閲覧・調査 / Webサイト（Adobe - Adobe Acrobat Reader をダウンロード）の閲覧・調査 / Webサイト（Power Automate）の閲覧・調査 ...
2026/05/02 09:04,2026/05/02 09:04,0:05,サイボウズ（forestway.cybozu.com/o/ag.cgi?page=FileView&fCID=1247805&fFID=1259579 および他 8 ページ）での情報確認・処理 / サイボウズ（forestway.cybozu.com/o/ag.cgi?page=MyFolderIndex および他 7 ページ）での情報確認・処理 / サイボウズ（ファイルの詳細 - サイボウ...
2026/05/02 09:04,2026/05/02 09:04,0:05,Webサイト（①社用ノートパソコン管理台帳 (version 1).xlsb  -  共有  -  自動回復済み - Excel）の閲覧・調査
2026/05/02 09:04,2026/05/02 09:04,0:05,Excelファイル（2026年4月度【社員】勤怠申請・承認のご依頼0501.xlsx ）の入力・編集
2026/05/02 09:07,2026/05/02 09:07,0:05,サイボウズ（ファイルの詳細 - サイボウズ Office および他 8 ページ）での情報確認・処理
2026/05/02 09:07,2026/05/02 09:07,0:05,Excelファイル（2026年4月度【社員】勤怠申請・承認のご依頼0501.xlsx ）の入力・編集
2026/05/02 09:07,2026/05/02 09:07,0:05,サイボウズ（ファイルの詳細 - サイボウズ Office および他 8 ページ）での情報確認・処理
2026/05/02 09:11,2026/05/02 09:11,0:05,Excelファイル（2026年4月度【社員】勤怠申請・承認のご依頼0501.xlsx ）の入力・編集
2026/05/02 09:11,2026/05/02 09:11,0:05,Webサイト（①社用ノートパソコン管理台帳 (version 1).xlsb  -  共有  -  自動回復済み - Excel）の閲覧・調査
2026/05/02 09:11,2026/05/02 09:12,0:05,サイボウズ（メッセージの詳細 - サイボウズ Office および他 1 ページ）での情報確認・処理 / サイボウズ（メッセージの詳細 - サイボウズ Office）での情報確認・処理 / サイボウズ（ワークフロー（最新一覧） - サイボウズ Office および他 1 ページ）での情報確認・処理 / サイボウズ（ワークフロー（最新一覧） - サイボウズ Office）での情報確認・処理 /...
2026/05/02 09:12,2026/05/02 09:12,0:05,Webサイト（①社用ノートパソコン管理台帳 (version 1).xlsb  -  共有  -  自動回復済み - Excel）の閲覧・調査
2026/05/02 09:12,2026/05/02 09:12,0:05,サイボウズ（申請データの詳細 - サイボウズ Office および他 1 ページ）での情報確認・処理
2026/05/02 09:12,2026/05/02 09:12,0:05,Webサイト（2026/5/1 現在のUSD/JPY相場分析。調べてみて。GWを挟み今後のは？　 2024年のゴールデンウィーク（GW）を彷彿とさせる、極めて神経質な「介入... - Comet）の閲覧・調査
2026/05/02 09:13,2026/05/02 09:13,0:05,メール（4.EDION筱崎）の閲覧・作成 / メール（Mozilla Thunderbird）の閲覧・作成 / メール（お見積り送付）の閲覧・作成 / メール（ホーム）の閲覧・作成 / メール（轡田）の閲覧・作成
2026/05/02 09:13,2026/05/02 09:13,0:05,Webサイト（2026/5/1 現在のUSD/JPY相場分析。調べてみて。GWを挟み今後のは？　 2024年のゴールデンウィーク（GW）を彷彿とさせる、極めて神経質な「介入... - Comet）の閲覧・調査 / Webサイト（Autoruns - Sysinternals | Microsoft Learn）の閲覧・調査 / Webサイト（Google - Google Workspace...
2026/05/02 09:13,2026/05/02 09:13,0:05,メール（The Yen Redline: Intervention Strategies and 2026 Market Outlook）の閲覧・作成
2026/05/02 09:13,2026/05/02 09:15,0:05,Webサイト（2026/5/1 現在のUSD/JPY相場分析。調べてみて。GWを挟み今後のは？　 2024年のゴールデンウィーク（GW）を彷彿とさせる、極めて神経質な「介入... - Comet）の閲覧・調査 / Webサイト（Autoruns - Sysinternals | Microsoft Learn）の閲覧・調査 / Webサイト（Google - Google Workspace...
2026/05/02 09:15,2026/05/02 09:17,0:05,Webサイト（2026/5/1 現在のUSD/JPY相場分析。調べてみて。GWを挟み今後のは？　 2024年のゴールデンウィーク（GW）を彷彿とさせる、極めて神経質な「介入... - Comet）の閲覧・調査 / Webサイト（Autoruns - Sysinternals | Microsoft Learn）の閲覧・調査 / Webサイト（C:\Program Files\WindowsA...
2026/05/02 09:17,2026/05/02 09:17,0:05,サイボウズ（申請データの詳細 - サイボウズ Office および他 1 ページ）での情報確認・処理
2026/05/02 09:19,2026/05/02 09:19,0:05,Webサイト（Windows Configuration Designer）の閲覧・調査
2026/05/02 09:19,2026/05/02 09:19,0:05,サイボウズ（申請データの詳細 - サイボウズ Office および他 1 ページ）での情報確認・処理
2026/05/02 09:20,2026/05/02 09:20,0:05,Webサイト（Creating Notebook...）の閲覧・調査 / Webサイト（Google NotebookLM）の閲覧・調査 / Webサイト（NotebookLM）の閲覧・調査 / Webサイト（Untitled notebook - NotebookLM）の閲覧・調査 / Webサイト（Windows Configuration Designer）の閲覧・調査 / Webサイ...
2026/05/02 09:20,2026/05/02 09:20,0:05,サイボウズ（申請データの詳細 - サイボウズ Office および他 1 ページ）での情報確認・処理
2026/05/02 09:20,2026/05/02 09:20,0:05,Webサイト（NotebookLM）の閲覧・調査
2026/05/02 09:20,2026/05/02 09:20,0:05,サイボウズ（申請データの詳細 - サイボウズ Office および他 1 ページ）での情報確認・処理
2026/05/02 09:21,2026/05/02 09:21,0:05,Webサイト（NotebookLM）の閲覧・調査
2026/05/02 09:21,2026/05/02 09:21,0:05,サイボウズ（申請データの詳細 - サイボウズ Office および他 1 ページ）での情報確認・処理
2026/05/02 09:21,2026/05/02 09:21,0:05,Webサイト（Automated Device Provisioning via ICD and PowerShell Scripts - NotebookLM）の閲覧・調査 / Webサイト（NotebookLM）の閲覧・調査
2026/05/02 09:21,2026/05/02 09:21,0:05,サイボウズ（申請データの詳細 - サイボウズ Office および他 1 ページ）での情報確認・処理
2026/05/02 09:22,2026/05/02 09:22,0:05,Webサイト（NotebookLM）の閲覧・調査
2026/05/02 09:22,2026/05/02 09:22,0:05,サイボウズ（申請データの詳細 - サイボウズ Office および他 1 ページ）での情報確認・処理
2026/05/02 09:22,2026/05/02 09:22,0:05,Webサイト（NotebookLM）の閲覧・調査
2026/05/02 09:22,2026/05/02 09:22,0:05,サイボウズ（申請データの詳細 - サイボウズ Office および他 1 ページ）での情報確認・処理
2026/05/02 09:22,2026/05/02 09:23,0:05,Webサイト（NotebookLM）の閲覧・調査
2026/05/02 09:23,2026/05/02 09:23,0:05,サイボウズ（申請データの詳細 - サイボウズ Office および他 1 ページ）での情報確認・処理
2026/05/02 09:25,2026/05/02 09:25,0:05,Webサイト（Windows Configuration Designer）の閲覧・調査
2026/05/02 09:25,2026/05/02 09:25,0:05,サイボウズ（申請データの詳細 - サイボウズ Office および他 1 ページ）での情報確認・処理
2026/05/02 09:30,2026/05/02 09:30,0:05,Webサイト（Windows Configuration Designer）の閲覧・調査
2026/05/02 09:30,2026/05/02 09:30,0:05,サイボウズ（申請データの詳細 - サイボウズ Office および他 1 ページ）での情報確認・処理
2026/05/02 09:31,2026/05/02 09:31,0:05,Webサイト（Windows Configuration Designer）の閲覧・調査
2026/05/02 09:32,2026/05/02 09:32,0:05,サイボウズ（申請データの詳細 - サイボウズ Office および他 1 ページ）での情報確認・処理
2026/05/02 09:32,2026/05/02 09:32,0:05,Webサイト（Windows Configuration Designer）の閲覧・調査
2026/05/02 09:32,2026/05/02 09:32,0:05,サイボウズ（申請データの詳細 - サイボウズ Office および他 1 ページ）での情報確認・処理
2026/05/02 09:32,2026/05/02 09:32,0:05,Webサイト（Windows Configuration Designer）の閲覧・調査
2026/05/02 09:32,2026/05/02 09:32,0:05,サイボウズ（申請データの詳細 - サイボウズ Office および他 1 ページ）での情報確認・処理
2026/05/02 09:32,2026/05/02 09:32,0:05,Webサイト（Windows Configuration Designer）の閲覧・調査
2026/05/02 09:33,2026/05/02 09:33,0:05,サイボウズ（申請データの詳細 - サイボウズ Office および他 1 ページ）での情報確認・処理
2026/05/02 09:34,2026/05/02 09:35,0:05,Webサイト（Windows Configuration Designer）の閲覧・調査
2026/05/02 09:35,2026/05/02 09:35,0:05,Webサイト（Microsoft Store）の閲覧・調査 / スタート
2026/05/02 09:35,2026/05/02 09:36,0:05,Webサイト（Windows イメージングおよび構成デザイナー）の閲覧・調査 / Webサイト（Windows 構成デザイナー）の閲覧・調査 / Webサイト（フォルダーの参照）の閲覧・調査 / Webサイト（新しいプロジェクト）の閲覧・調査 / スタート
2026/05/02 09:37,2026/05/02 09:37,0:05,サイボウズ（申請データの詳細 - サイボウズ Office および他 1 ページ）での情報確認・処理
2026/05/02 09:37,2026/05/02 09:37,0:05,Webサイト（Windows 構成デザイナー）の閲覧・調査
2026/05/02 09:38,2026/05/02 09:38,0:05,サイボウズ（申請データの詳細 - サイボウズ Office および他 1 ページ）での情報確認・処理
2026/05/02 09:38,2026/05/02 09:38,0:05,Webサイト（ICD.log - メモ帳）の閲覧・調査 / Webサイト（Windows 構成デザイナー）の閲覧・調査
2026/05/02 09:38,2026/05/02 09:38,0:05,サイボウズ（申請データの詳細 - サイボウズ Office および他 1 ページ）での情報確認・処理
2026/05/02 09:39,2026/05/02 09:40,0:05,Webサイト（Windows 構成デザイナー）の閲覧・調査 / Webサイト（使用中のフォルダー）の閲覧・調査 / Webサイト（新しいプロジェクト）の閲覧・調査
2026/05/02 09:40,2026/05/02 09:40,0:05,Webサイト（コントロール パネル\すべてのコントロール パネル項目\Windows ツール）の閲覧・調査 / スタート
2026/05/02 09:40,2026/05/02 09:41,0:05,Webサイト（ICD.log - メモ帳）の閲覧・調査 / Webサイト（Setup_MS365.bat - メモ帳）の閲覧・調査 / Webサイト（Windows イメージングおよび構成デザイナー）の閲覧・調査 / Webサイト（Windows 構成デザイナー）の閲覧・調査 / Webサイト（タイトルなし - メモ帳）の閲覧・調査 / Webサイト（フォルダーの参照）の閲覧・調査 / We...
2026/05/02 09:41,2026/05/02 09:42,0:05,Webサイト（Windows イメージングおよび構成デザイナー）の閲覧・調査 / Webサイト（Windows 構成デザイナー）の閲覧・調査 / Webサイト（タイトルなし - メモ帳）の閲覧・調査 / スタート
2026/05/02 09:42,2026/05/02 09:42,0:05,Webサイト（タイトルなし - メモ帳）の閲覧・調査 / スタート
2026/05/02 09:42,2026/05/02 09:44,0:05,Webサイト（Windows イメージングおよび構成デザイナー）の閲覧・調査 / Webサイト（Windows 構成デザイナー）の閲覧・調査 / Webサイト（タイトルなし - メモ帳）の閲覧・調査 / Webサイト（使用中のフォルダー）の閲覧・調査 / Webサイト（新しいプロジェクト）の閲覧・調査 / スタート
2026/05/02 09:44,2026/05/02 09:45,0:05,Webサイト（Windows イメージングおよび構成デザイナー）の閲覧・調査 / Webサイト（Windows 構成デザイナー）の閲覧・調査 / Webサイト（タイトルなし - メモ帳）の閲覧・調査 / Webサイト（フォルダーの参照）の閲覧・調査 / Webサイト（新しいプロジェクト）の閲覧・調査 / スタート
2026/05/02 09:45,2026/05/02 09:45,0:05,サイボウズ（申請データの詳細 - サイボウズ Office および他 1 ページ）での情報確認・処理
2026/05/02 09:45,2026/05/02 09:46,0:05,Webサイト（Windows 構成デザイナー）の閲覧・調査
2026/05/02 09:46,2026/05/02 09:46,0:05,サイボウズ（申請データの詳細 - サイボウズ Office および他 1 ページ）での情報確認・処理
2026/05/02 09:46,2026/05/02 09:46,0:05,Webサイト（ICD.log - メモ帳）の閲覧・調査
2026/05/02 09:47,2026/05/02 09:47,0:05,サイボウズ（申請データの詳細 - サイボウズ Office および他 1 ページ）での情報確認・処理
2026/05/02 09:50,2026/05/02 09:51,0:05,"Webサイト（展開およびイメージング ツール環境 - ""C:\Program Files (x86)\Windows Kits\10\Assessment and Deployment Kit\Deployment Tools\DandISetEnv.bat""）の閲覧・調査 / Webサイト（展開およびイメージング ツール環境）の閲覧・調査 / はじめに / スタート"
2026/05/02 09:51,2026/05/02 09:52,0:05,Webサイト（Windows イメージングおよび構成デザイナー）の閲覧・調査 / スタート
2026/05/02 09:52,2026/05/02 09:52,0:05,Webサイト（Windows イメージングおよび構成デザイナー）の閲覧・調査 / Webサイト（アップデート完了）の閲覧・調査 / スタート
2026/05/02 09:53,2026/05/02 09:53,0:05,Webサイト（10.85.33.223 - リモート デスクトップ接続）の閲覧・調査 / Webサイト（リモート デスクトップ接続）の閲覧・調査 / スタート
2026/05/02 09:54,2026/05/02 09:54,0:05,サイボウズ（申請データの詳細 - サイボウズ Office および他 1 ページ）での情報確認・処理
2026/05/02 10:01,2026/05/02 10:25,0:24,Webサイト（10.85.33.223 - リモート デスクトップ接続）の閲覧・調査 / Webサイト（192.169.5.5 - リモート デスクトップ接続）の閲覧・調査 / Webサイト（Windows シェル エクスペリエンス ホスト）の閲覧・調査 / Webサイト（Windows11 Pro キッティング自動化手法 - Google Gemini）の閲覧・調査 / Webサイト（リモ...
2026/05/02 10:25,2026/05/02 10:26,0:05,Webサイト（10.85.33.223 - リモート デスクトップ接続）の閲覧・調査 / Webサイト（Microsoft Store）の閲覧・調査 / スタート
2026/05/02 10:26,2026/05/02 10:27,0:05,Webサイト（10.85.33.223 - リモート デスクトップ接続）の閲覧・調査 / Webサイト（Default）の閲覧・調査 / Webサイト（Windows イメージングおよび構成デザイナー）の閲覧・調査 / Webサイト（Windows 構成デザイナー）の閲覧・調査 / スタート
2026/05/02 10:28,2026/05/02 10:28,0:05,サイボウズ（申請データの詳細 - サイボウズ Office および他 1 ページ）での情報確認・処理
2026/05/02 10:28,2026/05/02 10:33,0:05,Webサイト（10.85.33.223 - リモート デスクトップ接続）の閲覧・調査 / Webサイト（C:\WINDOWS\System32\Wbem\mofComp.exe）の閲覧・調査 / Webサイト（Microsoft Visual C++ 2015-2022 Redistributable (x86) - 14.44.35211 のセットアップ）の閲覧・調査 / Webサイト（M...
2026/05/02 10:33,2026/05/02 10:57,0:23,Webサイト（10.85.33.223 - リモート デスクトップ接続）の閲覧・調査 / Webサイト（Google Gemini）の閲覧・調査 / Webサイト（Windows11 Pro キッティング自動化手法 - Google Gemini）の閲覧・調査 / Webサイト（クロック のジャンプ リスト）の閲覧・調査 / Webサイト（リモート デスクトップ接続 のジャンプ リスト）の閲...
2026/05/02 11:03,2026/05/02 11:03,0:05,サイボウズ（申請データの詳細 - サイボウズ Office および他 1 ページ）での情報確認・処理
2026/05/02 11:03,2026/05/02 11:16,0:12,Webサイト（10.85.33.223 - リモート デスクトップ接続）の閲覧・調査 / Webサイト（2026/5/1 現在のUSD/JPY相場分析。調べてみて。GWを挟み今後のは？　 2024年のゴールデンウィーク（GW）を彷彿とさせる、極めて神経質な「介入... - Comet）の閲覧・調査 / Webサイト（Google Gemini）の閲覧・調査 / Webサイト（Perplexi...
2026/05/02 11:18,2026/05/02 11:18,0:05,サイボウズ（申請データの詳細 - サイボウズ Office および他 1 ページ）での情報確認・処理
2026/05/02 11:18,2026/05/02 11:18,0:05,Webサイト（10.85.33.223 - リモート デスクトップ接続）の閲覧・調査
2026/05/02 11:19,2026/05/02 11:19,0:05,サイボウズ（申請データの詳細 - サイボウズ Office および他 1 ページ）での情報確認・処理
2026/05/02 11:19,2026/05/02 11:49,0:30,Webサイト（10.85.33.223 - リモート デスクトップ接続）の閲覧・調査 / Webサイト（Google Gemini）の閲覧・調査 / Webサイト（ICD.log - メモ帳）の閲覧・調査 / Webサイト（ICD設定項目によるデバイスカスタマイズ - Google Gemini）の閲覧・調査 / Webサイト（タイトルなし - メモ帳）の閲覧・調査 / Webサイト（レジス...
2026/05/02 11:51,2026/05/02 11:51,0:05,サイボウズ（申請データの詳細 - サイボウズ Office および他 1 ページ）での情報確認・処理
2026/05/02 11:51,2026/05/02 11:51,0:05,Webサイト（10.85.33.223 - リモート デスクトップ接続）の閲覧・調査
2026/05/02 11:52,2026/05/02 11:52,0:05,サイボウズ（申請データの詳細 - サイボウズ Office および他 1 ページ）での情報確認・処理
2026/05/02 11:52,2026/05/02 11:55,0:05,Webサイト（10.85.33.223 - リモート デスクトップ接続）の閲覧・調査
2026/05/02 11:55,2026/05/02 11:55,0:05,サイボウズ（申請データの詳細 - サイボウズ Office および他 1 ページ）での情報確認・処理
2026/05/02 11:56,2026/05/02 11:56,0:05,Webサイト（10.85.33.223 - リモート デスクトップ接続）の閲覧・調査
2026/05/02 11:57,2026/05/02 11:57,0:05,サイボウズ（申請データの詳細 - サイボウズ Office および他 1 ページ）での情報確認・処理
2026/05/02 11:57,2026/05/02 11:57,0:05,Webサイト（ICD設定項目によるデバイスカスタマイズ - Google Gemini）の閲覧・調査
2026/05/02 11:57,2026/05/02 11:57,0:05,サイボウズ（申請データの詳細 - サイボウズ Office および他 1 ページ）での情報確認・処理
2026/05/02 11:57,2026/05/02 12:26,0:28,Webサイト（10.85.33.223 - リモート デスクトップ接続）の閲覧・調査 / Webサイト（ICD設定項目によるデバイスカスタマイズ - Google Gemini）の閲覧・調査 / Webサイト（install.bat - メモ帳）の閲覧・調査 / Webサイト（カーソル ブラウジングをオンにしますか？）の閲覧・調査 / Webサイト（開いているファイル - セキュリティの警告...
2026/05/02 13:00,2026/05/02 14:22,1:22,Webサイト（10.85.33.223 - リモート デスクトップ接続）の閲覧・調査 / Webサイト（Google Gemini）の閲覧・調査 / Webサイト（ICD設定項目によるデバイスカスタマイズ - Google Gemini）の閲覧・調査 / Webサイト（Windows PowerShell ISE）の閲覧・調査 / Webサイト（Windows11 Pro キッティング自動化...
2026/05/02 14:24,2026/05/02 14:24,0:05,サイボウズ（申請データの詳細 - サイボウズ Office および他 1 ページ）での情報確認・処理
2026/05/02 14:24,2026/05/02 18:02,3:38,Webサイト（10.85.33.223 - リモート デスクトップ接続）の閲覧・調査 / Webサイト（51% 完了）の閲覧・調査 / Webサイト（62% 完了）の閲覧・調査 / Webサイト（97% 完了）の閲覧・調査 / Webサイト（Advanced IP Scanner - ダウンロード無料のネットワークスキャナー および他 3 ページ）の閲覧・調査 / Webサイト（Advanc...
2026/05/02 18:02,2026/05/02 18:02,0:05,サイボウズ（個人フォルダ - サイボウズ Office および他 2 ページ）での情報確認・処理 / サイボウズ（個人フォルダ - サイボウズ Office）での情報確認・処理 / サイボウズ（申請データの詳細 - サイボウズ Office および他 2 ページ）での情報確認・処理
2026/05/03 20:37,2026/05/03 20:37,0:05,Webサイト（リモート アクセス - Chrome リモート デスクトップ）の閲覧・調査
2026/05/04 18:34,2026/05/04 18:43,0:09,Webサイト（MT5 乖離アラートインジケーター作成 - Google Gemini）の閲覧・調査 / Webサイト（スキャルピングインジケーターの効率化 - Google Gemini）の閲覧・調査
2026/05/04 22:02,2026/05/04 22:02,0:05,Webサイト（MT5 乖離アラートインジケーター作成 - Google Gemini）の閲覧・調査
2026/05/04 23:46,2026/05/05 00:06,0:19,Webサイト（Google Gemini）の閲覧・調査 / Webサイト（Google）の閲覧・調査 / Webサイト（MT5 乖離アラートインジケーター作成 - Google Gemini）の閲覧・調査
2026/05/06 09:13,2026/05/06 10:03,0:49,Webサイト（(21) ホーム / X）の閲覧・調査 / Webサイト（(21) ラ・ローズ・ジャポネ - 検索 / X）の閲覧・調査 / Webサイト（22歳の開発者が「Claude Mythos」を推定・構築、公開プロジェクト「OpenMythos」開始 | Forbes JAPAN 公式サイト（フォーブス ジャパン））の閲覧・調査 / Webサイト（AI チャットの動作を早くする方法 ...
2026/05/06 14:25,2026/05/06 14:28,0:05,Webサイト（10.85.33.223 - リモート デスクトップ接続）の閲覧・調査 / Webサイト（FWN-026）の閲覧・調査 / Webサイト（Google AI Studio）の閲覧・調査 / Webサイト（Google Gemini）の閲覧・調査 / Webサイト（NotebookLM）の閲覧・調査 / Webサイト（「危険すぎるAI」Claude Mythosショック：4月7日...
2026/05/06 14:28,2026/05/06 14:28,0:05,Webサイト（残業調査報告書_岸川恭士_20260402.docx  -  保護ビュー - Word）の閲覧・調査 / Webサイト（起動しています - Word）の閲覧・調査 / Word
2026/05/06 14:29,2026/05/06 14:29,0:05,Antigravityを用いた「システム開発・改善」の開発・相談 / Word / スタート
2026/05/06 14:48,2026/05/06 14:49,0:05,Webサイト（PC操作ログ(CSV)を複数選択）の閲覧・調査 / Webサイト（ファイル選択 (1/3)）の閲覧・調査 / Webサイト（ファイル選択 (2/3)）の閲覧・調査 / Webサイト（フォルダ選択 (3/3)）の閲覧・調査 / Webサイト（勤怠マスタ(Excel)を選択）の閲覧・調査 / Webサイト（報告書の保存先フォルダを選択）の閲覧・調査
2026/05/06 14:49,2026/05/06 14:49,0:05,Antigravityを用いた「システム開発・改善」の開発・相談
2026/05/06 14:50,2026/05/06 14:50,0:05,Webサイト（残業調査報告書_岸川恭士_20260401.docx  -  保護ビュー - Word）の閲覧・調査 / Webサイト（起動しています - Word）の閲覧・調査
2026/05/06 14:50,2026/05/06 14:50,0:05,Webサイト（100% 完了）の閲覧・調査 / Webサイト（71% 完了）の閲覧・調査 / Webサイト（88% 完了）の閲覧・調査 / Webサイト（97% 完了）の閲覧・調査 / Word
2026/05/06 14:53,2026/05/06 14:53,0:05,Antigravityを用いた「システム開発・改善」の開発・相談
2026/05/06 14:54,2026/05/06 14:54,0:05,Webサイト（PC操作ログ(CSV)を複数選択）の閲覧・調査 / Webサイト（ファイル選択 (1/3)）の閲覧・調査 / Webサイト（ファイル選択 (2/3)）の閲覧・調査 / Webサイト（フォルダ選択 (3/3)）の閲覧・調査 / Webサイト（勤怠マスタ(Excel)を選択）の閲覧・調査 / Webサイト（報告書の保存先フォルダを選択）の閲覧・調査
2026/05/06 14:55,2026/05/06 14:55,0:05,Antigravityを用いた「システム開発・改善」の開発・相談
2026/05/06 14:55,2026/05/06 14:55,0:05,Webサイト（PC操作ログ(CSV)を複数選択）の閲覧・調査 / Webサイト（ファイル選択 (1/3)）の閲覧・調査 / Webサイト（ファイル選択 (2/3)）の閲覧・調査 / Webサイト（フォルダ選択 (3/3)）の閲覧・調査 / Webサイト（勤怠マスタ(Excel)を選択）の閲覧・調査 / Webサイト（報告書の保存先フォルダを選択）の閲覧・調査
2026/05/06 14:58,2026/05/06 14:58,0:05,Antigravityを用いた「システム開発・改善」の開発・相談
2026/05/06 14:58,2026/05/06 14:58,0:05,Webサイト（残業調査報告書_岸川恭士_20260401.docx  -  互換モード - Word）の閲覧・調査
2026/05/06 14:59,2026/05/06 14:59,0:05,Antigravityを用いた「システム開発・改善」の開発・相談
2026/05/06 15:06,2026/05/06 15:06,0:05,Webサイト（PC操作ログ(CSV)を複数選択）の閲覧・調査 / Webサイト（ファイル選択 (1/3)）の閲覧・調査 / Webサイト（ファイル選択 (2/3)）の閲覧・調査 / Webサイト（勤怠マスタ(Excel)を選択）の閲覧・調査
2026/05/06 15:07,2026/05/06 15:07,0:05,Antigravityを用いた「システム開発・改善」の開発・相談
2026/05/06 15:07,2026/05/06 15:07,0:05,Webサイト（フォルダ選択 (3/3)）の閲覧・調査 / Webサイト（報告書の保存先フォルダを選択）の閲覧・調査
2026/05/06 15:07,2026/05/06 15:07,0:05,Antigravityを用いた「システム開発・改善」の開発・相談
2026/05/06 15:07,2026/05/06 15:08,0:05,Webサイト（PC操作ログ(CSV)を複数選択）の閲覧・調査 / Webサイト（ファイル選択 (1/3)）の閲覧・調査 / Webサイト（ファイル選択 (2/3)）の閲覧・調査 / Webサイト（フォルダ選択 (3/3)）の閲覧・調査 / Webサイト（勤怠マスタ(Excel)を選択）の閲覧・調査 / Webサイト（報告書の保存先フォルダを選択）の閲覧・調査
2026/05/06 15:20,2026/05/06 15:20,0:05,Antigravityを用いた「システム開発・改善」の開発・相談
2026/05/06 15:20,2026/05/06 15:21,0:05,Webサイト（残業調査報告書_岸川恭士_20260401.docx  -  互換モード - Word）の閲覧・調査 / Webサイト（残業調査報告書_岸川恭士_20260401_再生成.docx  -  互換モード - Word）の閲覧・調査 / Webサイト（残業調査報告書_岸川恭士_20260402.docx  -  互換モード - Word）の閲覧・調査 / Webサイト（起動していま...
2026/05/06 15:22,2026/05/06 15:22,0:05,Antigravityを用いた「システム開発・改善」の開発・相談
2026/05/06 15:22,2026/05/06 15:22,0:05,Webサイト（残業調査報告書_岸川恭士_20260402.docx  -  互換モード - Word）の閲覧・調査
2026/05/06 15:23,2026/05/06 15:23,0:05,Antigravityを用いた「システム開発・改善」の開発・相談
2026/05/06 15:23,2026/05/06 15:23,0:05,Webサイト（残業調査報告書_岸川恭士_20260402.docx  -  互換モード - Word）の閲覧・調査
2026/05/06 15:23,2026/05/06 15:23,0:05,Antigravityを用いた「システム開発・改善」の開発・相談
2026/05/06 15:23,2026/05/06 15:23,0:05,Webサイト（残業調査報告書_岸川恭士_20260402.docx  -  互換モード - Word）の閲覧・調査
2026/05/06 15:23,2026/05/06 15:23,0:05,Antigravityを用いた「システム開発・改善」の開発・相談
2026/05/06 15:29,2026/05/06 15:30,0:05,Webサイト（ファイル選択 (1/3)）の閲覧・調査 / Webサイト（勤怠マスタ(Excel)を選択）の閲覧・調査
2026/05/06 15:30,2026/05/06 15:30,0:05,Antigravityを用いた「システム開発・改善」の開発・相談
2026/05/06 15:30,2026/05/06 15:30,0:05,Webサイト（勤怠マスタ(Excel)を選択）の閲覧・調査 / Webサイト（残業調査報告書_岸川恭士_20260402.docx  -  互換モード - Word）の閲覧・調査
2026/05/06 15:30,2026/05/06 15:31,0:05,3% 完了 / Webサイト（11% 完了）の閲覧・調査 / Webサイト（66% 完了）の閲覧・調査 / Webサイト（98% 完了）の閲覧・調査 / Webサイト（勤怠マスタ(Excel)を選択）の閲覧・調査
2026/05/06 15:31,2026/05/06 15:31,0:05,Antigravityを用いた「システム開発・改善」の開発・相談
2026/05/06 15:31,2026/05/06 15:31,0:05,Webサイト（PC操作ログ(CSV)を複数選択）の閲覧・調査 / Webサイト（ファイル選択 (1/3)）の閲覧・調査 / Webサイト（ファイル選択 (2/3)）の閲覧・調査 / Webサイト（フォルダ選択 (3/3)）の閲覧・調査 / Webサイト（勤怠マスタ(Excel)を選択）の閲覧・調査 / Webサイト（報告書の保存先フォルダを選択）の閲覧・調査
2026/05/06 15:35,2026/05/06 15:35,0:05,Antigravityを用いた「システム開発・改善」の開発・相談
2026/05/06 15:35,2026/05/06 15:40,0:05,Webサイト（①社用ノートパソコン管理台帳 (version 1).xlsb  -  共有  -  自動回復済み - Excel）の閲覧・調査 / Webサイト（残業調査報告書_岸川恭士_20260401.docx  -  互換モード - Word）の閲覧・調査 / Webサイト（残業調査報告書_岸川恭士_20260403.docx  -  互換モード - Word）の閲覧・調査 / Web...
2026/05/06 15:40,2026/05/06 15:40,0:05,Excelファイル（20260427_ログ表示結果-20260416175217）の入力・編集
2026/05/06 15:41,2026/05/06 15:41,0:05,Excelファイル（20260427_ログ表示結果-20260416175217）の入力・編集 / 検索と置換
2026/05/06 15:41,2026/05/06 15:41,0:05,Excelファイル（20260427_ログ表示結果-20260416175217）の入力・編集 / 検索と置換
2026/05/06 15:41,2026/05/06 15:42,0:05,Webサイト（残業調査報告書_岸川恭士_20260401.docx  -  互換モード - Word）の閲覧・調査 / Webサイト（残業調査報告書_岸川恭士_20260402.docx  -  互換モード - Word）の閲覧・調査 / Webサイト（残業調査報告書_岸川恭士_20260403.docx  -  互換モード - Word）の閲覧・調査 / Webサイト（起動しています - ...
2026/05/06 15:42,2026/05/06 15:42,0:05,Excelファイル（20260427_ログ表示結果-20260416175217）の入力・編集
2026/05/06 15:42,2026/05/06 15:42,0:05,Webサイト（残業調査報告書_岸川恭士_20260403.docx  -  互換モード - Word）の閲覧・調査
2026/05/06 15:42,2026/05/06 15:42,0:05,Antigravityを用いた「システム開発・改善」の開発・相談
2026/05/06 15:44,2026/05/06 15:44,0:05,Excelファイル（20260427_ログ表示結果-20260416175217）の入力・編集
2026/05/06 15:44,2026/05/06 15:45,0:05,Antigravityを用いた「システム開発・改善」の開発・相談
2026/05/06 15:46,2026/05/06 15:46,0:05,Webサイト（残業調査報告書_岸川恭士_20260403.docx  -  互換モード - Word）の閲覧・調査
2026/05/06 15:46,2026/05/06 15:46,0:05,Antigravityを用いた「システム開発・改善」の開発・相談
2026/05/06 15:46,2026/05/06 15:47,0:05,Excelファイル（20260427_ログ表示結果-20260416175217）の入力・編集
2026/05/06 15:47,2026/05/06 15:47,0:05,Antigravityを用いた「システム開発・改善」の開発・相談
2026/05/06 15:47,2026/05/06 15:47,0:05,Webサイト（残業調査報告書_岸川恭士_20260403.docx  -  互換モード - Word）の閲覧・調査
2026/05/06 15:47,2026/05/06 15:47,0:05,Antigravityを用いた「システム開発・改善」の開発・相談
2026/05/06 15:49,2026/05/06 15:49,0:05,Webサイト（ファイル選択 (1/3)）の閲覧・調査
2026/05/06 15:49,2026/05/06 15:49,0:05,Antigravityを用いた「システム開発・改善」の開発・相談
2026/05/06 15:50,2026/05/06 15:51,0:05,Webサイト（11% 完了）の閲覧・調査 / Webサイト（66% 完了）の閲覧・調査 / Webサイト（98% 完了）の閲覧・調査 / Webサイト（PC操作ログ(CSV)を複数選択）の閲覧・調査 / Webサイト（ファイル選択 (1/3)）の閲覧・調査 / Webサイト（ファイル選択 (2/3)）の閲覧・調査 / Webサイト（フォルダ選択 (3/3)）の閲覧・調査 / Webサイト（勤...
2026/05/06 15:51,2026/05/06 15:52,0:05,Antigravityを用いた「システム開発・改善」の開発・相談
2026/05/06 15:52,2026/05/06 15:56,0:05,Webサイト（①社用ノートパソコン管理台帳 (version 1).xlsb  -  共有  -  自動回復済み - Excel）の閲覧・調査 / Webサイト（残業調査報告書_岸川恭士_20260401.docx  -  互換モード - Word）の閲覧・調査 / Webサイト（残業調査報告書_岸川恭士_20260403.docx  -  互換モード - Word）の閲覧・調査 / Web...
2026/05/06 15:56,2026/05/06 15:56,0:05,Excelファイル（20260427_ログ表示結果-20260416175217）の入力・編集
2026/05/06 15:57,2026/05/06 15:57,0:05,Antigravityを用いた「システム開発・改善」の開発・相談
2026/05/06 15:59,2026/05/06 15:59,0:05,Webサイト（ファイル選択 (1/3)）の閲覧・調査
2026/05/06 15:59,2026/05/06 15:59,0:05,Antigravityを用いた「システム開発・改善」の開発・相談
2026/05/06 16:00,2026/05/06 16:07,0:07,Webサイト（PC操作ログ(CSV)を複数選択）の閲覧・調査 / Webサイト（ファイル選択 (1/3)）の閲覧・調査 / Webサイト（ファイル選択 (2/3)）の閲覧・調査 / Webサイト（フォルダ選択 (3/3)）の閲覧・調査 / Webサイト（勤怠マスタ(Excel)を選択）の閲覧・調査 / Webサイト（報告書の保存先フォルダを選択）の閲覧・調査 / Webサイト（残業調査報告書...
2026/05/07 09:06,2026/05/07 09:07,0:05,Webサイト（10.85.33.223 - リモート デスクトップ接続）の閲覧・調査 / Webサイト（Advanced IP Scanner - 検索 および他 1 ページ）の閲覧・調査 / Webサイト（Advanced IP Scanner - 検索）の閲覧・調査 / Webサイト（accounts.secure.freee.co.jp/sessions/new?redirect_ur...
2026/05/07 09:07,2026/05/07 09:07,0:05,サイボウズ（forestway.cybozu.com/o/ag.cgi?page=MyFolderMessageView&mDBID=1&mEID=90677&mDID=297052&cp=ml&sp=&tp= および他 1 ページ）での情報確認・処理 / サイボウズ（メッセージの詳細 - サイボウズ Office および他 1 ページ）での情報確認・処理 / サイボウズ（メッセージの詳細 ...
2026/05/07 09:08,2026/05/07 09:08,0:05,Webサイト（ようこそ および他 2 ページ）の閲覧・調査
2026/05/07 09:08,2026/05/07 09:09,0:05,Webサイト（ICD設定項目によるデバイスカスタマイズ - Google Gemini）の閲覧・調査 / Webサイト（iLOケーブルタグ - Google スプレッドシート および他 2 ページ）の閲覧・調査 / Webサイト（iLOケーブルタグ - Google スプレッドシート）の閲覧・調査 / Webサイト（残業調査報告書_岸川恭士_20260410.docx  -  互換モード -...
2026/05/07 09:09,2026/05/07 09:10,0:05,サイボウズ（メッセージの詳細 - サイボウズ Office および他 2 ページ）での情報確認・処理 / サイボウズ（メッセージの詳細 - サイボウズ Office）での情報確認・処理 / サイボウズ（個人フォルダ - サイボウズ Office および他 2 ページ）での情報確認・処理 / サイボウズ（個人フォルダ - サイボウズ Office）での情報確認・処理
2026/05/07 09:10,2026/05/07 09:10,0:05,メール（PDF.js viewer）の閲覧・作成 / メール（ディスプレイの見積書送付）の閲覧・作成 / メール（ホーム）の閲覧・作成 / メール（宮澤）の閲覧・作成 / メール（読み込み中...）の閲覧・作成 / メール（轡田）の閲覧・作成
2026/05/07 09:10,2026/05/07 09:23,0:12,"Excelファイル（20260427_ログ表示結果-20260416175217）の入力・編集 / Excelファイル（20260501_システム部向け保有スマホ２台貸与_④稟議書（システム関連,社長決裁）20230701.xlsx）の入力・編集 / Excelファイル（20260507?PC用ディスプレイ購入の件?④稟議書（システム関連,社長決裁）20230701.xlsx）の入力・編集 ..."
2026/05/07 09:23,2026/05/07 09:23,0:05,Webサイト（セルの書式設定）の閲覧・調査
2026/05/07 09:23,2026/05/07 09:24,0:05,"Excelファイル（20260507_デスクトップPC用ディスプレイ2台購入の件_④稟議書（システム関連,社長決裁）20230701.xlsx）の入力・編集"
2026/05/07 09:24,2026/05/07 09:24,0:05,Webサイト（セルの書式設定）の閲覧・調査
2026/05/07 09:24,2026/05/07 09:26,0:05,"Excelファイル（20260507_デスクトップPC用ディスプレイ2台購入の件_④稟議書（システム関連,社長決裁）20230701.xlsx）の入力・編集 / PDF資料（NW見積書 フォーレスト様向けディスプレイ_20260501.pdf）の確認"
2026/05/07 09:27,2026/05/07 09:29,0:05,サイボウズ（個人フォルダ - サイボウズ Office および他 2 ページ）での情報確認・処理
2026/05/07 09:29,2026/05/07 09:29,0:05,"Excelファイル（20260507_デスクトップPC用ディスプレイ2台購入の件_④稟議書（システム関連,社長決裁）20230701.xlsx）の入力・編集"
2026/05/07 09:29,2026/05/07 09:29,0:05,サイボウズ（個人フォルダ - サイボウズ Office および他 2 ページ）での情報確認・処理
2026/05/07 09:29,2026/05/07 09:29,0:05,"Excelファイル（20260507_デスクトップPC用ディスプレイ2台購入の件_④稟議書（システム関連,社長決裁）20230701.xlsx）の入力・編集"
2026/05/07 09:29,2026/05/07 09:29,0:05,サイボウズ（個人フォルダ - サイボウズ Office および他 2 ページ）での情報確認・処理
2026/05/07 09:29,2026/05/07 09:29,0:05,"Excelファイル（20260507_デスクトップPC用ディスプレイ2台購入の件_④稟議書（システム関連,社長決裁）20230701.xlsx）の入力・編集"
2026/05/07 09:29,2026/05/07 09:29,0:05,サイボウズ（個人フォルダ - サイボウズ Office および他 2 ページ）での情報確認・処理
2026/05/07 09:29,2026/05/07 09:31,0:05,"Excelファイル（20260507_デスクトップPC用ディスプレイ2台購入の件_④稟議書（システム関連,社長決裁）20230701.xlsx）の入力・編集"
2026/05/07 09:31,2026/05/07 09:31,0:05,Webサイト（セルの書式設定）の閲覧・調査
2026/05/07 09:31,2026/05/07 09:31,0:05,"Excelファイル（20260507_デスクトップPC用ディスプレイ2台購入の件_④稟議書（システム関連,社長決裁）20230701.xlsx）の入力・編集 / PDF資料（20240820_パソコン用ディスプレイ購入について_④稟議書（システム関連,社長決裁）20230701.pdf）の確認 / PDF資料（20260119?PPAP対策NTTBizストレージ＆ファイルシェア契約の件?④稟..."
2026/05/07 09:31,2026/05/07 09:31,0:05,Webサイト（Adobe Acrobat）の閲覧・調査
2026/05/07 09:31,2026/05/07 09:31,0:05,"PDF資料（20260119?PPAP対策NTTBizストレージ＆ファイルシェア契約の件?④稟議書（システム関連,社長決裁）20230701.pdf）の確認"
2026/05/07 09:32,2026/05/07 09:32,0:05,Webサイト（Adobe Acrobat）の閲覧・調査
2026/05/07 09:32,2026/05/07 09:32,0:05,"Excelファイル（20260507_デスクトップPC用ディスプレイ2台購入の件_④稟議書（システム関連,社長決裁）20230701.xlsx）の入力・編集 / PDF資料（20240820_パソコン用ディスプレイ購入について_④稟議書（システム関連,社長決裁）20230701.pdf）の確認 / PDF資料（20260119?PPAP対策NTTBizストレージ＆ファイルシェア契約の件?④稟..."
2026/05/07 09:32,2026/05/07 09:32,0:05,Webサイト（セルの書式設定）の閲覧・調査
2026/05/07 09:32,2026/05/07 09:32,0:05,"Excelファイル（20260507_デスクトップPC用ディスプレイ2台購入の件_④稟議書（システム関連,社長決裁）20230701.xlsx）の入力・編集"
2026/05/07 09:32,2026/05/07 09:32,0:05,サイボウズ（個人フォルダ - サイボウズ Office および他 2 ページ）での情報確認・処理
2026/05/07 09:33,2026/05/07 09:33,0:05,"Excelファイル（20260507_デスクトップPC用ディスプレイ2台購入の件_④稟議書（システム関連,社長決裁）20230701.xlsx）の入力・編集"
2026/05/07 09:33,2026/05/07 09:33,0:05,サイボウズ（個人フォルダ - サイボウズ Office および他 2 ページ）での情報確認・処理
2026/05/07 09:33,2026/05/07 09:33,0:05,"Excelファイル（20260507_デスクトップPC用ディスプレイ2台購入の件_④稟議書（システム関連,社長決裁）20230701.xlsx）の入力・編集"
2026/05/07 09:34,2026/05/07 09:34,0:05,サイボウズ（個人フォルダ - サイボウズ Office および他 2 ページ）での情報確認・処理
2026/05/07 09:34,2026/05/07 09:34,0:05,"Excelファイル（20260507_デスクトップPC用ディスプレイ2台購入の件_④稟議書（システム関連,社長決裁）20230701.xlsx）の入力・編集"
2026/05/07 09:34,2026/05/07 09:34,0:05,サイボウズ（個人フォルダ - サイボウズ Office および他 2 ページ）での情報確認・処理
2026/05/07 09:34,2026/05/07 09:44,0:09,"Excelファイル（20250613_PC切替器購入について_④稟議書（システム関連,社長決裁）20230701.xlsx）の入力・編集 / Excelファイル（20250624_ノートPC購入について_④稟議書（システム関連,社長決裁）20230701.xlsx）の入力・編集 / Excelファイル（20251223?PPAP対策NTTBizストレージ＆ファイルシェア契約の件?④稟議書（シ..."
2026/05/07 09:44,2026/05/07 09:45,0:05,サイボウズ（forestway.cybozu.com/o/ag.cgi?page=FileIndex&gid=1058 および他 2 ページ）での情報確認・処理 / サイボウズ（ファイルの詳細 - サイボウズ Office および他 2 ページ）での情報確認・処理 / サイボウズ（ファイルの詳細 - サイボウズ Office）での情報確認・処理 / サイボウズ（ファイル管理 - サイボウズ ...
2026/05/07 09:45,2026/05/07 09:46,0:05,"Excelファイル（20260507_デスクトップPC用ディスプレイ2台購入の件_④稟議書（システム関連,社長決裁）20230701.xlsx）の入力・編集 / Excelファイル（20260507_デスクトップPC用ディスプレイ2台購入の件_④稟議書（システム関連,社長決裁）20240701.xlsx）の入力・編集"
2026/05/07 09:46,2026/05/07 09:46,0:05,サイボウズ（ファイルの詳細 - サイボウズ Office および他 2 ページ）での情報確認・処理
2026/05/07 09:46,2026/05/07 09:46,0:05,Excelファイル（20260427_ログ表示結果-20260416175217）の入力・編集
2026/05/07 09:46,2026/05/07 09:46,0:05,サイボウズ（ファイルの詳細 - サイボウズ Office および他 2 ページ）での情報確認・処理
2026/05/07 09:46,2026/05/07 09:48,0:05,"Excelファイル（20260427_ログ表示結果-20260416175217）の入力・編集 / Excelファイル（20260507_デスクトップPC用ディスプレイ2台購入の件_④稟議書（システム関連,社長決裁）20240701.xlsx）の入力・編集 / PDF資料（20240820_パソコン用ディスプレイ購入について_④稟議書（システム関連,社長決裁）20230701.pdf）の確認..."
2026/05/07 09:48,2026/05/07 09:48,0:05,Webサイト（名前を付けて保存）の閲覧・調査
2026/05/07 09:48,2026/05/07 09:48,0:05,"Excelファイル（20260507_デスクトップPC用ディスプレイ2台購入の件_④稟議書（システム関連,社長決裁）20240701.xlsx）の入力・編集"
2026/05/07 09:48,2026/05/07 09:48,0:05,Webサイト（Microsoft Excel）の閲覧・調査
2026/05/07 09:48,2026/05/07 09:48,0:05,"PDF資料（20251222?大宮本社休憩室及び東日本物流ｾﾝﾀｰ休憩室へのﾌﾘｰWIFI設置工事の件?④稟議書（システム関連,社長決裁）20230701.pdf）の確認"
2026/05/07 09:48,2026/05/07 09:48,0:05,Webサイト（Adobe Acrobat）の閲覧・調査
2026/05/07 09:48,2026/05/07 09:48,0:05,"PDF資料（20251222?大宮本社休憩室及び東日本物流ｾﾝﾀｰ休憩室へのﾌﾘｰWIFI設置工事の件?④稟議書（システム関連,社長決裁）20230701.pdf）の確認"
2026/05/07 09:48,2026/05/07 09:48,0:05,Webサイト（Adobe Acrobat Reader (64-bit)）の閲覧・調査 / Webサイト（Microsoft Excel）の閲覧・調査
2026/05/07 09:48,2026/05/07 09:48,0:05,"Excelファイル（20260507_デスクトップPC用ディスプレイ2台購入の件_④稟議書（システム関連,社長決裁）20240701.xlsx）の入力・編集"
2026/05/07 09:48,2026/05/07 09:48,0:05,Webサイト（名前を付けて保存）の閲覧・調査
2026/05/07 09:48,2026/05/07 09:49,0:05,"Excelファイル（20260507_デスクトップPC用ディスプレイ2台購入の件_④稟議書（システム関連,社長決裁）20240701.xlsx）の入力・編集 / PDF資料（20260507_デスクトップPC用ディスプレイ2台購入の件_④稟議書（システム関連,社長決裁）20240701.pdf）の確認 / PDF資料（NW見積書 フォーレスト様向けディスプレイ_20260501.pdf）の確認"
2026/05/07 09:49,2026/05/07 09:49,0:05,メール（PDF.js viewer）の閲覧・作成 / メール（ディスプレイの見積書送付）の閲覧・作成 / メール（読み込み中...）の閲覧・作成
2026/05/07 09:49,2026/05/07 09:49,0:05,PDF資料（NW見積書 フォーレスト様向けディスプレイ_20260501.pdf）の確認
2026/05/07 09:49,2026/05/07 09:49,0:05,メール（ディスプレイの見積書送付）の閲覧・作成
2026/05/07 09:49,2026/05/07 09:49,0:05,Webサイト（添付ファイルを保存）の閲覧・調査
2026/05/07 09:49,2026/05/07 09:49,0:05,メール（ディスプレイの見積書送付）の閲覧・作成
2026/05/07 09:57,2026/05/07 09:58,0:05,"Excelファイル（20260427_ログ表示結果-20260416175217）の入力・編集 / PDF資料（20260507_デスクトップPC用ディスプレイ2台購入の件_④稟議書（システム関連,社長決裁）20240701.pdf）の確認"
2026/05/07 09:58,2026/05/07 09:58,0:05,メール（PDF.js viewer）の閲覧・作成 / メール（ディスプレイの見積書送付）の閲覧・作成 / メール（読み込み中...）の閲覧・作成
2026/05/07 09:58,2026/05/07 09:58,0:05,Excelファイル（20260427_ログ表示結果-20260416175217）の入力・編集 / PDF資料（NW見積書 フォーレスト様向けディスプレイ_20260501.pdf）の確認
2026/05/07 09:58,2026/05/07 09:58,0:05,PDF24 / Webサイト（PDF24 Toolbox - PDF 結合）の閲覧・調査 / Webサイト（PDF24 Toolbox）の閲覧・調査 / スタート
2026/05/07 09:59,2026/05/07 09:59,0:05,PDF資料（NW見積書 フォーレスト様向けディスプレイ_20260501.pdf）の確認
2026/05/07 09:59,2026/05/07 09:59,0:05,メール（PDF.js viewer）の閲覧・作成 / メール（ディスプレイの見積書送付）の閲覧・作成 / メール（読み込み中...）の閲覧・作成
2026/05/07 09:59,2026/05/07 09:59,0:05,PDF資料（NW見積書 フォーレスト様向けディスプレイ_20260501.pdf）の確認
2026/05/07 09:59,2026/05/07 09:59,0:05,メール（Mozilla Thunderbird）の閲覧・作成 / メール（PDF.js viewer）の閲覧・作成 / メール（Thunderbird の更新）の閲覧・作成 / メール（ホーム）の閲覧・作成 / メール（読み込み中...）の閲覧・作成
2026/05/07 09:59,2026/05/07 09:59,0:05,PDF資料（NW見積書 フォーレスト様向けディスプレイ_20260501.pdf）の確認
2026/05/07 09:59,2026/05/07 09:59,0:05,メール（ディスプレイの見積書送付）の閲覧・作成
2026/05/07 09:59,2026/05/07 09:59,0:05,Webサイト（名前を付けて保存の確認）の閲覧・調査 / Webサイト（添付ファイルを保存）の閲覧・調査
2026/05/07 09:59,2026/05/07 09:59,0:05,メール（ディスプレイの見積書送付）の閲覧・作成
2026/05/07 10:00,2026/05/07 10:00,0:05,"PDF資料（20260507_デスクトップPC用ディスプレイ2台購入の件_④稟議書（システム関連,社長決裁）20240701.pdf）の確認 / PDF資料（NW見積書 フォーレスト様向けディスプレイ_20260501.pdf）の確認"
2026/05/07 10:00,2026/05/07 10:00,0:05,Webサイト（Adobe Acrobat）の閲覧・調査
2026/05/07 10:00,2026/05/07 10:00,0:05,"PDF資料（20260507_デスクトップPC用ディスプレイ2台購入の件_④稟議書（システム関連,社長決裁）20240701.pdf）の確認 / PDF資料（NW見積書 フォーレスト様向けディスプレイ_20260501.pdf）の確認"
2026/05/07 10:00,2026/05/07 10:00,0:05,メール（ディスプレイの見積書送付）の閲覧・作成
2026/05/07 10:00,2026/05/07 10:00,0:05,Webサイト（PDF24 Toolbox - PDF 結合）の閲覧・調査
2026/05/07 10:00,2026/05/07 10:00,0:05,"PDF資料（20260507_デスクトップPC用ディスプレイ2台購入の件_④稟議書（システム関連,社長決裁）20240701.pdf）の確認"
2026/05/07 10:01,2026/05/07 10:01,0:05,Webサイト（Adobe Acrobat Reader (64-bit)）の閲覧・調査 / Webサイト（PDF24 Toolbox - PDF 結合）の閲覧・調査 / Webサイト（名前を付けて保存）の閲覧・調査
2026/05/07 10:02,2026/05/07 10:02,0:05,"PDF資料（20260507_デスクトップPC用ディスプレイ2台購入の件_④稟議書（システム関連,社長決裁）20240701.pdf）の確認"
2026/05/07 10:02,2026/05/07 10:02,0:05,Webサイト（Adobe Acrobat Reader (64-bit)）の閲覧・調査 / Webサイト（PDF24 Toolbox - PDF 結合）の閲覧・調査
2026/05/07 10:04,2026/05/07 10:04,0:05,"PDF資料（20260507_デスクトップPC用ディスプレイ2台購入の件_④稟議書（システム関連,社長決裁）20240701.pdf）の確認"
2026/05/07 10:06,2026/05/07 10:06,0:05,メール（ディスプレイの見積書送付）の閲覧・作成
2026/05/07 10:06,2026/05/07 10:06,0:05,Webサイト（作成: (件名なし)）の閲覧・調査
2026/05/07 10:06,2026/05/07 10:06,0:05,メール（Re: ノートPCの御見積書送付）の閲覧・作成 / メール（ディスプレイの見積書送付）の閲覧・作成 / メール（ノートPCの御見積書送付）の閲覧・作成 / メール（ホーム）の閲覧・作成 / メール（作成: Re: ディスプレイの見積書送付）の閲覧・作成 / メール（宮澤）の閲覧・作成
2026/05/07 10:12,2026/05/07 10:12,0:05,Webサイト（フォルダーの削除）の閲覧・調査
2026/05/07 10:16,2026/05/07 10:16,0:05,Excelファイル（20260427_ログ表示結果-20260416175217）の入力・編集 / スタート
2026/05/07 10:16,2026/05/07 10:16,0:05,Webサイト（Microsoft Excel）の閲覧・調査
2026/05/07 10:16,2026/05/07 10:16,0:05,Excelファイル（'TEPRA.xlsx'の修復）の入力・編集 / Excelファイル（20260427_ログ表示結果-20260416175217）の入力・編集 / Excelファイル（TEPRA.xlsx ）の入力・編集
2026/05/07 10:16,2026/05/07 10:18,0:05,Webサイト（テプラ クリエイター）の閲覧・調査 / スタート
2026/05/07 10:18,2026/05/07 10:19,0:05,Webサイト（テプラ クリエイター -）の閲覧・調査 / Webサイト（テプラ クリエイター）の閲覧・調査 / Webサイト（名前を付けて保存）の閲覧・調査 / 新規/開く
2026/05/07 10:20,2026/05/07 10:20,0:05,Webサイト（ショートカットの検索）の閲覧・調査 / スタート
2026/05/07 10:20,2026/05/07 10:20,0:05,Webサイト（テプラ クリエイター）の閲覧・調査 / スタート
2026/05/07 10:20,2026/05/07 10:22,0:05,Webサイト（テプラ クリエイター -）の閲覧・調査 / Webサイト（テプラ クリエイター）の閲覧・調査 / Webサイト（データ読み込み）の閲覧・調査 / Webサイト（流し込みデータ選択）の閲覧・調査 / 新規/開く
2026/05/07 10:22,2026/05/07 10:22,0:05,Excelファイル（TEPRA.xlsx ）の入力・編集
2026/05/07 10:22,2026/05/07 10:22,0:05,Webサイト（Microsoft Excel）の閲覧・調査
2026/05/07 10:22,2026/05/07 10:22,0:05,Excelファイル（TEPRA.xlsx ）の入力・編集
2026/05/07 10:22,2026/05/07 10:22,0:05,Webサイト（データ読み込み）の閲覧・調査
2026/05/07 10:22,2026/05/07 10:22,0:05,Excelファイル（TEPRA.xlsx ）の入力・編集
2026/05/07 10:22,2026/05/07 10:22,0:05,Webサイト（名前を付けて保存）の閲覧・調査
2026/05/07 10:22,2026/05/07 10:22,0:05,Excelファイル（TEPRA.xlsx ）の入力・編集
2026/05/07 10:23,2026/05/07 10:23,0:05,Webサイト（データ読み込み）の閲覧・調査
2026/05/07 10:23,2026/05/07 10:23,0:05,Excelファイル（20260427_ログ表示結果-20260416175217）の入力・編集
2026/05/07 10:23,2026/05/07 10:23,0:05,Webサイト（データ読み込み）の閲覧・調査
2026/05/07 10:23,2026/05/07 10:23,0:05,Antigravityを用いた「システム開発・改善」の開発・相談
2026/05/07 10:23,2026/05/07 10:23,0:05,Webサイト（NotebookLM）の閲覧・調査 / Webサイト（①社用ノートパソコン管理台帳 (version 1).xlsb  -  共有  -  自動回復済み - Excel）の閲覧・調査 / Webサイト（データ読み込み）の閲覧・調査
2026/05/07 10:23,2026/05/07 10:23,0:05,Excelファイル（TEPRA.xlsx ）の入力・編集
2026/05/07 10:24,2026/05/07 10:24,0:05,Webサイト（名前を付けて保存）の閲覧・調査
2026/05/07 10:24,2026/05/07 10:24,0:05,Excelファイル（TEPRA.xlsx ）の入力・編集
2026/05/07 10:24,2026/05/07 10:26,0:05,Webサイト（シートの選択）の閲覧・調査 / Webサイト（テプラ クリエイター -）の閲覧・調査 / Webサイト（データ読み込み）の閲覧・調査 / Webサイト（流し込みデータ選択）の閲覧・調査 / Webサイト（読み込み方法の選択）の閲覧・調査
2026/05/07 10:26,2026/05/07 10:26,0:05,Webサイト（テプラ クリエイター -）の閲覧・調査 / Webサイト（テプラ クリエイター）の閲覧・調査 / 新規/開く
2026/05/07 10:27,2026/05/07 10:27,0:05,Antigravityを用いた「システム開発・改善」の開発・相談
2026/05/07 10:27,2026/05/07 10:27,0:05,Excelファイル（TEPRA.xlsx ）の入力・編集
2026/05/07 10:27,2026/05/07 10:27,0:05,Antigravityを用いた「システム開発・改善」の開発・相談
2026/05/07 10:27,2026/05/07 10:27,0:05,Webサイト（①社用ノートパソコン管理台帳 (version 1).xlsb  -  共有  -  自動回復済み - Excel）の閲覧・調査
2026/05/07 10:27,2026/05/07 10:27,0:05,Antigravityを用いた「システム開発・改善」の開発・相談
2026/05/07 10:27,2026/05/07 10:27,0:05,Webサイト（テプラ クリエイター）の閲覧・調査
2026/05/07 10:27,2026/05/07 10:33,0:05,Webサイト（KING JIM SR950）の閲覧・調査 / Webサイト（シートの選択）の閲覧・調査 / Webサイト（テプラ クリエイター -）の閲覧・調査 / Webサイト（テプラ クリエイター）の閲覧・調査 / Webサイト（データ読み込み）の閲覧・調査 / Webサイト（流し込みデータ選択）の閲覧・調査 / Webサイト（読み込み方法の選択）の閲覧・調査 / 新規/開く
2026/05/07 10:33,2026/05/07 10:33,0:05,Webサイト（テプラ クリエイター -）の閲覧・調査 / 流し込み
2026/05/07 10:34,2026/05/07 10:34,0:05,Webサイト（テプラ クリエイター -）の閲覧・調査 / 流し込み
2026/05/07 10:34,2026/05/07 10:36,0:05,Webサイト（KING JIM SR950）の閲覧・調査 / Webサイト（テプラ クリエイター -）の閲覧・調査 / Webサイト（テプラ クリエイター）の閲覧・調査 / 流し込み
2026/05/07 10:37,2026/05/07 10:37,0:05,Webサイト（テプラ クリエイター -）の閲覧・調査 / 流し込み
2026/05/07 10:37,2026/05/07 10:37,0:05,Webサイト（テプラ クリエイター -）の閲覧・調査 / 流し込み
2026/05/07 10:40,2026/05/07 10:40,0:05,Webサイト（テプラ クリエイター -）の閲覧・調査 / 流し込み
2026/05/07 10:41,2026/05/07 10:41,0:05,Webサイト（テプラ クリエイター -）の閲覧・調査 / 流し込み
2026/05/07 10:41,2026/05/07 10:45,0:05,Webサイト（KING JIM SR950）の閲覧・調査 / Webサイト（テプラ クリエイター -）の閲覧・調査 / Webサイト（テプラ クリエイター）の閲覧・調査 / Webサイト（名前を付けて保存）の閲覧・調査 / 流し込み
2026/05/07 10:45,2026/05/07 10:46,0:05,Webサイト（テプラ クリエイター -）の閲覧・調査 / 流し込み
2026/05/07 10:46,2026/05/07 10:47,0:05,Webサイト（テプラ クリエイター -）の閲覧・調査 / 流し込み
2026/05/07 10:47,2026/05/07 10:48,0:05,Webサイト（KING JIM SR950）の閲覧・調査 / Webサイト（テプラ クリエイター -）の閲覧・調査 / Webサイト（テプラ クリエイター）の閲覧・調査 / 流し込み
2026/05/07 10:51,2026/05/07 10:51,0:05,Webサイト（テプラ クリエイター -）の閲覧・調査 / 流し込み
2026/05/07 10:51,2026/05/07 10:51,0:05,Webサイト（テプラ クリエイター -）の閲覧・調査 / 流し込み
2026/05/07 10:51,2026/05/07 10:51,0:05,Webサイト（テプラ クリエイター -）の閲覧・調査 / 流し込み
2026/05/07 10:51,2026/05/07 10:52,0:05,サイボウズ（forestway.cybozu.com/o/ag.cgi?page=MyFolderIndex および他 2 ページ）での情報確認・処理 / サイボウズ（ファイルの詳細 - サイボウズ Office および他 2 ページ）での情報確認・処理 / サイボウズ（メッセージの詳細 - サイボウズ Office および他 2 ページ）での情報確認・処理 / サイボウズ（メッセージの詳細...
2026/05/07 10:52,2026/05/07 10:52,0:05,Webサイト（iLOケーブルタグ - Google スプレッドシート および他 3 ページ）の閲覧・調査 / Webサイト（iLOケーブルタグ - Google スプレッドシート）の閲覧・調査 / Webサイト（テプラ クリエイター -）の閲覧・調査
2026/05/07 10:52,2026/05/07 10:53,0:05,Webサイト（iLOケーブルタグ - Google スプレッドシート および他 3 ページ）の閲覧・調査 / Webサイト（テプラ クリエイター -）の閲覧・調査 / Webサイト（名前を付けて保存）の閲覧・調査 / 流し込み
2026/05/07 10:53,2026/05/07 10:53,0:05,Antigravityを用いた「システム開発・改善」の開発・相談
2026/05/07 10:53,2026/05/07 10:53,0:05,Webサイト（iLOケーブルタグ - Google スプレッドシート および他 3 ページ）の閲覧・調査 / Webサイト（テプラ クリエイター -）の閲覧・調査 / Webサイト（テプラ クリエイター）の閲覧・調査
2026/05/07 10:53,2026/05/07 10:53,0:05,メール（Re: ノートPCの御見積書送付）の閲覧・作成
2026/05/07 10:53,2026/05/07 10:54,0:05,Webサイト（iLOケーブルタグ - Google スプレッドシート および他 3 ページ）の閲覧・調査 / Webサイト（①社用ノートパソコン管理台帳 (version 1).xlsb  -  共有  -  自動回復済み - Excel）の閲覧・調査
2026/05/07 10:54,2026/05/07 10:54,0:05,Excelファイル（TEPRA.xlsx ）の入力・編集
2026/05/07 10:54,2026/05/07 10:54,0:05,Webサイト（移動または??コピー）の閲覧・調査
2026/05/07 10:54,2026/05/07 10:54,0:05,Excelファイル（TEPRA.xlsx ）の入力・編集
2026/05/07 10:54,2026/05/07 10:54,0:05,Webサイト（iLOケーブルタグ - Google スプレッドシート および他 3 ページ）の閲覧・調査
2026/05/07 10:54,2026/05/07 10:54,0:05,Excelファイル（TEPRA.xlsx ）の入力・編集
2026/05/07 10:54,2026/05/07 10:54,0:05,Webサイト（iLOケーブルタグ - Google スプレッドシート および他 3 ページ）の閲覧・調査
2026/05/07 10:54,2026/05/07 10:54,0:05,Excelファイル（TEPRA.xlsx ）の入力・編集
2026/05/07 10:54,2026/05/07 10:54,0:05,Webサイト（iLOケーブルタグ - Google スプレッドシート および他 3 ページ）の閲覧・調査
2026/05/07 10:54,2026/05/07 10:54,0:05,Excelファイル（TEPRA.xlsx ）の入力・編集
2026/05/07 10:55,2026/05/07 10:55,0:05,Webサイト（iLOケーブルタグ - Google スプレッドシート および他 3 ページ）の閲覧・調査
2026/05/07 10:55,2026/05/07 10:55,0:05,Excelファイル（TEPRA.xlsx ）の入力・編集
2026/05/07 10:55,2026/05/07 10:55,0:05,Webサイト（iLOケーブルタグ - Google スプレッドシート および他 3 ページ）の閲覧・調査
2026/05/07 10:55,2026/05/07 10:55,0:05,Excelファイル（TEPRA.xlsx ）の入力・編集
2026/05/07 10:55,2026/05/07 10:55,0:05,Webサイト（iLOケーブルタグ - Google スプレッドシート および他 3 ページ）の閲覧・調査
2026/05/07 10:55,2026/05/07 10:55,0:05,Excelファイル（TEPRA.xlsx ）の入力・編集
2026/05/07 10:55,2026/05/07 10:55,0:05,Webサイト（iLOケーブルタグ - Google スプレッドシート および他 3 ページ）の閲覧・調査
2026/05/07 10:55,2026/05/07 10:55,0:05,Excelファイル（TEPRA.xlsx ）の入力・編集
2026/05/07 10:56,2026/05/07 10:56,0:05,Webサイト（iLOケーブルタグ - Google スプレッドシート および他 3 ページ）の閲覧・調査
2026/05/07 10:56,2026/05/07 10:56,0:05,Excelファイル（TEPRA.xlsx ）の入力・編集
2026/05/07 10:56,2026/05/07 10:56,0:05,Webサイト（iLOケーブルタグ - Google スプレッドシート および他 3 ページ）の閲覧・調査
2026/05/07 10:56,2026/05/07 10:56,0:05,Excelファイル（TEPRA.xlsx ）の入力・編集
2026/05/07 10:57,2026/05/07 10:57,0:05,Webサイト（iLOケーブルタグ - Google スプレッドシート および他 3 ページ）の閲覧・調査
2026/05/07 10:57,2026/05/07 10:57,0:05,Excelファイル（TEPRA.xlsx ）の入力・編集
2026/05/07 10:57,2026/05/07 10:57,0:05,Webサイト（iLOケーブルタグ - Google スプレッドシート および他 3 ページ）の閲覧・調査
2026/05/07 10:57,2026/05/07 10:57,0:05,Excelファイル（TEPRA.xlsx ）の入力・編集
2026/05/07 10:57,2026/05/07 10:57,0:05,Webサイト（iLOケーブルタグ - Google スプレッドシート および他 3 ページ）の閲覧・調査
2026/05/07 10:57,2026/05/07 10:57,0:05,Excelファイル（TEPRA.xlsx ）の入力・編集
2026/05/07 10:57,2026/05/07 10:57,0:05,Webサイト（iLOケーブルタグ - Google スプレッドシート および他 3 ページ）の閲覧・調査
2026/05/07 10:57,2026/05/07 10:57,0:05,Excelファイル（TEPRA.xlsx ）の入力・編集
2026/05/07 10:58,2026/05/07 10:58,0:05,Webサイト（iLOケーブルタグ - Google スプレッドシート および他 3 ページ）の閲覧・調査
2026/05/07 10:58,2026/05/07 10:58,0:05,Excelファイル（TEPRA.xlsx ）の入力・編集
2026/05/07 10:58,2026/05/07 10:58,0:05,Webサイト（iLOケーブルタグ - Google スプレッドシート および他 3 ページ）の閲覧・調査
2026/05/07 10:58,2026/05/07 10:58,0:05,Excelファイル（TEPRA.xlsx ）の入力・編集
2026/05/07 10:58,2026/05/07 10:58,0:05,Webサイト（iLOケーブルタグ - Google スプレッドシート および他 3 ページ）の閲覧・調査
2026/05/07 10:58,2026/05/07 10:58,0:05,Excelファイル（TEPRA.xlsx ）の入力・編集
2026/05/07 10:58,2026/05/07 10:58,0:05,Webサイト（iLOケーブルタグ - Google スプレッドシート および他 3 ページ）の閲覧・調査
2026/05/07 10:58,2026/05/07 10:58,0:05,Excelファイル（TEPRA.xlsx ）の入力・編集
2026/05/07 10:59,2026/05/07 10:59,0:05,Webサイト（iLOケーブルタグ - Google スプレッドシート および他 3 ページ）の閲覧・調査 / Webサイト（テプラ クリエイター -）の閲覧・調査 / Webサイト（テプラ クリエイター）の閲覧・調査
2026/05/07 10:59,2026/05/07 11:02,0:05,Webサイト（シートの選択）の閲覧・調査 / Webサイト（テプラ クリエイター -）の閲覧・調査 / Webサイト（テプラ クリエイター）の閲覧・調査 / Webサイト（データ読み込み）の閲覧・調査 / Webサイト（流し込みデータ選択）の閲覧・調査 / Webサイト（読み込み方法の選択）の閲覧・調査 / 新規/開く
2026/05/07 11:04,2026/05/07 11:04,0:05,Webサイト（テプラ クリエイター -）の閲覧・調査 / Webサイト（テプラ クリエイター）の閲覧・調査 / Webサイト（名前を付けて保存）の閲覧・調査 / 新規/開く
2026/05/07 11:04,2026/05/07 11:08,0:05,Webサイト（シートの選択）の閲覧・調査 / Webサイト（テプラ クリエイター -）の閲覧・調査 / Webサイト（テプラ クリエイター）の閲覧・調査 / Webサイト（データ読み込み）の閲覧・調査 / Webサイト（流し込みデータ選択）の閲覧・調査 / Webサイト（読み込み方法の選択）の閲覧・調査 / 新規/開く
2026/05/07 11:09,2026/05/07 11:09,0:05,Webサイト（テプラ クリエイター -）の閲覧・調査 / 流し込み
2026/05/07 11:09,2026/05/07 11:09,0:05,Webサイト（テプラ クリエイター -）の閲覧・調査 / 流し込み
2026/05/07 11:10,2026/05/07 11:10,0:05,Webサイト（テプラ クリエイター -）の閲覧・調査 / 流し込み
2026/05/07 11:10,2026/05/07 11:10,0:05,Webサイト（テプラ クリエイター -）の閲覧・調査 / 流し込み
2026/05/07 11:10,2026/05/07 11:11,0:05,Webサイト（テプラ クリエイター -）の閲覧・調査 / 流し込み
2026/05/07 11:11,2026/05/07 11:11,0:05,Webサイト（テプラ クリエイター -）の閲覧・調査 / 流し込み
2026/05/07 11:11,2026/05/07 11:11,0:05,Webサイト（テプラ クリエイター -）の閲覧・調査 / 流し込み
2026/05/07 11:11,2026/05/07 11:12,0:05,Webサイト（テプラ クリエイター -）の閲覧・調査 / 流し込み
2026/05/07 11:12,2026/05/07 11:12,0:05,Webサイト（テプラ クリエイター -）の閲覧・調査 / 流し込み
2026/05/07 11:12,2026/05/07 11:12,0:05,Webサイト（テプラ クリエイター -）の閲覧・調査 / 流し込み
2026/05/07 11:12,2026/05/07 11:13,0:05,Webサイト（テプラ クリエイター -）の閲覧・調査 / 流し込み
2026/05/07 11:13,2026/05/07 11:13,0:05,Webサイト（テプラ クリエイター -）の閲覧・調査 / 流し込み
2026/05/07 11:13,2026/05/07 11:13,0:05,Webサイト（テプラ クリエイター -）の閲覧・調査 / 流し込み
2026/05/07 11:13,2026/05/07 11:13,0:05,Webサイト（テプラ クリエイター -）の閲覧・調査 / 流し込み
2026/05/07 11:13,2026/05/07 11:13,0:05,Webサイト（テプラ クリエイター -）の閲覧・調査 / 流し込み
2026/05/07 11:14,2026/05/07 11:14,0:05,Webサイト（KING JIM SR950）の閲覧・調査 / Webサイト（テプラ クリエイター -）の閲覧・調査 / Webサイト（テプラ クリエイター）の閲覧・調査 / 流し込み
2026/05/07 11:15,2026/05/07 11:15,0:05,Webサイト（テプラ クリエイター -）の閲覧・調査 / 流し込み
2026/05/07 11:15,2026/05/07 11:16,0:05,Webサイト（テプラ クリエイター -）の閲覧・調査 / 流し込み
2026/05/07 11:17,2026/05/07 11:20,0:05,Webサイト（テプラ クリエイター -）の閲覧・調査 / 流し込み
2026/05/07 11:20,2026/05/07 11:20,0:05,Webサイト（テプラ クリエイター -）の閲覧・調査 / 流し込み
2026/05/07 11:21,2026/05/07 11:38,0:16,Webサイト（KING JIM SR950）の閲覧・調査 / Webサイト（iLOケーブルタグ - Google スプレッドシート および他 3 ページ）の閲覧・調査 / Webサイト（テプラ クリエイター -）の閲覧・調査 / Webサイト（テプラ クリエイター）の閲覧・調査 / 流し込み
2026/05/07 11:38,2026/05/07 11:38,0:05,"PDF資料（20260507_デスクトップPC用ディスプレイ2台購入の件_④稟議書（システム関連,社長決裁）20240701.pdf）の確認"
2026/05/07 11:38,2026/05/07 11:38,0:05,Webサイト（iLOケーブルタグ - Google スプレッドシート および他 3 ページ）の閲覧・調査
2026/05/07 11:38,2026/05/07 11:38,0:05,"Excelファイル（20260507_デスクトップPC用ディスプレイ2台購入の件_④稟議書（システム関連,社長決裁）20240701.xlsx）の入力・編集 / Excelファイル（TEPRA.xlsx）の入力・編集"
2026/05/07 11:40,2026/05/07 11:40,0:05,Webサイト（iLOケーブルタグ - Google スプレッドシート および他 3 ページ）の閲覧・調査
2026/05/07 11:40,2026/05/07 11:40,0:05,Excelファイル（TEPRA.xlsx）の入力・編集
2026/05/07 11:40,2026/05/07 11:40,0:05,Webサイト（iLOケーブルタグ - Google スプレッドシート および他 3 ページ）の閲覧・調査
2026/05/07 11:40,2026/05/07 11:40,0:05,Excelファイル（TEPRA.xlsx）の入力・編集
2026/05/07 11:40,2026/05/07 11:40,0:05,Webサイト（iLOケーブルタグ - Google スプレッドシート および他 3 ページ）の閲覧・調査
2026/05/07 11:40,2026/05/07 11:40,0:05,Excelファイル（TEPRA.xlsx）の入力・編集
2026/05/07 11:41,2026/05/07 11:41,0:05,Webサイト（iLOケーブルタグ - Google スプレッドシート および他 3 ページ）の閲覧・調査
2026/05/07 11:41,2026/05/07 11:41,0:05,Excelファイル（TEPRA.xlsx）の入力・編集
2026/05/07 11:41,2026/05/07 11:41,0:05,Webサイト（iLOケーブルタグ - Google スプレッドシート および他 3 ページ）の閲覧・調査
2026/05/07 11:41,2026/05/07 11:41,0:05,Excelファイル（TEPRA.xlsx）の入力・編集
2026/05/07 11:42,2026/05/07 11:42,0:05,Webサイト（iLOケーブルタグ - Google スプレッドシート および他 3 ページ）の閲覧・調査
2026/05/07 11:42,2026/05/07 11:42,0:05,Excelファイル（TEPRA.xlsx）の入力・編集
2026/05/07 11:42,2026/05/07 11:42,0:05,Webサイト（iLOケーブルタグ - Google スプレッドシート および他 3 ページ）の閲覧・調査
2026/05/07 11:42,2026/05/07 11:42,0:05,Excelファイル（TEPRA.xlsx）の入力・編集
2026/05/07 11:42,2026/05/07 11:42,0:05,Webサイト（iLOケーブルタグ - Google スプレッドシート および他 3 ページ）の閲覧・調査
2026/05/07 11:42,2026/05/07 11:42,0:05,Excelファイル（TEPRA.xlsx）の入力・編集
2026/05/07 11:42,2026/05/07 11:42,0:05,Webサイト（iLOケーブルタグ - Google スプレッドシート および他 3 ページ）の閲覧・調査
2026/05/07 11:42,2026/05/07 11:43,0:05,"Excelファイル（20260507_デスクトップPC用ディスプレイ2台購入の件_④稟議書（システム関連,社長決裁）20240701.xlsx）の入力・編集 / Excelファイル（TEPRA.xlsx）の入力・編集"
2026/05/07 11:43,2026/05/07 11:43,0:05,Webサイト（テプラ クリエイター -）の閲覧・調査
2026/05/07 11:43,2026/05/07 11:46,0:05,Webサイト（シートの選択）の閲覧・調査 / Webサイト（テプラ クリエイター -）の閲覧・調査 / Webサイト（テプラ クリエイター）の閲覧・調査 / Webサイト（データ読み込み）の閲覧・調査 / Webサイト（名前を付けて保存）の閲覧・調査 / Webサイト（流し込みデータ選択）の閲覧・調査 / Webサイト（読み込み方法の選択）の閲覧・調査 / 新規/開く
2026/05/07 11:46,2026/05/07 11:46,0:05,Webサイト（テプラ クリエイター -）の閲覧・調査 / 流し込み
2026/05/07 11:47,2026/05/07 11:49,0:05,Webサイト（KING JIM SR950）の閲覧・調査 / Webサイト（テプラ クリエイター -）の閲覧・調査 / Webサイト（テプラ クリエイター）の閲覧・調査 / 流し込み
2026/05/07 11:49,2026/05/07 11:49,0:05,Webサイト（テプラ クリエイター -）の閲覧・調査 / 流し込み
2026/05/07 11:49,2026/05/07 11:50,0:05,Webサイト（テプラ クリエイター -）の閲覧・調査 / 流し込み
2026/05/07 11:54,2026/05/07 11:54,0:05,Webサイト（テプラ クリエイター -）の閲覧・調査 / 流し込み
2026/05/07 11:55,2026/05/07 12:01,0:05,Webサイト（KING JIM SR950）の閲覧・調査 / Webサイト（テプラ クリエイター -）の閲覧・調査 / Webサイト（テプラ クリエイター）の閲覧・調査 / 流し込み
2026/05/07 12:02,2026/05/07 12:02,0:05,Webサイト（テプラ クリエイター - (応答なし)）の閲覧・調査 / Webサイト（テプラ クリエイター -）の閲覧・調査 / 環境設定
2026/05/07 12:02,2026/05/07 12:10,0:08,Webサイト（KING JIM SR950）の閲覧・調査 / Webサイト（テプラ クリエイター -）の閲覧・調査 / Webサイト（テプラ クリエイター）の閲覧・調査 / Webサイト（名前を付けて保存）の閲覧・調査 / 流し込み
2026/05/07 13:01,2026/05/07 13:01,0:05,Webサイト（KING JIM SR950）の閲覧・調査 / Webサイト（テプラ クリエイター -）の閲覧・調査 / Webサイト（テプラ クリエイター）の閲覧・調査
2026/05/07 13:02,2026/05/07 13:02,0:05,メール（作成: Re: ディスプレイの見積書送付）の閲覧・作成
2026/05/07 13:03,2026/05/07 13:03,0:05,Webサイト（テプラ クリエイター -）の閲覧・調査 / Webサイト（メッセージを送信しています - Re: ディスプレイの見積書送付）の閲覧・調査
2026/05/07 13:11,2026/05/07 13:11,0:05,"Excelファイル（20260507_デスクトップPC用ディスプレイ2台購入の件_④稟議書（システム関連,社長決裁）20240701.xlsx）の入力・編集"
2026/05/07 13:11,2026/05/07 13:12,0:05,Webサイト（①社用ノートパソコン管理台帳 (version 1).xlsb  -  共有  -  自動回復済み - Excel）の閲覧・調査 / Webサイト（テプラ クリエイター -）の閲覧・調査
2026/05/07 13:12,2026/05/07 13:12,0:05,Excelファイル（20260427_ログ表示結果-20260416175217.xlsx ）の入力・編集
2026/05/07 13:12,2026/05/07 13:35,0:22,"Webサイト（""lanケーブル タグ"" 【通販モノタロウ】 最短即日出荷 および他 6 ページ）の閲覧・調査 / Webサイト（""lanケーブル タグ"" 【通販モノタロウ】 最短即日出荷）の閲覧・調査 / Webサイト（10.85.33.223 - リモート デスクトップ接続）の閲覧・調査 / Webサイト（192.169.5.5 - リモート デスクトップ接続）の閲覧・調査 / Webサイ..."
2026/05/07 13:35,2026/05/07 13:36,0:05,サイボウズ（forestway.cybozu.com/o/ag.cgi?page=MyFolderIndex&FID=sent および他 7 ページ）での情報確認・処理 / サイボウズ（メッセージの詳細 - サイボウズ Office および他 7 ページ）での情報確認・処理 / サイボウズ（メッセージの詳細 - サイボウズ Office）での情報確認・処理 / サイボウズ（個人フォルダ - ...
2026/05/07 13:36,2026/05/07 13:36,0:05,Webサイト（①社用ノートパソコン管理台帳 (version 1).xlsb  -  共有  -  自動回復済み - Excel）の閲覧・調査
2026/05/07 13:36,2026/05/07 13:36,0:05,Excelファイル（営業部_ログ検索結果-20260416140900.xlsm ）の入力・編集
2026/05/07 13:36,2026/05/07 13:36,0:05,Webサイト（潜在的に危険なマクロがブロックされました - Microsoft サポート および他 8 ページ）の閲覧・調査
2026/05/07 13:36,2026/05/07 13:36,0:05,サイボウズ（メッセージの詳細 - サイボウズ Office および他 7 ページ）での情報確認・処理
2026/05/07 13:36,2026/05/07 13:36,0:05,Excelファイル（営業部_ログ検索結果-20260416140900.xlsm ）の入力・編集
2026/05/07 13:36,2026/05/07 13:36,0:05,Webサイト（Microsoft Excel）の閲覧・調査
2026/05/07 13:36,2026/05/07 13:36,0:05,Excelファイル（営業部_ログ検索結果-20260416140900.xlsm ）の入力・編集
2026/05/07 13:36,2026/05/07 13:36,0:05,Webサイト（①社用ノートパソコン管理台帳 (version 1).xlsb  -  共有  -  自動回復済み - Excel）の閲覧・調査
2026/05/07 13:36,2026/05/07 13:36,0:05,サイボウズ（メッセージの詳細 - サイボウズ Office および他 7 ページ）での情報確認・処理
2026/05/07 13:37,2026/05/07 13:37,0:05,Webサイト（①社用ノートパソコン管理台帳 (version 1).xlsb  -  共有  -  自動回復済み - Excel）の閲覧・調査 / Webサイト（名前を付けて保存）の閲覧・調査
2026/05/07 13:37,2026/05/07 13:37,0:05,Excelファイル（営業部_ログ検索結果-20260416140900.xlsm ）の入力・編集 / Excelファイル（営業部_ログ検索結果-20260416140900.xlsm）の入力・編集
2026/05/07 13:37,2026/05/07 13:37,0:05,Webサイト（潜在的に危険なマクロがブロックされました - Microsoft サポート および他 8 ページ）の閲覧・調査 / Webサイト（潜在的に危険なマクロがブロックされました - Microsoft サポート）の閲覧・調査
2026/05/07 13:37,2026/05/07 13:37,0:05,サイボウズ（メッセージの詳細 - サイボウズ Office および他 7 ページ）での情報確認・処理
2026/05/07 13:37,2026/05/07 13:37,0:05,Excelファイル（営業部_ログ検索結果-20260416140900.xlsm）の入力・編集
2026/05/07 13:37,2026/05/07 13:37,0:05,Webサイト（①社用ノートパソコン管理台帳 (version 1).xlsb  -  共有  -  自動回復済み - Excel）の閲覧・調査
2026/05/07 13:37,2026/05/07 13:37,0:05,サイボウズ（メッセージの詳細 - サイボウズ Office および他 7 ページ）での情報確認・処理
2026/05/07 13:37,2026/05/07 13:37,0:05,Webサイト（①社用ノートパソコン管理台帳 (version 1).xlsb  -  共有  -  自動回復済み - Excel）の閲覧・調査
2026/05/07 13:37,2026/05/07 13:37,0:05,Excelファイル（営業部_ログ検索結果-20260416140900.xlsmのプロパティ）の入力・編集
2026/05/07 13:37,2026/05/07 13:37,0:05,Webサイト（①社用ノートパソコン管理台帳 (version 1).xlsb  -  共有  -  自動回復済み - Excel）の閲覧・調査
2026/05/07 13:37,2026/05/07 13:38,0:05,Excelファイル（営業部_ログ検索結果-20260416140900.xlsm）の入力・編集
2026/05/07 13:38,2026/05/07 13:38,0:05,Webサイト（Microsoft Visual Basic for Applications - 000 (version 1).xlsb -）の閲覧・調査 / Webサイト（Microsoft Visual Basic for Applications - Project1 -）の閲覧・調査 / Webサイト（Microsoft Visual Basic for Applications ...
2026/05/07 13:38,2026/05/07 13:38,0:05,Excelファイル（Microsoft Visual Basic for Applications）の入力・編集
2026/05/07 13:38,2026/05/07 13:38,0:05,Webサイト（社内SEの仕事なんでも相談 - Google Gemini）の閲覧・調査
2026/05/07 13:39,2026/05/07 13:39,0:05,Excelファイル（Microsoft Visual Basic for Applications）の入力・編集
2026/05/07 13:40,2026/05/07 13:41,0:05,Webサイト（リモート デスクトップ接続 のジャンプ リスト）の閲覧・調査 / Webサイト（リモート デスクトップ接続）の閲覧・調査 / Webサイト（社内SEの仕事なんでも相談 - Google Gemini）の閲覧・調査
2026/05/07 13:41,2026/05/07 13:43,0:05,Excelファイル（20260427_ログ表示結果-20260416175217）の入力・編集 / Excelファイル（Microsoft Visual Basic for Applications）の入力・編集 / Excelファイル（営業部_ログ検索結果-20260416140900.xlsm ）の入力・編集 / Excelファイル（営業部_ログ検索結果-20260416140900.x...
2026/05/07 13:43,2026/05/07 13:43,0:05,Webサイト（社内SEの仕事なんでも相談 - Google Gemini）の閲覧・調査
2026/05/07 13:45,2026/05/07 13:45,0:05,Excelファイル（20260427_ログ表示結果-20260416175217）の入力・編集
2026/05/07 13:46,2026/05/07 13:48,0:05,Webサイト（000 (version 1).xlsb  -  自動回復済み - Excel）の閲覧・調査 / Webサイト（192.169.5.5 - リモート デスクトップ接続）の閲覧・調査 / Webサイト（①社用ノートパソコン管理台帳 (version 1).xlsb  -  共有  -  自動回復済み - Excel）の閲覧・調査 / Webサイト（リモート デスクトップ接続 のジ...
2026/05/07 13:48,2026/05/07 13:48,0:05,Excelファイル（営業部_ログ検索結果-20260416140900.xlsm）の入力・編集
2026/05/07 13:48,2026/05/07 13:48,0:05,Webサイト（Book1 - Excel）の閲覧・調査
2026/05/07 13:49,2026/05/07 13:49,0:05,Excelファイル（営業部_ログ検索結果-20260416140900.xlsm）の入力・編集
2026/05/07 13:49,2026/05/07 13:49,0:05,Webサイト（Book1 - Excel）の閲覧・調査
2026/05/07 13:50,2026/05/07 13:50,0:05,Webサイト（Book1 - Excel）の閲覧・調査 / 重複の削除
2026/05/07 13:50,2026/05/07 13:50,0:05,Excelファイル（営業部_ログ検索結果-20260416140900.xlsm）の入力・編集
2026/05/07 13:50,2026/05/07 13:52,0:05,Webサイト（192.169.5.5 - リモート デスクトップ接続）の閲覧・調査 / Webサイト（Book1 - Excel）の閲覧・調査
2026/05/07 13:52,2026/05/07 13:52,0:05,Excelファイル（管理コンソールメイン画面.csv）の入力・編集
2026/05/07 13:52,2026/05/07 13:53,0:05,Webサイト（192.169.5.5 - リモート デスクトップ接続）の閲覧・調査 / Webサイト（Book1 - Excel）の閲覧・調査 / Webサイト（①社用ノートパソコン管理台帳 (version 1).xlsb  -  共有  -  自動回復済み - Excel）の閲覧・調査
2026/05/07 13:53,2026/05/07 13:55,0:05,Excelファイル（20260414_20260430ログ検索結果-20260507131846.csv）の入力・編集 / Excelファイル（20260414_20260430ログ検索結果-20260507131846.xlsm）の入力・編集 / Excelファイル（20260427_ログ表示結果-20260416175217）の入力・編集 / Excelファイル（管理コンソールメイン画面...
2026/05/07 13:59,2026/05/07 13:59,0:05,Webサイト（10.85.33.223 - リモート デスクトップ接続）の閲覧・調査 / Webサイト（リモート デスクトップを使って windows 10 pc に接続する方法 - 検索 および他 8 ページ）の閲覧・調査 / Webサイト（リモート デスクトップを使って windows 10 pc に接続する方法 - 検索）の閲覧・調査 / Webサイト（リモート デスクトップ接続 のジ...
2026/05/07 14:06,2026/05/07 14:08,0:05,Excelファイル（20260414_20260430ログ検索結果-20260507131846.xlsm）の入力・編集 / Excelファイル（20260427_ログ表示結果-20260416175217）の入力・編集
2026/05/07 14:08,2026/05/07 14:08,0:05,Webサイト（192.169.5.5 - リモート デスクトップ接続）の閲覧・調査
2026/05/07 14:08,2026/05/07 14:08,0:05,Excelファイル（20260427_ログ表示結果-20260416175217）の入力・編集
2026/05/07 14:08,2026/05/07 14:08,0:05,Webサイト（192.169.5.5 - リモート デスクトップ接続）の閲覧・調査 / Webサイト（リモート デスクトップ接続）の閲覧・調査
2026/05/07 14:08,2026/05/07 14:08,0:05,Excelファイル（20260414_20260430ログ検索結果-20260507131846.xlsm）の入力・編集 / Excelファイル（20260427_ログ表示結果-20260416175217）の入力・編集
2026/05/07 14:08,2026/05/07 14:19,0:10,Webサイト（192.169.5.5 - リモート デスクトップ接続）の閲覧・調査 / Webサイト（リモート デスクトップ接続 のジャンプ リスト）の閲覧・調査 / Webサイト（リモート デスクトップ接続）の閲覧・調査 / Webサイト（社内SEの仕事なんでも相談 - Google Gemini）の閲覧・調査
2026/05/07 14:19,2026/05/07 14:19,0:05,Excelファイル（Microsoft Visual Basic for Applications）の入力・編集
2026/05/07 14:22,2026/05/07 14:27,0:05,Webサイト（10.85.33.223 - リモート デスクトップ接続）の閲覧・調査 / Webサイト（Microsoft 365 管理センター および他 8 ページ）の閲覧・調査 / Webサイト（Microsoft 365 管理センター）の閲覧・調査 / Webサイト（admin.cloud.microsoft/?auth_upn=t_ito%40forestwayoffice.onmi...
2026/05/07 14:27,2026/05/07 14:27,0:05,Excelファイル（Microsoft Visual Basic for Applications）の入力・編集
2026/05/07 14:27,2026/05/07 14:27,0:05,Webサイト（10.85.33.223 - リモート デスクトップ接続）の閲覧・調査
2026/05/07 14:27,2026/05/07 14:27,0:05,Excelファイル（Microsoft Visual Basic for Applications）の入力・編集
2026/05/07 14:27,2026/05/07 14:27,0:05,Webサイト（検索結果 - Microsoft 365 管理センター および他 8 ページ）の閲覧・調査
2026/05/07 14:27,2026/05/07 14:27,0:05,Excelファイル（20260414_20260430ログ検索結果-20260507131846.xlsm）の入力・編集 / Excelファイル（Microsoft Visual Basic for Applications）の入力・編集 / Excelファイル（管理コンソールメイン画面.csv）の入力・編集
2026/05/07 14:27,2026/05/07 14:27,0:05,Webサイト（10.85.33.223 - リモート デスクトップ接続）の閲覧・調査
2026/05/07 14:28,2026/05/07 14:28,0:05,Excelファイル（Microsoft Visual Basic for Applications）の入力・編集
2026/05/07 14:28,2026/05/07 14:38,0:10,Webサイト（10.85.33.223 - リモート デスクトップ接続）の閲覧・調査 / Webサイト（192.169.5.5 - リモート デスクトップ接続）の閲覧・調査 / Webサイト（コマンド プロンプト - ipconfig）の閲覧・調査 / Webサイト（コマンド プロンプト）の閲覧・調査 / Webサイト（リモート デスクトップ接続 のジャンプ リスト）の閲覧・調査 / Web...
2026/05/07 14:38,2026/05/07 14:39,0:05,Excelファイル（20260427_ログ表示結果-20260416175217）の入力・編集 / Excelファイル（Microsoft Visual Basic for Applications）の入力・編集
2026/05/07 14:39,2026/05/07 15:05,0:25,Webサイト（ICD設定項目によるデバイスカスタマイズ - Google Gemini）の閲覧・調査 / Webサイト（コマンド プロンプト）の閲覧・調査 / Webサイト（社内SEの仕事なんでも相談 - Google Gemini）の閲覧・調査
2026/05/07 15:06,2026/05/07 15:06,0:05,Excelファイル（20260427_ログ表示結果-20260416175217.xlsx）の入力・編集
2026/05/07 15:06,2026/05/07 15:06,0:05,Webサイト（Google Chrome）の閲覧・調査 / Webサイト（社内SEの仕事なんでも相談 - Google Gemini）の閲覧・調査 / Webサイト（自己分析 - Google Gemini）の閲覧・調査
2026/05/07 15:57,2026/05/07 15:57,0:05,Webサイト（NotebookLM Web Importer - Import web pages and YouTube videos to NotebookLM）の閲覧・調査 / Webサイト（ヘルプ – Dark Reader）の閲覧・調査
2026/05/07 15:57,2026/05/07 15:57,0:05,Gmail / Webサイト（Google Gemini）の閲覧・調査 / Webサイト（社内SEの仕事なんでも相談 - Google Gemini）の閲覧・調査
2026/05/07 16:31,2026/05/07 16:33,0:05,Webサイト（Dell OS回復イメージを使用してWindowsを再インストールする | Dell 日本）の閲覧・調査 / Webサイト（Latitude 3420のサポート | ドライバーおよびダウンロード | Dell 日本）の閲覧・調査 / Webサイト（Microsoft Windowsを再インストールする | Dell 日本）の閲覧・調査 / Webサイト（社内SEの仕事なんでも相...
2026/05/07 16:35,2026/05/07 16:38,0:05,Excelファイル（20260414_20260430ログ検索結果-20260507131846.xlsm）の入力・編集 / Excelファイル（20260427_ログ表示結果-20260416175217）の入力・編集 / Excelファイル（営業部_ログ検索結果-20260416140900.xlsm）の入力・編集 / Excelファイル（管理コンソールメイン画面.csv）の入力・編集
2026/05/07 16:38,2026/05/07 16:38,0:05,Webサイト（Microsoft Visual Basic for Applications - VBAProject）の閲覧・調査
2026/05/07 16:38,2026/05/07 16:38,0:05,Excelファイル（20260414_20260430ログ検索結果-20260507131846.xlsm）の入力・編集 / Excelファイル（20260427_ログ表示結果-20260416175217）の入力・編集 / Excelファイル（管理コンソールメイン画面.csv）の入力・編集
2026/05/07 16:38,2026/05/07 16:38,0:05,"Webサイト（""lanケーブル タグ"" 【通販モノタロウ】 最短即日出荷 および他 6 ページ）の閲覧・調査 / Webサイト（カラーエフ(ネームシール用)プラスチック製・線名札 未来工業 【通販モノタロウ】 および他 7 ページ）の閲覧・調査 / Webサイト（検索結果 - Microsoft 365 管理センター および他 8 ページ）の閲覧・調査"
2026/05/07 16:38,2026/05/07 16:38,0:05,サイボウズ（メッセージの詳細 - サイボウズ Office および他 6 ページ）での情報確認・処理
2026/05/07 16:39,2026/05/07 16:39,0:05,Webサイト（名前を付けて保存）の閲覧・調査
2026/05/07 16:39,2026/05/07 16:39,0:05,サイボウズ（メッセージの詳細 - サイボウズ Office および他 6 ページ）での情報確認・処理
2026/05/07 16:39,2026/05/07 16:39,0:05,Excelファイル（営業部_ログ検索結果-20260416140900.xlsm）の入力・編集 / Excelファイル（管理コンソールメイン画面.csv）の入力・編集
2026/05/07 16:39,2026/05/07 16:39,0:05,Webサイト（Excel のオプション）の閲覧・調査
2026/05/07 16:40,2026/05/07 16:40,0:05,Excelファイル（営業部_ログ検索結果-20260416140900.xlsm）の入力・編集
2026/05/07 16:40,2026/05/07 16:40,0:05,Webサイト（Microsoft Visual Basic for Applications - Project1 -）の閲覧・調査 / Webサイト（Microsoft Visual Basic for Applications - VBAProject -）の閲覧・調査
2026/05/07 16:40,2026/05/07 16:40,0:05,Excelファイル（Microsoft Visual Basic for Applications）の入力・編集
2026/05/07 16:40,2026/05/07 16:40,0:05,Webサイト（ファイルのエクスポート）の閲覧・調査
2026/05/07 16:40,2026/05/07 16:40,0:05,Excelファイル（Microsoft Visual Basic for Applications）の入力・編集
2026/05/07 16:40,2026/05/07 16:40,0:05,Webサイト（自己分析 - Google Gemini）の閲覧・調査
2026/05/07 16:40,2026/05/07 16:40,0:05,Excelファイル（Microsoft Visual Basic for Applications）の入力・編集 / Excelファイル（営業部_ログ検索結果-20260416140900.xlsm）の入力・編集 / Excelファイル（管理コンソールメイン画面.csv）の入力・編集
2026/05/07 16:40,2026/05/07 16:40,0:05,Webサイト（残業調査報告書_岸川恭士_20260410.docx  -  互換モード - Word）の閲覧・調査 / Webサイト（自己分析 - Google Gemini）の閲覧・調査
2026/05/07 16:41,2026/05/07 16:41,0:05,Excelファイル（20260414_20260430ログ検索結果-20260507131846.csv）の入力・編集 / Excelファイル（20260427_ログ表示結果-20260416175217）の入力・編集 / Excelファイル（Microsoft Visual Basic for Applications）の入力・編集
2026/05/07 16:41,2026/05/07 16:41,0:05,Webサイト（Microsoft Visual Basic for Applications - Project1）の閲覧・調査 / Webサイト（Microsoft Visual Basic for Applications - VBAProject）の閲覧・調査
2026/05/07 16:41,2026/05/07 16:41,0:05,Excelファイル（Microsoft Visual Basic for Applications）の入力・編集
2026/05/07 16:41,2026/05/07 16:41,0:05,Webサイト（ファイルのインポート）の閲覧・調査
2026/05/07 16:41,2026/05/07 16:42,0:05,Excelファイル（20260414_20260430ログ検索結果-20260507131846.csv）の入力・編集 / Excelファイル（Microsoft Visual Basic for Applications）の入力・編集 / Excelファイル（管理コンソールメイン画面.csv）の入力・編集
2026/05/07 16:42,2026/05/07 16:42,0:05,Webサイト（Microsoft Excel）の閲覧・調査
2026/05/07 16:42,2026/05/07 16:42,0:05,Excelファイル（20260414_20260430ログ検索結果-20260507131846.csv）の入力・編集
2026/05/07 16:42,2026/05/07 16:42,0:05,Webサイト（管理コンソールファイルを選択）の閲覧・調査
2026/05/07 16:42,2026/05/07 16:42,0:05,Excelファイル（20260414_20260430ログ検索結果-20260507131846.csv）の入力・編集 / Excelファイル（管理コンソールメイン画面.csv）の入力・編集
2026/05/07 16:42,2026/05/07 16:42,0:05,Webサイト（Microsoft Excel）の閲覧・調査
2026/05/07 16:42,2026/05/07 16:47,0:05,Excelファイル（20260414_20260430ログ検索結果-20260507131846.csv）の入力・編集
2026/05/07 16:47,2026/05/07 16:47,0:05,Webサイト（Windows シェル エクスペリエンス ホスト）の閲覧・調査
2026/05/07 16:47,2026/05/07 16:47,0:05,Excelファイル（20260414_20260430ログ検索結果-20260507131846.csv）の入力・編集
2026/05/07 16:47,2026/05/07 16:48,0:05,サイボウズ（forestway.cybozu.com/o/ag.cgi?page=ScheduleIndex および他 6 ページ）での情報確認・処理 / サイボウズ（スケジュール（グループ週表示） - サイボウズ Office および他 6 ページ）での情報確認・処理 / サイボウズ（スケジュール（グループ週表示） - サイボウズ Office）での情報確認・処理 / サイボウズ（メッセー...
2026/05/07 16:48,2026/05/07 16:48,0:05,Excelファイル（20260414_20260430ログ検索結果-20260507131846.csv）の入力・編集
2026/05/07 16:48,2026/05/07 16:48,0:05,Webサイト（Windows シェル エクスペリエンス ホスト）の閲覧・調査 / Webサイト（通知センター）の閲覧・調査
2026/05/07 16:48,2026/05/07 16:48,0:05,Excelファイル（20260414_20260430ログ検索結果-20260507131846.csv）の入力・編集
2026/05/07 16:48,2026/05/07 16:48,0:05,サイボウズ（スケジュール（グループ週表示） - サイボウズ Office および他 6 ページ）での情報確認・処理 / サイボウズ（スケジュール（日表示） - サイボウズ Office および他 6 ページ）での情報確認・処理 / サイボウズ（スケジュール（日表示） - サイボウズ Office）での情報確認・処理 / サイボウズ（スケジュール（月表示） - サイボウズ Office および...
2026/05/07 16:49,2026/05/07 16:49,0:05,Excelファイル（20260414_20260430ログ検索結果-20260507131846.csv）の入力・編集
2026/05/07 16:49,2026/05/07 16:49,0:05,Webサイト（レンズの分析）の閲覧・調査
2026/05/07 16:49,2026/05/07 16:49,0:05,Excelファイル（20260414_20260430ログ検索結果-20260507131846.csv）の入力・編集
2026/05/07 16:49,2026/05/07 16:49,0:05,Webサイト（レンズの分析）の閲覧・調査
2026/05/07 16:49,2026/05/07 16:53,0:05,Excelファイル（20260414_20260430ログ検索結果-20260507131846.csv）の入力・編集
2026/05/07 16:53,2026/05/07 16:53,0:05,Webサイト（セルの書式設定）の閲覧・調査
2026/05/07 16:54,2026/05/07 16:58,0:05,Excelファイル（20260414_20260430ログ検索結果-20260507131846.csv）の入力・編集 / Excelファイル（20260427_ログ表示結果-20260416175217）の入力・編集
2026/05/07 16:58,2026/05/07 16:58,0:05,Excelファイル（20260414_20260430ログ検索結果-20260507131846.csv）の入力・編集 / 検索と置換
2026/05/07 16:58,2026/05/07 16:59,0:05,Excelファイル（20260414_20260430ログ検索結果-20260507131846.csv）の入力・編集 / 検索と置換
2026/05/07 16:59,2026/05/07 16:59,0:05,Excelファイル（20260414_20260430ログ検索結果-20260507131846.csv）の入力・編集 / 検索と置換
2026/05/07 16:59,2026/05/07 16:59,0:05,Excelファイル（20260414_20260430ログ検索結果-20260507131846.csv）の入力・編集 / 検索と置換
2026/05/07 16:59,2026/05/07 16:59,0:05,Excelファイル（20260414_20260430ログ検索結果-20260507131846.csv）の入力・編集 / 検索と置換
2026/05/07 16:59,2026/05/07 17:03,0:05,Excelファイル（20260414_20260430ログ検索結果-20260507131846.csv）の入力・編集 / Excelファイル（20260427_ログ表示結果-20260416175217）の入力・編集 / Excelファイル（営業部_ログ検索結果-20260416140900.xlsm）の入力・編集 / 検索と置換
2026/05/07 17:03,2026/05/07 17:04,0:05,サイボウズ（forestway.cybozu.com/o/ag.cgi?page=MyFolderIndex および他 6 ページ）での情報確認・処理 / サイボウズ（スケジュール（月表示） - サイボウズ Office および他 6 ページ）での情報確認・処理 / サイボウズ（メッセージの詳細 - サイボウズ Office および他 6 ページ）での情報確認・処理 / サイボウズ（メッセー...
2026/05/07 17:06,2026/05/07 17:06,0:05,Excelファイル（20260414_20260430ログ検索結果-20260507131846.csv）の入力・編集
2026/05/07 17:06,2026/05/07 17:06,0:05,メール（Re: ノートPCの御見積書送付）の閲覧・作成
2026/05/07 17:06,2026/05/07 17:06,0:05,Excelファイル（20260414_20260430ログ検索結果-20260507131846.csv）の入力・編集
2026/05/07 17:06,2026/05/07 17:06,0:05,メール（3.EDIONクロスベンチャーズ）の閲覧・作成 / メール（Re: ノートPCの御見積書送付）の閲覧・作成 / メール（ディスプレイの見積書送付）の閲覧・作成 / メール（ホーム）の閲覧・作成 / メール（宮澤）の閲覧・作成
2026/05/07 17:17,2026/05/07 17:21,0:05,Antigravityを用いた「システム開発・改善」の開発・相談
2026/05/07 17:25,2026/05/07 17:25,0:05,Webサイト（作業記録 Unified）の閲覧・調査
2026/05/07 17:25,2026/05/07 17:25,0:05,Antigravityを用いた「システム開発・改善」の開発・相談
2026/05/07 17:26,2026/05/07 17:26,0:05,メール（宮澤）の閲覧・作成
2026/05/07 17:26,2026/05/07 17:26,0:05,Antigravityを用いた「システム開発・改善」の開発・相談
2026/05/07 17:27,2026/05/07 17:27,0:05,Webサイト（98% 完了）の閲覧・調査 / Webサイト（ファイルの置換またはスキップ）の閲覧・調査
2026/05/07 17:27,2026/05/07 17:27,0:05,0% 完了 / Webサイト（100% 完了）の閲覧・調査 / Webサイト（22% 完了）の閲覧・調査 / Webサイト（77% 完了）の閲覧・調査
2026/05/07 17:27,2026/05/07 17:32,0:05,Antigravityを用いた「システム開発・改善」の開発・相談
2026/05/07 17:32,2026/05/07 17:32,0:05,Webサイト（100% 完了）の閲覧・調査 / Webサイト（ファイルの置換またはスキップ）の閲覧・調査
2026/05/07 17:32,2026/05/07 17:32,0:05,0% 完了 / Webサイト（100% 完了）の閲覧・調査 / Webサイト（34% 完了）の閲覧・調査 / Webサイト（85% 完了）の閲覧・調査
2026/05/07 17:32,2026/05/07 17:32,0:05,Antigravityを用いた「システム開発・改善」の開発・相談
2026/05/07 17:36,2026/05/07 17:36,0:05,Webサイト（システム トレイ オーバーフロー ウィンドウ。）の閲覧・調査 / お知らせ
2026/05/07 17:36,2026/05/07 17:36,0:05,Antigravityを用いた「システム開発・改善」の開発・相談
2026/05/07 17:36,2026/05/07 17:36,0:05,Webサイト（システム トレイ オーバーフロー ウィンドウ。）の閲覧・調査
2026/05/07 17:37,2026/05/07 17:37,0:05,Antigravityを用いた「システム開発・改善」の開発・相談
2026/05/07 17:37,2026/05/07 17:37,0:05,Webサイト（システム トレイ オーバーフロー ウィンドウ。）の閲覧・調査 / お知らせ
2026/05/07 17:37,2026/05/07 17:37,0:05,Webサイト（システム トレイ オーバーフロー ウィンドウ。）の閲覧・調査 / お知らせ
2026/05/07 17:38,2026/05/07 17:38,0:05,Antigravityを用いた「システム開発・改善」の開発・相談
2026/05/07 17:40,2026/05/07 17:40,0:05,Webサイト（Unhandled exception in script）の閲覧・調査
2026/05/07 17:40,2026/05/07 17:40,0:05,Antigravityを用いた「システム開発・改善」の開発・相談
2026/05/07 17:43,2026/05/07 17:43,0:05,Webサイト（作業記録 Unified）の閲覧・調査
2026/05/07 17:43,2026/05/07 17:43,0:05,Antigravityを用いた「システム開発・改善」の開発・相談
2026/05/07 17:45,2026/05/07 17:45,0:05,Webサイト（100% 完了）の閲覧・調査 / Webサイト（ファイルの置換またはスキップ）の閲覧・調査
2026/05/07 17:45,2026/05/07 17:45,0:05,0% 完了 / Webサイト（100% 完了）の閲覧・調査 / Webサイト（36% 完了）の閲覧・調査 / Webサイト（86% 完了）の閲覧・調査
2026/05/07 17:45,2026/05/07 18:04,0:18,Antigravityを用いた「システム開発・改善」の開発・相談
2026/05/07 18:07,2026/05/07 18:07,0:05,サイボウズ（メッセージの詳細 - サイボウズ Office および他 6 ページ）での情報確認・処理
2026/05/07 18:07,2026/05/07 18:10,0:05,"Webサイト（""lanケーブル タグ"" 【通販モノタロウ】 最短即日出荷 および他 6 ページ）の閲覧・調査 / Webサイト（Google Gemini）の閲覧・調査 / Webサイト（Google）の閲覧・調査 / Webサイト（LANケーブル タグ - 検索 および他 6 ページ）の閲覧・調査 / Webサイト（LANケーブル タグ - 検索 ショッピング および他 6 ページ）の閲覧..."
2026/05/08 09:02,2026/05/08 09:02,0:05,Webサイト（アクティブなユーザー - Microsoft 365 管理センター および他 7 ページ）の閲覧・調査
2026/05/08 09:02,2026/05/08 09:02,0:05,サイボウズ（メッセージの詳細 - サイボウズ Office および他 7 ページ）での情報確認・処理
2026/05/08 09:02,2026/05/08 09:02,0:05,Webサイト（accounts.secure.freee.co.jp/sessions/new?redirect_url=https%3A%2F%2Fp.secure.freee.co.jp%2Fusers%2Fafter_login%3Fhash%3D&service_name=payroll&sign_up_url=https%3A%2F%2Faccounts.secure.freee....
2026/05/08 09:07,2026/05/08 09:07,0:05,サイボウズ（forestway.cybozu.com/o/ag.cgi?page=MyFolderIndex および他 8 ページ）での情報確認・処理 / サイボウズ（メッセージの詳細 - サイボウズ Office および他 8 ページ）での情報確認・処理 / サイボウズ（個人フォルダ - サイボウズ Office および他 8 ページ）での情報確認・処理 / サイボウズ（個人フォルダ - ...
2026/05/08 09:08,2026/05/08 09:08,0:05,Antigravityを用いた「システム開発・改善」の開発・相談
2026/05/08 09:09,2026/05/08 09:11,0:05,Webサイト（Google Gemini）の閲覧・調査 / Webサイト（Google）の閲覧・調査 / Webサイト（‎Google Gemini）の閲覧・調査 / Webサイト（作業記録 Unified）の閲覧・調査 / Webサイト（社内SEの仕事なんでも相談 - Google Gemini）の閲覧・調査
2026/05/08 09:11,2026/05/08 09:11,0:05,Excelファイル（20260414_20260430ログ検索結果-20260507131846.csv）の入力・編集 / Excelファイル（Microsoft Visual Basic for Applications）の入力・編集
2026/05/08 09:11,2026/05/08 09:11,0:05,Webサイト（インフォメーション）の閲覧・調査
2026/05/08 09:11,2026/05/08 09:11,0:05,サイボウズ（トップページ - サイボウズ Office）での情報確認・処理
2026/05/08 09:17,2026/05/08 09:17,0:05,Webサイト（Google Gemini）の閲覧・調査 / Webサイト（社内SEの仕事なんでも相談 - Google Gemini）の閲覧・調査 / Webサイト（自己分析 - Google Gemini）の閲覧・調査
2026/05/08 09:26,2026/05/08 09:26,0:05,サイボウズ（トップページ - サイボウズ Office）での情報確認・処理
2026/05/08 09:26,2026/05/08 09:37,0:10,Webサイト（Microsoft 365 管理センター および他 1 ページ）の閲覧・調査 / Webサイト（admin.cloud.microsoft/?source=applauncher&ref=/homepage および他 1 ページ）の閲覧・調査 / Webサイト（admin.cloud.microsoft/?source=applauncher&ref=/homepage）の閲覧...
2026/05/08 09:37,2026/05/08 09:37,0:05,サイボウズ（forestway.cybozu.com/o/ag.cgi?page=MyFolderIndex および他 1 ページ）での情報確認・処理 / サイボウズ（トップページ - サイボウズ Office および他 1 ページ）での情報確認・処理 / サイボウズ（個人フォルダ - サイボウズ Office および他 1 ページ）での情報確認・処理 / サイボウズ（個人フォルダ - サイ...
2026/05/08 09:52,2026/05/08 09:52,0:05,Webサイト（契約状況 および他 1 ページ）の閲覧・調査
2026/05/08 09:52,2026/05/08 09:59,0:07,Webサイト（パスワードを保存しますか?）の閲覧・調査 / Webサイト（ユーザー情報の変更 および他 1 ページ）の閲覧・調査 / Webサイト（ユーザー情報の変更）の閲覧・調査 / Webサイト（社内SEの仕事なんでも相談 - Google Gemini）の閲覧・調査 / Webサイト（組織とユーザーの設定 および他 1 ページ）の閲覧・調査 / Webサイト（組織とユーザーの設定）の閲...
2026/05/08 10:01,2026/05/08 10:13,0:12,Excelファイル（000.（重要）設定等のマニュアル.xlsx）の入力・編集 / Excelファイル（20260414_20260430ログ検索結果-20260507131846.csv）の入力・編集 / Excelファイル（NAS設定値一覧_黄色は変更値.xlsx ）の入力・編集 / Excelファイル（NAS設定値一覧_黄色は変更値.xlsx）の入力・編集
2026/05/08 10:13,2026/05/08 10:13,0:05,Webサイト（移動または??コピー）の閲覧・調査
2026/05/08 10:13,2026/05/08 10:13,0:05,Excelファイル（000.（重要）設定等のマニュアル.xlsx）の入力・編集 / Excelファイル（NAS設定値一覧_黄色は変更値.xlsx）の入力・編集
2026/05/08 10:13,2026/05/08 10:13,0:05,Webサイト（移動または??コピー）の閲覧・調査
2026/05/08 10:13,2026/05/08 10:13,0:05,Excelファイル（NAS設定値一覧_黄色は変更値.xlsx）の入力・編集
2026/05/08 10:13,2026/05/08 10:14,0:05,Webサイト（移動または??コピー）の閲覧・調査
2026/05/08 10:14,2026/05/08 10:15,0:05,Excelファイル（000.（重要）設定等のマニュアル.xlsx）の入力・編集 / Excelファイル（20260414_20260430ログ検索結果-20260507131846.csv）の入力・編集 / Excelファイル（Microsoft Visual Basic for Applications）の入力・編集 / Excelファイル（NAS設定値一覧_黄色は変更値.xlsx）の入力...
2026/05/08 10:15,2026/05/08 10:16,0:05,Webサイト（MSN および他 1 ページ）の閲覧・調査 / Webサイト（msn.com/ja-jp/money/other/出光興産もロシア-サハリン2産の原油を輸入-タンカーが今治から千葉へ-調達先を多角化/ar-AA22BiNL?ocid=entnewsntp&pc=EDGEESS&cvid=69fd358b96514c5d981a012b5bdadba4&ei=32 および他 1 ...
2026/05/08 10:16,2026/05/08 10:17,0:05,Excelファイル（営業部_ログ検索結果-20260416140900.xlsm）の入力・編集
2026/05/08 10:17,2026/05/08 10:17,0:05,Webサイト（Google Chrome のジャンプ リスト）の閲覧・調査 / Webサイト（Google）の閲覧・調査 / Webサイト（リモート デスクトップ接続 のジャンプ リスト）の閲覧・調査
2026/05/08 10:17,2026/05/08 10:17,0:05,メール（フォーレスト株式会社 メール）の閲覧・作成 / メール（設定）の閲覧・作成
2026/05/08 10:17,2026/05/08 10:18,0:05,Webサイト（Google Chrome）の閲覧・調査 / Webサイト（ユーザーリスト - 管理コンソール）の閲覧・調査
2026/05/08 10:18,2026/05/08 10:18,0:05,"メール（受信トレイ (15,770)）の閲覧・作成"
2026/05/08 10:18,2026/05/08 10:18,0:05,Webサイト（「Adobe Acrobat : PDF の編集、変換、署名ツール」が追加されました）の閲覧・調査 / Webサイト（ユーザーリスト - 管理コンソール）の閲覧・調査
2026/05/08 10:18,2026/05/08 10:18,0:05,"メール（受信トレイ (16,392)）の閲覧・作成"
2026/05/08 10:18,2026/05/08 10:39,0:21,Webサイト（Google）の閲覧・調査 / Webサイト（お支払いアカウント）の閲覧・調査 / Webサイト（アカウント設定 - 管理コンソール）の閲覧・調査 / Webサイト（アプリケーション設定 - 管理コンソール）の閲覧・調査 / Webサイト（サブスクリプション - 管理コンソール）の閲覧・調査 / Webサイト（ブラウザの動作を遅くしているタブを修正）の閲覧・調査 / Webサイ...
2026/05/08 10:41,2026/05/08 11:00,0:18,Webサイト（Windows PowerShell ISE）の閲覧・調査 / Webサイト（Windows11 Pro キッティング自動化手法 - Google Gemini）の閲覧・調査 / Webサイト（名前を付けて保存の確認）の閲覧・調査 / Webサイト（名前を付けて保存）の閲覧・調査 / Webサイト（社内SEの仕事なんでも相談 - Google Gemini）の閲覧・調査 / 名...
2026/05/08 11:01,2026/05/08 11:01,0:05,Excelファイル（LargeFiles.csv）の入力・編集 / Excelファイル（営業部_ログ検索結果-20260416140900.xlsm）の入力・編集
2026/05/08 11:01,2026/05/08 11:01,0:05,Webサイト（社内SEの仕事なんでも相談 - Google Gemini）の閲覧・調査
2026/05/08 11:04,2026/05/08 11:23,0:19,Webサイト（Windows PowerShell ISE）の閲覧・調査 / Webサイト（\\10.85.33.230\01_全社共有\システム統括部\業改室\★大宮システム部\（NAS）伊藤\新規 テキスト ドキュメント.txt - サクラエディタ32bit 2.4.2.6048）の閲覧・調査 / Webサイト（\\10.85.33.230\01_全社共有\システム統括部\業改室\★大宮...
2026/05/08 11:43,2026/05/08 11:43,0:05,Excelファイル（NAS設定値一覧_黄色は変更値.xlsx）の入力・編集
2026/05/08 11:43,2026/05/08 11:43,0:05,Webサイト（社内SEの仕事なんでも相談 - Google Gemini）の閲覧・調査
2026/05/08 11:44,2026/05/08 11:44,0:05,Excelファイル（NAS設定値一覧_黄色は変更値.xlsx）の入力・編集
2026/05/08 11:44,2026/05/08 11:52,0:08,Webサイト（Amazon.co.jp: 2026母の日特集）の閲覧・調査 / Webサイト（Bat To Exe Converter - Google 検索）の閲覧・調査 / Webサイト（Bat To Exe Converter 4.2 | ダウンロードと使い方 | ソフタロウ）の閲覧・調査 / Webサイト（Bat To Exe Converter v4.2）の閲覧・調査 / Webサ...
2026/05/08 11:53,2026/05/08 11:53,0:05,Webサイト（社内SEの仕事なんでも相談 - Google Gemini）の閲覧・調査 / 名前の変更
2026/05/08 11:53,2026/05/08 11:53,0:05,Excelファイル（NAS設定値一覧_黄色は変更値.xlsx）の入力・編集
2026/05/08 11:53,2026/05/08 12:01,0:08,Webサイト（*NAS切替TEST.bat - メモ帳）の閲覧・調査 / Webサイト（100% 完了）の閲覧・調査 / Webサイト（NAS切替TEST.bat - メモ帳）の閲覧・調査 / Webサイト（NAS接続アカウント切り替えツール）の閲覧・調査 / Webサイト（\\10.85.33.230\01_全社共有\システム統括部\業改室\★大宮システム部\（NAS）伊藤\新規 テキスト...
2026/05/08 12:01,2026/05/08 12:07,0:05,0% 完了 / Webサイト（*NAS切替TEST.bat - メモ帳）の閲覧・調査 / Webサイト（37% 完了）の閲覧・調査 / Webサイト（87% 完了）の閲覧・調査 / Webサイト（NAS切替TEST.bat - メモ帳）の閲覧・調査 / Webサイト（NAS接続アカウント切り替えツール）の閲覧・調査 / Webサイト（NAS接続高速スイッチャー (Y/Tスマート切替)）の閲覧...
2026/05/08 12:07,2026/05/08 12:16,0:08,0% 完了 / Webサイト（37% 完了）の閲覧・調査 / Webサイト（87% 完了）の閲覧・調査 / Webサイト（NAS ドライブレター切替ツール）の閲覧・調査 / Webサイト（NAS切替TEST.bat - メモ帳）の閲覧・調査 / Webサイト（開いているファイル - セキュリティの警告）の閲覧・調査
2026/05/08 12:16,2026/05/08 12:17,0:05,Excelファイル（NAS設定値一覧_黄色は変更値.xlsx）の入力・編集
2026/05/08 12:17,2026/05/08 12:17,0:05,Webサイト（*NAS切替TEST.bat - メモ帳）の閲覧・調査 / Webサイト（NAS切替TEST.bat - メモ帳）の閲覧・調査
2026/05/08 12:17,2026/05/08 12:17,0:05,Excelファイル（NAS設定値一覧_黄色は変更値.xlsx）の入力・編集
2026/05/08 12:17,2026/05/08 12:17,0:05,Webサイト（*NAS切替TEST.bat - メモ帳）の閲覧・調査
2026/05/08 12:18,2026/05/08 12:18,0:05,Excelファイル（NAS設定値一覧_黄色は変更値.xlsx）の入力・編集
2026/05/08 12:18,2026/05/08 12:18,0:05,Webサイト（*NAS切替TEST.bat - メモ帳）の閲覧・調査
2026/05/08 12:19,2026/05/08 12:19,0:05,Excelファイル（NAS設定値一覧_黄色は変更値.xlsx）の入力・編集
2026/05/08 12:19,2026/05/08 12:19,0:05,Webサイト（*NAS切替TEST.bat - メモ帳）の閲覧・調査
2026/05/08 12:19,2026/05/08 12:19,0:05,Excelファイル（NAS設定値一覧_黄色は変更値.xlsx）の入力・編集
2026/05/08 12:19,2026/05/08 12:19,0:05,Webサイト（*NAS切替TEST.bat - メモ帳）の閲覧・調査 / Webサイト（NAS切替TEST.bat - メモ帳）の閲覧・調査
2026/05/08 12:19,2026/05/08 12:20,0:05,Excelファイル（NAS設定値一覧_黄色は変更値.xlsx）の入力・編集
2026/05/08 12:20,2026/05/08 12:22,0:05,Webサイト（NAS切替TEST.bat - メモ帳）の閲覧・調査 / Webサイト（場所が利用できません）の閲覧・調査 / Webサイト（社内SEの仕事なんでも相談 - Google Gemini）の閲覧・調査 / Webサイト（管理者:  NAS ドライブレター切替ツール）の閲覧・調査 / Webサイト（選択管理者:  NAS ドライブレター切替ツール）の閲覧・調査 / Webサイト（開...
2026/05/08 12:23,2026/05/08 12:23,0:05,Excelファイル（NAS設定値一覧_黄色は変更値.xlsx）の入力・編集
2026/05/08 12:23,2026/05/08 12:23,0:05,Webサイト（社内SEの仕事なんでも相談 - Google Gemini）の閲覧・調査
2026/05/08 12:23,2026/05/08 12:23,0:05,Excelファイル（NAS設定値一覧_黄色は変更値.xlsx）の入力・編集
2026/05/08 12:23,2026/05/08 12:23,0:05,Webサイト（社内SEの仕事なんでも相談 - Google Gemini）の閲覧・調査
2026/05/08 12:23,2026/05/08 12:23,0:05,Excelファイル（NAS設定値一覧_黄色は変更値.xlsx）の入力・編集
2026/05/08 12:23,2026/05/08 12:25,0:05,Webサイト（*NAS切替TEST.bat - メモ帳）の閲覧・調査 / Webサイト（NAS 3段切り替え (強制作業版)）の閲覧・調査 / Webサイト（NAS切替TEST.bat - メモ帳）の閲覧・調査 / Webサイト（社内SEの仕事なんでも相談 - Google Gemini）の閲覧・調査 / Webサイト（管理者:  NAS 3段切り替え (強制作業版)）の閲覧・調査 / We...
2026/05/08 12:27,2026/05/08 12:27,0:05,Excelファイル（NAS設定値一覧_黄色は変更値.xlsx）の入力・編集
2026/05/08 12:27,2026/05/08 12:27,0:05,Webサイト（社内SEの仕事なんでも相談 - Google Gemini）の閲覧・調査
2026/05/08 12:28,2026/05/08 12:28,0:05,Excelファイル（NAS設定値一覧_黄色は変更値.xlsx）の入力・編集
2026/05/08 12:28,2026/05/08 12:28,0:05,Webサイト（*NAS切替TEST.bat - メモ帳）の閲覧・調査 / Webサイト（NAS切替TEST.bat - メモ帳）の閲覧・調査 / Webサイト（開いているファイル - セキュリティの警告）の閲覧・調査
2026/05/08 12:28,2026/05/08 12:28,0:05,Excelファイル（NAS設定値一覧_黄色は変更値.xlsx）の入力・編集
2026/05/08 12:28,2026/05/08 12:29,0:05,Webサイト（NAS 2段切り替え (上位職アクセス・テスト版)）の閲覧・調査 / Webサイト（開いているファイル - セキュリティの警告）の閲覧・調査
2026/05/08 12:29,2026/05/08 12:31,0:05,Webサイト（NAS 2段切り替え (上位職アクセス・テスト版)）の閲覧・調査 / Webサイト（NotebookLM）の閲覧・調査 / Webサイト（Windows 資格情報の削除）の閲覧・調査 / Webサイト（コントロール パネル\すべてのコントロール パネル項目\資格情報マネージャー）の閲覧・調査 / Webサイト（ネットワーク エラー）の閲覧・調査 / Webサイト（社内SEの仕事...
2026/05/08 12:32,2026/05/08 12:32,0:05,Excelファイル（NAS設定値一覧_黄色は変更値.xlsx）の入力・編集
2026/05/08 12:32,2026/05/08 12:32,0:05,Excelファイル（NAS設定値一覧_黄色は変更値.xlsx）の入力・編集 / 問い合わせ
2026/05/08 12:32,2026/05/08 12:32,0:05,Webサイト（社内SEの仕事なんでも相談 - Google Gemini）の閲覧・調査
2026/05/08 12:33,2026/05/08 12:33,0:05,Excelファイル（NAS設定値一覧_黄色は変更値.xlsx）の入力・編集
2026/05/08 12:33,2026/05/08 12:33,0:05,Webサイト（NAS 2段切り替え (上位職アクセス・テスト版)）の閲覧・調査
2026/05/08 12:33,2026/05/08 12:33,0:05,Excelファイル（NAS設定値一覧_黄色は変更値.xlsx）の入力・編集
2026/05/08 12:33,2026/05/08 12:33,0:05,Webサイト（*NAS切替TEST.bat - メモ帳）の閲覧・調査 / Webサイト（NAS切替TEST.bat - メモ帳）の閲覧・調査 / Webサイト（開いているファイル - セキュリティの警告）の閲覧・調査
2026/05/08 12:33,2026/05/08 12:33,0:05,Excelファイル（NAS設定値一覧_黄色は変更値.xlsx）の入力・編集
2026/05/08 12:33,2026/05/08 12:34,0:05,Webサイト（場所が利用できません）の閲覧・調査 / Webサイト（管理者:  NAS 接続・自動リカバリー版）の閲覧・調査 / Webサイト（開いているファイル - セキュリティの警告）の閲覧・調査
2026/05/08 12:34,2026/05/08 12:34,0:05,Excelファイル（NAS設定値一覧_黄色は変更値.xlsx）の入力・編集
2026/05/08 12:34,2026/05/08 13:04,0:29,Webサイト（*NAS切替TEST.bat - メモ帳）の閲覧・調査 / Webサイト（LAN DISK (FRT-NAS)のプロパティ）の閲覧・調査 / Webサイト（NAS 2段切り替え (上位職アクセス・テスト版)）の閲覧・調査 / Webサイト（NAS 接続・Uドライブ切替 (最終安定版)）の閲覧・調査 / Webサイト（NAS 接続・Uドライブ切替 (資格情報完全パージ仕様)）の閲...
2026/05/08 14:51,2026/05/08 14:51,0:05,Webサイト（NAS 接続・Uドライブ切替 (最終安定版)）の閲覧・調査 / Webサイト（社内SEの仕事なんでも相談 - Google Gemini）の閲覧・調査
2026/05/08 14:52,2026/05/08 14:52,0:05,Excelファイル（NAS設定値一覧_黄色は変更値.xlsx）の入力・編集
2026/05/08 14:52,2026/05/08 14:52,0:05,Webサイト（社内SEの仕事なんでも相談 - Google Gemini）の閲覧・調査
2026/05/08 14:52,2026/05/08 14:52,0:05,Excelファイル（LargeFiles.csv）の入力・編集
2026/05/08 14:52,2026/05/08 14:52,0:05,Webサイト（NotebookLM）の閲覧・調査 / Webサイト（社内SEの仕事なんでも相談 - Google Gemini）の閲覧・調査
2026/05/08 14:53,2026/05/08 14:53,0:05,Excelファイル（20260427_ログ表示結果-20260416175217）の入力・編集 / Excelファイル（営業部_ログ検索結果-20260416140900.xlsm）の入力・編集
2026/05/08 14:53,2026/05/08 14:53,0:05,Antigravityを用いた「システム開発・改善」の開発・相談
2026/05/08 14:54,2026/05/08 14:54,0:05,Webサイト（PC操作ログ(CSV)を複数選択）の閲覧・調査 / Webサイト（ファイル選択 (1/3)）の閲覧・調査 / Webサイト（ファイル選択 (2/3)）の閲覧・調査 / Webサイト（フォルダ選択 (3/3)）の閲覧・調査 / Webサイト（勤怠マスタ(Excel)を選択）の閲覧・調査 / Webサイト（報告書の保存先フォルダを選択）の閲覧・調査
2026/05/08 14:54,2026/05/08 14:54,0:05,Excelファイル（20260427_ログ表示結果-20260416175217）の入力・編集
2026/05/08 14:54,2026/05/08 14:55,0:05,Excelファイル（20260427_ログ表示結果-20260416175217）の入力・編集 / 検索と置換
2026/05/08 14:56,2026/05/08 14:56,0:05,Antigravityを用いた「システム開発・改善」の開発・相談
2026/05/08 14:56,2026/05/08 14:56,0:05,Webサイト（PC操作ログ(CSV)を複数選択）の閲覧・調査 / Webサイト（ファイル選択 (1/3)）の閲覧・調査 / Webサイト（ファイル選択 (2/3)）の閲覧・調査 / Webサイト（フォルダ選択 (3/3)）の閲覧・調査 / Webサイト（勤怠マスタ(Excel)を選択）の閲覧・調査 / Webサイト（報告書の保存先フォルダを選択）の閲覧・調査
2026/05/08 14:57,2026/05/08 14:57,0:05,Antigravityを用いた「システム開発・改善」の開発・相談
2026/05/08 14:57,2026/05/08 14:57,0:05,Excelファイル（20260427_ログ表示結果-20260416175217）の入力・編集
2026/05/08 14:57,2026/05/08 14:57,0:05,Antigravityを用いた「システム開発・改善」の開発・相談
2026/05/08 15:01,2026/05/08 15:01,0:05,Excelファイル（20260427_ログ表示結果-20260416175217）の入力・編集 / Excelファイル（Microsoft Visual Basic for Applications）の入力・編集
2026/05/08 15:01,2026/05/08 15:01,0:05,Webサイト（残業調査報告書_山本光克_20260402.docx  -  互換モード - Word）の閲覧・調査 / Webサイト（起動しています - Word）の閲覧・調査
2026/05/08 15:02,2026/05/08 15:02,0:05,Antigravityを用いた「システム開発・改善」の開発・相談
2026/05/08 15:02,2026/05/08 15:02,0:05,Webサイト（残業調査報告書_山本光克_20260402.docx  -  互換モード - Word）の閲覧・調査
2026/05/08 15:02,2026/05/08 15:02,0:05,Antigravityを用いた「システム開発・改善」の開発・相談
2026/05/08 15:05,2026/05/08 15:05,0:05,Webサイト（残業調査報告書_山本光克_20260402.docx  -  互換モード - Word）の閲覧・調査
2026/05/08 15:06,2026/05/08 15:06,0:05,Antigravityを用いた「システム開発・改善」の開発・相談
2026/05/08 15:07,2026/05/08 15:07,0:05,Webサイト（残業調査報告書_山本光克_20260402.docx  -  互換モード - Word）の閲覧・調査
2026/05/08 15:07,2026/05/08 15:07,0:05,0% 完了 / 3% 完了 / Webサイト（53% 完了）の閲覧・調査 / Webサイト（94% 完了）の閲覧・調査
2026/05/08 15:07,2026/05/08 15:08,0:05,Antigravityを用いた「システム開発・改善」の開発・相談
2026/05/08 15:09,2026/05/08 15:09,0:05,Webサイト（PC操作ログ(CSV)を複数選択）の閲覧・調査 / Webサイト（ファイル選択 (1/3)）の閲覧・調査 / Webサイト（ファイル選択 (2/3)）の閲覧・調査 / Webサイト（フォルダ選択 (3/3)）の閲覧・調査 / Webサイト（勤怠マスタ(Excel)を選択）の閲覧・調査 / Webサイト（報告書の保存先フォルダを選択）の閲覧・調査
2026/05/08 15:09,2026/05/08 15:09,0:05,Antigravityを用いた「システム開発・改善」の開発・相談
2026/05/08 15:10,2026/05/08 15:10,0:05,Webサイト（残業調査報告書_山本光克_20260402.docx  -  互換モード - Word）の閲覧・調査 / Webサイト（起動しています - Word）の閲覧・調査
2026/05/08 15:12,2026/05/08 15:19,0:07,Antigravityを用いた「システム開発・改善」の開発・相談
2026/05/08 15:20,2026/05/08 15:20,0:05,Webサイト（ファイル選択 (1/3)）の閲覧・調査 / Webサイト（残業調査報告書_山本光克_20260402.docx  -  互換モード - Word）の閲覧・調査
2026/05/08 15:20,2026/05/08 15:20,0:05,0% 完了 / 3% 完了 / Webサイト（53% 完了）の閲覧・調査 / Webサイト（94% 完了）の閲覧・調査 / Webサイト（PC操作ログ(CSV)を複数選択）の閲覧・調査 / Webサイト（ファイル選択 (1/3)）の閲覧・調査 / Webサイト（ファイル選択 (2/3)）の閲覧・調査 / Webサイト（フォルダ選択 (3/3)）の閲覧・調査 / Webサイト（勤怠マスタ(Ex...
2026/05/08 15:20,2026/05/08 15:22,0:05,Antigravityを用いた「システム開発・改善」の開発・相談
2026/05/08 15:23,2026/05/08 15:24,0:05,Webサイト（PC操作ログ(CSV)を複数選択）の閲覧・調査 / Webサイト（ファイル選択 (1/3)）の閲覧・調査 / Webサイト（ファイル選択 (2/3)）の閲覧・調査 / Webサイト（フォルダ選択 (3/3)）の閲覧・調査 / Webサイト（勤怠マスタ(Excel)を選択）の閲覧・調査 / Webサイト（報告書の保存先フォルダを選択）の閲覧・調査
2026/05/08 15:24,2026/05/08 15:24,0:05,Antigravityを用いた「システム開発・改善」の開発・相談
2026/05/08 15:25,2026/05/08 15:26,0:05,Webサイト（PC操作ログ(CSV)を複数選択）の閲覧・調査 / Webサイト（ファイル選択 (1/3)）の閲覧・調査 / Webサイト（ファイル選択 (2/3)）の閲覧・調査 / Webサイト（フォルダ選択 (3/3)）の閲覧・調査 / Webサイト（勤怠マスタ(Excel)を選択）の閲覧・調査 / Webサイト（報告書の保存先フォルダを選択）の閲覧・調査
2026/05/08 15:27,2026/05/08 15:27,0:05,Antigravityを用いた「システム開発・改善」の開発・相談
2026/05/08 15:28,2026/05/08 15:28,0:05,Webサイト（残業調査報告書_山本光克_20260402.docx  -  互換モード - Word）の閲覧・調査 / Webサイト（起動しています - Word）の閲覧・調査
2026/05/08 15:29,2026/05/08 15:29,0:05,Antigravityを用いた「システム開発・改善」の開発・相談
2026/05/08 15:30,2026/05/08 15:30,0:05,Webサイト（Windows シェル エクスペリエンス ホスト）の閲覧・調査
2026/05/08 15:57,2026/05/08 15:57,0:05,Antigravityを用いた「システム開発・改善」の開発・相談
2026/05/08 16:02,2026/05/08 16:03,0:05,Webサイト（11% 完了）の閲覧・調査 / Webサイト（残業調査報告書_山本光克_20260402.docx  -  互換モード - Word）の閲覧・調査
2026/05/08 16:03,2026/05/08 16:03,0:05,Antigravityを用いた「システム開発・改善」の開発・相談
2026/05/08 16:03,2026/05/08 16:03,0:05,Webサイト（PC操作ログ(CSV)を複数選択）の閲覧・調査 / Webサイト（ファイル選択 (1/3)）の閲覧・調査 / Webサイト（ファイル選択 (2/3)）の閲覧・調査 / Webサイト（フォルダ選択 (3/3)）の閲覧・調査 / Webサイト（勤怠マスタ(Excel)を選択）の閲覧・調査 / Webサイト（報告書の保存先フォルダを選択）の閲覧・調査
2026/05/08 16:04,2026/05/08 16:04,0:05,Antigravityを用いた「システム開発・改善」の開発・相談
2026/05/08 16:04,2026/05/08 16:04,0:05,Webサイト（「いま」を見つけよう / X）の閲覧・調査
2026/05/08 16:04,2026/05/08 16:05,0:05,Webサイト（ITの今が見える、明日が分かる - ITmedia NEWS）の閲覧・調査 / Webサイト（ITニュース - Google 検索）の閲覧・調査 / Webサイト（itmedia.co.jp/news/）の閲覧・調査 / Webサイト（残業調査報告書_山本光克_20260402.docx  -  互換モード - Word）の閲覧・調査 / Webサイト（社内SEの仕事なんでも相...
2026/05/08 16:06,2026/05/08 16:06,0:05,Antigravityを用いた「システム開発・改善」の開発・相談
2026/05/08 16:08,2026/05/08 16:08,0:05,Webサイト（Google トレンド）の閲覧・調査 / Webサイト（ITの今が見える、明日が分かる - ITmedia NEWS）の閲覧・調査 / Webサイト（ITニュース - Google 検索）の閲覧・調査 / Webサイト（google トレンド - Google 検索）の閲覧・調査 / Webサイト（trends.google.co.jp/trends/）の閲覧・調査
2026/05/08 16:08,2026/05/08 16:08,0:05,Antigravityを用いた「システム開発・改善」の開発・相談
2026/05/08 16:08,2026/05/08 16:08,0:05,Webサイト（残業調査報告書_山本光克_20260402.docx  -  互換モード - Word）の閲覧・調査
2026/05/08 16:08,2026/05/08 16:08,0:05,Antigravityを用いた「システム開発・改善」の開発・相談
2026/05/08 16:08,2026/05/08 16:09,0:05,Webサイト（PC操作ログ(CSV)を複数選択）の閲覧・調査 / Webサイト（ファイル選択 (1/3)）の閲覧・調査 / Webサイト（ファイル選択 (2/3)）の閲覧・調査 / Webサイト（フォルダ選択 (3/3)）の閲覧・調査 / Webサイト（勤怠マスタ(Excel)を選択）の閲覧・調査 / Webサイト（報告書の保存先フォルダを選択）の閲覧・調査
2026/05/08 16:09,2026/05/08 16:09,0:05,Excelファイル（Microsoft Visual Basic for Applications）の入力・編集
2026/05/08 16:17,2026/05/08 16:17,0:05,Webサイト（Google トレンドの詳細）の閲覧・調査 / Webサイト（Google トレンド）の閲覧・調査
2026/05/08 16:18,2026/05/08 16:18,0:05,Excelファイル（20260427_ログ表示結果-20260416175217）の入力・編集 / Excelファイル（山本光克_ログ検索結果-20260402.csv）の入力・編集
2026/05/08 16:19,2026/05/08 16:19,0:05,Webサイト（残業調査報告書_山本光克_20260402.docx  -  互換モード - Word）の閲覧・調査 / Webサイト（起動しています - Word）の閲覧・調査
2026/05/08 16:19,2026/05/08 16:19,0:05,Antigravityを用いた「システム開発・改善」の開発・相談
2026/05/08 16:20,2026/05/08 16:20,0:05,Webサイト（ファイル選択 (1/3)）の閲覧・調査
2026/05/08 16:20,2026/05/08 16:20,0:05,Antigravityを用いた「システム開発・改善」の開発・相談
2026/05/08 16:20,2026/05/08 16:21,0:05,Webサイト（PC操作ログ(CSV)を複数選択）の閲覧・調査 / Webサイト（Windows シェル エクスペリエンス ホスト）の閲覧・調査 / Webサイト（Word のジャンプ リスト）の閲覧・調査 / Webサイト（ファイル選択 (1/3)）の閲覧・調査 / Webサイト（ファイル選択 (2/3)）の閲覧・調査 / Webサイト（フォルダ選択 (3/3)）の閲覧・調査 / Webサイ...
2026/05/08 16:21,2026/05/08 16:21,0:05,Excelファイル（20260414_20260430ログ検索結果-20260507131846.csv）の入力・編集
2026/05/08 16:21,2026/05/08 16:21,0:05,Antigravityを用いた「システム開発・改善」の開発・相談
2026/05/08 16:22,2026/05/08 16:22,0:05,Webサイト（PC操作ログ(CSV)を複数選択）の閲覧・調査 / Webサイト（ファイル選択 (1/3)）の閲覧・調査 / Webサイト（ファイル選択 (2/3)）の閲覧・調査 / Webサイト（フォルダ選択 (3/3)）の閲覧・調査 / Webサイト（勤怠マスタ(Excel)を選択）の閲覧・調査 / Webサイト（報告書の保存先フォルダを選択）の閲覧・調査
2026/05/08 16:23,2026/05/08 16:23,0:05,Antigravityを用いた「システム開発・改善」の開発・相談
2026/05/08 16:23,2026/05/08 16:24,0:05,Webサイト（PC操作ログ(CSV)を複数選択）の閲覧・調査 / Webサイト（ファイル選択 (1/3)）の閲覧・調査 / Webサイト（ファイル選択 (2/3)）の閲覧・調査 / Webサイト（フォルダ選択 (3/3)）の閲覧・調査 / Webサイト（勤怠マスタ(Excel)を選択）の閲覧・調査 / Webサイト（報告書の保存先フォルダを選択）の閲覧・調査
2026/05/08 16:24,2026/05/08 16:24,0:05,Antigravityを用いた「システム開発・改善」の開発・相談
2026/05/08 16:25,2026/05/08 16:25,0:05,Webサイト（PC操作ログ(CSV)を複数選択）の閲覧・調査 / Webサイト（ファイル選択 (1/3)）の閲覧・調査 / Webサイト（ファイル選択 (2/3)）の閲覧・調査 / Webサイト（フォルダ選択 (3/3)）の閲覧・調査 / Webサイト（勤怠マスタ(Excel)を選択）の閲覧・調査 / Webサイト（報告書の保存先フォルダを選択）の閲覧・調査
2026/05/08 16:27,2026/05/08 16:27,0:05,Antigravityを用いた「システム開発・改善」の開発・相談
2026/05/08 16:29,2026/05/08 16:29,0:05,Webサイト（ファイル選択 (1/3)）の閲覧・調査 / Webサイト（勤怠マスタ(Excel)を選択）の閲覧・調査
2026/05/08 16:29,2026/05/08 16:29,0:05,Antigravityを用いた「システム開発・改善」の開発・相談
2026/05/08 16:30,2026/05/08 16:30,0:05,Webサイト（PC操作ログ(CSV)を複数選択）の閲覧・調査 / Webサイト（ファイル選択 (1/3)）の閲覧・調査 / Webサイト（ファイル選択 (2/3)）の閲覧・調査 / Webサイト（フォルダ選択 (3/3)）の閲覧・調査 / Webサイト（勤怠マスタ(Excel)を選択）の閲覧・調査 / Webサイト（報告書の保存先フォルダを選択）の閲覧・調査
2026/05/08 16:31,2026/05/08 16:31,0:05,Antigravityを用いた「システム開発・改善」の開発・相談
2026/05/08 16:31,2026/05/08 16:32,0:05,Webサイト（残業調査報告書_山本光克_20260402.docx  -  互換モード - Word）の閲覧・調査 / Webサイト（起動しています - Word）の閲覧・調査
2026/05/08 16:32,2026/05/08 16:32,0:05,Antigravityを用いた「システム開発・改善」の開発・相談
2026/05/08 16:32,2026/05/08 16:32,0:05,Webサイト（残業調査報告書_山本光克_20260402.docx  -  互換モード - Word）の閲覧・調査
2026/05/08 16:32,2026/05/08 16:32,0:05,Webサイト（残業調査報告書_山本光克_20260402.docx  -  互換モード - Word）の閲覧・調査 / Webサイト（社内SEの仕事なんでも相談 - Google Gemini）の閲覧・調査 / スタート
2026/05/08 16:32,2026/05/08 16:33,0:05,Antigravityを用いた「システム開発・改善」の開発・相談 / スタート
2026/05/08 16:36,2026/05/08 16:36,0:05,Webサイト（PC操作ログ(CSV)を複数選択）の閲覧・調査 / Webサイト（ファイル選択 (1/3)）の閲覧・調査 / Webサイト（ファイル選択 (2/3)）の閲覧・調査 / Webサイト（フォルダ選択 (3/3)）の閲覧・調査 / Webサイト（勤怠マスタ(Excel)を選択）の閲覧・調査 / Webサイト（報告書の保存先フォルダを選択）の閲覧・調査
2026/05/08 16:37,2026/05/08 16:37,0:05,Antigravityを用いた「システム開発・改善」の開発・相談
2026/05/08 16:37,2026/05/08 16:39,0:05,Webサイト（Claude）の閲覧・調査 / Webサイト（Google トレンドの詳細）の閲覧・調査 / Webサイト（Google トレンド）の閲覧・調査 / Webサイト（ITニュース - Google 検索）の閲覧・調査 / Webサイト（PC操作ログ(CSV)を複数選択）の閲覧・調査 / Webサイト（google トレンド - Google 検索）の閲覧・調査 / Webサイト（...
2026/05/08 16:39,2026/05/08 16:40,0:05,Antigravityを用いた「システム開発・改善」の開発・相談
2026/05/08 16:41,2026/05/08 16:41,0:05,Webサイト（ファイル選択 (1/3)）の閲覧・調査 / Webサイト（勤怠マスタ(Excel)を選択）の閲覧・調査
2026/05/08 16:41,2026/05/08 16:41,0:05,Antigravityを用いた「システム開発・改善」の開発・相談
2026/05/08 16:42,2026/05/08 16:42,0:05,Webサイト（勤怠マスタ(Excel)を選択）の閲覧・調査
2026/05/08 16:42,2026/05/08 16:42,0:05,Antigravityを用いた「システム開発・改善」の開発・相談
2026/05/08 16:42,2026/05/08 16:42,0:05,Webサイト（98% 完了）の閲覧・調査 / Webサイト（ファイル選択 (1/3)）の閲覧・調査 / Webサイト（勤怠マスタ(Excel)を選択）の閲覧・調査 / Webサイト（残業調査報告書_山本光克_20260406.docx  -  互換モード - Word）の閲覧・調査
2026/05/08 16:42,2026/05/08 16:45,0:05,0% 完了 / 3% 完了 / Webサイト（40% 完了）の閲覧・調査 / Webサイト（46% 完了）の閲覧・調査 / Webサイト（50% 完了）の閲覧・調査 / Webサイト（PC操作ログ(CSV)を複数選択）の閲覧・調査 / Webサイト（Word のジャンプ リスト）の閲覧・調査 / Webサイト（ファイル選択 (2/3)）の閲覧・調査 / Webサイト（フォルダ選択 (3/3)...
2026/05/08 16:46,2026/05/08 16:46,0:05,Antigravityを用いた「システム開発・改善」の開発・相談
2026/05/08 16:46,2026/05/08 16:46,0:05,Webサイト（PC操作ログ(CSV)を複数選択）の閲覧・調査 / Webサイト（ファイル選択 (1/3)）の閲覧・調査 / Webサイト（ファイル選択 (2/3)）の閲覧・調査 / Webサイト（フォルダ選択 (3/3)）の閲覧・調査 / Webサイト（勤怠マスタ(Excel)を選択）の閲覧・調査 / Webサイト（報告書の保存先フォルダを選択）の閲覧・調査
2026/05/08 16:47,2026/05/08 16:47,0:05,Antigravityを用いた「システム開発・改善」の開発・相談
2026/05/08 16:54,2026/05/08 16:54,0:05,Webサイト（Google - Google Workspace Marketplace）の閲覧・調査 / Webサイト（社内SEの仕事なんでも相談 - Google Gemini）の閲覧・調査 / Webサイト（結果の考察 - Claude）の閲覧・調査
2026/05/08 16:54,2026/05/08 16:54,0:05,Excelファイル（20260414_20260430ログ検索結果-20260507131846.csv）の入力・編集 / Excelファイル（成川_ログ検索結果-20260404.csv）の入力・編集
2026/05/08 16:54,2026/05/08 16:54,0:05,Webサイト（残業調査報告書_成川真菜_20260404.docx  -  互換モード - Word）の閲覧・調査 / Webサイト（起動しています - Word）の閲覧・調査
2026/05/08 16:55,2026/05/08 16:55,0:05,Antigravityを用いた「システム開発・改善」の開発・相談
2026/05/08 16:56,2026/05/08 16:56,0:05,Webサイト（ファイル選択 (1/3)）の閲覧・調査 / Webサイト（勤怠マスタ(Excel)を選択）の閲覧・調査
2026/05/08 16:56,2026/05/08 17:04,0:07,Antigravityを用いた「システム開発・改善」の開発・相談
2026/05/08 17:06,2026/05/08 17:06,0:05,Webサイト（ファイル選択 (1/3)）の閲覧・調査
2026/05/08 17:06,2026/05/08 17:06,0:05,Antigravityを用いた「システム開発・改善」の開発・相談
2026/05/08 17:06,2026/05/08 17:06,0:05,Webサイト（勤怠マスタ(Excel)を選択）の閲覧・調査
2026/05/08 17:06,2026/05/08 17:06,0:05,Antigravityを用いた「システム開発・改善」の開発・相談
2026/05/08 17:07,2026/05/08 17:07,0:05,Webサイト（ファイル選択 (1/3)）の閲覧・調査
2026/05/08 17:08,2026/05/08 17:08,0:05,Antigravityを用いた「システム開発・改善」の開発・相談
2026/05/08 17:08,2026/05/08 17:08,0:05,Webサイト（PC操作ログ(CSV)を複数選択）の閲覧・調査 / Webサイト（ファイル選択 (1/3)）の閲覧・調査 / Webサイト（ファイル選択 (2/3)）の閲覧・調査 / Webサイト（フォルダ選択 (3/3)）の閲覧・調査 / Webサイト（勤怠マスタ(Excel)を選択）の閲覧・調査 / Webサイト（報告書の保存先フォルダを選択）の閲覧・調査
2026/05/08 17:09,2026/05/08 17:09,0:05,Antigravityを用いた「システム開発・改善」の開発・相談
2026/05/08 17:09,2026/05/08 17:10,0:05,Webサイト（ファイル選択 (1/3)）の閲覧・調査 / Webサイト（勤怠マスタ(Excel)を選択）の閲覧・調査 / Webサイト（残業調査報告書_成川真菜_20260404.docx  -  互換モード - Word）の閲覧・調査
2026/05/08 17:10,2026/05/08 17:10,0:05,3% 完了 / Webサイト（40% 完了）の閲覧・調査 / Webサイト（46% 完了）の閲覧・調査 / Webサイト（88% 完了）の閲覧・調査 / Webサイト（残業調査報告書_成川真菜_20260404.docx  -  互換モード - Word）の閲覧・調査
2026/05/08 17:10,2026/05/08 17:10,0:05,Antigravityを用いた「システム開発・改善」の開発・相談
2026/05/08 17:10,2026/05/08 17:14,0:05,Webサイト（PC操作ログ(CSV)を複数選択）の閲覧・調査 / Webサイト（ファイル選択 (1/3)）の閲覧・調査 / Webサイト（ファイル選択 (2/3)）の閲覧・調査 / Webサイト（フォルダ選択 (3/3)）の閲覧・調査 / Webサイト（勤怠マスタ(Excel)を選択）の閲覧・調査 / Webサイト（報告書の保存先フォルダを選択）の閲覧・調査 / Webサイト（残業調査報告書...
2026/05/08 17:14,2026/05/08 17:14,0:05,Antigravityを用いた「システム開発・改善」の開発・相談
2026/05/08 17:14,2026/05/08 17:14,0:05,Webサイト（社内SEの仕事なんでも相談 - Google Gemini）の閲覧・調査
2026/05/08 17:15,2026/05/08 17:15,0:05,Antigravityを用いた「システム開発・改善」の開発・相談
2026/05/08 17:15,2026/05/08 17:15,0:05,Webサイト（192.169.5.5 - リモート デスクトップ接続）の閲覧・調査 / Webサイト（PC操作ログ(CSV)を複数選択）の閲覧・調査 / Webサイト（ファイル選択 (1/3)）の閲覧・調査 / Webサイト（ファイル選択 (2/3)）の閲覧・調査 / Webサイト（フォルダ選択 (3/3)）の閲覧・調査 / Webサイト（リモート デスクトップ接続）の閲覧・調査 / Web...
2026/05/08 17:16,2026/05/08 17:16,0:05,Excelファイル（20260414_20260430ログ検索結果-20260507131846.csv）の入力・編集 / Excelファイル（成川_ログ検索結果-20260404.csv）の入力・編集
2026/05/08 17:16,2026/05/08 17:16,0:05,Webサイト（192.169.5.5 - リモート デスクトップ接続）の閲覧・調査
2026/05/08 17:16,2026/05/08 17:16,0:05,Excelファイル（20260427_ログ表示結果-20260416175217）の入力・編集
2026/05/08 17:17,2026/05/08 17:17,0:05,Excelファイル（20260427_ログ表示結果-20260416175217）の入力・編集 / 検索と置換
2026/05/08 17:17,2026/05/08 17:17,0:05,Webサイト（192.169.5.5 - リモート デスクトップ接続）の閲覧・調査 / Webサイト（レンズの分析）の閲覧・調査
2026/05/08 17:18,2026/05/08 17:18,0:05,Excelファイル（成川_ログ検索結果-20260404.csv）の入力・編集
2026/05/08 17:19,2026/05/08 17:28,0:09,Webサイト（192.169.5.5 - リモート デスクトップ接続）の閲覧・調査 / Webサイト（Windows 資格情報の削除）の閲覧・調査 / Webサイト（Word のジャンプ リスト）の閲覧・調査 / Webサイト（★総務人事からシステム部のプロパティ）の閲覧・調査 / Webサイト（コマンド プロンプト - net  start workstation）の閲覧・調査 / Web...
2026/05/08 17:28,2026/05/08 17:28,0:05,Excelファイル（成川_ログ検索結果-20260404.csv）の入力・編集
2026/05/08 17:28,2026/05/08 17:34,0:06,Webサイト（Bat To Exe Converter 4.2 | ダウンロードと使い方 | ソフタロウ）の閲覧・調査 / Webサイト（Google）の閲覧・調査 / Webサイト（Microsoft 365 アプリで検索で必要なものを見つける - Microsoft サポート および他 2 ページ）の閲覧・調査 / Webサイト（Microsoft 365 アプリで検索で必要なものを見つ...
2026/05/08 17:35,2026/05/08 17:35,0:05,メール（The Yen Redline: Intervention Strategies and 2026 Market Outlook）の閲覧・作成
2026/05/08 17:35,2026/05/08 17:36,0:05,Webサイト（192.169.5.5 - リモート デスクトップ接続）の閲覧・調査 / Webサイト（52% 完了）の閲覧・調査 / Webサイト（93% 完了）の閲覧・調査 / Webサイト（Adobe Acrobat Viewer）の閲覧・調査 / Webサイト（Google - Google Workspace Marketplace）の閲覧・調査 / Webサイト（Google）の閲...
2026/05/08 17:36,2026/05/08 17:36,0:05,Webサイト（成川_ログ検索結果-20260404 (version 1).xlsb  -  自動回復済み - Excel）の閲覧・調査 / Word
2026/05/08 17:37,2026/05/08 17:37,0:05,Antigravityを用いた「システム開発・改善」の開発・相談 / スタート
2026/05/08 17:37,2026/05/08 17:37,0:05,Webサイト（192.169.5.5 - リモート デスクトップ接続）の閲覧・調査 / Webサイト（リモート デスクトップ接続）の閲覧・調査
2026/05/08 17:37,2026/05/08 17:37,0:05,Antigravityを用いた「システム開発・改善」の開発・相談
2026/05/08 17:38,2026/05/08 17:38,0:05,Webサイト（sportiva.shueisha.co.jp/clm/motorsports/motorsports/2014/05/06/post_13/?page=2）の閲覧・調査 / Webサイト（川井一仁が語る「セナとベッテルの決定的な違い」 (2ページ目) | web Sportiva (スポルティーバ)）の閲覧・調査 / Webサイト（川井一仁が語る「セナとベッテルの決定的な違い...
2026/05/08 17:38,2026/05/08 17:38,0:05,Antigravityを用いた「システム開発・改善」の開発・相談
2026/05/08 17:38,2026/05/08 17:41,0:05,Webサイト（F1の記事一覧 | モーターの記事一覧 | web Sportiva）の閲覧・調査 / Webサイト（PC操作ログ(CSV)を複数選択）の閲覧・調査 / Webサイト（sportiva.shueisha.co.jp/clm/motorsports/motorsports/2014/05/06/post_13/）の閲覧・調査 / Webサイト（sportiva.shueisha....
2026/05/08 17:41,2026/05/08 17:41,0:05,メール（The Yen Redline: Intervention Strategies and 2026 Market Outlook）の閲覧・作成
2026/05/08 17:41,2026/05/08 17:41,0:05,Webサイト（Google - Google Workspace Marketplace）の閲覧・調査 / Webサイト（Google）の閲覧・調査 / Webサイト（社内SEの仕事なんでも相談 - Google Gemini）の閲覧・調査
2026/05/08 17:42,2026/05/08 17:42,0:05,Antigravityを用いた「システム開発・改善」の開発・相談
2026/05/08 17:43,2026/05/08 17:43,0:05,Webサイト（成川_ログ検索結果-20260404 (version 1).xlsb  -  自動回復済み - Excel）の閲覧・調査
2026/05/08 17:43,2026/05/08 17:43,0:05,Excelファイル（20260427_ログ表示結果-20260416175217）の入力・編集
2026/05/08 17:43,2026/05/08 17:43,0:05,Excelファイル（20260427_ログ表示結果-20260416175217）の入力・編集 / 検索と置換
2026/05/08 17:44,2026/05/08 17:44,0:05,Webサイト（成川_ログ検索結果-20260404 (version 1).xlsb  -  自動回復済み - Excel）の閲覧・調査
2026/05/08 17:44,2026/05/08 17:44,0:05,Antigravityを用いた「システム開発・改善」の開発・相談
2026/05/08 17:44,2026/05/08 17:44,0:05,Webサイト（PC操作ログ(CSV)を複数選択）の閲覧・調査 / Webサイト（ファイル選択 (1/3)）の閲覧・調査 / Webサイト（ファイル選択 (2/3)）の閲覧・調査 / Webサイト（フォルダ選択 (3/3)）の閲覧・調査 / Webサイト（勤怠マスタ(Excel)を選択）の閲覧・調査 / Webサイト（報告書の保存先フォルダを選択）の閲覧・調査
2026/05/08 17:46,2026/05/08 17:46,0:05,Antigravityを用いた「システム開発・改善」の開発・相談
2026/05/08 17:46,2026/05/08 17:48,0:05,Webサイト（成川_ログ検索結果-20260404 (version 1).xlsb  -  自動回復済み - Excel）の閲覧・調査 / Webサイト（社内SEの仕事なんでも相談 - Google Gemini）の閲覧・調査
2026/05/08 17:51,2026/05/08 17:51,0:05,Antigravityを用いた「システム開発・改善」の開発・相談
2026/05/08 17:51,2026/05/08 17:52,0:05,Webサイト（PC操作ログ(CSV)を複数選択）の閲覧・調査 / Webサイト（ファイル選択 (1/3)）の閲覧・調査 / Webサイト（ファイル選択 (2/3)）の閲覧・調査 / Webサイト（フォルダ選択 (3/3)）の閲覧・調査 / Webサイト（勤怠マスタ(Excel)を選択）の閲覧・調査 / Webサイト（報告書の保存先フォルダを選択）の閲覧・調査
2026/05/08 17:52,2026/05/08 17:52,0:05,Antigravityを用いた「システム開発・改善」の開発・相談
2026/05/08 17:52,2026/05/08 17:53,0:05,Webサイト（PC操作ログ(CSV)を複数選択）の閲覧・調査 / Webサイト（ファイル選択 (1/3)）の閲覧・調査 / Webサイト（ファイル選択 (2/3)）の閲覧・調査 / Webサイト（フォルダ選択 (3/3)）の閲覧・調査 / Webサイト（勤怠マスタ(Excel)を選択）の閲覧・調査 / Webサイト（報告書の保存先フォルダを選択）の閲覧・調査 / Webサイト（成川_ログ検索...
2026/05/08 17:53,2026/05/08 17:53,0:05,Antigravityを用いた「システム開発・改善」の開発・相談
2026/05/08 17:54,2026/05/08 17:55,0:05,Webサイト（成川_ログ検索結果-20260404 (version 1).xlsb  -  自動回復済み - Excel）の閲覧・調査 / Webサイト（残業調査報告書_岸川恭士_20260409.docx  -  互換モード - Word）の閲覧・調査 / Webサイト（起動しています - Word）の閲覧・調査
2026/05/08 17:55,2026/05/08 17:55,0:05,Excelファイル（20260427_ログ表示結果-20260416175217）の入力・編集
2026/05/08 17:55,2026/05/08 17:55,0:05,Excelファイル（20260427_ログ表示結果-20260416175217）の入力・編集 / 検索と置換
2026/05/08 17:55,2026/05/08 17:55,0:05,Antigravityを用いた「システム開発・改善」の開発・相談
2026/05/08 17:56,2026/05/08 17:56,0:05,Webサイト（PC操作ログ(CSV)を複数選択）の閲覧・調査 / Webサイト（ファイル選択 (1/3)）の閲覧・調査 / Webサイト（ファイル選択 (2/3)）の閲覧・調査 / Webサイト（フォルダ選択 (3/3)）の閲覧・調査 / Webサイト（勤怠マスタ(Excel)を選択）の閲覧・調査 / Webサイト（報告書の保存先フォルダを選択）の閲覧・調査
2026/05/08 17:56,2026/05/08 17:56,0:05,Antigravityを用いた「システム開発・改善」の開発・相談
2026/05/08 17:56,2026/05/08 17:56,0:05,Excelファイル（20260427_ログ表示結果-20260416175217）の入力・編集
2026/05/08 17:57,2026/05/08 17:57,0:05,Webサイト（Word のジャンプ リスト）の閲覧・調査 / Webサイト（残業調査報告書_岸川恭士_20260409.docx  -  互換モード - Word）の閲覧・調査
2026/05/08 17:57,2026/05/08 17:57,0:05,Excelファイル（20260427_ログ表示結果-20260416175217）の入力・編集 / Excelファイル（ログ検索結果-20260415.csv）の入力・編集
2026/05/08 17:57,2026/05/08 17:57,0:05,Antigravityを用いた「システム開発・改善」の開発・相談
2026/05/08 17:57,2026/05/08 17:58,0:05,Webサイト（PC操作ログ(CSV)を複数選択）の閲覧・調査 / Webサイト（ファイル選択 (1/3)）の閲覧・調査 / Webサイト（ファイル選択 (2/3)）の閲覧・調査 / Webサイト（フォルダ選択 (3/3)）の閲覧・調査 / Webサイト（勤怠マスタ(Excel)を選択）の閲覧・調査 / Webサイト（報告書の保存先フォルダを選択）の閲覧・調査
2026/05/08 17:58,2026/05/08 17:58,0:05,Excelファイル（20260427_ログ表示結果-20260416175217）の入力・編集
2026/05/08 17:58,2026/05/08 17:58,0:05,Webサイト（残業調査報告書_岸川恭士_20260409.docx  -  互換モード - Word）の閲覧・調査
2026/05/08 17:58,2026/05/08 17:58,0:05,Excelファイル（20260427_ログ表示結果-20260416175217）の入力・編集
2026/05/08 17:59,2026/05/08 17:59,0:05,Webサイト（成川_ログ検索結果-20260404 (version 1).xlsb  -  自動回復済み - Excel）の閲覧・調査 / Webサイト（残業調査報告書_岸川恭士_20260415.docx  -  互換モード - Word）の閲覧・調査 / Webサイト（起動しています - Word）の閲覧・調査
2026/05/08 17:59,2026/05/08 18:00,0:05,Excelファイル（20260427_ログ表示結果-20260416175217）の入力・編集 / Excelファイル（岸川_ログ検索結果-20260415.csv）の入力・編集
2026/05/08 18:00,2026/05/08 18:00,0:05,Antigravityを用いた「システム開発・改善」の開発・相談
2026/05/08 18:00,2026/05/08 18:01,0:05,Excelファイル（20260427_ログ表示結果-20260416175217）の入力・編集 / Excelファイル（岸川_ログ検索結果-20260401_20260404.csv）の入力・編集 / Excelファイル（岸川_ログ検索結果-20260415.csv）の入力・編集
2026/05/08 18:01,2026/05/08 18:01,0:05,Antigravityを用いた「システム開発・改善」の開発・相談
2026/05/08 18:02,2026/05/08 18:02,0:05,Webサイト（PC操作ログ(CSV)を複数選択）の閲覧・調査 / Webサイト（ファイル選択 (1/3)）の閲覧・調査 / Webサイト（ファイル選択 (2/3)）の閲覧・調査 / Webサイト（フォルダ選択 (3/3)）の閲覧・調査 / Webサイト（勤怠マスタ(Excel)を選択）の閲覧・調査 / Webサイト（報告書の保存先フォルダを選択）の閲覧・調査
2026/05/08 18:02,2026/05/08 18:02,0:05,Antigravityを用いた「システム開発・改善」の開発・相談
2026/05/08 18:02,2026/05/08 18:02,0:05,Webサイト（社内SEの仕事なんでも相談 - Google Gemini）の閲覧・調査
2026/05/08 18:02,2026/05/08 18:02,0:05,Antigravityを用いた「システム開発・改善」の開発・相談
2026/05/08 18:03,2026/05/08 18:03,0:05,Webサイト（残業調査報告書_岸川恭士_20260415.docx  -  互換モード - Word）の閲覧・調査 / Webサイト（起動しています - Word）の閲覧・調査
2026/05/08 18:03,2026/05/08 18:03,0:05,Antigravityを用いた「システム開発・改善」の開発・相談
2026/05/08 18:04,2026/05/08 18:04,0:05,Webサイト（accounts.secure.freee.co.jp/sessions/new?redirect_url=https%3A%2F%2Fp.secure.freee.co.jp%2Fusers%2Fafter_login%3Fhash%3D&service_name=payroll&sign_up_url=https%3A%2F%2Faccounts.secure.freee....
2026/05/08 18:04,2026/05/08 18:04,0:05,Antigravityを用いた「システム開発・改善」の開発・相談
2026/05/08 18:09,2026/05/08 18:09,0:05,Webサイト（残業調査報告書_岸川恭士_20260415.docx  -  互換モード - Word）の閲覧・調査
2026/05/08 18:09,2026/05/08 18:09,0:05,Antigravityを用いた「システム開発・改善」の開発・相談
2026/05/08 18:43,2026/05/08 18:43,0:05,Webサイト（192.169.5.5 - リモート デスクトップ接続）の閲覧・調査 / Webサイト（リモート デスクトップ接続）の閲覧・調査
2026/05/08 18:45,2026/05/08 18:45,0:05,Antigravityを用いた「システム開発・改善」の開発・相談
2026/05/08 18:45,2026/05/08 18:45,0:05,Webサイト（PC操作ログ(CSV)を複数選択）の閲覧・調査 / Webサイト（Word のジャンプ リスト）の閲覧・調査 / Webサイト（ファイル選択 (1/3)）の閲覧・調査 / Webサイト（ファイル選択 (2/3)）の閲覧・調査 / Webサイト（フォルダ選択 (3/3)）の閲覧・調査 / Webサイト（勤怠マスタ(Excel)を選択）の閲覧・調査 / Webサイト（報告書の保存先...
2026/05/08 18:45,2026/05/08 18:45,0:05,0% 完了 / Webサイト（37% 完了）の閲覧・調査 / Webサイト（87% 完了）の閲覧・調査 / Webサイト（報告書の保存先フォルダを選択）の閲覧・調査
2026/05/08 18:46,2026/05/08 18:47,0:05,Excelファイル（20260427_ログ表示結果-20260416175217）の入力・編集 / Excelファイル（岸川_ログ検索結果-20260415.csv）の入力・編集
2026/05/08 18:47,2026/05/08 18:47,0:05,Antigravityを用いた「システム開発・改善」の開発・相談
2026/05/08 18:48,2026/05/08 18:48,0:05,Webサイト（PC操作ログ(CSV)を複数選択）の閲覧・調査 / Webサイト（ファイル選択 (1/3)）の閲覧・調査 / Webサイト（ファイル選択 (2/3)）の閲覧・調査 / Webサイト（フォルダ選択 (3/3)）の閲覧・調査 / Webサイト（勤怠マスタ(Excel)を選択）の閲覧・調査 / Webサイト（報告書の保存先フォルダを選択）の閲覧・調査
2026/05/08 18:48,2026/05/08 18:51,0:05,Antigravityを用いた「システム開発・改善」の開発・相談
2026/05/08 18:52,2026/05/08 18:52,0:05,Excelファイル（20260427_ログ表示結果-20260416175217）の入力・編集 / Excelファイル（岸川_ログ検索結果-20260401_20260404.csv）の入力・編集 / Excelファイル（岸川_ログ検索結果-20260415.csv）の入力・編集
2026/05/08 18:52,2026/05/08 18:52,0:05,Antigravityを用いた「システム開発・改善」の開発・相談
2026/05/08 18:52,2026/05/08 18:52,0:05,Webサイト（PC操作ログ(CSV)を複数選択）の閲覧・調査 / Webサイト（ファイルの削除）の閲覧・調査 / Webサイト（ファイル選択 (1/3)）の閲覧・調査 / Webサイト（ファイル選択 (2/3)）の閲覧・調査 / Webサイト（フォルダ選択 (3/3)）の閲覧・調査 / Webサイト（勤怠マスタ(Excel)を選択）の閲覧・調査 / Webサイト（報告書の保存先フォルダを選択...
2026/05/08 18:53,2026/05/08 18:53,0:05,Antigravityを用いた「システム開発・改善」の開発・相談
2026/05/08 18:54,2026/05/08 18:55,0:05,Excelファイル（20260427_ログ表示結果-20260416175217）の入力・編集 / Excelファイル（岸川_ログ検索結果-20260401_20260404.csv）の入力・編集 / Excelファイル（岸川_ログ検索結果-20260415.csv）の入力・編集
2026/05/08 18:55,2026/05/08 18:58,0:05,Excelファイル（岸川_ログ検索結果-20260401_20260404.csv）の入力・編集 / Excelファイル（岸川_ログ検索結果-20260415.csv）の入力・編集 / 並べて比較
2026/05/08 18:58,2026/05/08 18:58,0:05,Webサイト（192.169.5.5 - リモート デスクトップ接続）の閲覧・調査
2026/05/08 18:58,2026/05/08 18:58,0:05,Excelファイル（岸川_ログ検索結果-20260401_20260404.csv）の入力・編集
2026/05/08 18:58,2026/05/08 18:58,0:05,Webサイト（192.169.5.5 - リモート デスクトップ接続）の閲覧・調査
2026/05/08 18:59,2026/05/08 18:59,0:05,Excelファイル（岸川_ログ検索結果-20260401_20260404.csv）の入力・編集
2026/05/08 18:59,2026/05/08 18:59,0:05,Webサイト（192.169.5.5 - リモート デスクトップ接続）の閲覧・調査
2026/05/08 18:59,2026/05/08 18:59,0:05,Excelファイル（岸川_ログ検索結果-20260401_20260404.csv）の入力・編集
2026/05/08 18:59,2026/05/08 18:59,0:05,Webサイト（192.169.5.5 - リモート デスクトップ接続）の閲覧・調査
2026/05/08 19:00,2026/05/08 19:00,0:05,Excelファイル（岸川_ログ検索結果-20260401_20260404.csv）の入力・編集
2026/05/08 19:00,2026/05/08 19:00,0:05,Webサイト（192.169.5.5 - リモート デスクトップ接続）の閲覧・調査
2026/05/08 19:01,2026/05/08 19:01,0:05,Excelファイル（岸川_ログ検索結果-20260401_20260404.csv）の入力・編集
2026/05/08 19:01,2026/05/08 19:01,0:05,Webサイト（192.169.5.5 - リモート デスクトップ接続）の閲覧・調査
2026/05/08 19:02,2026/05/08 19:02,0:05,Excelファイル（ログ表示結果-20260508190210.csv）の入力・編集 / Excelファイル（岸川_ログ検索結果-20260401_20260404.csv）の入力・編集
2026/05/08 19:03,2026/05/08 19:05,0:05,Excelファイル（ログ表示結果-20260508190210.csv）の入力・編集 / Excelファイル（岸川_ログ検索結果-20260401_20260404.csv）の入力・編集 / 並べて比較
2026/05/08 19:06,2026/05/08 19:10,0:05,Webサイト（192.169.5.5 - リモート デスクトップ接続）の閲覧・調査 / Webサイト（残業調査報告書_成川真菜_20260405.docx  -  保護ビュー - Word）の閲覧・調査 / Webサイト（起動しています - Word）の閲覧・調査
2026/05/08 19:10,2026/05/08 19:12,0:05,Excelファイル（ログ表示結果-20260508190210.csv）の入力・編集 / Excelファイル（岸川_ログ検索結果-20260401_20260404.csv）の入力・編集 / Excelファイル（成川_ログ検索結果-20260404.csv）の入力・編集 / Word
2026/05/09 12:40,2026/05/09 12:40,0:05,Webサイト（MT5 乖離アラートインジケーター作成 - Google Gemini）の閲覧・調査
2026/05/09 13:22,2026/05/09 13:46,0:24,Webサイト（Claude CodeがAPIキー不要に：開発者のセキュリティ負荷を下げる新認証を導入 | XenoSpectrum）の閲覧・調査
2026/05/09 14:25,2026/05/09 14:25,0:05,Webサイト（MT5 乖離アラートインジケーター作成 - Google Gemini）の閲覧・調査
2026/05/09 15:04,2026/05/09 15:04,0:05,Webサイト（FWN-026）の閲覧・調査 / Webサイト（ラ・ローズ・ジャポネ - Google マップ）の閲覧・調査 / Webサイト（リモート アクセス - Chrome リモート デスクトップ）の閲覧・調査
2026/05/09 15:04,2026/05/09 15:04,0:05,Excelファイル（ログ表示結果-20260508190210.csv）の入力・編集
2026/05/09 15:04,2026/05/09 15:04,0:05,Antigravityを用いた「システム開発・改善」の開発・相談
2026/05/09 15:04,2026/05/09 15:08,0:05,Webサイト（100億円トレーダー - Google 検索）の閲覧・調査 / Webサイト（192.169.5.5 - リモート デスクトップ接続）の閲覧・調査 / Webサイト（Claude CodeがAPIキー不要に：開発者のセキュリティ負荷を下げる新認証を導入 | XenoSpectrum）の閲覧・調査
2026/05/09 18:50,2026/05/09 20:40,1:49,Webサイト（100億円トレーダー - Google 検索）の閲覧・調査 / Webサイト（CAAD12 56サイズ ジオメトリ 身長 - Google 検索）の閲覧・調査 / Webサイト（Cannondale CAAD12 引き取り限定 広島 - メルカリ）の閲覧・調査 / Webサイト（Claude）の閲覧・調査 / Webサイト（Instagram）の閲覧・調査 / Webサイト（L...
2026/05/10 05:21,2026/05/10 05:56,0:35,Webサイト（Google - マイ アクティビティ）の閲覧・調査 / Webサイト（Grok - Google 検索）の閲覧・調査 / Webサイト（トレーディング戦略と鉄板エントリーパターン - Google Gemini）の閲覧・調査 / Webサイト（パーソナライズ設定）の閲覧・調査 / Webサイト（パーソナル インテリジェンス）の閲覧・調査 / Webサイト（メモリーを Gemi...
2026/05/10 05:56,2026/05/10 06:22,0:25,Grok / Webサイト（Google Gemini）の閲覧・調査 / Webサイト（トレーディング戦略と鉄板エントリーパターン - Google Gemini）の閲覧・調査
2026/05/10 06:24,2026/05/10 06:24,0:05,Antigravityを用いた「システム開発・改善」の開発・相談
2026/05/10 07:00,2026/05/10 07:05,0:05,Webサイト（Google）の閲覧・調査
2026/05/11 06:23,2026/05/11 06:28,0:05,Webサイト（API keys | Google AI Studio）の閲覧・調査 / Webサイト（Billing | Google AI Studio）の閲覧・調査 / Webサイト（Gemini API 料金請求に関する誤解解消 - Google Gemini）の閲覧・調査 / Webサイト（Google AI Studio）の閲覧・調査 / Webサイト（Google Gemini）...
2026/05/11 08:57,2026/05/11 08:57,0:05,Webサイト（192.169.5.5 - リモート デスクトップ接続）の閲覧・調査 / Webサイト（リモート デスクトップ接続）の閲覧・調査
2026/05/11 08:57,2026/05/11 08:57,0:05,Antigravityを用いた「システム開発・改善」の開発・相談
2026/05/11 08:58,2026/05/11 08:58,0:05,Excelファイル（20260414_20260430ログ検索結果-20260507131846.csv）の入力・編集 / Excelファイル（ログ表示結果-20260508190210.csv）の入力・編集
2026/05/11 08:58,2026/05/11 08:58,0:05,Antigravityを用いた「システム開発・改善」の開発・相談
2026/05/11 08:58,2026/05/11 08:59,0:05,Webサイト（インフォメーション および他 1 ページ）の閲覧・調査 / Webサイト（インフォメーション）の閲覧・調査 / Webサイト（ファイル選択 (1/3)）の閲覧・調査
2026/05/11 08:59,2026/05/11 08:59,0:05,サイボウズ（トップページ - サイボウズ Office および他 1 ページ）での情報確認・処理 / サイボウズ（トップページ - サイボウズ Office）での情報確認・処理 / サイボウズ（メッセージの詳細 - サイボウズ Office および他 1 ページ）での情報確認・処理 / サイボウズ（メッセージの詳細 - サイボウズ Office）での情報確認・処理 / サイボウズ（個人フォル...
2026/05/11 09:00,2026/05/11 09:01,0:05,Webサイト（【開発受付一覧 - システム部_システム運営課】 - Google スプレッドシート および他 2 ページ）の閲覧・調査 / Webサイト（【開発受付一覧 - システム部_システム運営課】 - Google スプレッドシート）の閲覧・調査
2026/05/11 09:01,2026/05/11 09:01,0:05,Antigravityを用いた「システム開発・改善」の開発・相談
2026/05/11 09:04,2026/05/11 09:04,0:05,Webサイト（PC操作ログ(CSV)を複数選択）の閲覧・調査 / Webサイト（ファイル選択 (1/3)）の閲覧・調査 / Webサイト（ファイル選択 (2/3)）の閲覧・調査 / Webサイト（フォルダ選択 (3/3)）の閲覧・調査 / Webサイト（勤怠マスタ(Excel)を選択）の閲覧・調査 / Webサイト（報告書の保存先フォルダを選択）の閲覧・調査
2026/05/11 09:04,2026/05/11 09:05,0:05,Antigravityを用いた「システム開発・改善」の開発・相談
2026/05/11 09:05,2026/05/11 09:05,0:05,Webサイト（【開発受付一覧 - システム部_システム運営課】 - Google スプレッドシート および他 2 ページ）の閲覧・調査
2026/05/11 09:05,2026/05/11 09:05,0:05,サイボウズ（メッセージの詳細 - サイボウズ Office および他 2 ページ）での情報確認・処理
2026/05/11 09:06,2026/05/11 09:06,0:05,Antigravityを用いた「システム開発・改善」の開発・相談
2026/05/11 09:06,2026/05/11 09:06,0:05,サイボウズ（メッセージの詳細 - サイボウズ Office および他 2 ページ）での情報確認・処理
2026/05/11 09:06,2026/05/11 09:06,0:05,Antigravityを用いた「システム開発・改善」の開発・相談
2026/05/11 09:07,2026/05/11 09:07,0:05,サイボウズ（メッセージの詳細 - サイボウズ Office および他 2 ページ）での情報確認・処理
2026/05/11 09:07,2026/05/11 09:07,0:05,Antigravityを用いた「システム開発・改善」の開発・相談
2026/05/11 09:08,2026/05/11 09:08,0:05,サイボウズ（メッセージの詳細 - サイボウズ Office および他 2 ページ）での情報確認・処理
2026/05/11 09:08,2026/05/11 09:08,0:05,Antigravityを用いた「システム開発・改善」の開発・相談
2026/05/11 09:08,2026/05/11 09:08,0:05,Excelファイル（20260427_ログ表示結果-20260416175217）の入力・編集
2026/05/11 09:09,2026/05/11 09:09,0:05,Excelファイル（20260427_ログ表示結果-20260416175217）の入力・編集 / Excelファイル（成川_ログ検索結果-20260404.csv）の入力・編集 / 検索と置換
2026/05/11 09:09,2026/05/11 09:09,0:05,Antigravityを用いた「システム開発・改善」の開発・相談
2026/05/11 09:09,2026/05/11 09:10,0:05,Webサイト（PC操作ログ(CSV)を複数選択）の閲覧・調査 / Webサイト（ファイル選択 (1/3)）の閲覧・調査 / Webサイト（ファイル選択 (2/3)）の閲覧・調査 / Webサイト（フォルダ選択 (3/3)）の閲覧・調査 / Webサイト（勤怠マスタ(Excel)を選択）の閲覧・調査 / Webサイト（報告書の保存先フォルダを選択）の閲覧・調査
2026/05/11 09:10,2026/05/11 09:11,0:05,Antigravityを用いた「システム開発・改善」の開発・相談
2026/05/11 09:11,2026/05/11 09:12,0:05,Webサイト（PC操作ログ(CSV)を複数選択）の閲覧・調査 / Webサイト（ファイル選択 (1/3)）の閲覧・調査 / Webサイト（ファイル選択 (2/3)）の閲覧・調査 / Webサイト（フォルダ選択 (3/3)）の閲覧・調査 / Webサイト（勤怠マスタ(Excel)を選択）の閲覧・調査 / Webサイト（報告書の保存先フォルダを選択）の閲覧・調査
2026/05/11 09:13,2026/05/11 09:13,0:05,Antigravityを用いた「システム開発・改善」の開発・相談
2026/05/11 09:13,2026/05/11 09:13,0:05,Webサイト（残業調査報告書_見形藍_20260412.docx  -  互換モード - Word）の閲覧・調査 / Webサイト（起動しています - Word）の閲覧・調査
2026/05/11 09:13,2026/05/11 09:13,0:05,Webサイト（残業調査報告書_岸川恭士_20260401.docx  -  互換モード - Word）の閲覧・調査 / Webサイト（起動しています - Word）の閲覧・調査 / Word
2026/05/11 09:13,2026/05/11 09:13,0:05,Webサイト（残業調査報告書_岸川恭士_20260411.docx  -  互換モード - Word）の閲覧・調査 / Webサイト（起動しています - Word）の閲覧・調査 / Webサイト（起動しています - 残業調査報告書_岸川恭士_20260411.docx  -  互換モード - Word）の閲覧・調査 / Word
2026/05/11 09:13,2026/05/11 09:13,0:05,Webサイト（残業調査報告書_岸川恭士_20260411.docx  -  互換モード - Word）の閲覧・調査 / Word
2026/05/11 09:13,2026/05/11 09:15,0:05,Webサイト（残業調査報告書_岸川恭士_20260402.docx  -  互換モード - Word）の閲覧・調査 / Webサイト（残業調査報告書_岸川恭士_20260403.docx  -  互換モード - Word）の閲覧・調査 / Webサイト（残業調査報告書_岸川恭士_20260404.docx  -  互換モード - Word）の閲覧・調査 / Webサイト（残業調査報告書_岸川...
2026/05/11 09:15,2026/05/11 09:15,0:05,Webサイト（残業調査報告書_山本光克_20260409.docx  -  互換モード - Word）の閲覧・調査 / Webサイト（起動しています - Word）の閲覧・調査 / Webサイト（起動しています - 残業調査報告書_山本光克_20260409.docx  -  互換モード - Word）の閲覧・調査 / Word
2026/05/11 09:15,2026/05/11 09:15,0:05,Webサイト（残業調査報告書_山本光克_20260409.docx  -  互換モード - Word）の閲覧・調査 / Word
2026/05/11 09:15,2026/05/11 09:15,0:05,Webサイト（残業調査報告書_山本光克_20260402.docx  -  互換モード - Word）の閲覧・調査 / Webサイト（残業調査報告書_山本光克_20260406.docx  -  互換モード - Word）の閲覧・調査 / Webサイト（残業調査報告書_山本光克_20260409.docx  -  互換モード - Word）の閲覧・調査 / Webサイト（残業調査報告書_山本...
2026/05/11 09:16,2026/05/11 09:20,0:05,Antigravityを用いた「システム開発・改善」の開発・相談
2026/05/11 09:21,2026/05/11 09:22,0:05,Excelファイル（ログ表示結果-20260508190210.csv）の入力・編集 / Excelファイル（成川_ログ検索結果-20260404.csv）の入力・編集
2026/05/11 09:22,2026/05/11 09:22,0:05,Antigravityを用いた「システム開発・改善」の開発・相談
2026/05/11 09:23,2026/05/11 09:23,0:05,Webサイト（作業記録 Unified）の閲覧・調査
2026/05/11 09:23,2026/05/11 09:23,0:05,サイボウズ（メッセージの詳細 - サイボウズ Office および他 2 ページ）での情報確認・処理
2026/05/11 09:23,2026/05/11 09:25,0:05,Webサイト（作業記録 Unified）の閲覧・調査 / Webサイト（起動しています - Excel）の閲覧・調査
2026/05/11 09:25,2026/05/11 09:25,0:05,Excelファイル（TEST.xlsx）の入力・編集
2026/05/11 09:26,2026/05/11 09:26,0:05,Webサイト（作業記録 Unified）の閲覧・調査 / Webサイト（履歴選択 - ヘルプデスク - 作業内容管理・進捗）の閲覧・調査
2026/05/11 09:26,2026/05/11 09:26,0:05,Excelファイル（TEST.xlsx）の入力・編集
2026/05/11 09:26,2026/05/11 09:26,0:05,Webサイト（履歴選択 - ヘルプデスク - 作業内容管理・進捗）の閲覧・調査
2026/05/11 09:26,2026/05/11 09:26,0:05,Excelファイル（TEST.xlsx）の入力・編集
2026/05/11 09:26,2026/05/11 09:27,0:05,Webサイト（作業記録 Unified）の閲覧・調査
2026/05/11 09:27,2026/05/11 09:27,0:05,サイボウズ（メッセージの詳細 - サイボウズ Office および他 2 ページ）での情報確認・処理
2026/05/11 09:27,2026/05/11 09:27,0:05,Webサイト（作業記録 Unified）の閲覧・調査
2026/05/11 09:27,2026/05/11 09:27,0:05,サイボウズ（メッセージの詳細 - サイボウズ Office および他 2 ページ）での情報確認・処理
2026/05/11 09:28,2026/05/11 09:28,0:05,Antigravityを用いた「システム開発・改善」の開発・相談
2026/05/11 09:28,2026/05/11 09:28,0:05,Antigravityを用いた「システム開発・改善」の開発・相談 / お知らせ
2026/05/11 09:28,2026/05/11 09:28,0:05,サイボウズ（メッセージの詳細 - サイボウズ Office および他 2 ページ）での情報確認・処理
2026/05/11 09:28,2026/05/11 09:29,0:05,Webサイト（Google Chrome）の閲覧・調査 / Webサイト（システム トレイ オーバーフロー ウィンドウ。）の閲覧・調査 / Webサイト（社内SEの仕事なんでも相談 - Google Gemini）の閲覧・調査
2026/05/11 09:30,2026/05/11 09:30,0:05,サイボウズ（メッセージの詳細 - サイボウズ Office および他 2 ページ）での情報確認・処理
2026/05/11 09:30,2026/05/11 09:31,0:05,Webサイト（Amazon.co.jp : elecom 切り替え機 および他 4 ページ）の閲覧・調査 / Webサイト（Amazon.co.jp : elecom 切り替え機）の閲覧・調査 / Webサイト（Amazon.co.jp: エレコム KVMスイッチ pc切替機 USB DVI スピーカー 2台 KVM-DVHDU2 : パソコン・周辺機器 および他 5 ページ）の閲覧・調査 ...
2026/05/11 09:31,2026/05/11 09:31,0:05,PDF資料（KVM-DVHDU2.pdf）の確認
2026/05/11 09:31,2026/05/11 09:31,0:05,Webサイト（kvm-dvhdu2 マニュアル - Google 検索）の閲覧・調査
2026/05/11 09:31,2026/05/11 09:31,0:05,PDF資料（elecom.co.jp/support/manual/cable/switcher/KVM-DVHDU2.pdf）の確認
2026/05/11 09:31,2026/05/11 09:31,0:05,Webサイト（Loading...）の閲覧・調査
2026/05/11 09:31,2026/05/11 09:31,0:05,PDF資料（KVM-DVHDU2.pdf）の確認
2026/05/11 09:32,2026/05/11 09:32,0:05,Webサイト（リモート デスクトップ接続）の閲覧・調査
2026/05/11 09:32,2026/05/11 09:32,0:05,PDF資料（KVM-DVHDU2.pdf）の確認
2026/05/11 09:32,2026/05/11 09:32,0:05,Webサイト（192.169.5.5 - リモート デスクトップ接続）の閲覧・調査 / Webサイト（リモート デスクトップ接続）の閲覧・調査
2026/05/11 09:36,2026/05/11 09:36,0:05,PDF資料（KVM-DVHDU2.pdf）の確認
2026/05/11 09:36,2026/05/11 09:47,0:10,Webサイト（192.169.5.5 - リモート デスクトップ接続）の閲覧・調査 / Webサイト（kvm-dvhdu2 マニュアル - Google 検索）の閲覧・調査
2026/05/11 09:47,2026/05/11 09:47,0:05,PDF資料（KVM-DVHDU2.pdf）の確認
2026/05/11 09:47,2026/05/11 09:49,0:05,Webサイト（192.169.5.5 - リモート デスクトップ接続）の閲覧・調査 / Webサイト（Amazon.co.jp: エレコム KVMスイッチ pc切替機 USB DVI スピーカー 2台 KVM-DVHDU2 : パソコン・周辺機器 および他 5 ページ）の閲覧・調査 / Webサイト（kvm-dvhdu2 hotキーがどこに設定されてるかわからない時　完全初期化。 - Goo...
2026/05/11 09:49,2026/05/11 09:49,0:05,Excelファイル（20260427_ログ表示結果-20260416175217.xlsx ）の入力・編集
2026/05/11 09:49,2026/05/11 09:50,0:05,Excel / Webサイト（残業調査報告書_成川真菜_20260413.docx  -  保護ビュー - Word）の閲覧・調査 / Webサイト（残業調査報告書_見形藍_20260412.docx  -  互換モード - Word）の閲覧・調査 / Webサイト（起動しています - Excel）の閲覧・調査
2026/05/11 09:50,2026/05/11 09:50,0:05,Excelファイル（20260427_ログ表示結果-20260416175217）の入力・編集
2026/05/11 09:50,2026/05/11 09:52,0:05,Excelファイル（20260427_ログ表示結果-20260416175217）の入力・編集 / Excelファイル（樋口_ログ検索結果-20260401_20260403.csv）の入力・編集 / 検索と置換
2026/05/11 09:53,2026/05/11 09:53,0:05,Webサイト（残業調査報告書_成川真菜_20260405.docx  -  保護ビュー - Word）の閲覧・調査
2026/05/11 09:53,2026/05/11 09:53,0:05,Excelファイル（樋口_ログ検索結果-20260401_20260403.csv）の入力・編集
2026/05/11 09:53,2026/05/11 09:53,0:05,Webサイト（残業調査報告書_成川真菜_20260413.docx  -  保護ビュー - Word）の閲覧・調査 / Webサイト（残業調査報告書_樋口彩水_20260401.docx  -  互換モード - Word）の閲覧・調査
2026/05/11 09:54,2026/05/11 09:54,0:05,Excelファイル（樋口_ログ検索結果-20260401_20260403.csv）の入力・編集
2026/05/11 09:55,2026/05/11 09:58,0:05,Antigravityを用いた「システム開発・改善」の開発・相談 / スタート
2026/05/11 10:01,2026/05/11 10:01,0:05,Excelファイル（樋口_ログ検索結果-20260401_20260403.csv）の入力・編集
2026/05/11 10:01,2026/05/11 10:01,0:05,Antigravityを用いた「システム開発・改善」の開発・相談
2026/05/11 10:02,2026/05/11 10:02,0:05,Webサイト（残業調査報告書_成川真菜_20260415.docx  -  保護ビュー - Word）の閲覧・調査
2026/05/11 10:02,2026/05/11 10:02,0:05,Antigravityを用いた「システム開発・改善」の開発・相談
2026/05/11 10:04,2026/05/11 10:04,0:05,Webサイト（ファイル選択 (1/3)）の閲覧・調査 / Webサイト（勤怠マスタ(Excel)を選択）の閲覧・調査
2026/05/11 10:04,2026/05/11 10:04,0:05,Antigravityを用いた「システム開発・改善」の開発・相談
2026/05/11 10:04,2026/05/11 10:04,0:05,Webサイト（残業調査報告書_成川真菜_20260415.docx  -  保護ビュー - Word）の閲覧・調査
2026/05/11 10:04,2026/05/11 10:04,0:05,Antigravityを用いた「システム開発・改善」の開発・相談
2026/05/11 10:04,2026/05/11 10:04,0:05,Webサイト（残業調査報告書_成川真菜_20260413.docx  -  保護ビュー - Word）の閲覧・調査
2026/05/11 10:04,2026/05/11 10:04,0:05,Excelファイル（20260427_ログ表示結果-20260416175217）の入力・編集
2026/05/11 10:04,2026/05/11 10:04,0:05,Antigravityを用いた「システム開発・改善」の開発・相談
2026/05/11 10:04,2026/05/11 10:05,0:05,Webサイト（PC操作ログ(CSV)を複数選択）の閲覧・調査 / Webサイト（ファイル選択 (1/3)）の閲覧・調査 / Webサイト（ファイル選択 (2/3)）の閲覧・調査 / Webサイト（フォルダ選択 (3/3)）の閲覧・調査 / Webサイト（勤怠マスタ(Excel)を選択）の閲覧・調査 / Webサイト（報告書の保存先フォルダを選択）の閲覧・調査
2026/05/11 10:05,2026/05/11 10:05,0:05,Antigravityを用いた「システム開発・改善」の開発・相談
2026/05/11 10:05,2026/05/11 10:05,0:05,Webサイト（残業調査報告書_樋口彩水_20260401.docx  -  互換モード - Word）の閲覧・調査 / Webサイト（起動しています - Word）の閲覧・調査
2026/05/11 10:06,2026/05/11 10:06,0:05,Antigravityを用いた「システム開発・改善」の開発・相談
2026/05/11 10:06,2026/05/11 10:08,0:05,Antigravityを用いた「システム開発・改善」の開発・相談 / Word
2026/05/11 10:08,2026/05/11 10:08,0:05,3% 完了 / Webサイト（53% 完了）の閲覧・調査 / Webサイト（94% 完了）の閲覧・調査
2026/05/11 10:08,2026/05/11 10:08,0:05,Antigravityを用いた「システム開発・改善」の開発・相談
2026/05/11 10:08,2026/05/11 10:08,0:05,Webサイト（PC操作ログ(CSV)を複数選択）の閲覧・調査 / Webサイト（ファイル選択 (1/3)）の閲覧・調査 / Webサイト（ファイル選択 (2/3)）の閲覧・調査 / Webサイト（フォルダ選択 (3/3)）の閲覧・調査 / Webサイト（勤怠マスタ(Excel)を選択）の閲覧・調査 / Webサイト（報告書の保存先フォルダを選択）の閲覧・調査
2026/05/11 10:09,2026/05/11 10:09,0:05,Antigravityを用いた「システム開発・改善」の開発・相談
2026/05/11 10:09,2026/05/11 10:09,0:05,Webサイト（PC操作ログ(CSV)を複数選択）の閲覧・調査 / Webサイト（ファイル選択 (1/3)）の閲覧・調査 / Webサイト（ファイル選択 (2/3)）の閲覧・調査 / Webサイト（フォルダ選択 (3/3)）の閲覧・調査 / Webサイト（勤怠マスタ(Excel)を選択）の閲覧・調査 / Webサイト（報告書の保存先フォルダを選択）の閲覧・調査
2026/05/11 10:10,2026/05/11 10:10,0:05,Antigravityを用いた「システム開発・改善」の開発・相談
2026/05/11 10:10,2026/05/11 10:16,0:06,Excelファイル（20260427_ログ表示結果-20260416175217）の入力・編集 / Excelファイル（樋口_ログ検索結果-20260401_20260403.csv）の入力・編集 / Excelファイル（樋口_ログ検索結果-20260413.csv）の入力・編集
2026/05/11 10:16,2026/05/11 10:16,0:05,Antigravityを用いた「システム開発・改善」の開発・相談
2026/05/11 10:16,2026/05/11 10:17,0:05,Webサイト（PC操作ログ(CSV)を複数選択）の閲覧・調査 / Webサイト（ファイルの削除）の閲覧・調査 / Webサイト（ファイル選択 (1/3)）の閲覧・調査 / Webサイト（ファイル選択 (2/3)）の閲覧・調査 / Webサイト（勤怠マスタ(Excel)を選択）の閲覧・調査
2026/05/11 10:17,2026/05/11 10:17,0:05,Excelファイル（樋口_ログ検索結果-20260401_20260403.csv）の入力・編集
2026/05/11 10:18,2026/05/11 10:18,0:05,Webサイト（PC操作ログ(CSV)を複数選択）の閲覧・調査 / Webサイト（フォルダ選択 (3/3)）の閲覧・調査 / Webサイト（報告書の保存先フォルダを選択）の閲覧・調査
2026/05/11 10:18,2026/05/11 10:18,0:05,Antigravityを用いた「システム開発・改善」の開発・相談
2026/05/11 10:20,2026/05/11 10:22,0:05,Webサイト（残業調査報告書_樋口彩水_20260403.docx  -  互換モード - Word）の閲覧・調査 / Webサイト（残業調査報告書_樋口彩水_20260413.docx  -  互換モード - Word）の閲覧・調査 / Webサイト（起動しています - Word）の閲覧・調査
2026/05/11 10:23,2026/05/11 10:23,0:05,Excelファイル（樋口_ログ検索結果-20260401_20260403.csv）の入力・編集
2026/05/11 10:23,2026/05/11 10:23,0:05,Webサイト（残業調査報告書_樋口彩水_20260403.docx  -  互換モード - Word）の閲覧・調査
2026/05/11 10:23,2026/05/11 10:23,0:05,Excelファイル（樋口_ログ検索結果-20260401_20260403.csv）の入力・編集
2026/05/11 10:23,2026/05/11 10:23,0:05,Webサイト（残業調査報告書_樋口彩水_20260413.docx  -  互換モード - Word）の閲覧・調査
2026/05/11 10:23,2026/05/11 10:25,0:05,Excelファイル（20260427_ログ表示結果-20260416175217）の入力・編集 / Excelファイル（樋口_ログ検索結果-20260401_20260403.csv）の入力・編集
2026/05/11 10:25,2026/05/11 10:25,0:05,Webサイト（残業調査報告書_樋口彩水_20260403.docx  -  互換モード - Word）の閲覧・調査 / Webサイト（起動しています - Word）の閲覧・調査
2026/05/11 10:28,2026/05/11 10:28,0:05,Excelファイル（20260427_ログ表示結果-20260416175217）の入力・編集 / Excelファイル（樋口_ログ検索結果-20260401_20260403.csv）の入力・編集
2026/05/11 10:30,2026/05/11 10:30,0:05,Antigravityを用いた「システム開発・改善」の開発・相談
2026/05/11 10:38,2026/05/11 10:39,0:05,Webサイト（Microsoft Word）の閲覧・調査 / Webサイト（PC操作ログ(CSV)を複数選択）の閲覧・調査 / Webサイト（Word のジャンプ リスト）の閲覧・調査 / Webサイト（ファイル選択 (1/3)）の閲覧・調査 / Webサイト（ファイル選択 (2/3)）の閲覧・調査 / Webサイト（フォルダ選択 (3/3)）の閲覧・調査 / Webサイト（勤怠マスタ(Ex...
2026/05/11 10:39,2026/05/11 10:39,0:05,Excelファイル（樋口_ログ検索結果-20260401_20260403.csv）の入力・編集
2026/05/11 10:40,2026/05/11 10:40,0:05,Webサイト（残業調査報告書_樋口彩水_20260401.docx  -  互換モード - Word）の閲覧・調査 / Webサイト（起動しています - Word）の閲覧・調査
2026/05/11 10:40,2026/05/11 10:41,0:05,Excelファイル（20260427_ログ表示結果-20260416175217）の入力・編集 / Excelファイル（樋口_ログ検索結果-20260401_20260403.csv）の入力・編集
2026/05/11 10:41,2026/05/11 10:41,0:05,Webサイト（残業調査報告書_樋口彩水_20260403.docx  -  互換モード - Word）の閲覧・調査 / Webサイト（起動しています - Word）の閲覧・調査
2026/05/11 10:43,2026/05/11 10:43,0:05,Antigravityを用いた「システム開発・改善」の開発・相談
2026/05/11 10:43,2026/05/11 10:43,0:05,Webサイト（PC操作ログ(CSV)を複数選択）の閲覧・調査 / Webサイト（ファイル選択 (1/3)）の閲覧・調査 / Webサイト（ファイル選択 (2/3)）の閲覧・調査 / Webサイト（フォルダ選択 (3/3)）の閲覧・調査 / Webサイト（勤怠マスタ(Excel)を選択）の閲覧・調査 / Webサイト（報告書の保存先フォルダを選択）の閲覧・調査
2026/05/11 10:44,2026/05/11 10:44,0:05,Antigravityを用いた「システム開発・改善」の開発・相談
2026/05/11 10:45,2026/05/11 10:45,0:05,Webサイト（残業調査報告書_樋口彩水_20260413.docx  -  互換モード - Word）の閲覧・調査 / Webサイト（起動しています - Word）の閲覧・調査
2026/05/11 10:46,2026/05/11 10:46,0:05,Excelファイル（20260427_ログ表示結果-20260416175217）の入力・編集
2026/05/11 10:46,2026/05/11 10:46,0:05,Webサイト（残業調査報告書_樋口彩水_20260413.docx  -  互換モード - Word）の閲覧・調査
2026/05/11 10:48,2026/05/11 10:49,0:05,Excelファイル（20260427_ログ表示結果-20260416175217）の入力・編集 / Excelファイル（樋口_ログ検索結果-20260401_20260403.csv）の入力・編集 / Excelファイル（樋口_ログ検索結果-20260415.csv）の入力・編集
2026/05/11 10:49,2026/05/11 10:49,0:05,Webサイト（残業調査報告書_樋口彩水_20260415.docx  -  互換モード - Word）の閲覧・調査 / Webサイト（起動しています - Word）の閲覧・調査
2026/05/11 10:49,2026/05/11 10:49,0:05,Excelファイル（20260427_ログ表示結果-20260416175217）の入力・編集 / Excelファイル（樋口_ログ検索結果-20260415.csv）の入力・編集
2026/05/11 10:49,2026/05/11 10:49,0:05,Webサイト（残業調査報告書_樋口彩水_20260415.docx  -  互換モード - Word）の閲覧・調査
2026/05/11 10:50,2026/05/11 10:50,0:05,Excelファイル（20260427_ログ表示結果-20260416175217）の入力・編集 / Excelファイル（樋口_ログ検索結果-20260415.csv）の入力・編集
2026/05/11 10:51,2026/05/11 10:51,0:05,Webサイト（残業調査報告書_樋口彩水_20260415.docx  -  互換モード - Word）の閲覧・調査
2026/05/11 10:51,2026/05/11 10:51,0:05,Excelファイル（樋口_ログ検索結果-20260415.csv）の入力・編集
2026/05/11 10:51,2026/05/11 10:51,0:05,Antigravityを用いた「システム開発・改善」の開発・相談
2026/05/11 10:51,2026/05/11 10:52,0:05,Webサイト（Amazon.co.jp: エレコム KVMスイッチ pc切替機 USB DVI スピーカー 2台 KVM-DVHDU2 : パソコン・周辺機器 および他 5 ページ）の閲覧・調査 / Webサイト（PC操作ログ(CSV)を複数選択）の閲覧・調査 / Webサイト（ファイル選択 (1/3)）の閲覧・調査 / Webサイト（ファイル選択 (2/3)）の閲覧・調査 / Webサイト...
2026/05/11 10:52,2026/05/11 10:52,0:05,サイボウズ（メッセージの詳細 - サイボウズ Office および他 5 ページ）での情報確認・処理
2026/05/11 10:52,2026/05/11 10:52,0:05,Webサイト（Amazon.co.jp : elecom 切り替え機 および他 5 ページ）の閲覧・調査 / Webサイト（Amazon.co.jp: エレコム KVMスイッチ pc切替機 USB DVI スピーカー 2台 KVM-DVHDU2 : パソコン・周辺機器 および他 5 ページ）の閲覧・調査 / Webサイト（ELECOm 切り替え機 - 検索 および他 5 ページ）の閲覧・調査...
2026/05/11 10:52,2026/05/11 10:52,0:05,サイボウズ（forestway.cybozu.com および他 5 ページ）での情報確認・処理
2026/05/11 10:52,2026/05/11 10:52,0:05,Webサイト（インフォメーション および他 5 ページ）の閲覧・調査 / Webサイト（インフォメーション）の閲覧・調査
2026/05/11 10:52,2026/05/11 10:53,0:05,サイボウズ（トップページ - サイボウズ Office および他 5 ページ）での情報確認・処理 / サイボウズ（トップページ - サイボウズ Office）での情報確認・処理 / サイボウズ（メッセージの詳細 - サイボウズ Office および他 5 ページ）での情報確認・処理 / サイボウズ（メッセージの詳細 - サイボウズ Office）での情報確認・処理 / サイボウズ（ワークフロ...
2026/05/11 10:53,2026/05/11 10:53,0:05,Antigravityを用いた「システム開発・改善」の開発・相談
2026/05/11 10:56,2026/05/11 10:56,0:05,Excelファイル（20260427_ログ表示結果-20260416175217）の入力・編集 / Excelファイル（岸川_ログ検索結果-20260401_20260404.csv）の入力・編集 / Excelファイル（樋口_ログ検索結果-20260401_20260403.csv）の入力・編集 / Excelファイル（樋口_ログ検索結果-20260415.csv）の入力・編集
2026/05/11 10:56,2026/05/11 10:57,0:05,Excelファイル（20260427_ログ表示結果-20260416175217）の入力・編集 / Excelファイル（岸川_ログ検索結果-20260401_20260404.csv）の入力・編集 / 検索と置換
2026/05/11 10:57,2026/05/11 10:57,0:05,Webサイト（Microsoft Excel）の閲覧・調査
2026/05/11 10:57,2026/05/11 10:57,0:05,Excelファイル（岸川_ログ検索結果-20260401_20260404.csv）の入力・編集
2026/05/11 10:58,2026/05/11 10:58,0:05,Webサイト（残業調査報告書_岸川恭士_20260401.docx  -  互換モード - Word）の閲覧・調査 / Webサイト（起動しています - Word）の閲覧・調査
2026/05/11 10:59,2026/05/11 11:00,0:05,Excelファイル（20260427_ログ表示結果-20260416175217）の入力・編集 / Excelファイル（岸川_ログ検索結果-20260401_20260404.csv）の入力・編集
2026/05/11 11:00,2026/05/11 11:01,0:05,Webサイト（残業調査報告書_岸川恭士_20260402.docx  -  互換モード - Word）の閲覧・調査 / Webサイト（起動しています - Word）の閲覧・調査
2026/05/11 11:01,2026/05/11 11:01,0:05,Excelファイル（20260427_ログ表示結果-20260416175217）の入力・編集
2026/05/11 11:02,2026/05/11 11:02,0:05,Webサイト（残業調査報告書_岸川恭士_20260403.docx  -  互換モード - Word）の閲覧・調査 / Webサイト（起動しています - Word）の閲覧・調査
2026/05/11 11:03,2026/05/11 11:03,0:05,Excelファイル（20260427_ログ表示結果-20260416175217）の入力・編集
2026/05/11 11:03,2026/05/11 11:03,0:05,Webサイト（残業調査報告書_岸川恭士_20260404.docx  -  互換モード - Word）の閲覧・調査 / Webサイト（起動しています - Word）の閲覧・調査
2026/05/11 11:04,2026/05/11 11:05,0:05,Excelファイル（20260427_ログ表示結果-20260416175217）の入力・編集 / Excelファイル（岸川_ログ検索結果-20260401_20260404.csv）の入力・編集 / Excelファイル（岸川_ログ検索結果-20260407_20260411.csv）の入力・編集
2026/05/11 11:07,2026/05/11 11:09,0:05,Webサイト（残業調査報告書_岸川恭士_20260401.docx  -  互換モード - Word）の閲覧・調査 / Webサイト（残業調査報告書_岸川恭士_20260407.docx  -  互換モード - Word）の閲覧・調査 / Webサイト（起動しています - Word）の閲覧・調査
2026/05/11 11:09,2026/05/11 11:09,0:05,Excelファイル（20260427_ログ表示結果-20260416175217）の入力・編集 / Excelファイル（岸川_ログ検索結果-20260407_20260411.csv）の入力・編集
2026/05/11 11:10,2026/05/11 11:10,0:05,Webサイト（残業調査報告書_岸川恭士_20260401.docx  -  互換モード - Word）の閲覧・調査 / Webサイト（残業調査報告書_岸川恭士_20260403.docx  -  互換モード - Word）の閲覧・調査
2026/05/11 11:10,2026/05/11 11:10,0:05,Excelファイル（20260427_ログ表示結果-20260416175217）の入力・編集
2026/05/11 11:10,2026/05/11 11:11,0:05,Webサイト（残業調査報告書_岸川恭士_20260403.docx  -  互換モード - Word）の閲覧・調査 / Webサイト（残業調査報告書_岸川恭士_20260408.docx  -  互換モード - Word）の閲覧・調査 / Webサイト（残業調査報告書_岸川恭士_20260409.docx  -  互換モード - Word）の閲覧・調査
2026/05/11 11:11,2026/05/11 11:11,0:05,Antigravityを用いた「システム開発・改善」の開発・相談
2026/05/11 11:11,2026/05/11 11:11,0:05,Webサイト（残業調査報告書_岸川恭士_20260409.docx  -  互換モード - Word）の閲覧・調査
2026/05/11 11:11,2026/05/11 11:11,0:05,Excelファイル（20260427_ログ表示結果-20260416175217）の入力・編集
2026/05/11 11:11,2026/05/11 11:11,0:05,Webサイト（残業調査報告書_岸川恭士_20260409.docx  -  互換モード - Word）の閲覧・調査
2026/05/11 11:11,2026/05/11 11:11,0:05,Excelファイル（20260427_ログ表示結果-20260416175217）の入力・編集
2026/05/11 11:11,2026/05/11 11:11,0:05,Webサイト（残業調査報告書_岸川恭士_20260403.docx  -  互換モード - Word）の閲覧・調査
2026/05/11 11:11,2026/05/11 11:12,0:05,Excelファイル（20260427_ログ表示結果-20260416175217）の入力・編集 / Excelファイル（岸川_ログ検索結果-20260407_20260411.csv）の入力・編集
2026/05/11 11:13,2026/05/11 11:14,0:05,Webサイト（残業調査報告書_岸川恭士_20260401.docx  -  互換モード - Word）の閲覧・調査 / Webサイト（残業調査報告書_岸川恭士_20260409.docx  -  互換モード - Word）の閲覧・調査 / Webサイト（残業調査報告書_岸川恭士_20260410.docx  -  互換モード - Word）の閲覧・調査
2026/05/11 11:15,2026/05/11 11:15,0:05,Excelファイル（岸川_ログ検索結果-20260407_20260411.csv）の入力・編集
2026/05/11 11:15,2026/05/11 11:15,0:05,Webサイト（残業調査報告書_岸川恭士_20260410.docx  -  互換モード - Word）の閲覧・調査
2026/05/11 11:15,2026/05/11 11:15,0:05,Excelファイル（岸川_ログ検索結果-20260407_20260411.csv）の入力・編集
2026/05/11 11:15,2026/05/11 11:16,0:05,Webサイト（残業調査報告書_岸川恭士_20260401.docx  -  互換モード - Word）の閲覧・調査 / Webサイト（残業調査報告書_岸川恭士_20260411.docx  -  互換モード - Word）の閲覧・調査
2026/05/11 11:16,2026/05/11 11:16,0:05,Excelファイル（20260427_ログ表示結果-20260416175217）の入力・編集
2026/05/11 11:16,2026/05/11 11:16,0:05,Webサイト（残業調査報告書_岸川恭士_20260411.docx  -  互換モード - Word）の閲覧・調査
2026/05/11 11:16,2026/05/11 11:16,0:05,Excelファイル（20260427_ログ表示結果-20260416175217）の入力・編集
2026/05/11 11:16,2026/05/11 11:16,0:05,Webサイト（残業調査報告書_岸川恭士_20260401.docx  -  互換モード - Word）の閲覧・調査 / Webサイト（残業調査報告書_岸川恭士_20260415.docx  -  互換モード - Word）の閲覧・調査
2026/05/11 11:16,2026/05/11 11:17,0:05,Excelファイル（20260427_ログ表示結果-20260416175217）の入力・編集 / Excelファイル（岸川_ログ検索結果-20260407_20260411.csv）の入力・編集 / Excelファイル（岸川_ログ検索結果-20260415.csv）の入力・編集
2026/05/11 11:17,2026/05/11 11:19,0:05,Excelファイル（20260427_ログ表示結果-20260416175217）の入力・編集 / Excelファイル（岸川_ログ検索結果-20260407_20260411.csv）の入力・編集 / Excelファイル（岸川_ログ検索結果-20260415.csv）の入力・編集 / Excelファイル（樋口_ログ検索結果-20260413.csv）の入力・編集 / 並べて比較
2026/05/11 11:20,2026/05/11 11:20,0:05,Webサイト（残業調査報告書_岸川恭士_20260415.docx  -  互換モード - Word）の閲覧・調査
2026/05/11 11:20,2026/05/11 11:20,0:05,0% 完了 / Webサイト（37% 完了）の閲覧・調査
2026/05/11 11:20,2026/05/11 11:20,0:05,Antigravityを用いた「システム開発・改善」の開発・相談
2026/05/11 11:20,2026/05/11 11:20,0:05,Webサイト（PC操作ログ(CSV)を複数選択）の閲覧・調査 / Webサイト（ファイル選択 (1/3)）の閲覧・調査 / Webサイト（ファイル選択 (2/3)）の閲覧・調査 / Webサイト（フォルダ選択 (3/3)）の閲覧・調査 / Webサイト（勤怠マスタ(Excel)を選択）の閲覧・調査 / Webサイト（報告書の保存先フォルダを選択）の閲覧・調査
2026/05/11 11:20,2026/05/11 11:20,0:05,Antigravityを用いた「システム開発・改善」の開発・相談
2026/05/11 11:20,2026/05/11 11:21,0:05,Webサイト（残業調査報告書_岸川恭士_20260401.docx  -  互換モード - Word）の閲覧・調査 / Webサイト（残業調査報告書_岸川恭士_20260415.docx  -  互換モード - Word）の閲覧・調査
2026/05/11 11:21,2026/05/11 11:21,0:05,Excelファイル（20260427_ログ表示結果-20260416175217）の入力・編集 / Excelファイル（岸川_ログ検索結果-20260415.csv）の入力・編集
2026/05/11 11:21,2026/05/11 11:21,0:05,Antigravityを用いた「システム開発・改善」の開発・相談
2026/05/11 11:21,2026/05/11 11:21,0:05,Webサイト（PC操作ログ(CSV)を複数選択）の閲覧・調査 / Webサイト（ファイル選択 (1/3)）の閲覧・調査 / Webサイト（ファイル選択 (2/3)）の閲覧・調査 / Webサイト（フォルダ選択 (3/3)）の閲覧・調査 / Webサイト（勤怠マスタ(Excel)を選択）の閲覧・調査 / Webサイト（報告書の保存先フォルダを選択）の閲覧・調査
2026/05/11 11:22,2026/05/11 11:22,0:05,Excelファイル（20260427_ログ表示結果-20260416175217）の入力・編集 / Excelファイル（岸川_ログ検索結果-20260415.csv）の入力・編集
2026/05/11 11:22,2026/05/11 11:23,0:05,Antigravityを用いた「システム開発・改善」の開発・相談
2026/05/11 11:27,2026/05/11 11:27,0:05,Excelファイル（岸川_ログ検索結果-20260415.csv）の入力・編集 / Excelファイル（樋口_ログ検索結果-20260413.csv）の入力・編集
2026/05/11 11:27,2026/05/11 11:27,0:05,Webサイト（残業調査報告書_岸川恭士_20260401.docx  -  互換モード - Word）の閲覧・調査
2026/05/11 11:28,2026/05/11 11:28,0:05,Excelファイル（20260427_ログ表示結果-20260416175217）の入力・編集 / Excelファイル（岸川_ログ検索結果-20260415.csv）の入力・編集
2026/05/11 11:28,2026/05/11 11:28,0:05,Antigravityを用いた「システム開発・改善」の開発・相談
2026/05/11 11:28,2026/05/11 11:28,0:05,Webサイト（PC操作ログ(CSV)を複数選択）の閲覧・調査 / Webサイト（ファイル選択 (1/3)）の閲覧・調査 / Webサイト（ファイル選択 (2/3)）の閲覧・調査 / Webサイト（フォルダ選択 (3/3)）の閲覧・調査 / Webサイト（勤怠マスタ(Excel)を選択）の閲覧・調査 / Webサイト（報告書の保存先フォルダを選択）の閲覧・調査
2026/05/11 11:29,2026/05/11 11:29,0:05,Antigravityを用いた「システム開発・改善」の開発・相談
2026/05/11 11:29,2026/05/11 11:29,0:05,Webサイト（残業調査報告書_岸川恭士_20260401.docx  -  互換モード - Word）の閲覧・調査 / Webサイト（残業調査報告書_岸川恭士_20260415.docx  -  互換モード - Word）の閲覧・調査
2026/05/11 11:29,2026/05/11 11:33,0:05,Excelファイル（20260427_ログ表示結果-20260416175217）の入力・編集 / Excelファイル（岸川_ログ検索結果-20260401_20260404.csv）の入力・編集 / Excelファイル（岸川_ログ検索結果-20260415.csv）の入力・編集 / 名前の変更
2026/05/11 11:34,2026/05/11 11:34,0:05,Antigravityを用いた「システム開発・改善」の開発・相談
2026/05/11 11:34,2026/05/11 11:34,0:05,Webサイト（PC操作ログ(CSV)を複数選択）の閲覧・調査 / Webサイト（ファイル選択 (1/3)）の閲覧・調査 / Webサイト（ファイル選択 (2/3)）の閲覧・調査 / Webサイト（フォルダ選択 (3/3)）の閲覧・調査 / Webサイト（勤怠マスタ(Excel)を選択）の閲覧・調査 / Webサイト（報告書の保存先フォルダを選択）の閲覧・調査
2026/05/11 11:34,2026/05/11 11:34,0:05,Antigravityを用いた「システム開発・改善」の開発・相談
2026/05/11 11:34,2026/05/11 11:34,0:05,Excelファイル（岸川_ログ検索結果-20260401_20260404.csv）の入力・編集
2026/05/11 11:34,2026/05/11 11:34,0:05,Antigravityを用いた「システム開発・改善」の開発・相談
2026/05/11 11:34,2026/05/11 11:34,0:05,Webサイト（残業調査報告書_岸川恭士_20260401.docx  -  互換モード - Word）の閲覧・調査 / Webサイト（残業調査報告書_岸川恭士_20260415.docx  -  互換モード - Word）の閲覧・調査
2026/05/11 11:35,2026/05/11 11:35,0:05,Antigravityを用いた「システム開発・改善」の開発・相談
2026/05/11 11:35,2026/05/11 11:35,0:05,Webサイト（残業調査報告書_岸川恭士_20260415.docx  -  互換モード - Word）の閲覧・調査
2026/05/11 11:35,2026/05/11 11:35,0:05,Excelファイル（20260427_ログ表示結果-20260416175217）の入力・編集
2026/05/11 11:35,2026/05/11 11:36,0:05,Webサイト（残業調査報告書_岸川恭士_20260401.docx  -  互換モード - Word）の閲覧・調査 / Webサイト（残業調査報告書_岸川恭士_20260415.docx  -  互換モード - Word）の閲覧・調査
2026/05/11 11:36,2026/05/11 11:36,0:05,Excelファイル（20260427_ログ表示結果-20260416175217）の入力・編集
2026/05/11 11:36,2026/05/11 11:36,0:05,Webサイト（残業調査報告書_岸川恭士_20260401.docx  -  互換モード - Word）の閲覧・調査 / Webサイト（残業調査報告書_岸川恭士_20260403.docx  -  互換モード - Word）の閲覧・調査 / Webサイト（残業調査報告書_見形藍_20260412.docx  -  互換モード - Word）の閲覧・調査
2026/05/11 11:36,2026/05/11 11:36,0:05,Excelファイル（20260427_ログ表示結果-20260416175217）の入力・編集 / Excelファイル（見形藍_20260414_20260430ログ検索結果-20260507131846.csv）の入力・編集
2026/05/11 11:36,2026/05/11 11:36,0:05,Excelファイル（20260427_ログ表示結果-20260416175217）の入力・編集 / 検索と置換
2026/05/11 11:37,2026/05/11 11:38,0:05,Webサイト（残業調査報告書_岸川恭士_20260403.docx  -  互換モード - Word）の閲覧・調査 / Webサイト（残業調査報告書_見形藍_20260412.docx  -  互換モード - Word）の閲覧・調査
2026/05/11 11:38,2026/05/11 11:38,0:05,Excelファイル（見形藍_20260414_20260430ログ検索結果-20260507131846.csv）の入力・編集
2026/05/11 11:39,2026/05/11 11:39,0:05,Webサイト（残業調査報告書_見形藍_20260412.docx  -  互換モード - Word）の閲覧・調査
2026/05/11 11:39,2026/05/11 11:40,0:05,Excelファイル（20260427_ログ表示結果-20260416175217）の入力・編集 / Excelファイル（見形藍_20260414_20260430ログ検索結果-20260507131846.csv）の入力・編集
2026/05/11 11:40,2026/05/11 11:40,0:05,Webサイト（残業調査報告書_岸川恭士_20260403.docx  -  互換モード - Word）の閲覧・調査
2026/05/11 13:01,2026/05/11 13:01,0:05,Webサイト（残業調査報告書_岸川恭士_20260403.docx  -  互換モード - Word）の閲覧・調査
2026/05/11 13:01,2026/05/11 13:01,0:05,Excelファイル（20260427_ログ表示結果-20260416175217）の入力・編集
2026/05/11 13:01,2026/05/11 13:01,0:05,Webサイト（ファイルの削除）の閲覧・調査
2026/05/11 13:01,2026/05/11 13:04,0:05,Excelファイル（20260427_ログ表示結果-20260416175217）の入力・編集 / Excelファイル（①社用ノートパソコン管理台帳.xlsx ）の入力・編集
2026/05/11 13:07,2026/05/11 13:07,0:05,Webサイト（kvm-dvhdu2 hotキーがどこに設定されてるかわからない時　完全初期化。 - Google 検索）の閲覧・調査 / Webサイト（社内SEの仕事なんでも相談 - Google Gemini）の閲覧・調査
2026/05/11 13:12,2026/05/11 13:12,0:05,Excelファイル（①社用ノートパソコン管理台帳.xlsx ）の入力・編集
2026/05/11 13:14,2026/05/11 13:20,0:05,Webサイト（2026/5/1 現在のUSD/JPY相場分析。調べてみて。GWを挟み今後のは？　 2024年のゴールデンウィーク（GW）を彷彿とさせる、極めて神経質な「介入... - Comet）の閲覧・調査 / Webサイト（DELL Latitude3420 Win11 OOBEのが画面に初期設定中に入れない - Comet）の閲覧・調査 / Webサイト（New Tab - Comet...
2026/05/11 13:20,2026/05/11 13:21,0:05,Excelファイル（①社用ノートパソコン管理台帳.xlsx ）の入力・編集 / Excelファイル（岸川_ログ検索結果-20260401_20260404.csv）の入力・編集
2026/05/11 13:21,2026/05/11 13:21,0:05,Excelファイル（岸川_ログ検索結果-20260401_20260404.csv）の入力・編集 / ジャンプ
2026/05/11 13:21,2026/05/11 13:21,0:05,Webサイト（残業調査報告書_岸川恭士_20260403.docx  -  互換モード - Word）の閲覧・調査
2026/05/11 13:21,2026/05/11 13:21,0:05,Excelファイル（岸川_ログ検索結果-20260401_20260404.csv）の入力・編集
2026/05/11 13:21,2026/05/11 13:21,0:05,Webサイト（Microsoft Excel）の閲覧・調査
2026/05/11 13:22,2026/05/11 13:22,0:05,Excelファイル（岸川_ログ検索結果-20260401_20260404.csv）の入力・編集
2026/05/11 13:22,2026/05/11 13:22,0:05,Webサイト（名前を付けて保存）の閲覧・調査
2026/05/11 13:22,2026/05/11 13:22,0:05,Excelファイル（岸川_ログ検索結果-20260401_20260404.csv）の入力・編集
2026/05/11 13:22,2026/05/11 13:22,0:05,Webサイト（残業調査報告書_山本光克_20260402.docx  -  互換モード - Word）の閲覧・調査 / Webサイト（残業調査報告書_岸川恭士_20260403.docx  -  互換モード - Word）の閲覧・調査
2026/05/11 13:22,2026/05/11 13:22,0:05,Excelファイル（20260427_ログ表示結果-20260416175217）の入力・編集
2026/05/11 13:22,2026/05/11 13:27,0:05,Excelファイル（20260427_ログ表示結果-20260416175217）の入力・編集 / Excelファイル（山本光克_ログ検索結果-20260402.csv）の入力・編集 / Excelファイル（山本光克_ログ検索結果-20260406.csv）の入力・編集 / Excelファイル（山本光克_ログ検索結果-20260409.csv）の入力・編集 / 検索と置換
2026/05/11 13:36,2026/05/11 13:47,0:10,Webサイト（社内SEの仕事なんでも相談 - Google Gemini）の閲覧・調査
2026/05/11 13:47,2026/05/11 13:52,0:05,Excelファイル（①社用ノートパソコン管理台帳.xlsx ）の入力・編集 / Excelファイル（山本光克_ログ検索結果-20260409.csv）の入力・編集
2026/05/11 13:52,2026/05/11 13:52,0:05,Webサイト（Microsoft Excel）の閲覧・調査
2026/05/11 13:52,2026/05/11 13:52,0:05,Excelファイル（①社用ノートパソコン管理台帳.xlsx ）の入力・編集 / Excelファイル（本社OAプライベートIPアドレス割当一覧.xlsx ）の入力・編集
2026/05/11 13:55,2026/05/11 13:55,0:05,Excelファイル（本社OAプライベートIPアドレス割当一覧.xlsx ）の入力・編集 / Excelファイル（本社OAプライベートIPアドレス割当一覧.xlsx）の入力・編集 / 検索と置換
2026/05/11 13:57,2026/05/11 14:11,0:13,Webサイト（コマンド プロンプト - ipconfig  /all）の閲覧・調査 / Webサイト（コマンド プロンプト - ipconfig）の閲覧・調査 / Webサイト（コマンド プロンプト）の閲覧・調査
2026/05/11 14:11,2026/05/11 14:11,0:05,Excelファイル（本社OAプライベートIPアドレス割当一覧.xlsx）の入力・編集
2026/05/11 14:11,2026/05/11 14:11,0:05,Webサイト（DELL Latitude3420 Win11 OOBEのが画面に初期設定中に入れない - Comet）の閲覧・調査
2026/05/11 14:11,2026/05/11 14:11,0:05,Excelファイル（①社用ノートパソコン管理台帳.xlsx ）の入力・編集 / Excelファイル（山本光克_ログ検索結果-20260409.csv）の入力・編集 / Excelファイル（本社OAプライベートIPアドレス割当一覧.xlsx）の入力・編集
2026/05/11 14:11,2026/05/11 14:11,0:05,Webサイト（社内SEの仕事なんでも相談 - Google Gemini）の閲覧・調査
2026/05/11 14:11,2026/05/11 14:11,0:05,Excelファイル（20260427_ログ表示結果-20260416175217）の入力・編集
2026/05/11 14:11,2026/05/11 14:11,0:05,Webサイト（残業調査報告書_山本光克_20260402.docx  -  互換モード - Word）の閲覧・調査 / Webサイト（残業調査報告書_岸川恭士_20260403.docx  -  互換モード - Word）の閲覧・調査
2026/05/11 14:23,2026/05/11 14:23,0:05,サイボウズ（ワークフロー（送信一覧） - サイボウズ Office および他 5 ページ）での情報確認・処理
2026/05/11 14:23,2026/05/11 14:28,0:05,Webサイト（Microsoft 365 管理センター および他 6 ページ）の閲覧・調査 / Webサイト（Microsoft 365 管理センター）の閲覧・調査 / Webサイト（admin.cloud.microsoft/?auth_upn=t_ito%40forestwayoffice.onmicrosoft.com&source=applauncher&ref=%2Fusers お...
2026/05/11 14:29,2026/05/11 14:31,0:05,Excelファイル（①社用ノートパソコン管理台帳.xlsx ）の入力・編集 / Excelファイル（山本光克_ログ検索結果-20260409.csv）の入力・編集
2026/05/11 14:31,2026/05/11 14:32,0:05,Webサイト（残業調査報告書_山本光克_20260402.docx  -  互換モード - Word）の閲覧・調査
2026/05/11 14:32,2026/05/11 14:34,0:05,Excelファイル（20260427_ログ表示結果-20260416175217）の入力・編集 / Excelファイル（①社用ノートパソコン管理台帳.xlsx ）の入力・編集 / Excelファイル（山本光克_ログ検索結果-20260409.csv）の入力・編集 / Excelファイル（山本光克_ログ検索結果-20260410.csv）の入力・編集
2026/05/11 14:34,2026/05/11 14:35,0:05,Webサイト（残業調査報告書_山本光克_20260410.docx  -  互換モード - Word）の閲覧・調査 / Webサイト（残業調査報告書_岸川恭士_20260403.docx  -  互換モード - Word）の閲覧・調査
2026/05/11 14:35,2026/05/11 14:36,0:05,Excelファイル（20260427_ログ表示結果-20260416175217）の入力・編集 / Excelファイル（①社用ノートパソコン管理台帳.xlsx ）の入力・編集 / Excelファイル（山本光克_ログ検索結果-20260410.csv）の入力・編集 / Excelファイル（山本光克_ログ検索結果-20260413.csv）の入力・編集
2026/05/11 14:37,2026/05/11 14:37,0:05,Webサイト（192.169.5.5 - リモート デスクトップ接続）の閲覧・調査 / Webサイト（リモート デスクトップ接続）の閲覧・調査
2026/05/11 14:39,2026/05/11 14:40,0:05,Antigravityを用いた「システム開発・改善」の開発・相談
2026/05/11 14:40,2026/05/11 14:40,0:05,Webサイト（ファイルの置換またはスキップ）の閲覧・調査
2026/05/11 14:40,2026/05/11 14:40,0:05,0% 完了 / Webサイト（使用中のフォルダー）の閲覧・調査
2026/05/11 14:40,2026/05/11 14:40,0:05,Excelファイル（①社用ノートパソコン管理台帳.xlsx ）の入力・編集 / Excelファイル（山本光克_ログ検索結果-20260413.csv）の入力・編集
2026/05/11 14:40,2026/05/11 14:40,0:05,Webサイト（使用中のフォルダー）の閲覧・調査
2026/05/11 14:40,2026/05/11 14:40,0:05,0% 完了 / Webサイト（37% 完了）の閲覧・調査 / Webサイト（77% 完了）の閲覧・調査
2026/05/11 14:40,2026/05/11 14:40,0:05,Excelファイル（①社用ノートパソコン管理台帳.xlsx ）の入力・編集
2026/05/11 14:40,2026/05/11 14:40,0:05,Webサイト（PC操作ログ(CSV)を複数選択）の閲覧・調査 / Webサイト（ファイル選択 (1/3)）の閲覧・調査 / Webサイト（ファイル選択 (2/3)）の閲覧・調査 / Webサイト（フォルダ選択 (3/3)）の閲覧・調査 / Webサイト（勤怠マスタ(Excel)を選択）の閲覧・調査 / Webサイト（報告書の保存先フォルダを選択）の閲覧・調査
2026/05/11 14:42,2026/05/11 14:46,0:05,Excelファイル（①社用ノートパソコン管理台帳.xlsx ）の入力・編集 / Excelファイル（山本光克_ログ検索結果-20260402.csv）の入力・編集 / Excelファイル（山本光克_ログ検索結果-20260413.csv）の入力・編集
2026/05/11 14:46,2026/05/11 14:46,0:05,Webサイト（192.169.5.5 - リモート デスクトップ接続）の閲覧・調査
2026/05/11 14:47,2026/05/11 14:47,0:05,Excelファイル（山本光克_ログ検索結果-20260402.csv）の入力・編集 / Excelファイル（山本光克_ログ検索結果-20260413.csv）の入力・編集
2026/05/11 14:47,2026/05/11 14:48,0:05,0% 完了 / Antigravityを用いた「システム開発・改善」の開発・相談
2026/05/11 14:48,2026/05/11 14:48,0:05,0% 完了 / Antigravityを用いた「システム開発・改善」の開発・相談
2026/05/11 14:48,2026/05/11 14:48,0:05,Webサイト（ファイルの置換またはスキップ）の閲覧・調査
2026/05/11 14:48,2026/05/11 14:48,0:05,0% 完了 / Webサイト（37% 完了）の閲覧・調査 / Webサイト（87% 完了）の閲覧・調査
2026/05/11 14:48,2026/05/11 14:49,0:05,Excelファイル（山本光克_ログ検索結果-20260402.csv）の入力・編集 / Excelファイル（山本光克_ログ検索結果-20260413.csv）の入力・編集
2026/05/11 14:49,2026/05/11 14:49,0:05,Antigravityを用いた「システム開発・改善」の開発・相談
2026/05/11 14:49,2026/05/11 14:50,0:05,Webサイト（PC操作ログ(CSV)を複数選択）の閲覧・調査 / Webサイト（ファイル選択 (1/3)）の閲覧・調査 / Webサイト（ファイル選択 (2/3)）の閲覧・調査 / Webサイト（フォルダ選択 (3/3)）の閲覧・調査 / Webサイト（勤怠マスタ(Excel)を選択）の閲覧・調査 / Webサイト（報告書の保存先フォルダを選択）の閲覧・調査
2026/05/11 14:52,2026/05/11 14:52,0:05,Excelファイル（山本光克_ログ検索結果-20260402.csv）の入力・編集 / Excelファイル（山本光克_ログ検索結果-20260413.csv）の入力・編集
2026/05/11 14:53,2026/05/11 14:53,0:05,Antigravityを用いた「システム開発・改善」の開発・相談
2026/05/11 14:53,2026/05/11 14:53,0:05,Excelファイル（山本光克_ログ検索結果-20260413.csv）の入力・編集
2026/05/11 14:53,2026/05/11 14:53,0:05,Antigravityを用いた「システム開発・改善」の開発・相談
2026/05/11 14:53,2026/05/11 14:53,0:05,Excelファイル（山本光克_ログ検索結果-20260402.csv）の入力・編集
2026/05/11 14:53,2026/05/11 14:54,0:05,Antigravityを用いた「システム開発・改善」の開発・相談
2026/05/11 14:54,2026/05/11 14:54,0:05,Excelファイル（山本光克_ログ検索結果-20260413.csv）の入力・編集
2026/05/11 14:54,2026/05/11 14:54,0:05,Antigravityを用いた「システム開発・改善」の開発・相談
2026/05/11 15:10,2026/05/11 15:10,0:05,Excelファイル（000.（重要）設定等のマニュアル.xlsx）の入力・編集 / Excelファイル（山本光克_ログ検索結果-20260413.csv）の入力・編集
2026/05/11 15:11,2026/05/11 15:12,0:05,Webサイト（これらのランサムウェアの被害者は、データを復旧するためにより多くを支払っています および他 7 ページ）の閲覧・調査 / Webサイト（これらのランサムウェアの被害者は、データを復旧するためにより多くを支払っています）の閲覧・調査 / Webサイト（ユーザーの詳細パネル - Microsoft 365 管理センター および他 6 ページ）の閲覧・調査
2026/05/11 15:12,2026/05/11 15:12,0:05,Excelファイル（000.（重要）設定等のマニュアル.xlsx）の入力・編集
2026/05/11 15:12,2026/05/11 15:13,0:05,Webサイト（Windows 10でインデックス作成を有効または無効にする方法 - VPN 2026 および他 7 ページ）の閲覧・調査 / Webサイト（Windows 10でインデックス作成を有効または無効にする方法 - VPN 2026）の閲覧・調査 / Webサイト（ユーザーの詳細パネル - Microsoft 365 管理センター および他 6 ページ）の閲覧・調査
2026/05/11 15:13,2026/05/11 15:13,0:05,Excelファイル（000.（重要）設定等のマニュアル.xlsx）の入力・編集
2026/05/11 15:13,2026/05/11 15:13,0:05,Webサイト（Windows11 | スタートのおすすめアプリを非表示にする設定 | 1 NOTES および他 7 ページ）の閲覧・調査 / Webサイト（Windows11 | スタートのおすすめアプリを非表示にする設定 | 1 NOTES）の閲覧・調査
2026/05/11 15:16,2026/05/11 15:16,0:05,Excelファイル（000.（重要）設定等のマニュアル.xlsx）の入力・編集
2026/05/11 15:22,2026/05/11 15:22,0:05,Antigravityを用いた「システム開発・改善」の開発・相談
2026/05/11 15:22,2026/05/11 15:23,0:05,Webサイト（PC操作ログ(CSV)を複数選択）の閲覧・調査 / Webサイト（ファイル選択 (1/3)）の閲覧・調査 / Webサイト（ファイル選択 (2/3)）の閲覧・調査 / Webサイト（フォルダ選択 (3/3)）の閲覧・調査 / Webサイト（勤怠マスタ(Excel)を選択）の閲覧・調査 / Webサイト（報告書の保存先フォルダを選択）の閲覧・調査
2026/05/11 15:23,2026/05/11 15:23,0:05,Antigravityを用いた「システム開発・改善」の開発・相談
2026/05/11 15:25,2026/05/11 15:33,0:08,Webサイト（\\10.85.33.230\01_全社共有\システム統括部\業改室\★大宮システム部\（NAS）伊藤\WindowsUpdate.txt - サクラエディタ32bit 2.4.2.6048）の閲覧・調査 / Webサイト（\\10.85.33.230\01_全社共有\システム統括部\業改室\★大宮システム部\（NAS）伊藤\WindowsUpdate.txt(更新) - サク...
2026/05/11 15:33,2026/05/11 15:33,0:05,Excelファイル（000.（重要）設定等のマニュアル.xlsx）の入力・編集
2026/05/11 15:33,2026/05/11 15:33,0:05,Webサイト（Windows11 | スタートのおすすめアプリを非表示にする設定 | 1 NOTES および他 7 ページ）の閲覧・調査 / Webサイト（社内SEの仕事なんでも相談 - Google Gemini）の閲覧・調査
2026/05/11 15:33,2026/05/11 15:33,0:05,Antigravityを用いた「システム開発・改善」の開発・相談
2026/05/11 15:33,2026/05/11 15:34,0:05,Webサイト（PC操作ログ(CSV)を複数選択）の閲覧・調査 / Webサイト（ファイル選択 (1/3)）の閲覧・調査 / Webサイト（ファイル選択 (2/3)）の閲覧・調査 / Webサイト（フォルダ選択 (3/3)）の閲覧・調査 / Webサイト（勤怠マスタ(Excel)を選択）の閲覧・調査 / Webサイト（報告書の保存先フォルダを選択）の閲覧・調査
2026/05/11 15:35,2026/05/11 15:35,0:05,Antigravityを用いた「システム開発・改善」の開発・相談
2026/05/11 15:35,2026/05/11 15:35,0:05,Excelファイル（山本光克_ログ検索結果-20260413.csv）の入力・編集
2026/05/11 15:35,2026/05/11 15:35,0:05,Antigravityを用いた「システム開発・改善」の開発・相談
2026/05/11 15:35,2026/05/11 15:35,0:05,Webサイト（残業調査報告書_山本光克_20260413.docx  -  互換モード - Word）の閲覧・調査 / Webサイト（起動しています - Word）の閲覧・調査
2026/05/11 15:36,2026/05/11 15:36,0:05,Antigravityを用いた「システム開発・改善」の開発・相談
2026/05/11 15:36,2026/05/11 15:36,0:05,Excelファイル（山本光克_ログ検索結果-20260413.csv）の入力・編集
2026/05/11 15:37,2026/05/11 15:37,0:05,Antigravityを用いた「システム開発・改善」の開発・相談
2026/05/11 15:40,2026/05/11 15:40,0:05,Excelファイル（山本光克_ログ検索結果-20260413.csv）の入力・編集
2026/05/11 15:41,2026/05/11 15:41,0:05,Antigravityを用いた「システム開発・改善」の開発・相談
2026/05/11 15:41,2026/05/11 15:41,0:05,Excelファイル（山本光克_ログ検索結果-20260402.csv）の入力・編集 / Excelファイル（山本光克_ログ検索結果-20260413.csv）の入力・編集
2026/05/11 15:42,2026/05/11 15:42,0:05,Antigravityを用いた「システム開発・改善」の開発・相談
2026/05/11 15:43,2026/05/11 15:43,0:05,Webサイト（PC操作ログ(CSV)を複数選択）の閲覧・調査 / Webサイト（ファイル選択 (1/3)）の閲覧・調査 / Webサイト（ファイル選択 (2/3)）の閲覧・調査 / Webサイト（フォルダ選択 (3/3)）の閲覧・調査 / Webサイト（勤怠マスタ(Excel)を選択）の閲覧・調査 / Webサイト（報告書の保存先フォルダを選択）の閲覧・調査
2026/05/11 15:44,2026/05/11 15:44,0:05,Antigravityを用いた「システム開発・改善」の開発・相談
2026/05/11 15:44,2026/05/11 15:44,0:05,Excelファイル（山本光克_ログ検索結果-20260402.csv）の入力・編集
2026/05/11 15:44,2026/05/11 15:44,0:05,Antigravityを用いた「システム開発・改善」の開発・相談
2026/05/11 15:44,2026/05/11 15:44,0:05,Excelファイル（山本光克_ログ検索結果-20260413.csv）の入力・編集
2026/05/11 15:44,2026/05/11 15:44,0:05,Antigravityを用いた「システム開発・改善」の開発・相談
2026/05/11 15:44,2026/05/11 15:44,0:05,Webサイト（残業調査報告書_山本光克_20260413.docx  -  互換モード - Word）の閲覧・調査 / Webサイト（残業調査報告書_山本光克_20260413_再生成.docx  -  互換モード - Word）の閲覧・調査
2026/05/11 15:44,2026/05/11 15:44,0:05,Excelファイル（山本光克_ログ検索結果-20260413.csv）の入力・編集
2026/05/11 15:45,2026/05/11 15:45,0:05,Webサイト（残業調査報告書_山本光克_20260413_再生成.docx  -  互換モード - Word）の閲覧・調査
2026/05/11 15:45,2026/05/11 15:46,0:05,Antigravityを用いた「システム開発・改善」の開発・相談
2026/05/11 15:46,2026/05/11 15:46,0:05,Excelファイル（山本光克_ログ検索結果-20260413.csv）の入力・編集
2026/05/11 15:46,2026/05/11 15:46,0:05,Antigravityを用いた「システム開発・改善」の開発・相談
2026/05/11 15:47,2026/05/11 15:47,0:05,Excelファイル（山本光克_ログ検索結果-20260413.csv）の入力・編集
2026/05/11 15:47,2026/05/11 15:47,0:05,Antigravityを用いた「システム開発・改善」の開発・相談
2026/05/11 15:47,2026/05/11 15:47,0:05,Excelファイル（山本光克_ログ検索結果-20260413.csv）の入力・編集
2026/05/11 15:48,2026/05/11 15:48,0:05,Antigravityを用いた「システム開発・改善」の開発・相談
2026/05/11 15:49,2026/05/11 15:49,0:05,Webサイト（残業調査報告書_山本光克_20260413.docx  -  互換モード - Word）の閲覧・調査
2026/05/11 15:49,2026/05/11 15:51,0:05,Antigravityを用いた「システム開発・改善」の開発・相談
2026/05/11 15:52,2026/05/11 15:52,0:05,Webサイト（残業調査報告書_山本光克_20260413.docx  -  互換モード - Word）の閲覧・調査 / Webサイト（起動しています - Word）の閲覧・調査
2026/05/11 15:52,2026/05/11 15:52,0:05,Antigravityを用いた「システム開発・改善」の開発・相談
2026/05/11 15:52,2026/05/11 15:53,0:05,Webサイト（残業調査報告書_山本光克_20260413.docx  -  互換モード - Word）の閲覧・調査
2026/05/11 15:53,2026/05/11 15:54,0:05,Antigravityを用いた「システム開発・改善」の開発・相談
2026/05/11 15:55,2026/05/11 15:55,0:05,Webサイト（Word のジャンプ リスト）の閲覧・調査 / Webサイト（残業調査報告書_山本光克_20260413.docx  -  互換モード - Word）の閲覧・調査
2026/05/11 15:55,2026/05/11 15:55,0:05,Antigravityを用いた「システム開発・改善」の開発・相談
2026/05/11 15:56,2026/05/11 15:57,0:05,Webサイト（ファイルの削除）の閲覧・調査
2026/05/11 15:57,2026/05/11 15:57,0:05,Excelファイル（山本光克_ログ検索結果-20260413.csv）の入力・編集 / Excelファイル（成川_ログ検索結果-20260404.csv）の入力・編集
2026/05/11 15:57,2026/05/11 15:57,0:05,Webサイト（社内SEの仕事なんでも相談 - Google Gemini）の閲覧・調査
2026/05/11 15:57,2026/05/11 15:57,0:05,Excelファイル（山本光克_ログ検索結果-20260413.csv）の入力・編集
2026/05/11 15:57,2026/05/11 15:57,0:05,Webサイト（社内SEの仕事なんでも相談 - Google Gemini）の閲覧・調査
2026/05/11 15:57,2026/05/11 15:57,0:05,Excelファイル（20260427_ログ表示結果-20260416175217）の入力・編集 / Excelファイル（山本光克_ログ検索結果-20260413.csv）の入力・編集 / Excelファイル（成川_ログ検索結果-20260404.csv）の入力・編集
2026/05/11 15:57,2026/05/11 15:59,0:05,Excelファイル（20260427_ログ表示結果-20260416175217）の入力・編集 / Excelファイル（成川_ログ検索結果-20260404.csv）の入力・編集 / 検索と置換
2026/05/11 15:59,2026/05/11 15:59,0:05,Webサイト（192.169.5.5 - リモート デスクトップ接続）の閲覧・調査
2026/05/11 15:59,2026/05/11 15:59,0:05,Excelファイル（成川_ログ検索結果-20260404.csv）の入力・編集
2026/05/11 15:59,2026/05/11 16:13,0:13,Webサイト（192.169.5.5 - リモート デスクトップ接続）の閲覧・調査 / Webサイト（Windows11 | スタートのおすすめアプリを非表示にする設定 | 1 NOTES および他 7 ページ）の閲覧・調査 / Webサイト（残業調査報告書_成川真菜_20260404.docx  -  互換モード - Word）の閲覧・調査 / Webサイト（社内SEの仕事なんでも相談 -...
2026/05/11 16:13,2026/05/11 16:13,0:05,Excelファイル（成川_ログ検索結果-20260404.csv）の入力・編集
2026/05/11 16:13,2026/05/11 16:13,0:05,Webサイト（残業調査報告書_成川真菜_20260404.docx  -  互換モード - Word）の閲覧・調査
2026/05/11 16:13,2026/05/11 16:13,0:05,Excelファイル（成川_ログ検索結果-20260404.csv）の入力・編集
2026/05/11 16:13,2026/05/11 16:13,0:05,Webサイト（192.169.5.5 - リモート デスクトップ接続）の閲覧・調査
2026/05/11 16:15,2026/05/11 16:15,0:05,Excelファイル（成川_ログ検索結果-20260404.csv）の入力・編集
2026/05/11 16:15,2026/05/11 16:15,0:05,Webサイト（192.169.5.5 - リモート デスクトップ接続）の閲覧・調査 / Webサイト（Windows11 | スタートのおすすめアプリを非表示にする設定 | 1 NOTES および他 7 ページ）の閲覧・調査 / Webサイト（ユーザーの詳細パネル - Microsoft 365 管理センター および他 6 ページ）の閲覧・調査
2026/05/11 16:16,2026/05/11 16:16,0:05,Excelファイル（成川_ログ検索結果-20260404.csv）の入力・編集
2026/05/11 16:16,2026/05/11 16:16,0:05,Webサイト（Microsoft Excel）の閲覧・調査
2026/05/11 16:16,2026/05/11 16:17,0:05,Excelファイル（20260427_ログ表示結果-20260416175217）の入力・編集 / Excelファイル（成川_ログ検索結果-20260404.csv）の入力・編集
2026/05/11 16:18,2026/05/11 16:18,0:05,Antigravityを用いた「システム開発・改善」の開発・相談
2026/05/11 16:18,2026/05/11 16:18,0:05,Excelファイル（成川_ログ検索結果-20260404.csv）の入力・編集
2026/05/11 16:18,2026/05/11 16:18,0:05,Antigravityを用いた「システム開発・改善」の開発・相談
2026/05/11 16:23,2026/05/11 16:23,0:05,Excelファイル（成川_ログ検索結果-20260404.csv）の入力・編集
2026/05/11 16:23,2026/05/11 16:23,0:05,Antigravityを用いた「システム開発・改善」の開発・相談
2026/05/11 16:24,2026/05/11 16:24,0:05,Webサイト（レポートの出力先フォルダを選択してください）の閲覧・調査 / Webサイト（勤怠マスタ（Excelファイル）を選択してください）の閲覧・調査 / Webサイト（解析対象のログファイル（CSV）を選択してください（複数選択可））の閲覧・調査
2026/05/11 16:25,2026/05/11 16:25,0:05,Antigravityを用いた「システム開発・改善」の開発・相談
2026/05/11 16:27,2026/05/11 16:27,0:05,Webサイト（PC操作ログ(CSV)を複数選択）の閲覧・調査 / Webサイト（ファイル選択 (1/3)）の閲覧・調査 / Webサイト（ファイル選択 (2/3)）の閲覧・調査 / Webサイト（勤怠マスタ(Excel)を選択）の閲覧・調査
2026/05/11 16:27,2026/05/11 16:27,0:05,Webサイト（87% 完了）の閲覧・調査 / Webサイト（ファイルの置換またはスキップ）の閲覧・調査 / 進行状況
2026/05/11 16:27,2026/05/11 16:28,0:05,0% 完了 / Webサイト（37% 完了）の閲覧・調査 / Webサイト（87% 完了）の閲覧・調査 / Webサイト（PC操作ログ(CSV)を複数選択）の閲覧・調査 / Webサイト（ファイルの置換またはスキップ）の閲覧・調査 / Webサイト（フォルダ選択 (3/3)）の閲覧・調査
2026/05/11 16:28,2026/05/11 16:32,0:05,0% 完了 / Webサイト（37% 完了）の閲覧・調査 / Webサイト（87% 完了）の閲覧・調査 / Webサイト（フォルダ選択 (3/3)）の閲覧・調査 / Webサイト（報告書の保存先フォルダを選択）の閲覧・調査 / Webサイト（残業調査報告書_成川真菜_20260404.docx  -  互換モード - Word）の閲覧・調査 / Webサイト（起動しています - Word）の...
2026/05/11 16:32,2026/05/11 16:32,0:05,Excelファイル（20260427_ログ表示結果-20260416175217）の入力・編集 / Excelファイル（成川_ログ検索結果-20260404.csv）の入力・編集 / Excelファイル（本社OAプライベートIPアドレス割当一覧.xlsx）の入力・編集
2026/05/11 16:33,2026/05/11 16:33,0:05,Antigravityを用いた「システム開発・改善」の開発・相談
2026/05/11 16:35,2026/05/11 16:35,0:05,Webサイト（PC操作ログ(CSV)を複数選択）の閲覧・調査 / Webサイト（ファイル選択 (1/3)）の閲覧・調査 / Webサイト（ファイル選択 (2/3)）の閲覧・調査 / Webサイト（フォルダ選択 (3/3)）の閲覧・調査 / Webサイト（勤怠マスタ(Excel)を選択）の閲覧・調査 / Webサイト（報告書の保存先フォルダを選択）の閲覧・調査
2026/05/11 16:36,2026/05/11 16:37,0:05,Antigravityを用いた「システム開発・改善」の開発・相談
2026/05/11 16:37,2026/05/11 16:37,0:05,Excelファイル（20260427_ログ表示結果-20260416175217）の入力・編集
2026/05/11 16:37,2026/05/11 16:37,0:05,Antigravityを用いた「システム開発・改善」の開発・相談
2026/05/11 16:38,2026/05/11 16:38,0:05,Excelファイル（20260427_ログ表示結果-20260416175217）の入力・編集
2026/05/11 16:38,2026/05/11 16:38,0:05,Antigravityを用いた「システム開発・改善」の開発・相談
2026/05/11 16:46,2026/05/11 16:47,0:05,Webサイト（PC操作ログ(CSV)を複数選択）の閲覧・調査 / Webサイト（ファイル選択 (1/3)）の閲覧・調査 / Webサイト（ファイル選択 (2/3)）の閲覧・調査 / Webサイト（フォルダ選択 (3/3)）の閲覧・調査 / Webサイト（勤怠マスタ(Excel)を選択）の閲覧・調査 / Webサイト（報告書の保存先フォルダを選択）の閲覧・調査 / Webサイト（残業調査報告書...
2026/05/11 16:47,2026/05/11 16:47,0:05,Antigravityを用いた「システム開発・改善」の開発・相談
2026/05/11 16:50,2026/05/11 16:51,0:05,Webサイト（PC操作ログ(CSV)を複数選択）の閲覧・調査 / Webサイト（ファイル選択 (1/3)）の閲覧・調査 / Webサイト（ファイル選択 (2/3)）の閲覧・調査 / Webサイト（フォルダ選択 (3/3)）の閲覧・調査 / Webサイト（勤怠マスタ(Excel)を選択）の閲覧・調査 / Webサイト（報告書の保存先フォルダを選択）の閲覧・調査
2026/05/11 16:51,2026/05/11 16:51,0:05,Antigravityを用いた「システム開発・改善」の開発・相談
2026/05/11 16:55,2026/05/11 16:55,0:05,Webサイト（192.169.5.5 - リモート デスクトップ接続）の閲覧・調査
2026/05/11 16:57,2026/05/11 16:57,0:05,Antigravityを用いた「システム開発・改善」の開発・相談
2026/05/11 16:58,2026/05/11 16:58,0:05,Webサイト（192.169.5.5 - リモート デスクトップ接続）の閲覧・調査
2026/05/11 17:14,2026/05/11 17:14,0:05,Antigravityを用いた「システム開発・改善」の開発・相談
2026/05/11 17:15,2026/05/11 17:15,0:05,Webサイト（PC操作ログ(CSV)を複数選択）の閲覧・調査 / Webサイト（ファイル選択 (1/3)）の閲覧・調査 / Webサイト（ファイル選択 (2/3)）の閲覧・調査 / Webサイト（フォルダ選択 (3/3)）の閲覧・調査 / Webサイト（勤怠マスタ(Excel)を選択）の閲覧・調査 / Webサイト（報告書の保存先フォルダを選択）の閲覧・調査
2026/05/11 17:16,2026/05/11 17:16,0:05,Antigravityを用いた「システム開発・改善」の開発・相談
2026/05/11 17:18,2026/05/11 17:19,0:05,Webサイト（PC操作ログ(CSV)を複数選択）の閲覧・調査 / Webサイト（ファイル選択 (1/3)）の閲覧・調査 / Webサイト（ファイル選択 (2/3)）の閲覧・調査 / Webサイト（フォルダ選択 (3/3)）の閲覧・調査 / Webサイト（勤怠マスタ(Excel)を選択）の閲覧・調査 / Webサイト（報告書の保存先フォルダを選択）の閲覧・調査
2026/05/11 17:19,2026/05/11 17:22,0:05,Antigravityを用いた「システム開発・改善」の開発・相談
2026/05/11 17:23,2026/05/11 17:23,0:05,Antigravityを用いた「システム開発・改善」の開発・相談 / スタート
2026/05/11 17:24,2026/05/11 17:24,0:05,Webサイト（PC操作ログ(CSV)を複数選択）の閲覧・調査 / Webサイト（ファイル選択 (1/3)）の閲覧・調査 / Webサイト（ファイル選択 (2/3)）の閲覧・調査 / Webサイト（フォルダ選択 (3/3)）の閲覧・調査 / Webサイト（勤怠マスタ(Excel)を選択）の閲覧・調査 / Webサイト（報告書の保存先フォルダを選択）の閲覧・調査
2026/05/11 17:25,2026/05/11 17:27,0:05,Antigravityを用いた「システム開発・改善」の開発・相談
2026/05/11 17:27,2026/05/11 17:27,0:05,Excelファイル（20260427_ログ表示結果-20260416175217）の入力・編集
2026/05/11 17:27,2026/05/11 17:31,0:05,Antigravityを用いた「システム開発・改善」の開発・相談
2026/05/11 17:31,2026/05/11 17:31,0:05,Excelファイル（20260427_ログ表示結果-20260416175217）の入力・編集
2026/05/11 17:31,2026/05/11 17:31,0:05,Antigravityを用いた「システム開発・改善」の開発・相談
2026/05/11 17:33,2026/05/11 17:33,0:05,Excelファイル（20260427_ログ表示結果-20260416175217）の入力・編集 / Excelファイル（成川_ログ検索結果-20260404.csv）の入力・編集
2026/05/11 17:33,2026/05/11 17:34,0:05,Antigravityを用いた「システム開発・改善」の開発・相談
2026/05/11 17:34,2026/05/11 17:34,0:05,Webサイト（社内SEの仕事なんでも相談 - Google Gemini）の閲覧・調査
2026/05/11 17:34,2026/05/11 17:34,0:05,Antigravityを用いた「システム開発・改善」の開発・相談
2026/05/11 17:34,2026/05/11 17:34,0:05,Excelファイル（①社用ノートパソコン管理台帳.xlsx ）の入力・編集
2026/05/11 17:34,2026/05/11 17:34,0:05,Antigravityを用いた「システム開発・改善」の開発・相談
2026/05/11 17:35,2026/05/11 17:35,0:05,Webサイト（PC操作ログ(CSV)を複数選択）の閲覧・調査 / Webサイト（ファイル選択 (1/3)）の閲覧・調査 / Webサイト（ファイル選択 (2/3)）の閲覧・調査 / Webサイト（フォルダ選択 (3/3)）の閲覧・調査 / Webサイト（勤怠マスタ(Excel)を選択）の閲覧・調査 / Webサイト（報告書の保存先フォルダを選択）の閲覧・調査
2026/05/11 17:36,2026/05/11 17:43,0:06,Antigravityを用いた「システム開発・改善」の開発・相談
2026/05/11 17:47,2026/05/11 17:47,0:05,Webサイト（PC操作ログ(CSV)を複数選択）の閲覧・調査 / Webサイト（ファイル選択 (1/3)）の閲覧・調査 / Webサイト（ファイル選択 (2/3)）の閲覧・調査 / Webサイト（フォルダ選択 (3/3)）の閲覧・調査 / Webサイト（勤怠マスタ(Excel)を選択）の閲覧・調査 / Webサイト（報告書の保存先フォルダを選択）の閲覧・調査
2026/05/11 17:47,2026/05/11 17:50,0:05,Antigravityを用いた「システム開発・改善」の開発・相談
2026/05/11 17:56,2026/05/11 17:56,0:05,Webサイト（PC操作ログ(CSV)を複数選択）の閲覧・調査 / Webサイト（ファイル選択 (1/3)）の閲覧・調査 / Webサイト（ファイル選択 (2/3)）の閲覧・調査 / Webサイト（フォルダ選択 (3/3)）の閲覧・調査 / Webサイト（勤怠マスタ(Excel)を選択）の閲覧・調査 / Webサイト（報告書の保存先フォルダを選択）の閲覧・調査
2026/05/11 17:57,2026/05/11 17:58,0:05,Antigravityを用いた「システム開発・改善」の開発・相談
2026/05/11 17:58,2026/05/11 17:59,0:05,Webサイト（PC操作ログ(CSV)を複数選択）の閲覧・調査 / Webサイト（ファイル選択 (1/3)）の閲覧・調査 / Webサイト（ファイル選択 (2/3)）の閲覧・調査 / Webサイト（フォルダ選択 (3/3)）の閲覧・調査 / Webサイト（勤怠マスタ(Excel)を選択）の閲覧・調査 / Webサイト（報告書の保存先フォルダを選択）の閲覧・調査
2026/05/11 17:59,2026/05/11 17:59,0:05,Antigravityを用いた「システム開発・改善」の開発・相談
2026/05/11 18:00,2026/05/11 18:00,0:05,Webサイト（残業調査報告書_成川真菜_20260404.docx  -  互換モード - Word）の閲覧・調査 / Webサイト（起動しています - Word）の閲覧・調査
2026/05/11 18:00,2026/05/11 18:00,0:05,Excelファイル（成川_ログ検索結果-20260404.csv）の入力・編集
2026/05/11 18:00,2026/05/11 18:00,0:05,Webサイト（残業調査報告書_成川真菜_20260404.docx  -  互換モード - Word）の閲覧・調査
2026/05/11 18:00,2026/05/11 18:01,0:05,Excelファイル（20260427_ログ表示結果-20260416175217）の入力・編集 / Excelファイル（成川_ログ検索結果-20260404.csv）の入力・編集
2026/05/11 18:01,2026/05/11 18:01,0:05,Antigravityを用いた「システム開発・改善」の開発・相談
2026/05/11 18:01,2026/05/11 18:01,0:05,Excelファイル（成川_ログ検索結果-20260404.csv）の入力・編集
2026/05/11 18:01,2026/05/11 18:01,0:05,Antigravityを用いた「システム開発・改善」の開発・相談
2026/05/11 18:01,2026/05/11 18:02,0:05,Excelファイル（成川_ログ検索結果-20260404.csv）の入力・編集
2026/05/11 18:02,2026/05/11 18:02,0:05,Webサイト（Microsoft Excel）の閲覧・調査
2026/05/11 18:02,2026/05/11 18:02,0:05,Excelファイル（成川_ログ検索結果-20260404.csv）の入力・編集
2026/05/11 18:04,2026/05/11 18:05,0:05,Antigravityを用いた「システム開発・改善」の開発・相談
2026/05/11 18:05,2026/05/11 18:05,0:05,Excelファイル（成川_ログ検索結果-20260404.csv）の入力・編集
2026/05/11 18:05,2026/05/11 18:05,0:05,Antigravityを用いた「システム開発・改善」の開発・相談
2026/05/11 18:16,2026/05/11 18:16,0:05,Webサイト（PC操作ログ(CSV)を複数選択）の閲覧・調査 / Webサイト（ファイル選択 (1/3)）の閲覧・調査 / Webサイト（ファイル選択 (2/3)）の閲覧・調査 / Webサイト（フォルダ選択 (3/3)）の閲覧・調査 / Webサイト（勤怠マスタ(Excel)を選択）の閲覧・調査 / Webサイト（報告書の保存先フォルダを選択）の閲覧・調査
2026/05/11 18:17,2026/05/11 18:18,0:05,Antigravityを用いた「システム開発・改善」の開発・相談
2026/05/11 18:20,2026/05/11 18:20,0:05,Webサイト（192.169.5.5 - リモート デスクトップ接続）の閲覧・調査
2026/05/11 18:20,2026/05/11 18:20,0:05,Antigravityを用いた「システム開発・改善」の開発・相談
2026/05/11 18:20,2026/05/11 18:20,0:05,Webサイト（192.169.5.5 - リモート デスクトップ接続）の閲覧・調査
2026/05/11 18:20,2026/05/11 18:20,0:05,Antigravityを用いた「システム開発・改善」の開発・相談
2026/05/11 18:20,2026/05/11 18:28,0:08,Webサイト（192.169.5.5 - リモート デスクトップ接続）の閲覧・調査 / Webサイト（リモート デスクトップ接続）の閲覧・調査
2026/05/11 18:28,2026/05/11 18:28,0:05,Antigravityを用いた「システム開発・改善」の開発・相談
2026/05/11 18:28,2026/05/11 18:28,0:05,Excelファイル（成川_ログ検索結果-20260404.csv）の入力・編集
2026/05/11 18:28,2026/05/11 18:28,0:05,Antigravityを用いた「システム開発・改善」の開発・相談
2026/05/11 18:28,2026/05/11 18:28,0:05,Excelファイル（20260427_ログ表示結果-20260416175217）の入力・編集
2026/05/11 18:28,2026/05/11 18:28,0:05,Antigravityを用いた「システム開発・改善」の開発・相談
2026/05/11 18:29,2026/05/11 18:29,0:05,Webサイト（残業調査報告書_成川真菜_20260404.docx  -  互換モード - Word）の閲覧・調査
2026/05/11 18:29,2026/05/11 18:29,0:05,Antigravityを用いた「システム開発・改善」の開発・相談 / プログラム（残業調査ツール強化：タイトル中央揃え、15分しきい値判定、システム更新判定、サマリー構成の自動化を実装）の開発・修正
2026/05/11 18:30,2026/05/11 18:30,0:05,Webサイト（ユーザーの詳細パネル - Microsoft 365 管理センター および他 6 ページ）の閲覧・調査
2026/05/11 18:30,2026/05/11 18:30,0:05,サイボウズ（forestway.cybozu.com/o/ag.cgi?page=MyFolderIndex および他 5 ページ）での情報確認・処理 / サイボウズ（スケジュール（グループ週表示） - サイボウズ Office および他 5 ページ）での情報確認・処理 / サイボウズ（スケジュール（グループ週表示） - サイボウズ Office）での情報確認・処理 / サイボウズ（ファイル...
2026/05/11 18:30,2026/05/11 18:30,0:05,Webサイト（インフォメーション および他 5 ページ）の閲覧・調査 / Webサイト（インフォメーション）の閲覧・調査
2026/05/11 18:30,2026/05/11 18:30,0:05,サイボウズ（トップページ - サイボウズ Office および他 5 ページ）での情報確認・処理 / サイボウズ（トップページ - サイボウズ Office）での情報確認・処理
2026/05/12 06:28,2026/05/12 06:28,0:05,Webサイト（MicrosoftUserProfile.Accessibility.VoiceSystemSettings (default$windows.data.settings.voice.voicesystemsettings|windows.data.settings.voice.voicesystemsettings)）の閲覧・調査
2026/05/12 08:13,2026/05/12 08:13,0:05,Webサイト（MicrosoftRequired.Privacy.Consent (default$windows.data.consent.consentitem$consents|windows.data.consent.consentitem$windowsaccountsyncconsent)）の閲覧・調査 / Webサイト（MicrosoftRequired.Privacy.Con...
2026/05/12 09:01,2026/05/12 09:01,0:05,Webサイト（Amazon.co.jp : elecom 切り替え機 および他 4 ページ）の閲覧・調査
2026/05/12 09:04,2026/05/12 09:04,0:05,Antigravityを用いた「システム開発・改善」の開発・相談
2026/05/12 09:04,2026/05/12 09:04,0:05,Webサイト（Amazon.co.jp : elecom 切り替え機 および他 4 ページ）の閲覧・調査 / Webサイト（【開発受付一覧 - システム部_システム運営課】 - Google スプレッドシート および他 4 ページ）の閲覧・調査
2026/05/12 09:04,2026/05/12 09:05,0:05,サイボウズ（スケジュール（グループ週表示） - サイボウズ Office および他 4 ページ）での情報確認・処理 / サイボウズ（スケジュール（グループ週表示） - サイボウズ Office）での情報確認・処理 / サイボウズ（メッセージの詳細 - サイボウズ Office および他 4 ページ）での情報確認・処理 / サイボウズ（メッセージの詳細 - サイボウズ Office）での情報確...
2026/05/12 09:19,2026/05/12 09:20,0:05,Antigravityを用いた「システム開発・改善」の開発・相談
2026/05/12 09:20,2026/05/12 09:20,0:05,Webサイト（PC操作ログ(CSV)を複数選択）の閲覧・調査 / Webサイト（ファイル選択 (1/3)）の閲覧・調査 / Webサイト（ファイル選択 (2/3)）の閲覧・調査 / Webサイト（フォルダ選択 (3/3)）の閲覧・調査 / Webサイト（勤怠マスタ(Excel)を選択）の閲覧・調査 / Webサイト（報告書の保存先フォルダを選択）の閲覧・調査
2026/05/12 09:21,2026/05/12 09:22,0:05,Antigravityを用いた「システム開発・改善」の開発・相談
2026/05/12 09:23,2026/05/12 09:23,0:05,Webサイト（PC操作ログ(CSV)を複数選択）の閲覧・調査 / Webサイト（ファイル選択 (1/3)）の閲覧・調査 / Webサイト（ファイル選択 (2/3)）の閲覧・調査 / Webサイト（フォルダ選択 (3/3)）の閲覧・調査 / Webサイト（勤怠マスタ(Excel)を選択）の閲覧・調査 / Webサイト（報告書の保存先フォルダを選択）の閲覧・調査
2026/05/12 09:24,2026/05/12 09:25,0:05,Excelファイル（20260427_ログ表示結果-20260416175217）の入力・編集 / Excelファイル（山本光克_ログ検索結果-20260402.csv）の入力・編集 / Excelファイル（山本光克_ログ検索結果-20260413.csv）の入力・編集 / Excelファイル（成川_ログ検索結果-20260404.csv）の入力・編集 / Excelファイル（成川_ログ検索...
2026/05/12 09:25,2026/05/12 09:26,0:05,Webサイト（残業調査報告書_成川真菜_20260405.docx  -  互換モード - Word）の閲覧・調査 / Webサイト（起動しています - Word）の閲覧・調査
2026/05/12 09:29,2026/05/12 09:30,0:05,Excelファイル（20260427_ログ表示結果-20260416175217）の入力・編集 / Excelファイル（成川_ログ検索結果-20260405.csv）の入力・編集
2026/05/12 09:32,2026/05/12 09:32,0:05,Webサイト（残業調査報告書_成川真菜_20260405.docx  -  互換モード - Word）の閲覧・調査
2026/05/12 09:32,2026/05/12 09:32,0:05,Excelファイル（20260427_ログ表示結果-20260416175217）の入力・編集 / Excelファイル（成川_ログ検索結果-20260405.csv）の入力・編集
2026/05/12 09:32,2026/05/12 09:32,0:05,Webサイト（残業調査報告書_成川真菜_20260409.docx  -  互換モード - Word）の閲覧・調査 / Webサイト（起動しています - Word）の閲覧・調査
2026/05/12 09:32,2026/05/12 09:32,0:05,Excelファイル（20260427_ログ表示結果-20260416175217）の入力・編集 / Excelファイル（成川_ログ検索結果-20260405.csv）の入力・編集
2026/05/12 09:32,2026/05/12 09:32,0:05,Webサイト（残業調査報告書_成川真菜_20260409.docx  -  互換モード - Word）の閲覧・調査
2026/05/12 09:32,2026/05/12 09:32,0:05,Excelファイル（20260427_ログ表示結果-20260416175217）の入力・編集 / Excelファイル（成川_ログ検索結果-20260409.csv）の入力・編集
2026/05/12 09:33,2026/05/12 09:33,0:05,Webサイト（残業調査報告書_成川真菜_20260409.docx  -  互換モード - Word）の閲覧・調査
2026/05/12 09:33,2026/05/12 09:33,0:05,Excelファイル（成川_ログ検索結果-20260409.csv）の入力・編集
2026/05/12 09:33,2026/05/12 09:33,0:05,Antigravityを用いた「システム開発・改善」の開発・相談
2026/05/12 09:33,2026/05/12 09:33,0:05,Webサイト（PC操作ログ(CSV)を複数選択）の閲覧・調査 / Webサイト（ファイルの削除）の閲覧・調査 / Webサイト（ファイル選択 (1/3)）の閲覧・調査 / Webサイト（ファイル選択 (2/3)）の閲覧・調査 / Webサイト（フォルダ選択 (3/3)）の閲覧・調査 / Webサイト（勤怠マスタ(Excel)を選択）の閲覧・調査 / Webサイト（報告書の保存先フォルダを選択...
2026/05/12 09:33,2026/05/12 09:33,0:05,Excelファイル（成川_ログ検索結果-20260409.csv）の入力・編集 / Excelファイル（成川_ログ検索結果-20260410.csv）の入力・編集
2026/05/12 09:34,2026/05/12 09:34,0:05,Antigravityを用いた「システム開発・改善」の開発・相談
2026/05/12 09:35,2026/05/12 09:36,0:05,Webサイト（残業調査報告書_成川真菜_20260409.docx  -  互換モード - Word）の閲覧・調査 / Webサイト（起動しています - Word）の閲覧・調査
2026/05/12 09:36,2026/05/12 09:37,0:05,Excelファイル（20260427_ログ表示結果-20260416175217）の入力・編集 / Excelファイル（成川_ログ検索結果-20260409.csv）の入力・編集 / Excelファイル（成川_ログ検索結果-20260410.csv）の入力・編集
2026/05/12 09:37,2026/05/12 09:37,0:05,Antigravityを用いた「システム開発・改善」の開発・相談
2026/05/12 09:37,2026/05/12 09:38,0:05,Webサイト（PC操作ログ(CSV)を複数選択）の閲覧・調査 / Webサイト（ファイル選択 (1/3)）の閲覧・調査 / Webサイト（ファイル選択 (2/3)）の閲覧・調査 / Webサイト（フォルダ選択 (3/3)）の閲覧・調査 / Webサイト（勤怠マスタ(Excel)を選択）の閲覧・調査 / Webサイト（報告書の保存先フォルダを選択）の閲覧・調査
2026/05/12 09:38,2026/05/12 09:38,0:05,Antigravityを用いた「システム開発・改善」の開発・相談
2026/05/12 09:38,2026/05/12 09:40,0:05,Excelファイル（20260427_ログ表示結果-20260416175217）の入力・編集 / Excelファイル（成川_ログ検索結果-20260410.csv）の入力・編集 / Excelファイル（成川_ログ検索結果-20260413.csv）の入力・編集
2026/05/12 09:40,2026/05/12 09:40,0:05,Webサイト（残業調査報告書_成川真菜_20260415.docx  -  互換モード - Word）の閲覧・調査 / Webサイト（起動しています - Word）の閲覧・調査
2026/05/12 09:41,2026/05/12 09:41,0:05,Excelファイル（成川_ログ検索結果-20260413.csv）の入力・編集
2026/05/12 09:41,2026/05/12 09:41,0:05,Webサイト（Microsoft Excel）の閲覧・調査
2026/05/12 09:41,2026/05/12 09:42,0:05,Excelファイル（20260427_ログ表示結果-20260416175217）の入力・編集 / Excelファイル（成川_ログ検索結果-20260413.csv）の入力・編集 / Excelファイル（成川_ログ検索結果-20260415.csv）の入力・編集
2026/05/12 09:42,2026/05/12 09:43,0:05,Excelファイル（20260427_ログ表示結果-20260416175217）の入力・編集 / Excelファイル（成川_ログ検索結果-20260415.csv）の入力・編集 / Excelファイル（樋口_ログ検索結果-20260401_20260403.csv）の入力・編集 / 検索と置換
2026/05/12 09:43,2026/05/12 09:43,0:05,Excelファイル（樋口_ログ検索結果-20260401_20260403.csv）の入力・編集 / 検索と置換
2026/05/12 09:43,2026/05/12 09:43,0:05,Excelファイル（20260427_ログ表示結果-20260416175217）の入力・編集 / Excelファイル（樋口_ログ検索結果-20260401_20260403.csv）の入力・編集 / 検索と置換
2026/05/12 09:43,2026/05/12 09:59,0:16,Webサイト（192.169.5.5 - リモート デスクトップ接続）の閲覧・調査 / Webサイト（ファイルの置換またはスキップ）の閲覧・調査 / Webサイト（リモート デスクトップ接続）の閲覧・調査
2026/05/12 09:59,2026/05/12 09:59,0:05,0% 完了 / Webサイト（使用中のフォルダー）の閲覧・調査
2026/05/12 09:59,2026/05/12 09:59,0:05,0% 完了 / Webサイト（使用中のフォルダー）の閲覧・調査
2026/05/12 10:00,2026/05/12 10:00,0:05,Excelファイル（20260427_ログ表示結果-20260416175217）の入力・編集 / Excelファイル（樋口_ログ検索結果-20260401_20260403.csv）の入力・編集
2026/05/12 10:00,2026/05/12 10:00,0:05,Webサイト（使用中のフォルダー）の閲覧・調査
2026/05/12 10:00,2026/05/12 10:00,0:05,0% 完了 / Webサイト（37% 完了）の閲覧・調査 / Webサイト（87% 完了）の閲覧・調査
2026/05/12 10:00,2026/05/12 10:00,0:05,Excelファイル（20260427_ログ表示結果-20260416175217）の入力・編集
2026/05/12 10:00,2026/05/12 10:00,0:05,Antigravityを用いた「システム開発・改善」の開発・相談
2026/05/12 10:00,2026/05/12 10:01,0:05,Webサイト（192.169.5.5 - リモート デスクトップ接続）の閲覧・調査 / Webサイト（PC操作ログ(CSV)を複数選択）の閲覧・調査 / Webサイト（ファイル選択 (1/3)）の閲覧・調査 / Webサイト（ファイル選択 (2/3)）の閲覧・調査 / Webサイト（フォルダ選択 (3/3)）の閲覧・調査 / Webサイト（リモート デスクトップ接続）の閲覧・調査 / Web...
2026/05/12 10:01,2026/05/12 10:01,0:05,Antigravityを用いた「システム開発・改善」の開発・相談
2026/05/12 10:01,2026/05/12 10:01,0:05,Webサイト（残業調査報告書_樋口彩水_20260403.docx  -  互換モード - Word）の閲覧・調査 / Webサイト（起動しています - Word）の閲覧・調査
2026/05/12 10:02,2026/05/12 10:02,0:05,Excelファイル（20260427_ログ表示結果-20260416175217）の入力・編集 / Excelファイル（樋口_ログ検索結果-20260401_20260403.csv）の入力・編集
2026/05/12 10:02,2026/05/12 10:02,0:05,Excelファイル（樋口_ログ検索結果-20260401_20260403.csv）の入力・編集 / 検索と置換
2026/05/12 10:03,2026/05/12 10:03,0:05,Webサイト（192.169.5.5 - リモート デスクトップ接続）の閲覧・調査 / Webサイト（リモート デスクトップ接続）の閲覧・調査
2026/05/12 10:03,2026/05/12 10:06,0:05,Excelファイル（20260427_ログ表示結果-20260416175217）の入力・編集 / Excelファイル（樋口_ログ検索結果-20260401_20260403.csv）の入力・編集 / Excelファイル（樋口_ログ検索結果-20260413.csv）の入力・編集 / Excelファイル（樋口_ログ検索結果-20260415.csv）の入力・編集
2026/05/12 10:07,2026/05/12 10:07,0:05,Webサイト（フォルダーの削除）の閲覧・調査
2026/05/12 10:07,2026/05/12 10:10,0:05,Excelファイル（000.（重要）設定等のマニュアル.xlsx）の入力・編集 / Excelファイル（20260414_20260430ログ検索結果-20260507131846.xlsm）の入力・編集 / Excelファイル（20260427_ログ表示結果-20260416175217.xlsx ）の入力・編集 / Excelファイル（20260427_ログ表示結果-2026041617...
2026/05/12 10:10,2026/05/12 10:10,0:05,Webサイト（Module1.bas - メモ帳）の閲覧・調査
2026/05/12 10:11,2026/05/12 10:12,0:05,Excelファイル（20260414_20260430ログ検索結果-20260507131846.xlsm）の入力・編集 / Excelファイル（20260427_ログ表示結果-20260416175217.xlsx ）の入力・編集 / Excelファイル（管理コンソールメイン画面.csv）の入力・編集
2026/05/12 10:12,2026/05/12 10:12,0:05,Webサイト（Microsoft Visual Basic for Applications - Project1）の閲覧・調査 / Webサイト（Microsoft Visual Basic for Applications - VBAProject）の閲覧・調査 / Webサイト（Microsoft Visual Basic for Applications）の閲覧・調査
2026/05/12 10:12,2026/05/12 10:12,0:05,Excelファイル（Microsoft Visual Basic for Applications）の入力・編集
2026/05/12 10:12,2026/05/12 10:12,0:05,Webサイト（Microsoft Visual Basic for Applications - VBAProject）の閲覧・調査
2026/05/12 10:12,2026/05/12 10:12,0:05,Excelファイル（Microsoft Visual Basic for Applications）の入力・編集
2026/05/12 10:12,2026/05/12 10:12,0:05,Webサイト（Microsoft Visual Basic for Applications - VBAProject）の閲覧・調査
2026/05/12 10:12,2026/05/12 10:12,0:05,Excelファイル（Microsoft Visual Basic for Applications）の入力・編集
2026/05/12 10:12,2026/05/12 10:12,0:05,Webサイト（ファイルのインポート）の閲覧・調査
2026/05/12 10:12,2026/05/12 10:12,0:05,Excelファイル（20260414_20260430ログ検索結果-20260507131846.xlsm）の入力・編集 / Excelファイル（Microsoft Visual Basic for Applications）の入力・編集
2026/05/12 10:12,2026/05/12 10:12,0:05,Webサイト（Microsoft Excel）の閲覧・調査
2026/05/12 10:12,2026/05/12 10:12,0:05,Excelファイル（20260414_20260430ログ検索結果-20260507131846.xlsm）の入力・編集
2026/05/12 10:12,2026/05/12 10:12,0:05,Webサイト（管理コンソールファイルを選択）の閲覧・調査
2026/05/12 10:12,2026/05/12 10:12,0:05,Excelファイル（20260414_20260430ログ検索結果-20260507131846.xlsm）の入力・編集 / Excelファイル（管理コンソールメイン画面.csv）の入力・編集
2026/05/12 10:12,2026/05/12 10:12,0:05,Webサイト（Microsoft Excel）の閲覧・調査
2026/05/12 10:12,2026/05/12 10:14,0:05,Excelファイル（20260414_20260430ログ検索結果-20260507131846.xlsm）の入力・編集
2026/05/12 10:14,2026/05/12 10:14,0:05,Webサイト（Microsoft Excel）の閲覧・調査
2026/05/12 10:14,2026/05/12 10:14,0:05,Excelファイル（20260414_20260430ログ検索結果-20260507131846.xlsm）の入力・編集
2026/05/12 10:14,2026/05/12 10:14,0:05,Webサイト（Windows シェル エクスペリエンス ホスト）の閲覧・調査
2026/05/12 10:15,2026/05/12 10:15,0:05,Excelファイル（20260414_20260430ログ検索結果-20260507131846.xlsm）の入力・編集
2026/05/12 10:15,2026/05/12 10:15,0:05,Webサイト（Windows シェル エクスペリエンス ホスト）の閲覧・調査 / Webサイト（コマンド プロンプト）の閲覧・調査 / Webサイト（通知センター）の閲覧・調査
2026/05/12 10:15,2026/05/12 10:15,0:05,Excelファイル（20260414_20260430ログ検索結果-20260507131846.xlsm）の入力・編集
2026/05/12 10:15,2026/05/12 10:15,0:05,Webサイト（通知センター）の閲覧・調査
2026/05/12 10:16,2026/05/12 10:16,0:05,Excelファイル（20260414_20260430ログ検索結果-20260507131846.xlsm）の入力・編集
2026/05/12 10:16,2026/05/12 10:16,0:05,Webサイト（レンズの分析）の閲覧・調査
2026/05/12 10:16,2026/05/12 10:18,0:05,Excelファイル（20260414_20260430ログ検索結果-20260507131846.xlsm）の入力・編集 / Excelファイル（20260427_ログ表示結果-20260416175217 （読み込み用）.xlsx ）の入力・編集
2026/05/12 10:18,2026/05/12 10:18,0:05,Webサイト（Windows の既定のロック画面）の閲覧・調査
2026/05/12 10:29,2026/05/12 10:33,0:05,Excelファイル（20260414_20260430ログ検索結果-20260507131846.xlsm）の入力・編集 / Excelファイル（20260427_ログ表示結果-20260416175217 （読み込み用）.xlsx ）の入力・編集 / Excelファイル（20260427_ログ表示結果-20260416175217 （読み込み用）.xlsx）の入力・編集
2026/05/12 10:33,2026/05/12 10:36,0:05,Webサイト（残業調査報告書_樋口彩水_20260401.docx  -  互換モード - Word）の閲覧・調査 / Webサイト（社内SEの仕事なんでも相談 - Google Gemini）の閲覧・調査 / Webサイト（起動しています - Word）の閲覧・調査
2026/05/12 10:36,2026/05/12 10:37,0:05,Excelファイル（000.（重要）設定等のマニュアル.xlsx）の入力・編集 / Excelファイル（樋口_ログ検索結果-20260401_20260403.csv）の入力・編集
2026/05/12 10:37,2026/05/12 10:37,0:05,Webサイト（社内SEの仕事なんでも相談 - Google Gemini）の閲覧・調査
2026/05/12 10:39,2026/05/12 10:39,0:05,Excelファイル（樋口_ログ検索結果-20260401_20260403.csv）の入力・編集
2026/05/12 10:39,2026/05/12 10:39,0:05,Webサイト（社内SEの仕事なんでも相談 - Google Gemini）の閲覧・調査
2026/05/12 10:40,2026/05/12 10:40,0:05,Excelファイル（樋口_ログ検索結果-20260401_20260403.csv）の入力・編集
2026/05/12 10:40,2026/05/12 10:43,0:05,Webサイト（社内SEの仕事なんでも相談 - Google Gemini）の閲覧・調査
2026/05/12 10:44,2026/05/12 10:44,0:05,Excelファイル（20260414_20260430ログ検索結果-20260507131846.xlsm）の入力・編集 / Excelファイル（樋口_ログ検索結果-20260401_20260403.csv）の入力・編集
2026/05/12 10:44,2026/05/12 10:44,0:05,Webサイト（社内SEの仕事なんでも相談 - Google Gemini）の閲覧・調査
2026/05/12 10:44,2026/05/12 10:45,0:05,Excelファイル（20260414_20260430ログ検索結果-20260507131846.xlsm）の入力・編集
2026/05/12 10:46,2026/05/12 10:49,0:05,Webサイト（名前を付けて保存）の閲覧・調査 / Webサイト（社内SEの仕事なんでも相談 - Google Gemini）の閲覧・調査
2026/05/12 10:50,2026/05/12 10:50,0:05,Antigravityを用いた「システム開発・改善」の開発・相談
2026/05/12 10:52,2026/05/12 10:52,0:05,Webサイト（社内SEの仕事なんでも相談 - Google Gemini）の閲覧・調査
2026/05/12 10:52,2026/05/12 10:52,0:05,Antigravityを用いた「システム開発・改善」の開発・相談
2026/05/12 10:52,2026/05/12 10:52,0:05,サイボウズ（スケジュール（グループ週表示） - サイボウズ Office および他 4 ページ）での情報確認・処理
2026/05/12 10:52,2026/05/12 10:53,0:05,Antigravityを用いた「システム開発・改善」の開発・相談
2026/05/12 10:53,2026/05/12 10:53,0:05,Excelファイル（20260414_20260430ログ検索結果-20260507131846.xlsm）の入力・編集 / Excelファイル（20260427_ログ表示結果-20260416175217 （読み込み用）.xlsx）の入力・編集
2026/05/12 10:54,2026/05/12 10:54,0:05,Antigravityを用いた「システム開発・改善」の開発・相談
2026/05/12 10:54,2026/05/12 10:54,0:05,Excelファイル（20260414_20260430ログ検索結果-20260507131846.xlsm）の入力・編集 / Excelファイル（20260427_ログ表示結果-20260416175217 （読み込み用）.xlsx）の入力・編集 / Excelファイル（Microsoft Visual Basic for Applications）の入力・編集
2026/05/12 10:54,2026/05/12 10:54,0:05,Webサイト（Microsoft Visual Basic for Applications - VBAProject）の閲覧・調査
2026/05/12 10:54,2026/05/12 10:54,0:05,Excelファイル（Microsoft Visual Basic for Applications）の入力・編集
2026/05/12 10:54,2026/05/12 10:54,0:05,Webサイト（Microsoft Visual Basic for Applications - VBAProject）の閲覧・調査
2026/05/12 10:54,2026/05/12 10:55,0:05,Excelファイル（20260414_20260430ログ検索結果-20260507131846.xlsm）の入力・編集 / Excelファイル（20260427_ログ表示結果-20260416175217 （読み込み用）.xlsx）の入力・編集 / Excelファイル（Microsoft Visual Basic for Applications）の入力・編集
2026/05/12 10:55,2026/05/12 10:55,0:05,Webサイト（社内SEの仕事なんでも相談 - Google Gemini）の閲覧・調査
2026/05/12 10:55,2026/05/12 10:55,0:05,Excelファイル（20260427_ログ表示結果-20260416175217 （読み込み用）.xlsx）の入力・編集
2026/05/12 10:56,2026/05/12 10:56,0:05,Webサイト（社内SEの仕事なんでも相談 - Google Gemini）の閲覧・調査
2026/05/12 10:56,2026/05/12 10:56,0:05,Excelファイル（20260427_ログ表示結果-20260416175217 （読み込み用）.xlsx）の入力・編集
2026/05/12 10:56,2026/05/12 10:56,0:05,Webサイト（社内SEの仕事なんでも相談 - Google Gemini）の閲覧・調査
2026/05/12 10:56,2026/05/12 10:56,0:05,Excelファイル（20260427_ログ表示結果-20260416175217 （読み込み用）.xlsx）の入力・編集
2026/05/12 10:57,2026/05/12 10:57,0:05,Webサイト（社内SEの仕事なんでも相談 - Google Gemini）の閲覧・調査
2026/05/12 10:57,2026/05/12 10:57,0:05,Excelファイル（20260427_ログ表示結果-20260416175217 （読み込み用）.xlsx）の入力・編集
2026/05/12 10:57,2026/05/12 10:57,0:05,Webサイト（社内SEの仕事なんでも相談 - Google Gemini）の閲覧・調査
2026/05/12 10:58,2026/05/12 10:58,0:05,Excelファイル（20260427_ログ表示結果-20260416175217 （読み込み用）.xlsx）の入力・編集
2026/05/12 10:58,2026/05/12 10:58,0:05,Webサイト（社内SEの仕事なんでも相談 - Google Gemini）の閲覧・調査
2026/05/12 10:58,2026/05/12 10:59,0:05,Excelファイル（20260414_20260430ログ検索結果-20260507131846.xlsm）の入力・編集
2026/05/12 10:59,2026/05/12 10:59,0:05,Webサイト（社内SEの仕事なんでも相談 - Google Gemini）の閲覧・調査
2026/05/12 10:59,2026/05/12 10:59,0:05,Excelファイル（20260414_20260430ログ検索結果-20260507131846.xlsm）の入力・編集
2026/05/12 10:59,2026/05/12 10:59,0:05,Webサイト（社内SEの仕事なんでも相談 - Google Gemini）の閲覧・調査
2026/05/12 11:00,2026/05/12 11:00,0:05,Excelファイル（20260414_20260430ログ検索結果-20260507131846.xlsm）の入力・編集 / Excelファイル（20260427_ログ表示結果-20260416175217 （読み込み用）.xlsx）の入力・編集
2026/05/12 11:00,2026/05/12 11:01,0:05,Excelファイル（20260427_ログ表示結果-20260416175217 （読み込み用）.xlsx）の入力・編集 / 検索と置換
2026/05/12 11:01,2026/05/12 11:01,0:05,Webサイト（Microsoft Excel）の閲覧・調査 / 検索と置換
2026/05/12 11:01,2026/05/12 11:01,0:05,Excelファイル（20260427_ログ表示結果-20260416175217 （読み込み用）.xlsx）の入力・編集 / Excelファイル（本社OAプライベートIPアドレス割当一覧.xlsx）の入力・編集 / 検索と置換
2026/05/12 11:01,2026/05/12 11:01,0:05,Excelファイル（本社OAプライベートIPアドレス割当一覧.xlsx）の入力・編集 / 検索と置換
2026/05/12 11:01,2026/05/12 11:02,0:05,Excelファイル（20260414_20260430ログ検索結果-20260507131846.xlsm）の入力・編集 / Excelファイル（20260427_ログ表示結果-20260416175217 （読み込み用）.xlsx）の入力・編集 / Excelファイル（本社OAプライベートIPアドレス割当一覧.xlsx）の入力・編集 / 検索と置換
2026/05/12 11:02,2026/05/12 11:02,0:05,Excelファイル（20260414_20260430ログ検索結果-20260507131846.xlsm）の入力・編集 / 検索と置換
2026/05/12 11:02,2026/05/12 11:02,0:05,Webサイト（Microsoft Excel）の閲覧・調査
2026/05/12 11:02,2026/05/12 11:03,0:05,Excelファイル（20260414_20260430ログ検索結果-20260507131846.xlsm）の入力・編集 / Excelファイル（本社OAプライベートIPアドレス割当一覧.xlsx）の入力・編集
2026/05/12 11:03,2026/05/12 11:03,0:05,Webサイト（Microsoft Excel）の閲覧・調査 / 検索と置換
2026/05/12 11:03,2026/05/12 11:03,0:05,Excelファイル（本社OAプライベートIPアドレス割当一覧.xlsx）の入力・編集 / 検索と置換
2026/05/12 11:03,2026/05/12 11:03,0:05,Excelファイル（20260414_20260430ログ検索結果-20260507131846.xlsm）の入力・編集 / Excelファイル（①社用ノートパソコン管理台帳.xlsx ）の入力・編集 / Excelファイル（本社OAプライベートIPアドレス割当一覧.xlsx）の入力・編集 / 検索と置換
2026/05/12 11:03,2026/05/12 11:04,0:05,Excelファイル（20260414_20260430ログ検索結果-20260507131846.xlsm）の入力・編集 / Excelファイル（①社用ノートパソコン管理台帳.xlsx ）の入力・編集 / 検索と置換
2026/05/12 11:04,2026/05/12 11:04,0:05,Webサイト（Microsoft Excel）の閲覧・調査 / 検索と置換
2026/05/12 11:04,2026/05/12 11:04,0:05,Excelファイル（20260414_20260430ログ検索結果-20260507131846.xlsm）の入力・編集 / 検索と置換
2026/05/12 11:04,2026/05/12 11:04,0:05,Excelファイル（20260414_20260430ログ検索結果-20260507131846.xlsm）の入力・編集 / 検索と置換
2026/05/12 11:04,2026/05/12 11:06,0:05,Excelファイル（20260414_20260430ログ検索結果-20260507131846.xlsm）の入力・編集 / Excelファイル（①社用ノートパソコン管理台帳.xlsx ）の入力・編集 / Excelファイル（本社OAプライベートIPアドレス割当一覧.xlsx）の入力・編集 / Excelファイル（樋口_ログ検索結果-20260401_20260403.csv）の入力・編集 ...
2026/05/12 11:06,2026/05/12 11:06,0:05,Excelファイル（20260414_20260430ログ検索結果-20260507131846.xlsm）の入力・編集 / Excelファイル（本社OAプライベートIPアドレス割当一覧.xlsx）の入力・編集 / 検索と置換
2026/05/12 11:06,2026/05/12 11:07,0:05,Excelファイル（20260414_20260430ログ検索結果-20260507131846.xlsm）の入力・編集 / Excelファイル（本社OAプライベートIPアドレス割当一覧.xlsx）の入力・編集 / 検索と置換
2026/05/12 11:07,2026/05/12 11:07,0:05,Excelファイル（20260414_20260430ログ検索結果-20260507131846.xlsm）の入力・編集 / Excelファイル（本社OAプライベートIPアドレス割当一覧.xlsx）の入力・編集 / 検索と置換
2026/05/12 11:07,2026/05/12 11:08,0:05,Webサイト（セルの検索中... 中止するには Esc キーを押してください...）の閲覧・調査 / 検索と置換
2026/05/12 11:08,2026/05/12 11:08,0:05,Webサイト（セルの検索中... 中止するには Esc キーを押してください...）の閲覧・調査 / 検索と置換
2026/05/12 11:08,2026/05/12 11:08,0:05,Excelファイル（20260414_20260430ログ検索結果-20260507131846.xlsm）の入力・編集 / 検索と置換
2026/05/12 11:08,2026/05/12 11:10,0:05,Excelファイル（20260414_20260430ログ検索結果-20260507131846.xlsm）の入力・編集 / Excelファイル（20260427_ログ表示結果-20260416175217 （読み込み用）.xlsx）の入力・編集 / 検索と置換
2026/05/12 11:10,2026/05/12 11:13,0:05,サイボウズ（スケジュール（グループ週表示） - サイボウズ Office および他 4 ページ）での情報確認・処理 / サイボウズ（メッセージの詳細 - サイボウズ Office および他 4 ページ）での情報確認・処理 / サイボウズ（メッセージの詳細 - サイボウズ Office）での情報確認・処理 / サイボウズ（個人フォルダ - サイボウズ Office および他 4 ページ）での情...
2026/05/12 11:13,2026/05/12 11:13,0:05,Excelファイル（20260414_20260430ログ検索結果-20260507131846.xlsm）の入力・編集 / Excelファイル（ログ表示結果-20260416175217.xlsm ）の入力・編集
2026/05/12 11:13,2026/05/12 11:13,0:05,サイボウズ（メッセージの詳細 - サイボウズ Office および他 4 ページ）での情報確認・処理
2026/05/12 11:13,2026/05/12 11:13,0:05,Excelファイル（ログ表示結果-20260416175217.xlsm ）の入力・編集
2026/05/12 11:13,2026/05/12 11:13,0:05,Excel / Webサイト（Microsoft Excel のセキュリティに関する通知）の閲覧・調査
2026/05/12 11:13,2026/05/12 11:14,0:05,Excel / Excelファイル（20260414_20260430ログ検索結果-20260507131846.xlsm）の入力・編集 / Excelファイル（ログ表示結果-20260416175217.xlsm ）の入力・編集
2026/05/12 11:14,2026/05/12 11:14,0:05,サイボウズ（メッセージの詳細 - サイボウズ Office および他 4 ページ）での情報確認・処理
2026/05/12 11:14,2026/05/12 11:14,0:05,Excelファイル（20260414_20260430ログ検索結果-20260507131846.xlsm）の入力・編集 / Excelファイル（ログ表示結果-20260416175217.xlsm ）の入力・編集
2026/05/12 11:15,2026/05/12 11:15,0:05,サイボウズ（メッセージの詳細 - サイボウズ Office および他 4 ページ）での情報確認・処理
2026/05/12 11:15,2026/05/12 11:15,0:05,Excelファイル（ログ表示結果-20260416175217.xlsm ）の入力・編集
2026/05/12 11:15,2026/05/12 11:15,0:05,サイボウズ（メッセージの詳細 - サイボウズ Office および他 4 ページ）での情報確認・処理
2026/05/12 11:15,2026/05/12 11:15,0:05,Excelファイル（20260414_20260430ログ検索結果-20260507131846.xlsm）の入力・編集
2026/05/12 11:15,2026/05/12 11:15,0:05,サイボウズ（メッセージの詳細 - サイボウズ Office および他 4 ページ）での情報確認・処理
2026/05/12 11:15,2026/05/12 11:15,0:05,Excelファイル（20260414_20260430ログ検索結果-20260507131846.xlsm）の入力・編集
2026/05/12 11:15,2026/05/12 11:15,0:05,Webサイト（Microsoft Excel）の閲覧・調査
2026/05/12 11:15,2026/05/12 11:15,0:05,Excelファイル（20260414_20260430ログ検索結果-20260507131846.xlsm）の入力・編集 / Excelファイル（ログ表示結果-20260416175217.xlsmのプロパティ）の入力・編集 / Excelファイル（本社OAプライベートIPアドレス割当一覧.xlsx）の入力・編集
2026/05/12 11:15,2026/05/12 11:15,0:05,Webサイト（Microsoft Excel）の閲覧・調査
2026/05/12 11:15,2026/05/12 11:17,0:05,Excelファイル（20260414_20260430ログ検索結果-20260507131846.xlsm）の入力・編集 / Excelファイル（Microsoft Visual Basic for Applications）の入力・編集 / Excelファイル（ログ表示結果-20260416175217.xlsm ）の入力・編集 / Excelファイル（本社OAプライベートIPアドレス割当...
2026/05/12 11:17,2026/05/12 11:17,0:05,Webサイト（Microsoft Excel）の閲覧・調査
2026/05/12 11:17,2026/05/12 11:17,0:05,Excelファイル（20260414_20260430ログ検索結果-20260507131846.xlsm）の入力・編集
2026/05/12 11:17,2026/05/12 11:17,0:05,Webサイト（管理コンソールファイルを選択）の閲覧・調査
2026/05/12 11:17,2026/05/12 11:17,0:05,Excelファイル（20260414_20260430ログ検索結果-20260507131846.xlsm）の入力・編集
2026/05/12 11:17,2026/05/12 11:17,0:05,Excel / Excelファイル（20260414_20260430ログ検索結果-20260507131846.xlsm）の入力・編集 / Excelファイル（管理コンソールメイン画面.csv）の入力・編集
2026/05/12 11:17,2026/05/12 11:17,0:05,Webサイト（Microsoft Visual Basic）の閲覧・調査
2026/05/12 11:17,2026/05/12 11:17,0:05,Excelファイル（Microsoft Visual Basic for Applications）の入力・編集 / Excelファイル（管理コンソールメイン画面.csv）の入力・編集
2026/05/12 11:17,2026/05/12 11:17,0:05,Webサイト（Microsoft Visual Basic for Applications - VBAProject -）の閲覧・調査 / Webサイト（Microsoft Visual Basic for Applications -）の閲覧・調査
2026/05/12 11:17,2026/05/12 11:17,0:05,Excelファイル（Microsoft Visual Basic for Applications）の入力・編集
2026/05/12 11:17,2026/05/12 11:17,0:05,Webサイト（社内SEの仕事なんでも相談 - Google Gemini）の閲覧・調査
2026/05/12 11:18,2026/05/12 11:18,0:05,Excelファイル（Microsoft Visual Basic for Applications）の入力・編集
2026/05/12 11:18,2026/05/12 11:18,0:05,Webサイト（社内SEの仕事なんでも相談 - Google Gemini）の閲覧・調査
2026/05/12 11:18,2026/05/12 11:18,0:05,Antigravityを用いた「システム開発・改善」の開発・相談
2026/05/12 11:18,2026/05/12 11:18,0:05,Webサイト（社内SEの仕事なんでも相談 - Google Gemini）の閲覧・調査
2026/05/12 11:45,2026/05/12 11:45,0:05,Excelファイル（20260414_20260430ログ検索結果-20260507131846.xlsm）の入力・編集 / Excelファイル（管理コンソールメイン画面.csv）の入力・編集
2026/05/12 11:46,2026/05/12 11:46,0:05,Webサイト（Microsoft Excel）の閲覧・調査
2026/05/12 11:47,2026/05/12 11:50,0:05,Excelファイル（20260414_20260430ログ検索結果-20260507131846.xlsm）の入力・編集 / Excelファイル（管理コンソールメイン画面.csv）の入力・編集
2026/05/12 11:50,2026/05/12 11:51,0:05,Excelファイル（20260414_20260430ログ検索結果-20260507131846.xlsm）の入力・編集 / Excelファイル（管理コンソールメイン画面.csv）の入力・編集 / 検索と置換
2026/05/12 11:51,2026/05/12 11:52,0:05,Excelファイル（20260414_20260430ログ検索結果-20260507131846.xlsm）の入力・編集 / Excelファイル（管理コンソールメイン画面.csv）の入力・編集 / 検索と置換
2026/05/12 11:52,2026/05/12 11:52,0:05,Excelファイル（20260414_20260430ログ検索結果-20260507131846.xlsm）の入力・編集 / Excelファイル（管理コンソールメイン画面.csv）の入力・編集 / 検索と置換
2026/05/12 11:52,2026/05/12 11:53,0:05,Excelファイル（20260414_20260430ログ検索結果-20260507131846.xlsm）の入力・編集 / Excelファイル（管理コンソールメイン画面.csv）の入力・編集 / 検索と置換
2026/05/12 11:53,2026/05/12 11:53,0:05,Excelファイル（管理コンソールメイン画面.csv）の入力・編集 / 検索と置換
2026/05/12 11:53,2026/05/12 11:53,0:05,Webサイト（Microsoft Excel）の閲覧・調査 / 検索と置換
2026/05/12 11:53,2026/05/12 11:53,0:05,Excelファイル（20260414_20260430ログ検索結果-20260507131846.xlsm）の入力・編集 / Excelファイル（管理コンソールメイン画面.csv）の入力・編集 / 検索と置換
2026/05/12 11:53,2026/05/12 11:53,0:05,Webサイト（Microsoft Excel）の閲覧・調査 / 検索と置換
2026/05/12 11:53,2026/05/12 11:53,0:05,Excelファイル（20260414_20260430ログ検索結果-20260507131846.xlsm）の入力・編集 / Excelファイル（管理コンソールメイン画面.csv）の入力・編集 / 検索と置換
2026/05/12 11:53,2026/05/12 11:55,0:05,Excelファイル（20260414_20260430ログ検索結果-20260507131846.xlsm）の入力・編集 / Excelファイル（管理コンソールメイン画面.csv）の入力・編集 / 検索と置換
2026/05/12 11:55,2026/05/12 11:55,0:05,Excelファイル（20260414_20260430ログ検索結果-20260507131846.xlsm）の入力・編集 / Excelファイル（管理コンソールメイン画面.csv）の入力・編集 / 検索と置換
2026/05/12 11:55,2026/05/12 11:55,0:05,Excelファイル（①社用ノートパソコン管理台帳.xlsx ）の入力・編集 / Excelファイル（管理コンソールメイン画面.csv）の入力・編集 / 検索と置換
2026/05/12 11:55,2026/05/12 11:56,0:05,Excelファイル（20260414_20260430ログ検索結果-20260507131846.xlsm）の入力・編集 / Excelファイル（①社用ノートパソコン管理台帳.xlsx ）の入力・編集 / Excelファイル（管理コンソールメイン画面.csv）の入力・編集 / 検索と置換
2026/05/12 11:57,2026/05/12 11:57,0:05,Excelファイル（20260414_20260430ログ検索結果-20260507131846.xlsm）の入力・編集 / Excelファイル（管理コンソールメイン画面.csv）の入力・編集 / 検索と置換
2026/05/12 11:58,2026/05/12 11:58,0:05,Webサイト（コマンド プロンプト）の閲覧・調査
2026/05/12 11:58,2026/05/12 11:58,0:05,Excelファイル（管理コンソールメイン画面.csv）の入力・編集 / 検索と置換
2026/05/12 11:58,2026/05/12 11:59,0:05,Excelファイル（20260414_20260430ログ検索結果-20260507131846.xlsm）の入力・編集 / Excelファイル（Microsoft Visual Basic for Applications）の入力・編集 / Excelファイル（管理コンソールメイン画面.csv）の入力・編集 / 検索と置換
2026/05/12 11:59,2026/05/12 11:59,0:05,Webサイト（Microsoft Excel）の閲覧・調査
2026/05/12 11:59,2026/05/12 11:59,0:05,Excelファイル（20260414_20260430ログ検索結果-20260507131846.xlsm）の入力・編集 / Excelファイル（Microsoft Visual Basic for Applications）の入力・編集
2026/05/12 11:59,2026/05/12 11:59,0:05,Webサイト（社内SEの仕事なんでも相談 - Google Gemini）の閲覧・調査
2026/05/12 12:00,2026/05/12 12:00,0:05,Excelファイル（20260414_20260430ログ検索結果-20260507131846.xlsm）の入力・編集
2026/05/12 12:00,2026/05/12 12:00,0:05,Webサイト（社内SEの仕事なんでも相談 - Google Gemini）の閲覧・調査
2026/05/12 12:01,2026/05/12 12:02,0:05,Excelファイル（Microsoft Visual Basic for Applications）の入力・編集 / Excelファイル（ログ表示結果-20260416175217.xlsm ）の入力・編集
2026/05/12 12:02,2026/05/12 12:02,0:05,Webサイト（社内SEの仕事なんでも相談 - Google Gemini）の閲覧・調査
2026/05/12 12:02,2026/05/12 12:02,0:05,Excelファイル（Microsoft Visual Basic for Applications）の入力・編集
2026/05/12 12:02,2026/05/12 12:03,0:05,Webサイト（社内SEの仕事なんでも相談 - Google Gemini）の閲覧・調査
2026/05/12 12:03,2026/05/12 12:03,0:05,Excelファイル（Microsoft Visual Basic for Applications）の入力・編集 / Excelファイル（管理コンソールメイン画面.csv）の入力・編集
2026/05/12 12:03,2026/05/12 12:03,0:05,Webサイト（社内SEの仕事なんでも相談 - Google Gemini）の閲覧・調査
2026/05/12 12:03,2026/05/12 12:04,0:05,Excelファイル（20260427_ログ表示結果-20260416175217.xlsx ）の入力・編集 / Excelファイル（20260427_ログ表示結果-20260416175217.xlsx）の入力・編集 / Excelファイル（Microsoft Visual Basic for Applications）の入力・編集 / Excelファイル（ログ表示結果-2026041617...
2026/05/12 12:04,2026/05/12 12:04,0:05,Webサイト（Microsoft Visual Basic for Applications - VBAProject -）の閲覧・調査 / Webサイト（Microsoft Visual Basic for Applications -）の閲覧・調査
2026/05/12 12:04,2026/05/12 12:04,0:05,Excelファイル（20260427_ログ表示結果-20260416175217.xlsx）の入力・編集 / Excelファイル（Microsoft Visual Basic for Applications）の入力・編集 / Excelファイル（ログ表示結果-20260416175217.xlsm ）の入力・編集
2026/05/12 12:04,2026/05/12 12:04,0:05,Webサイト（Module1.bas - メモ帳）の閲覧・調査 / Webサイト（WindowsUpdate.txt - サクラエディタ32bit 2.4.2.6048）の閲覧・調査 / Webサイト（\\10.85.33.230\01_全社共有\システム統括部\業改室\★大宮システム部\（NAS）伊藤\WindowsUpdate.txt - サクラエディタ32bit 2.4.2.6048）...
2026/05/12 12:05,2026/05/12 12:05,0:05,Excelファイル（ログ表示結果-20260416175217.xlsm ）の入力・編集
2026/05/12 12:05,2026/05/12 12:05,0:05,Webサイト（Module1.bas - メモ帳）の閲覧・調査 / Webサイト（社内SEの仕事なんでも相談 - Google Gemini）の閲覧・調査
2026/05/12 12:05,2026/05/12 12:06,0:05,Excelファイル（20260427_ログ表示結果-20260416175217 （読み込み用）.xlsx）の入力・編集 / Excelファイル（ログ表示結果-20260416175217.xlsm ）の入力・編集
2026/05/12 12:06,2026/05/12 12:06,0:05,Webサイト（社内SEの仕事なんでも相談 - Google Gemini）の閲覧・調査
2026/05/12 12:07,2026/05/12 12:07,0:05,Excelファイル（20260414_20260430ログ検索結果-20260507131846.xlsm）の入力・編集 / Excelファイル（Microsoft Visual Basic for Applications）の入力・編集
2026/05/12 12:07,2026/05/12 12:07,0:05,Webサイト（Microsoft Visual Basic for Applications - VBAProject -）の閲覧・調査 / Webサイト（Microsoft Visual Basic for Applications -）の閲覧・調査
2026/05/12 12:07,2026/05/12 12:08,0:05,Excelファイル（20260414_20260430ログ検索結果-20260507131846.xlsm）の入力・編集 / Excelファイル（20260427_ログ表示結果-20260416175217 （読み込み用）.xlsx）の入力・編集 / Excelファイル（Microsoft Visual Basic for Applications）の入力・編集 / Excelファイル（①社...
2026/05/12 12:08,2026/05/12 12:08,0:05,サイボウズ（メッセージの詳細 - サイボウズ Office および他 4 ページ）での情報確認・処理
2026/05/12 12:09,2026/05/12 12:09,0:05,Webサイト（社内SEの仕事なんでも相談 - Google Gemini）の閲覧・調査
2026/05/12 12:09,2026/05/12 12:09,0:05,サイボウズ（メッセージの詳細 - サイボウズ Office および他 4 ページ）での情報確認・処理
2026/05/12 12:10,2026/05/12 12:10,0:05,Webサイト（起動しています - Excel）の閲覧・調査
2026/05/12 12:10,2026/05/12 12:10,0:05,Excelファイル（20260414_20260430ログ検索結果-20260507131846.xlsm）の入力・編集
2026/05/12 12:10,2026/05/12 12:10,0:05,Webサイト（Microsoft Visual Basic for Applications -）の閲覧・調査 / Webサイト（Microsoft Visual Basic for Applications）の閲覧・調査
2026/05/12 12:10,2026/05/12 12:10,0:05,Excelファイル（20260414_20260430ログ検索結果-20260507131846.xlsm）の入力・編集
2026/05/12 12:10,2026/05/12 12:10,0:05,Webサイト（Microsoft Excel）の閲覧・調査
2026/05/12 12:10,2026/05/12 12:10,0:05,Excelファイル（20260414_20260430ログ検索結果-20260507131846.xlsm）の入力・編集
2026/05/12 12:10,2026/05/12 12:10,0:05,Webサイト（台帳ファイルを選択）の閲覧・調査
2026/05/12 12:10,2026/05/12 12:10,0:05,Excelファイル（20260414_20260430ログ検索結果-20260507131846.xlsm）の入力・編集
2026/05/12 12:10,2026/05/12 12:10,0:05,Webサイト（Microsoft Excel）の閲覧・調査
2026/05/12 12:11,2026/05/12 12:13,0:05,Excelファイル（20260414_20260430ログ検索結果-20260507131846.xlsm）の入力・編集
2026/05/12 12:14,2026/05/12 12:14,0:05,Webサイト（Module1.bas - メモ帳）の閲覧・調査
2026/05/12 12:15,2026/05/12 12:15,0:05,サイボウズ（メッセージの詳細 - サイボウズ Office および他 4 ページ）での情報確認・処理 / サイボウズ（メッセージの詳細 - サイボウズ Office）での情報確認・処理 / サイボウズ（個人フォルダ - サイボウズ Office および他 4 ページ）での情報確認・処理 / サイボウズ（個人フォルダ - サイボウズ Office）での情報確認・処理
2026/05/12 12:15,2026/05/12 12:15,0:05,Webサイト（Module1.bas - メモ帳）の閲覧・調査
2026/05/12 12:15,2026/05/12 12:15,0:05,Antigravityを用いた「システム開発・改善」の開発・相談
2026/05/12 12:16,2026/05/12 12:16,0:05,Webサイト（Windows の既定のロック画面）の閲覧・調査
2026/05/12 12:56,2026/05/12 12:56,0:05,Antigravityを用いた「システム開発・改善」の開発・相談
2026/05/12 12:56,2026/05/12 12:56,0:05,Webサイト（Module1.bas - メモ帳）の閲覧・調査
2026/05/12 12:56,2026/05/12 12:56,0:05,Antigravityを用いた「システム開発・改善」の開発・相談
2026/05/12 12:57,2026/05/12 12:57,0:05,Excelファイル（20260414_20260430ログ検索結果-20260507131846.xlsm）の入力・編集 / Excelファイル（20260427_ログ表示結果-20260416175217 （読み込み用）.xlsx）の入力・編集
2026/05/12 12:57,2026/05/12 12:57,0:05,Antigravityを用いた「システム開発・改善」の開発・相談
2026/05/12 13:07,2026/05/12 13:07,0:05,Excelファイル（20260427_ログ表示結果-20260416175217 （読み込み用）.xlsx）の入力・編集
2026/05/12 13:07,2026/05/12 13:07,0:05,Antigravityを用いた「システム開発・改善」の開発・相談
2026/05/12 13:07,2026/05/12 13:07,0:05,Excelファイル（20260414_20260430ログ検索結果-20260507131846.xlsm）の入力・編集 / Excelファイル（20260427_ログ表示結果-20260416175217 （読み込み用）.xlsx）の入力・編集
2026/05/12 13:08,2026/05/12 13:08,0:05,Excelファイル（20260427_ログ表示結果-20260416175217 （読み込み用）.xlsx）の入力・編集 / 検索と置換
2026/05/12 13:08,2026/05/12 13:08,0:05,Excelファイル（20260414_20260430ログ検索結果-20260507131846.xlsm）の入力・編集 / Excelファイル（20260427_ログ表示結果-20260416175217 （読み込み用）.xlsx）の入力・編集 / 検索と置換
2026/05/12 13:08,2026/05/12 13:09,0:05,Excelファイル（20260414_20260430ログ検索結果-20260507131846.xlsm）の入力・編集 / Excelファイル（20260427_ログ表示結果-20260416175217 （読み込み用）.xlsx）の入力・編集 / 検索と置換
2026/05/12 13:09,2026/05/12 13:10,0:05,Excelファイル（20260414_20260430ログ検索結果-20260507131846.xlsm）の入力・編集 / Excelファイル（20260427_ログ表示結果-20260416175217 （読み込み用）.xlsx）の入力・編集 / Excelファイル（20260427_ログ表示結果-20260416175217.xlsx）の入力・編集 / 検索と置換
2026/05/12 13:10,2026/05/12 13:10,0:05,Excelファイル（20260427_ログ表示結果-20260416175217.xlsx）の入力・編集 / 検索と置換
2026/05/12 13:10,2026/05/12 13:10,0:05,Excelファイル（20260427_ログ表示結果-20260416175217.xlsx）の入力・編集 / Excelファイル（本社OAプライベートIPアドレス割当一覧.xlsx ）の入力・編集 / 検索と置換
2026/05/12 13:10,2026/05/12 13:11,0:05,Excelファイル（20260414_20260430ログ検索結果-20260507131846.xlsm）の入力・編集 / Excelファイル（本社OAプライベートIPアドレス割当一覧.xlsx ）の入力・編集 / 検索と置換
2026/05/12 13:11,2026/05/12 13:11,0:05,Webサイト（Microsoft Excel）の閲覧・調査
2026/05/12 13:11,2026/05/12 13:11,0:05,Excelファイル（20260414_20260430ログ検索結果-20260507131846.xlsm）の入力・編集 / Excelファイル（本社OAプライベートIPアドレス割当一覧.xlsx ）の入力・編集
2026/05/12 13:11,2026/05/12 13:11,0:05,Webサイト（Microsoft Excel）の閲覧・調査 / 検索と置換
2026/05/12 13:11,2026/05/12 13:11,0:05,Webサイト（Microsoft Excel）の閲覧・調査 / 検索と置換
2026/05/12 13:11,2026/05/12 13:11,0:05,Excelファイル（本社OAプライベートIPアドレス割当一覧.xlsx ）の入力・編集 / Excelファイル（本社OAプライベートIPアドレス割当一覧.xlsx）の入力・編集 / 検索と置換
2026/05/12 13:11,2026/05/12 13:11,0:05,Webサイト（Microsoft Excel）の閲覧・調査 / 検索と置換
2026/05/12 13:11,2026/05/12 13:12,0:05,Excelファイル（20260427_ログ表示結果-20260416175217 （読み込み用）.xlsx）の入力・編集 / Excelファイル（本社OAプライベートIPアドレス割当一覧.xlsx）の入力・編集 / 検索と置換
2026/05/12 13:12,2026/05/12 13:12,0:05,Excelファイル（20260427_ログ表示結果-20260416175217 （読み込み用）.xlsx）の入力・編集 / 検索と置換
2026/05/12 13:12,2026/05/12 13:12,0:05,Excelファイル（20260427_ログ表示結果-20260416175217 （読み込み用）.xlsx）の入力・編集 / 検索と置換
2026/05/12 13:12,2026/05/12 13:12,0:05,Webサイト（192.169.5.5 - リモート デスクトップ接続）の閲覧・調査
2026/05/12 13:13,2026/05/12 13:14,0:05,Excelファイル（20260427_ログ表示結果-20260416175217 （読み込み用）.xlsx）の入力・編集 / Excelファイル（本社OAプライベートIPアドレス割当一覧.xlsx）の入力・編集
2026/05/12 13:14,2026/05/12 13:14,0:05,Excelファイル（20260414_20260430ログ検索結果-20260507131846.xlsm）の入力・編集 / Excelファイル（本社OAプライベートIPアドレス割当一覧.xlsx）の入力・編集 / 検索と置換
2026/05/12 13:15,2026/05/12 13:29,0:14,Excelファイル（20260414_20260430ログ検索結果-20260507131846.xlsm）の入力・編集 / Excelファイル（本社OAプライベートIPアドレス割当一覧.xlsx）の入力・編集 / 検索と置換
2026/05/12 13:30,2026/05/12 13:30,0:05,Webサイト（通知センター）の閲覧・調査
2026/05/12 13:30,2026/05/12 13:30,0:05,Excelファイル（20260414_20260430ログ検索結果-20260507131846.xlsm）の入力・編集
2026/05/12 13:31,2026/05/12 13:31,0:05,Webサイト（通知センター）の閲覧・調査
2026/05/12 13:31,2026/05/12 13:31,0:05,Excelファイル（20260414_20260430ログ検索結果-20260507131846.xlsm）の入力・編集
2026/05/12 13:31,2026/05/12 13:31,0:05,Webサイト（Microsoft Excel）の閲覧・調査
2026/05/12 13:31,2026/05/12 13:33,0:05,Excelファイル（20260414_20260430ログ検索結果-20260507131846.xlsm）の入力・編集 / Excelファイル（20260427_ログ表示結果-20260416175217 （読み込み用）.xlsx）の入力・編集 / Excelファイル（20260427_ログ表示結果-20260416175217.xlsx）の入力・編集 / Excelファイル（本社OAプラ...
2026/05/12 13:33,2026/05/12 13:33,0:05,Antigravityを用いた「システム開発・改善」の開発・相談
2026/05/12 13:34,2026/05/12 13:34,0:05,Excelファイル（20260427_ログ表示結果-20260416175217 （読み込み用）.xlsx）の入力・編集
2026/05/12 13:34,2026/05/12 13:34,0:05,Antigravityを用いた「システム開発・改善」の開発・相談
2026/05/12 13:34,2026/05/12 13:34,0:05,Webサイト（Module1.bas - メモ帳）の閲覧・調査
2026/05/12 13:34,2026/05/12 13:34,0:05,Antigravityを用いた「システム開発・改善」の開発・相談
2026/05/12 13:34,2026/05/12 13:34,0:05,Webサイト（Module1.bas - メモ帳）の閲覧・調査
2026/05/12 13:34,2026/05/12 13:34,0:05,Antigravityを用いた「システム開発・改善」の開発・相談
2026/05/12 13:34,2026/05/12 13:34,0:05,サイボウズ（メッセージの詳細 - サイボウズ Office および他 4 ページ）での情報確認・処理
2026/05/12 13:35,2026/05/12 13:37,0:05,Webサイト（サクラエディタ32bit）の閲覧・調査 / Webサイト（デスクトップ\伊藤作業用\残業調査\README.txt - サクラエディタ32bit 2.4.2.6048）の閲覧・調査 / Webサイト（デスクトップ\伊藤作業用\残業調査\README.txt(更新) - サクラエディタ32bit 2.4.2.6048）の閲覧・調査 / Webサイト（フォルダーの削除）の閲覧・調査
2026/05/12 13:37,2026/05/12 13:37,0:05,7% 完了 / Webサイト（100% 完了）の閲覧・調査 / Webサイト（11% 完了）の閲覧・調査 / Webサイト（14% 完了）の閲覧・調査 / Webサイト（21% 完了）の閲覧・調査 / Webサイト（22% 完了）の閲覧・調査 / Webサイト（36% 完了）の閲覧・調査 / Webサイト（38% 完了）の閲覧・調査 / Webサイト（62% 完了）の閲覧・調査 / Webサ...
2026/05/12 13:38,2026/05/12 13:38,0:05,サイボウズ（forestway.cybozu.com/o/ag.cgi?page=MyFolderIndex および他 4 ページ）での情報確認・処理 / サイボウズ（メッセージの詳細 - サイボウズ Office および他 4 ページ）での情報確認・処理 / サイボウズ（メッセージの詳細 - サイボウズ Office）での情報確認・処理 / サイボウズ（個人フォルダ - サイボウズ Off...
2026/05/12 13:38,2026/05/12 13:38,0:05,Webサイト（サイトから移動しますか?）の閲覧・調査
2026/05/12 13:38,2026/05/12 13:57,0:18,サイボウズ（メッセージの変更（宛先） - サイボウズ Office および他 4 ページ）での情報確認・処理 / サイボウズ（メッセージの変更（宛先） - サイボウズ Office）での情報確認・処理 / サイボウズ（メッセージの変更（標題・本文） - サイボウズ Office および他 4 ページ）での情報確認・処理 / サイボウズ（メッセージの変更（標題・本文） - サイボウズ Offi...
2026/05/12 14:11,2026/05/12 14:11,0:05,Webサイト（192.169.5.5 - リモート デスクトップ接続）の閲覧・調査
2026/05/12 14:11,2026/05/12 14:12,0:05,Antigravityを用いた「システム開発・改善」の開発・相談 / プログラム（残業調査ツール最終調整：変数スコープエラーの修正、API自動リトライ機能の実装、および表示項目の整理）の開発・修正
2026/05/12 14:12,2026/05/12 14:12,0:05,サイボウズ（forestway.cybozu.com/o/ag.cgi?page=MyFolderIndex および他 4 ページ）での情報確認・処理 / サイボウズ（メッセージの詳細 - サイボウズ Office および他 4 ページ）での情報確認・処理 / サイボウズ（メッセージの詳細 - サイボウズ Office）での情報確認・処理 / サイボウズ（個人フォルダ - サイボウズ Off...
2026/05/12 14:15,2026/05/12 14:15,0:05,Webサイト（残業調査報告書_成川真菜_20260405.docx  -  保護ビュー - Word）の閲覧・調査 / Webサイト（起動しています - Word）の閲覧・調査
2026/05/12 14:15,2026/05/12 14:15,0:05,Word / サイボウズ（メッセージの詳細 - サイボウズ Office および他 4 ページ）での情報確認・処理
2026/05/12 14:17,2026/05/12 14:17,0:05,Webサイト（192.169.5.5 - リモート デスクトップ接続）の閲覧・調査
2026/05/12 14:22,2026/05/12 14:23,0:05,サイボウズ（forestway.cybozu.com および他 4 ページ）での情報確認・処理 / サイボウズ（メッセージの詳細 - サイボウズ Office および他 4 ページ）での情報確認・処理
2026/05/12 14:23,2026/05/12 14:23,0:05,Webサイト（インフォメーション および他 4 ページ）の閲覧・調査 / Webサイト（インフォメーション）の閲覧・調査
2026/05/12 14:23,2026/05/12 14:23,0:05,サイボウズ（forestway.cybozu.com/o/ag.cgi?page=FileView&fCID=1261866&fFID=1261873 および他 1 ページ）での情報確認・処理 / サイボウズ（トップページ - サイボウズ Office）での情報確認・処理 / サイボウズ（ファイルの詳細 - サイボウズ Office および他 1 ページ）での情報確認・処理 / サイボウズ（...
2026/05/12 14:23,2026/05/12 14:23,0:05,Excelファイル（2026年5月度【社員】勤怠申請・承認のご依頼0511.xlsx ）の入力・編集 / Excelファイル（本社OAプライベートIPアドレス割当一覧.xlsx）の入力・編集
2026/05/12 14:25,2026/05/12 14:25,0:05,Webサイト（【開発受付一覧 - システム部_システム運営課】 - Google スプレッドシート および他 3 ページ）の閲覧・調査
2026/05/12 14:25,2026/05/12 14:25,0:05,Excelファイル（2026年5月度【社員】勤怠申請・承認のご依頼0511.xlsx ）の入力・編集 / Excelファイル（本社OAプライベートIPアドレス割当一覧.xlsx）の入力・編集
2026/05/12 14:25,2026/05/12 14:25,0:05,Webサイト（【開発受付一覧 - システム部_システム運営課】 - Google スプレッドシート および他 3 ページ）の閲覧・調査
2026/05/12 14:25,2026/05/12 14:25,0:05,サイボウズ（ファイルの詳細 - サイボウズ Office および他 1 ページ）での情報確認・処理
2026/05/12 14:25,2026/05/12 14:26,0:05,Webサイト（192.169.5.5 - リモート デスクトップ接続）の閲覧・調査 / Webサイト（【開発受付一覧 - システム部_システム運営課】 - Google スプレッドシート および他 3 ページ）の閲覧・調査
2026/05/12 14:26,2026/05/12 14:26,0:05,Antigravityを用いた「システム開発・改善」の開発・相談
2026/05/12 14:26,2026/05/12 14:30,0:05,Webサイト（192.169.5.5 - リモート デスクトップ接続）の閲覧・調査 / Webサイト（ELECOm 切り替え機 - 検索 および他 3 ページ）の閲覧・調査 / Webサイト（ELECOm 切り替え機 - 検索）の閲覧・調査 / Webサイト（bing.com/search?pglt=43&q=ELECOm+切り替え機&cvid=1b1731d892864b299c31f8d...
2026/05/12 14:30,2026/05/12 14:31,0:05,サイボウズ（forestway.cybozu.com/o/ag.cgi?page=MyFolderMessageView&mDBID=2&mEID=52387&mDID=233363&cp=ml&sp=&tp= および他 3 ページ）での情報確認・処理 / サイボウズ（トップページ - サイボウズ Office および他 3 ページ）での情報確認・処理 / サイボウズ（トップページ - サイ...
2026/05/12 14:33,2026/05/12 15:06,0:33,Webサイト（192.169.5.5 - リモート デスクトップ接続）の閲覧・調査 / Webサイト（Power Automate の更新）の閲覧・調査 / Webサイト（Power Automate パッケージをインストール）の閲覧・調査 / Webサイト（Power Automate）の閲覧・調査 / Webサイト（社内SEの仕事なんでも相談 - Google Gemini）の閲覧・調査
2026/05/12 15:07,2026/05/12 15:07,0:05,Antigravityを用いた「システム開発・改善」の開発・相談
2026/05/12 15:08,2026/05/12 15:08,0:05,Webサイト（192.169.5.5 - リモート デスクトップ接続）の閲覧・調査
2026/05/12 15:08,2026/05/12 15:08,0:05,Antigravityを用いた「システム開発・改善」の開発・相談
2026/05/12 15:08,2026/05/12 15:08,0:05,Webサイト（192.169.5.5 - リモート デスクトップ接続）の閲覧・調査 / Webサイト（起動しています - Excel）の閲覧・調査
2026/05/12 15:08,2026/05/12 15:08,0:05,Excelファイル（20260427_ログ表示結果-20260416175217 （読み込み用）.xlsx ）の入力・編集
2026/05/12 15:09,2026/05/12 15:13,0:05,Excel / サイボウズ（個人フォルダ - サイボウズ Office）での情報確認・処理
2026/05/12 15:13,2026/05/12 15:15,0:05,Webサイト（Comparing 4ac12fe030b6ca9bf8c497e209bc74bac51fcc16...main · csd0910/myproject）の閲覧・調査 / Webサイト（Create new workflow · csd0910/myproject）の閲覧・調査 / Webサイト（GitHub · 常に進化し続けます。GitHubが、あなたをその先へ導く。 ·...
2026/05/12 15:15,2026/05/12 15:25,0:09,Webサイト（Activity · csd0910/myproject）の閲覧・調査 / Webサイト（CSD0910/myproject: デフォルト）の閲覧・調査 / Webサイト（GitHubダッシュボード）の閲覧・調査 / Webサイト（Google）の閲覧・調査 / Webサイト（kvm-dvhdu2 hotキーがどこに設定されてるかわからない時　完全初期化。 - Google 検...
2026/05/12 15:25,2026/05/12 15:25,0:05,メール（The Yen Redline: Intervention Strategies and 2026 Market Outlook）の閲覧・作成
2026/05/12 15:25,2026/05/12 15:59,0:34,Webサイト（Chrome ウェブストア - 拡張機能）の閲覧・調査 / Webサイト（Google - Google Workspace Marketplace）の閲覧・調査 / Webサイト（Microsoft Edge の新機能）の閲覧・調査 / Webサイト（Quick Chrome History Export - Chrome ウェブストア）の閲覧・調査 / Webサイト（Qui...
2026/05/12 16:05,2026/05/12 16:05,0:05,Antigravityを用いた「システム開発・改善」の開発・相談
