ログID,ユーザーID,アプリ名,フォルダ名,ファイル名/画面タイトル,操作種別,手動キー入力回数,手動入力時間(秒),コピー＆ペースト回数,所要時間(秒),待機/アイドル時間(秒),ウィンドウ切替回数,CPU使用率(%),メモリ使用量(MB),ブラウザタブ数,処理済フラグ,ログ受信日時,クリック数,スクロール数,マウス移動距離(px)
27977,ea8b1d32-6645-4ae3-8ca7-276260105c75,Antigravity IDE.exe,,Antigravity IDE,macro,0,0,0,5,0,0,0.0,0.0,0,0,2026-08-08 08:49:08,0,0,0
27976,ea8b1d32-6645-4ae3-8ca7-276260105c75,Antigravity IDE.exe,,Antigravity IDE,macro,0,0,0,5,0,0,0.0,0.0,0,0,2026-08-08 08:49:08,0,0,0
27975,ea8b1d32-6645-4ae3-8ca7-276260105c75,Antigravity IDE.exe,,Antigravity IDE,macro,0,0,0,5,0,0,0.0,0.0,0,0,2026-08-08 08:48:57,0,0,0
27974,ea8b1d32-6645-4ae3-8ca7-276260105c75,Antigravity IDE.exe,,Antigravity IDE,macro,0,0,0,5,0,0,0.0,0.0,0,0,2026-08-08 08:48:57,0,0,0
27973,ea8b1d32-6645-4ae3-8ca7-276260105c75,Antigravity IDE.exe,,Antigravity IDE,macro,0,0,0,5,0,0,0.0,0.0,0,0,2026-08-08 08:48:47,0,0,0
27972,ea8b1d32-6645-4ae3-8ca7-276260105c75,Antigravity IDE.exe,,Antigravity IDE,macro,0,0,0,5,0,0,0.0,0.0,0,0,2026-08-08 08:48:47,0,0,0
27971,ea8b1d32-6645-4ae3-8ca7-276260105c75,Antigravity IDE.exe,,Antigravity IDE,macro,0,0,0,5,0,0,0.0,0.0,0,0,2026-08-08 08:48:36,0,0,0
27970,ea8b1d32-6645-4ae3-8ca7-276260105c75,Antigravity IDE.exe,,Antigravity IDE,macro,0,0,0,5,0,0,0.0,0.0,0,0,2026-08-08 08:48:36,0,0,0
27969,ea8b1d32-6645-4ae3-8ca7-276260105c75,Antigravity IDE.exe,,Antigravity IDE,macro,0,0,0,5,0,0,0.0,0.0,0,0,2026-08-08 08:48:26,0,0,0
27968,ea8b1d32-6645-4ae3-8ca7-276260105c75,Antigravity IDE.exe,,Antigravity IDE,macro,0,0,0,5,0,0,0.0,0.0,0,0,2026-08-08 08:48:26,0,0,0
27967,ea8b1d32-6645-4ae3-8ca7-276260105c75,Antigravity IDE.exe,,Antigravity IDE,macro,0,0,0,5,0,0,0.0,0.0,0,0,2026-08-08 08:48:15,0,0,0
27966,ea8b1d32-6645-4ae3-8ca7-276260105c75,Antigravity IDE.exe,,Antigravity IDE,macro,0,0,0,5,0,0,0.0,0.0,0,0,2026-08-08 08:48:15,0,0,0
27965,ea8b1d32-6645-4ae3-8ca7-276260105c75,Antigravity IDE.exe,,Antigravity IDE,macro,0,0,0,5,0,0,0.0,0.0,0,0,2026-08-08 08:48:05,0,0,0
27964,ea8b1d32-6645-4ae3-8ca7-276260105c75,Antigravity IDE.exe,,Antigravity IDE,macro,0,0,0,5,0,0,0.0,0.0,0,0,2026-08-08 08:48:05,0,0,0
27963,ea8b1d32-6645-4ae3-8ca7-276260105c75,Antigravity IDE.exe,,Antigravity IDE,macro,0,0,0,5,0,0,0.0,0.0,0,0,2026-08-08 08:47:54,0,0,0
27962,ea8b1d32-6645-4ae3-8ca7-276260105c75,Antigravity IDE.exe,,Antigravity IDE,macro,0,0,0,5,0,0,0.0,0.0,0,0,2026-08-08 08:47:54,0,0,0
27961,ea8b1d32-6645-4ae3-8ca7-276260105c75,Antigravity IDE.exe,,Antigravity IDE,macro,0,0,0,5,0,0,0.0,0.0,0,0,2026-08-08 08:47:54,0,0,0
27960,ea8b1d32-6645-4ae3-8ca7-276260105c75,Antigravity IDE.exe,,Antigravity IDE,macro,0,0,0,5,0,0,0.0,0.0,0,0,2026-08-08 08:47:44,0,0,0
27959,ea8b1d32-6645-4ae3-8ca7-276260105c75,Antigravity IDE.exe,,Antigravity IDE,macro,0,0,0,5,0,0,0.0,0.0,0,0,2026-08-08 08:47:43,0,0,0
27958,ea8b1d32-6645-4ae3-8ca7-276260105c75,Antigravity IDE.exe,,Antigravity IDE,macro,0,0,0,5,0,0,0.0,0.0,0,0,2026-08-08 08:47:33,0,0,0
27957,ea8b1d32-6645-4ae3-8ca7-276260105c75,Antigravity IDE.exe,,Antigravity IDE,macro,0,0,0,5,0,0,0.0,0.0,0,0,2026-08-08 08:47:33,0,0,0
27956,ea8b1d32-6645-4ae3-8ca7-276260105c75,Antigravity IDE.exe,,Antigravity IDE,macro,0,0,0,5,0,0,0.0,0.0,0,0,2026-08-08 08:47:23,0,0,0
27955,ea8b1d32-6645-4ae3-8ca7-276260105c75,Antigravity IDE.exe,,Antigravity IDE,macro,0,0,0,5,0,0,0.0,0.0,0,0,2026-08-08 08:47:22,0,0,0
27954,ea8b1d32-6645-4ae3-8ca7-276260105c75,Antigravity IDE.exe,,Antigravity IDE,macro,0,0,0,5,0,0,0.0,0.0,0,0,2026-08-08 08:47:12,0,0,0
27953,ea8b1d32-6645-4ae3-8ca7-276260105c75,Antigravity IDE.exe,,Antigravity IDE,macro,0,0,0,5,0,0,0.0,0.0,0,0,2026-08-08 08:47:12,0,0,0
27952,ea8b1d32-6645-4ae3-8ca7-276260105c75,Antigravity IDE.exe,,Antigravity IDE,macro,0,0,0,5,0,0,0.0,0.0,0,0,2026-08-08 08:47:01,0,0,0
27951,ea8b1d32-6645-4ae3-8ca7-276260105c75,Antigravity IDE.exe,,Antigravity IDE,macro,0,0,0,5,0,0,0.0,0.0,0,0,2026-08-08 08:47:01,0,0,0
27950,ea8b1d32-6645-4ae3-8ca7-276260105c75,Antigravity IDE.exe,,Antigravity IDE,macro,0,0,0,5,0,0,0.0,0.0,0,0,2026-08-08 08:46:51,0,0,0
27949,ea8b1d32-6645-4ae3-8ca7-276260105c75,Antigravity IDE.exe,,Antigravity IDE,macro,0,0,0,5,0,0,0.0,0.0,0,0,2026-08-08 08:46:51,0,0,0
27948,ea8b1d32-6645-4ae3-8ca7-276260105c75,Antigravity IDE.exe,,Antigravity IDE,macro,0,0,0,5,0,0,0.0,0.0,0,0,2026-08-08 08:46:40,0,0,0
27947,ea8b1d32-6645-4ae3-8ca7-276260105c75,Antigravity IDE.exe,,Antigravity IDE,macro,0,0,0,5,0,0,0.0,0.0,0,0,2026-08-08 08:46:40,0,0,0
27946,ea8b1d32-6645-4ae3-8ca7-276260105c75,Antigravity IDE.exe,,Antigravity IDE,macro,0,0,0,5,0,0,0.0,0.0,0,0,2026-08-08 08:46:30,0,0,0
27945,ea8b1d32-6645-4ae3-8ca7-276260105c75,Antigravity IDE.exe,,Antigravity IDE,macro,0,0,0,5,0,0,0.0,0.0,0,0,2026-08-08 08:46:29,0,0,0
27944,ea8b1d32-6645-4ae3-8ca7-276260105c75,Antigravity IDE.exe,,Antigravity IDE,macro,0,0,0,5,0,0,0.0,0.0,0,0,2026-08-08 08:46:19,0,0,0
27943,ea8b1d32-6645-4ae3-8ca7-276260105c75,Antigravity IDE.exe,,Antigravity IDE,macro,0,0,0,5,0,0,0.0,0.0,0,0,2026-08-08 08:46:19,0,0,0
27942,ea8b1d32-6645-4ae3-8ca7-276260105c75,Antigravity IDE.exe,,Antigravity IDE,macro,0,0,0,5,0,0,0.0,0.0,0,0,2026-08-08 08:46:09,0,0,0
27941,ea8b1d32-6645-4ae3-8ca7-276260105c75,Antigravity IDE.exe,,Antigravity IDE,macro,0,0,0,5,0,0,0.0,0.0,0,0,2026-08-08 08:46:08,0,0,0
27940,ea8b1d32-6645-4ae3-8ca7-276260105c75,Antigravity IDE.exe,,Antigravity IDE,macro,0,0,0,5,0,0,0.0,0.0,0,0,2026-08-08 08:46:08,0,0,0
27939,ea8b1d32-6645-4ae3-8ca7-276260105c75,Antigravity IDE.exe,,Antigravity IDE,macro,0,0,0,5,0,0,0.0,0.0,0,0,2026-08-08 08:45:58,0,0,0
27938,ea8b1d32-6645-4ae3-8ca7-276260105c75,Antigravity IDE.exe,,Antigravity IDE,macro,0,0,0,5,0,0,0.0,0.0,0,0,2026-08-08 08:45:58,0,0,0
27937,ea8b1d32-6645-4ae3-8ca7-276260105c75,Antigravity IDE.exe,,Antigravity IDE,macro,0,0,0,5,0,0,0.0,0.0,0,0,2026-08-08 08:45:47,0,0,0
27936,ea8b1d32-6645-4ae3-8ca7-276260105c75,Antigravity IDE.exe,,Antigravity IDE,macro,0,0,0,5,0,0,0.0,0.0,0,0,2026-08-08 08:45:47,0,0,0
27935,ea8b1d32-6645-4ae3-8ca7-276260105c75,Antigravity IDE.exe,,Antigravity IDE,macro,0,0,0,5,0,0,0.0,0.0,0,0,2026-08-08 08:45:37,0,0,0
27934,ea8b1d32-6645-4ae3-8ca7-276260105c75,explorer.exe,,C:\Users\フォーレスト026 - エクスプローラー,macro,0,0,0,5,0,0,0.0,0.0,0,0,2026-08-08 08:45:37,0,0,0
27933,ea8b1d32-6645-4ae3-8ca7-276260105c75,explorer.exe,,C:\Users\フォーレスト026 - エクスプローラー,macro,0,0,0,5,0,0,0.0,0.0,0,0,2026-08-08 08:45:26,0,0,0
27932,ea8b1d32-6645-4ae3-8ca7-276260105c75,explorer.exe,,C:\Users\フォーレスト026\.antigravity\extensions - エクスプローラー,macro,0,0,0,5,0,0,0.0,0.0,0,0,2026-08-08 08:45:26,0,0,0
27931,ea8b1d32-6645-4ae3-8ca7-276260105c75,explorer.exe,,C:\Users\フォーレスト026 - エクスプローラー,macro,0,0,0,5,0,0,0.0,0.0,0,0,2026-08-08 08:45:16,0,0,0
27930,ea8b1d32-6645-4ae3-8ca7-276260105c75,explorer.exe,,C:\Users\フォーレスト026 - エクスプローラー,macro,0,0,0,5,0,0,0.0,0.0,0,0,2026-08-08 08:45:16,0,0,0
27929,ea8b1d32-6645-4ae3-8ca7-276260105c75,explorer.exe,,C:\Users\フォーレスト026\.gemini - エクスプローラー,macro,0,0,0,5,0,0,0.0,0.0,0,0,2026-08-08 08:45:05,0,0,0
27928,ea8b1d32-6645-4ae3-8ca7-276260105c75,explorer.exe,,C:\Users\フォーレスト026\.gemini\antigravity - エクスプローラー,macro,0,0,0,5,0,0,0.0,0.0,0,0,2026-08-08 08:45:05,0,0,0
27927,ea8b1d32-6645-4ae3-8ca7-276260105c75,explorer.exe,,C:\Users\フォーレスト026\.gemini\antigravity - エクスプローラー,macro,0,0,0,5,0,0,0.0,0.0,0,0,2026-08-08 08:44:55,0,0,0
27926,ea8b1d32-6645-4ae3-8ca7-276260105c75,explorer.exe,,C:\Users\フォーレスト026 - エクスプローラー,macro,0,0,0,5,0,0,0.0,0.0,0,0,2026-08-08 08:44:54,0,0,0
27925,ea8b1d32-6645-4ae3-8ca7-276260105c75,explorer.exe,,C:\ - エクスプローラー,macro,0,0,0,5,0,0,0.0,0.0,0,0,2026-08-08 08:44:44,0,0,0
27924,ea8b1d32-6645-4ae3-8ca7-276260105c75,explorer.exe,,C:\ - エクスプローラー,macro,0,0,0,5,0,0,0.0,0.0,0,0,2026-08-08 08:44:44,0,0,0
27923,ea8b1d32-6645-4ae3-8ca7-276260105c75,explorer.exe,,C:\ - エクスプローラー,macro,0,0,0,5,0,0,0.0,0.0,0,0,2026-08-08 08:44:34,0,0,0
27922,ea8b1d32-6645-4ae3-8ca7-276260105c75,explorer.exe,,C:\ - エクスプローラー,macro,0,0,0,5,0,0,0.0,0.0,0,0,2026-08-08 08:44:33,0,0,0
27921,ea8b1d32-6645-4ae3-8ca7-276260105c75,explorer.exe,,C:\Users\フォーレスト026\MyProject\TaskMiningClient\dist\ForestTaskMiningSystem - エクスプローラー,macro,0,0,0,5,0,0,0.0,0.0,0,0,2026-08-08 08:44:23,0,0,0
27920,ea8b1d32-6645-4ae3-8ca7-276260105c75,Antigravity IDE.exe,,Antigravity IDE,macro,0,0,0,5,0,0,0.0,0.0,0,0,2026-08-08 08:44:23,0,0,0
27919,ea8b1d32-6645-4ae3-8ca7-276260105c75,Antigravity IDE.exe,,Antigravity IDE,macro,0,0,0,5,0,0,0.0,0.0,0,0,2026-08-08 08:44:23,0,0,0
27918,ea8b1d32-6645-4ae3-8ca7-276260105c75,chrome.exe,,簡易業務日報 - 20260727 - Google Chrome,macro,0,0,0,5,0,0,0.0,0.0,0,0,2026-08-08 08:44:12,0,0,0
27917,ea8b1d32-6645-4ae3-8ca7-276260105c75,chrome.exe,,簡易業務日報 - 20260727 - Google Chrome,macro,0,0,0,5,0,0,0.0,0.0,0,0,2026-08-08 08:44:12,0,0,0
27916,ea8b1d32-6645-4ae3-8ca7-276260105c75,Antigravity IDE.exe,,Antigravity IDE,macro,0,0,0,5,0,0,0.0,0.0,0,0,2026-08-08 08:44:02,0,0,0
27915,ea8b1d32-6645-4ae3-8ca7-276260105c75,Antigravity IDE.exe,,Antigravity IDE,macro,0,0,0,5,0,0,0.0,0.0,0,0,2026-08-08 08:44:02,0,0,0
27914,ea8b1d32-6645-4ae3-8ca7-276260105c75,chrome.exe,,ワールドモニター — リアルタイム グローバルインテリジェンスダッシュボード - Google Chrome,macro,0,0,0,5,0,0,0.0,0.0,0,0,2026-08-08 08:43:51,0,0,0
27913,ea8b1d32-6645-4ae3-8ca7-276260105c75,Antigravity IDE.exe,,Antigravity IDE,macro,0,0,0,5,0,0,0.0,0.0,0,0,2026-08-08 08:43:51,0,0,0
27912,ea8b1d32-6645-4ae3-8ca7-276260105c75,Antigravity IDE.exe,,Antigravity IDE,macro,0,0,0,5,0,0,0.0,0.0,0,0,2026-08-08 08:43:41,0,0,0
27911,ea8b1d32-6645-4ae3-8ca7-276260105c75,Antigravity IDE.exe,,Antigravity IDE,macro,0,0,0,5,0,0,0.0,0.0,0,0,2026-08-08 08:43:40,0,0,0
27910,ea8b1d32-6645-4ae3-8ca7-276260105c75,Antigravity IDE.exe,,Antigravity IDE,macro,0,0,0,5,0,0,0.0,0.0,0,0,2026-08-08 08:43:30,0,0,0
27909,ea8b1d32-6645-4ae3-8ca7-276260105c75,Antigravity IDE.exe,,Antigravity IDE,macro,0,0,0,5,0,0,0.0,0.0,0,0,2026-08-08 08:43:30,0,0,0
27908,ea8b1d32-6645-4ae3-8ca7-276260105c75,Antigravity IDE.exe,,Antigravity IDE,macro,0,0,0,5,0,0,0.0,0.0,0,0,2026-08-08 08:43:20,0,0,0
27907,ea8b1d32-6645-4ae3-8ca7-276260105c75,Antigravity IDE.exe,,Antigravity IDE,macro,0,0,0,5,0,0,0.0,0.0,0,0,2026-08-08 08:43:19,0,0,0
27906,ea8b1d32-6645-4ae3-8ca7-276260105c75,Antigravity IDE.exe,,Antigravity IDE,macro,0,0,0,5,0,0,0.0,0.0,0,0,2026-08-08 08:43:09,0,0,0
27905,ea8b1d32-6645-4ae3-8ca7-276260105c75,explorer.exe,,,macro,0,0,0,5,0,0,0.0,0.0,0,0,2026-08-08 08:43:09,0,0,0
27904,ea8b1d32-6645-4ae3-8ca7-276260105c75,explorer.exe,,,macro,0,0,0,5,0,0,0.0,0.0,0,0,2026-08-08 08:42:59,0,0,0
27903,ea8b1d32-6645-4ae3-8ca7-276260105c75,Antigravity IDE.exe,,Antigravity IDE,macro,0,0,0,5,0,0,0.0,0.0,0,0,2026-08-08 08:42:58,0,0,0
27902,ea8b1d32-6645-4ae3-8ca7-276260105c75,Antigravity IDE.exe,,Antigravity IDE,macro,0,0,0,5,0,0,0.0,0.0,0,0,2026-08-08 08:42:48,0,0,0
27901,ea8b1d32-6645-4ae3-8ca7-276260105c75,Antigravity IDE.exe,,Antigravity IDE,macro,0,0,0,5,0,0,0.0,0.0,0,0,2026-08-08 08:42:48,0,0,0
27900,ea8b1d32-6645-4ae3-8ca7-276260105c75,Antigravity IDE.exe,,Antigravity IDE,macro,0,0,0,5,0,0,0.0,0.0,0,0,2026-08-08 08:42:38,0,0,0
27899,ea8b1d32-6645-4ae3-8ca7-276260105c75,Antigravity IDE.exe,,Antigravity IDE,macro,0,0,0,5,0,0,0.0,0.0,0,0,2026-08-08 08:42:37,0,0,0
27898,ea8b1d32-6645-4ae3-8ca7-276260105c75,Antigravity IDE.exe,,Antigravity IDE,macro,0,0,0,5,0,0,0.0,0.0,0,0,2026-08-08 08:42:27,0,0,0
27897,ea8b1d32-6645-4ae3-8ca7-276260105c75,Antigravity IDE.exe,,Antigravity IDE,macro,0,0,0,5,0,0,0.0,0.0,0,0,2026-08-08 08:42:27,0,0,0
27896,ea8b1d32-6645-4ae3-8ca7-276260105c75,Antigravity IDE.exe,,Antigravity IDE,macro,0,0,0,5,0,0,0.0,0.0,0,0,2026-08-08 08:42:27,0,0,0
27895,ea8b1d32-6645-4ae3-8ca7-276260105c75,Antigravity IDE.exe,,Antigravity IDE,macro,0,0,0,5,0,0,0.0,0.0,0,0,2026-08-08 08:42:16,0,0,0
27894,ea8b1d32-6645-4ae3-8ca7-276260105c75,Antigravity IDE.exe,,Antigravity IDE,macro,0,0,0,5,0,0,0.0,0.0,0,0,2026-08-08 08:42:16,0,0,0
27893,ea8b1d32-6645-4ae3-8ca7-276260105c75,Antigravity IDE.exe,,Antigravity IDE,macro,0,0,0,5,0,0,0.0,0.0,0,0,2026-08-08 08:42:06,0,0,0
27892,ea8b1d32-6645-4ae3-8ca7-276260105c75,Antigravity IDE.exe,,Antigravity IDE,macro,0,0,0,5,0,0,0.0,0.0,0,0,2026-08-08 08:42:06,0,0,0
27891,ea8b1d32-6645-4ae3-8ca7-276260105c75,Antigravity IDE.exe,,Antigravity IDE,macro,0,0,0,5,0,0,0.0,0.0,0,0,2026-08-08 08:41:55,0,0,0
27890,ea8b1d32-6645-4ae3-8ca7-276260105c75,Antigravity IDE.exe,,Antigravity IDE,macro,0,0,0,5,0,0,0.0,0.0,0,0,2026-08-08 08:41:55,0,0,0
27889,ea8b1d32-6645-4ae3-8ca7-276260105c75,Antigravity IDE.exe,,Antigravity IDE,macro,0,0,0,5,0,0,0.0,0.0,0,0,2026-08-08 08:41:45,0,0,0
27888,ea8b1d32-6645-4ae3-8ca7-276260105c75,Antigravity IDE.exe,,Antigravity IDE,macro,0,0,0,5,0,0,0.0,0.0,0,0,2026-08-08 08:41:45,0,0,0
27887,ea8b1d32-6645-4ae3-8ca7-276260105c75,Antigravity IDE.exe,,Antigravity IDE,macro,0,0,0,5,0,0,0.0,0.0,0,0,2026-08-08 08:41:34,0,0,0
27886,ea8b1d32-6645-4ae3-8ca7-276260105c75,Antigravity IDE.exe,,Antigravity IDE,macro,0,0,0,5,0,0,0.0,0.0,0,0,2026-08-08 08:41:34,0,0,0
27885,ea8b1d32-6645-4ae3-8ca7-276260105c75,Antigravity IDE.exe,,Antigravity IDE,macro,0,0,0,5,0,0,0.0,0.0,0,0,2026-08-08 08:41:24,0,0,0
27884,ea8b1d32-6645-4ae3-8ca7-276260105c75,Antigravity IDE.exe,,Antigravity IDE,macro,0,0,0,5,0,0,0.0,0.0,0,0,2026-08-08 08:41:23,0,0,0
27883,ea8b1d32-6645-4ae3-8ca7-276260105c75,Antigravity IDE.exe,,Antigravity IDE,macro,0,0,0,5,0,0,0.0,0.0,0,0,2026-08-08 08:41:13,0,0,0
27882,ea8b1d32-6645-4ae3-8ca7-276260105c75,Antigravity IDE.exe,,Antigravity IDE,macro,0,0,0,5,0,0,0.0,0.0,0,0,2026-08-08 08:41:13,0,0,0
27881,ea8b1d32-6645-4ae3-8ca7-276260105c75,Antigravity IDE.exe,,Antigravity IDE,macro,0,0,0,5,0,0,0.0,0.0,0,0,2026-08-08 08:41:03,0,0,0
27880,ea8b1d32-6645-4ae3-8ca7-276260105c75,Antigravity IDE.exe,,Antigravity IDE,macro,0,0,0,5,0,0,0.0,0.0,0,0,2026-08-08 08:41:02,0,0,0
27879,ea8b1d32-6645-4ae3-8ca7-276260105c75,Antigravity IDE.exe,,Antigravity IDE,macro,0,0,0,5,0,0,0.0,0.0,0,0,2026-08-08 08:40:52,0,0,0
27878,ea8b1d32-6645-4ae3-8ca7-276260105c75,Antigravity IDE.exe,,Antigravity IDE,macro,0,0,0,5,0,0,0.0,0.0,0,0,2026-08-08 08:40:52,0,0,0
27877,ea8b1d32-6645-4ae3-8ca7-276260105c75,Antigravity IDE.exe,,Antigravity IDE,macro,0,0,0,5,0,0,0.0,0.0,0,0,2026-08-08 08:40:42,0,0,0
27876,ea8b1d32-6645-4ae3-8ca7-276260105c75,chrome.exe,,詳細DX抽出レポート - 20260727 (ミクロビュー) - Google Chrome,macro,0,0,0,5,0,0,0.0,0.0,0,0,2026-08-08 08:40:41,0,0,0
27875,ea8b1d32-6645-4ae3-8ca7-276260105c75,chrome.exe,,詳細DX抽出レポート - 20260727 (ミクロビュー) - Google Chrome,macro,0,0,0,5,0,0,0.0,0.0,0,0,2026-08-08 08:40:31,0,0,0
27874,ea8b1d32-6645-4ae3-8ca7-276260105c75,chrome.exe,,詳細DX抽出レポート - 20260727 (ミクロビュー) - Google Chrome,macro,0,0,0,5,0,0,0.0,0.0,0,0,2026-08-08 08:40:31,0,0,0
27873,ea8b1d32-6645-4ae3-8ca7-276260105c75,Antigravity IDE.exe,,Antigravity IDE,macro,0,0,0,5,0,0,0.0,0.0,0,0,2026-08-08 08:40:31,0,0,0
27872,ea8b1d32-6645-4ae3-8ca7-276260105c75,chrome.exe,,詳細DX抽出レポート - 20260727 (ミクロビュー) - Google Chrome,macro,0,0,0,5,0,0,0.0,0.0,0,0,2026-08-08 08:40:20,0,0,0
27871,ea8b1d32-6645-4ae3-8ca7-276260105c75,chrome.exe,,詳細DX抽出レポート - 20260727 (ミクロビュー) - Google Chrome,macro,0,0,0,5,0,0,0.0,0.0,0,0,2026-08-08 08:40:20,0,0,0
27870,ea8b1d32-6645-4ae3-8ca7-276260105c75,chrome.exe,,詳細DX抽出レポート - 20260727 (ミクロビュー) - Google Chrome,macro,0,0,0,5,0,0,0.0,0.0,0,0,2026-08-08 08:40:10,0,0,0
27869,ea8b1d32-6645-4ae3-8ca7-276260105c75,remoting_desktop.exe,,,macro,0,0,0,5,0,0,0.0,0.0,0,0,2026-08-08 08:40:10,0,0,0
27868,ea8b1d32-6645-4ae3-8ca7-276260105c75,remoting_desktop.exe,,,macro,0,0,0,5,0,0,0.0,0.0,0,0,2026-08-08 08:39:59,0,0,0
27867,ea8b1d32-6645-4ae3-8ca7-276260105c75,remoting_desktop.exe,,,macro,0,0,0,5,0,0,0.0,0.0,0,0,2026-08-08 08:39:59,0,0,0
27866,ea8b1d32-6645-4ae3-8ca7-276260105c75,LockApp.exe,,Windows の既定のロック画面,macro,0,0,0,5,0,0,0.0,0.0,0,0,2026-08-08 08:39:49,0,0,0
27865,ea8b1d32-6645-4ae3-8ca7-276260105c75,LockApp.exe,,Windows の既定のロック画面,macro,0,0,0,5,0,0,0.0,0.0,0,0,2026-08-08 08:39:48,0,0,0
27864,ea8b1d32-6645-4ae3-8ca7-276260105c75,LockApp.exe,,Windows の既定のロック画面,macro,0,0,0,5,0,0,0.0,0.0,0,0,2026-08-08 08:39:38,0,0,0
27863,ea8b1d32-6645-4ae3-8ca7-276260105c75,LockApp.exe,,Windows の既定のロック画面,macro,0,0,0,5,0,0,0.0,0.0,0,0,2026-08-08 08:39:38,0,0,0
27862,ea8b1d32-6645-4ae3-8ca7-276260105c75,LockApp.exe,,Windows の既定のロック画面,macro,0,0,0,5,0,0,0.0,0.0,0,0,2026-08-08 08:39:28,0,0,0
27861,ea8b1d32-6645-4ae3-8ca7-276260105c75,LockApp.exe,,Windows の既定のロック画面,macro,0,0,0,5,0,0,0.0,0.0,0,0,2026-08-08 08:39:27,0,0,0
27860,ea8b1d32-6645-4ae3-8ca7-276260105c75,LockApp.exe,,Windows の既定のロック画面,macro,0,0,0,5,0,0,0.0,0.0,0,0,2026-08-08 08:39:17,0,0,0
27859,ea8b1d32-6645-4ae3-8ca7-276260105c75,LockApp.exe,,Windows の既定のロック画面,macro,0,0,0,5,0,0,0.0,0.0,0,0,2026-08-08 08:39:17,0,0,0
27858,ea8b1d32-6645-4ae3-8ca7-276260105c75,LockApp.exe,,Windows の既定のロック画面,macro,0,0,0,5,0,0,0.0,0.0,0,0,2026-08-08 08:39:06,0,0,0
27857,ea8b1d32-6645-4ae3-8ca7-276260105c75,LockApp.exe,,Windows の既定のロック画面,macro,0,0,0,5,0,0,0.0,0.0,0,0,2026-08-08 08:39:06,0,0,0
27856,ea8b1d32-6645-4ae3-8ca7-276260105c75,LockApp.exe,,Windows の既定のロック画面,macro,0,0,0,5,0,0,0.0,0.0,0,0,2026-08-08 08:38:56,0,0,0
27855,ea8b1d32-6645-4ae3-8ca7-276260105c75,LockApp.exe,,Windows の既定のロック画面,macro,0,0,0,5,0,0,0.0,0.0,0,0,2026-08-08 08:38:55,0,0,0
27854,ea8b1d32-6645-4ae3-8ca7-276260105c75,LockApp.exe,,Windows の既定のロック画面,macro,0,0,0,5,0,0,0.0,0.0,0,0,2026-08-08 08:38:55,0,0,0
27853,ea8b1d32-6645-4ae3-8ca7-276260105c75,LockApp.exe,,Windows の既定のロック画面,macro,0,0,0,5,0,0,0.0,0.0,0,0,2026-08-08 08:38:45,0,0,0
27852,ea8b1d32-6645-4ae3-8ca7-276260105c75,LockApp.exe,,Windows の既定のロック画面,macro,0,0,0,5,0,0,0.0,0.0,0,0,2026-08-08 08:38:44,0,0,0
27851,ea8b1d32-6645-4ae3-8ca7-276260105c75,LockApp.exe,,Windows の既定のロック画面,macro,0,0,0,5,0,0,0.0,0.0,0,0,2026-08-08 08:38:34,0,0,0
27850,ea8b1d32-6645-4ae3-8ca7-276260105c75,LockApp.exe,,Windows の既定のロック画面,macro,0,0,0,5,0,0,0.0,0.0,0,0,2026-08-08 08:38:34,0,0,0
27849,ea8b1d32-6645-4ae3-8ca7-276260105c75,LockApp.exe,,Windows の既定のロック画面,macro,0,0,0,5,0,0,0.0,0.0,0,0,2026-08-08 08:38:24,0,0,0
27848,ea8b1d32-6645-4ae3-8ca7-276260105c75,LockApp.exe,,Windows の既定のロック画面,macro,0,0,0,5,0,0,0.0,0.0,0,0,2026-08-08 08:38:23,0,0,0
27847,ea8b1d32-6645-4ae3-8ca7-276260105c75,LockApp.exe,,Windows の既定のロック画面,macro,0,0,0,5,0,0,0.0,0.0,0,0,2026-08-08 08:38:13,0,0,0
27846,ea8b1d32-6645-4ae3-8ca7-276260105c75,LockApp.exe,,Windows の既定のロック画面,macro,0,0,0,5,0,0,0.0,0.0,0,0,2026-08-08 08:38:13,0,0,0
27845,ea8b1d32-6645-4ae3-8ca7-276260105c75,LockApp.exe,,Windows の既定のロック画面,macro,0,0,0,5,0,0,0.0,0.0,0,0,2026-08-08 08:38:02,0,0,0
27844,ea8b1d32-6645-4ae3-8ca7-276260105c75,LockApp.exe,,Windows の既定のロック画面,macro,0,0,0,5,0,0,0.0,0.0,0,0,2026-08-08 08:38:02,0,0,0
27843,ea8b1d32-6645-4ae3-8ca7-276260105c75,LockApp.exe,,Windows の既定のロック画面,macro,0,0,0,5,0,0,0.0,0.0,0,0,2026-08-08 08:37:52,0,0,0
27842,ea8b1d32-6645-4ae3-8ca7-276260105c75,LockApp.exe,,Windows の既定のロック画面,macro,0,0,0,5,0,0,0.0,0.0,0,0,2026-08-08 08:37:52,0,0,0
27841,ea8b1d32-6645-4ae3-8ca7-276260105c75,LockApp.exe,,Windows の既定のロック画面,macro,0,0,0,5,0,0,0.0,0.0,0,0,2026-08-08 08:37:41,0,0,0
27840,ea8b1d32-6645-4ae3-8ca7-276260105c75,LockApp.exe,,Windows の既定のロック画面,macro,0,0,0,5,0,0,0.0,0.0,0,0,2026-08-08 08:37:41,0,0,0
27839,ea8b1d32-6645-4ae3-8ca7-276260105c75,LockApp.exe,,Windows の既定のロック画面,macro,0,0,0,5,0,0,0.0,0.0,0,0,2026-08-08 08:37:31,0,0,0
27838,ea8b1d32-6645-4ae3-8ca7-276260105c75,LockApp.exe,,Windows の既定のロック画面,macro,0,0,0,5,0,0,0.0,0.0,0,0,2026-08-08 08:37:30,0,0,0
27837,ea8b1d32-6645-4ae3-8ca7-276260105c75,LockApp.exe,,Windows の既定のロック画面,macro,0,0,0,5,0,0,0.0,0.0,0,0,2026-08-08 08:37:20,0,0,0
27836,ea8b1d32-6645-4ae3-8ca7-276260105c75,LockApp.exe,,Windows の既定のロック画面,macro,0,0,0,5,0,0,0.0,0.0,0,0,2026-08-08 08:37:20,0,0,0
27835,ea8b1d32-6645-4ae3-8ca7-276260105c75,LockApp.exe,,Windows の既定のロック画面,macro,0,0,0,5,0,0,0.0,0.0,0,0,2026-08-08 08:37:19,0,0,0
27834,ea8b1d32-6645-4ae3-8ca7-276260105c75,LockApp.exe,,Windows の既定のロック画面,macro,0,0,0,5,0,0,0.0,0.0,0,0,2026-08-08 08:37:09,0,0,0
27833,ea8b1d32-6645-4ae3-8ca7-276260105c75,LockApp.exe,,Windows の既定のロック画面,macro,0,0,0,5,0,0,0.0,0.0,0,0,2026-08-08 08:37:09,0,0,0
27832,ea8b1d32-6645-4ae3-8ca7-276260105c75,LockApp.exe,,Windows の既定のロック画面,macro,0,0,0,5,0,0,0.0,0.0,0,0,2026-08-08 08:36:58,0,0,0
27831,ea8b1d32-6645-4ae3-8ca7-276260105c75,LockApp.exe,,Windows の既定のロック画面,macro,0,0,0,5,0,0,0.0,0.0,0,0,2026-08-08 08:36:58,0,0,0
27830,ea8b1d32-6645-4ae3-8ca7-276260105c75,LockApp.exe,,Windows の既定のロック画面,macro,0,0,0,5,0,0,0.0,0.0,0,0,2026-08-08 08:36:48,0,0,0
27829,ea8b1d32-6645-4ae3-8ca7-276260105c75,LockApp.exe,,Windows の既定のロック画面,macro,0,0,0,5,0,0,0.0,0.0,0,0,2026-08-08 08:36:47,0,0,0
27828,ea8b1d32-6645-4ae3-8ca7-276260105c75,LockApp.exe,,Windows の既定のロック画面,macro,0,0,0,5,0,0,0.0,0.0,0,0,2026-08-08 08:36:37,0,0,0
27827,ea8b1d32-6645-4ae3-8ca7-276260105c75,LockApp.exe,,Windows の既定のロック画面,macro,0,0,0,5,0,0,0.0,0.0,0,0,2026-08-08 08:36:37,0,0,0
27826,ea8b1d32-6645-4ae3-8ca7-276260105c75,LockApp.exe,,Windows の既定のロック画面,macro,0,0,0,5,0,0,0.0,0.0,0,0,2026-08-08 08:36:26,0,0,0
27825,ea8b1d32-6645-4ae3-8ca7-276260105c75,LockApp.exe,,Windows の既定のロック画面,macro,0,0,0,5,0,0,0.0,0.0,0,0,2026-08-08 08:36:26,0,0,0
27824,ea8b1d32-6645-4ae3-8ca7-276260105c75,LockApp.exe,,Windows の既定のロック画面,macro,0,0,0,5,0,0,0.0,0.0,0,0,2026-08-08 08:36:16,0,0,0
27823,ea8b1d32-6645-4ae3-8ca7-276260105c75,LockApp.exe,,Windows の既定のロック画面,macro,0,0,0,5,0,0,0.0,0.0,0,0,2026-08-08 08:36:16,0,0,0
27822,ea8b1d32-6645-4ae3-8ca7-276260105c75,LockApp.exe,,Windows の既定のロック画面,macro,0,0,0,5,0,0,0.0,0.0,0,0,2026-08-08 08:36:05,0,0,0
27821,ea8b1d32-6645-4ae3-8ca7-276260105c75,LockApp.exe,,Windows の既定のロック画面,macro,0,0,0,5,0,0,0.0,0.0,0,0,2026-08-08 08:36:05,0,0,0
27820,ea8b1d32-6645-4ae3-8ca7-276260105c75,LockApp.exe,,Windows の既定のロック画面,macro,0,0,0,5,0,0,0.0,0.0,0,0,2026-08-08 08:35:55,0,0,0
27819,ea8b1d32-6645-4ae3-8ca7-276260105c75,LockApp.exe,,Windows の既定のロック画面,macro,0,0,0,5,0,0,0.0,0.0,0,0,2026-08-08 08:35:54,0,0,0
27818,ea8b1d32-6645-4ae3-8ca7-276260105c75,LockApp.exe,,Windows の既定のロック画面,macro,0,0,0,5,0,0,0.0,0.0,0,0,2026-08-08 08:35:44,0,0,0
27817,ea8b1d32-6645-4ae3-8ca7-276260105c75,LockApp.exe,,Windows の既定のロック画面,macro,0,0,0,5,0,0,0.0,0.0,0,0,2026-08-08 08:35:44,0,0,0
27816,ea8b1d32-6645-4ae3-8ca7-276260105c75,LockApp.exe,,Windows の既定のロック画面,macro,0,0,0,5,0,0,0.0,0.0,0,0,2026-08-08 08:35:43,0,0,0
27815,ea8b1d32-6645-4ae3-8ca7-276260105c75,LockApp.exe,,Windows の既定のロック画面,macro,0,0,0,5,0,0,0.0,0.0,0,0,2026-08-08 08:35:33,0,0,0
27814,ea8b1d32-6645-4ae3-8ca7-276260105c75,LockApp.exe,,Windows の既定のロック画面,macro,0,0,0,5,0,0,0.0,0.0,0,0,2026-08-08 08:35:33,0,0,0
27813,ea8b1d32-6645-4ae3-8ca7-276260105c75,LockApp.exe,,Windows の既定のロック画面,macro,0,0,0,5,0,0,0.0,0.0,0,0,2026-08-08 08:35:22,0,0,0
27812,ea8b1d32-6645-4ae3-8ca7-276260105c75,LockApp.exe,,Windows の既定のロック画面,macro,0,0,0,5,0,0,0.0,0.0,0,0,2026-08-08 08:35:22,0,0,0
27811,ea8b1d32-6645-4ae3-8ca7-276260105c75,LockApp.exe,,Windows の既定のロック画面,macro,0,0,0,5,0,0,0.0,0.0,0,0,2026-08-08 08:35:12,0,0,0
27810,ea8b1d32-6645-4ae3-8ca7-276260105c75,LockApp.exe,,Windows の既定のロック画面,macro,0,0,0,5,0,0,0.0,0.0,0,0,2026-08-08 08:35:12,0,0,0
27809,ea8b1d32-6645-4ae3-8ca7-276260105c75,LockApp.exe,,Windows の既定のロック画面,macro,0,0,0,5,0,0,0.0,0.0,0,0,2026-08-08 08:35:01,0,0,0
27808,ea8b1d32-6645-4ae3-8ca7-276260105c75,LockApp.exe,,Windows の既定のロック画面,macro,0,0,0,5,0,0,0.0,0.0,0,0,2026-08-08 08:35:01,0,0,0
27807,ea8b1d32-6645-4ae3-8ca7-276260105c75,LockApp.exe,,Windows の既定のロック画面,macro,0,0,0,5,0,0,0.0,0.0,0,0,2026-08-08 08:34:51,0,0,0
27806,ea8b1d32-6645-4ae3-8ca7-276260105c75,LockApp.exe,,Windows の既定のロック画面,macro,0,0,0,5,0,0,0.0,0.0,0,0,2026-08-08 08:34:50,0,0,0
27805,ea8b1d32-6645-4ae3-8ca7-276260105c75,LockApp.exe,,Windows の既定のロック画面,macro,0,0,0,5,0,0,0.0,0.0,0,0,2026-08-08 08:34:40,0,0,0
27804,ea8b1d32-6645-4ae3-8ca7-276260105c75,LockApp.exe,,Windows の既定のロック画面,macro,0,0,0,5,0,0,0.0,0.0,0,0,2026-08-08 08:34:40,0,0,0
27803,ea8b1d32-6645-4ae3-8ca7-276260105c75,LockApp.exe,,Windows の既定のロック画面,macro,0,0,0,5,0,0,0.0,0.0,0,0,2026-08-08 08:34:30,0,0,0
27802,ea8b1d32-6645-4ae3-8ca7-276260105c75,LockApp.exe,,Windows の既定のロック画面,macro,0,0,0,5,0,0,0.0,0.0,0,0,2026-08-08 08:34:29,0,0,0
27801,ea8b1d32-6645-4ae3-8ca7-276260105c75,LockApp.exe,,Windows の既定のロック画面,macro,0,0,0,5,0,0,0.0,0.0,0,0,2026-08-08 08:34:19,0,0,0
27800,ea8b1d32-6645-4ae3-8ca7-276260105c75,LockApp.exe,,Windows の既定のロック画面,macro,0,0,0,5,0,0,0.0,0.0,0,0,2026-08-08 08:34:19,0,0,0
27799,ea8b1d32-6645-4ae3-8ca7-276260105c75,LockApp.exe,,Windows の既定のロック画面,macro,0,0,0,5,0,0,0.0,0.0,0,0,2026-08-08 08:34:08,0,0,0
27798,ea8b1d32-6645-4ae3-8ca7-276260105c75,LockApp.exe,,Windows の既定のロック画面,macro,0,0,0,5,0,0,0.0,0.0,0,0,2026-08-08 08:34:08,0,0,0
27797,ea8b1d32-6645-4ae3-8ca7-276260105c75,LockApp.exe,,Windows の既定のロック画面,macro,0,0,0,5,0,0,0.0,0.0,0,0,2026-08-08 08:34:08,0,0,0
27796,ea8b1d32-6645-4ae3-8ca7-276260105c75,LockApp.exe,,Windows の既定のロック画面,macro,0,0,0,5,0,0,0.0,0.0,0,0,2026-08-08 08:33:57,0,0,0
27795,ea8b1d32-6645-4ae3-8ca7-276260105c75,LockApp.exe,,Windows の既定のロック画面,macro,0,0,0,5,0,0,0.0,0.0,0,0,2026-08-08 08:33:57,0,0,0
27794,ea8b1d32-6645-4ae3-8ca7-276260105c75,LockApp.exe,,Windows の既定のロック画面,macro,0,0,0,5,0,0,0.0,0.0,0,0,2026-08-08 08:33:47,0,0,0
27793,ea8b1d32-6645-4ae3-8ca7-276260105c75,LockApp.exe,,Windows の既定のロック画面,macro,0,0,0,5,0,0,0.0,0.0,0,0,2026-08-08 08:33:46,0,0,0
27792,ea8b1d32-6645-4ae3-8ca7-276260105c75,LockApp.exe,,Windows の既定のロック画面,macro,0,0,0,5,0,0,0.0,0.0,0,0,2026-08-08 08:33:36,0,0,0
27791,ea8b1d32-6645-4ae3-8ca7-276260105c75,LockApp.exe,,Windows の既定のロック画面,macro,0,0,0,5,0,0,0.0,0.0,0,0,2026-08-08 08:33:36,0,0,0
27790,ea8b1d32-6645-4ae3-8ca7-276260105c75,LockApp.exe,,Windows の既定のロック画面,macro,0,0,0,5,0,0,0.0,0.0,0,0,2026-08-08 08:33:25,0,0,0
27789,ea8b1d32-6645-4ae3-8ca7-276260105c75,LockApp.exe,,Windows の既定のロック画面,macro,0,0,0,5,0,0,0.0,0.0,0,0,2026-08-08 08:33:25,0,0,0
27788,ea8b1d32-6645-4ae3-8ca7-276260105c75,LockApp.exe,,Windows の既定のロック画面,macro,0,0,0,5,0,0,0.0,0.0,0,0,2026-08-08 08:33:15,0,0,0
27787,ea8b1d32-6645-4ae3-8ca7-276260105c75,LockApp.exe,,Windows の既定のロック画面,macro,0,0,0,5,0,0,0.0,0.0,0,0,2026-08-08 08:33:15,0,0,0
27786,ea8b1d32-6645-4ae3-8ca7-276260105c75,LockApp.exe,,Windows の既定のロック画面,macro,0,0,0,5,0,0,0.0,0.0,0,0,2026-08-08 08:33:04,0,0,0
27785,ea8b1d32-6645-4ae3-8ca7-276260105c75,LockApp.exe,,Windows の既定のロック画面,macro,0,0,0,5,0,0,0.0,0.0,0,0,2026-08-08 08:33:04,0,0,0
27784,ea8b1d32-6645-4ae3-8ca7-276260105c75,LockApp.exe,,Windows の既定のロック画面,macro,0,0,0,5,0,0,0.0,0.0,0,0,2026-08-08 08:32:54,0,0,0
27783,ea8b1d32-6645-4ae3-8ca7-276260105c75,LockApp.exe,,Windows の既定のロック画面,macro,0,0,0,5,0,0,0.0,0.0,0,0,2026-08-08 08:32:53,0,0,0
27782,ea8b1d32-6645-4ae3-8ca7-276260105c75,LockApp.exe,,Windows の既定のロック画面,macro,0,0,0,5,0,0,0.0,0.0,0,0,2026-08-08 08:32:43,0,0,0
27781,ea8b1d32-6645-4ae3-8ca7-276260105c75,LockApp.exe,,Windows の既定のロック画面,macro,0,0,0,5,0,0,0.0,0.0,0,0,2026-08-08 08:32:43,0,0,0
27780,ea8b1d32-6645-4ae3-8ca7-276260105c75,LockApp.exe,,Windows の既定のロック画面,macro,0,0,0,5,0,0,0.0,0.0,0,0,2026-08-08 08:32:33,0,0,0
27779,ea8b1d32-6645-4ae3-8ca7-276260105c75,LockApp.exe,,Windows の既定のロック画面,macro,0,0,0,5,0,0,0.0,0.0,0,0,2026-08-08 08:32:32,0,0,0
27778,ea8b1d32-6645-4ae3-8ca7-276260105c75,LockApp.exe,,Windows の既定のロック画面,macro,0,0,0,5,0,0,0.0,0.0,0,0,2026-08-08 08:32:32,0,0,0
27777,ea8b1d32-6645-4ae3-8ca7-276260105c75,LockApp.exe,,Windows の既定のロック画面,macro,0,0,0,5,0,0,0.0,0.0,0,0,2026-08-08 08:32:22,0,0,0
27776,ea8b1d32-6645-4ae3-8ca7-276260105c75,LockApp.exe,,Windows の既定のロック画面,macro,0,0,0,5,0,0,0.0,0.0,0,0,2026-08-08 08:32:21,0,0,0
27775,ea8b1d32-6645-4ae3-8ca7-276260105c75,LockApp.exe,,Windows の既定のロック画面,macro,0,0,0,5,0,0,0.0,0.0,0,0,2026-08-08 08:32:11,0,0,0
27774,ea8b1d32-6645-4ae3-8ca7-276260105c75,LockApp.exe,,Windows の既定のロック画面,macro,0,0,0,5,0,0,0.0,0.0,0,0,2026-08-08 08:32:11,0,0,0
27773,ea8b1d32-6645-4ae3-8ca7-276260105c75,LockApp.exe,,Windows の既定のロック画面,macro,0,0,0,5,0,0,0.0,0.0,0,0,2026-08-08 08:32:00,0,0,0
27772,ea8b1d32-6645-4ae3-8ca7-276260105c75,LockApp.exe,,Windows の既定のロック画面,macro,0,0,0,5,0,0,0.0,0.0,0,0,2026-08-08 08:32:00,0,0,0
27771,ea8b1d32-6645-4ae3-8ca7-276260105c75,LockApp.exe,,Windows の既定のロック画面,macro,0,0,0,5,0,0,0.0,0.0,0,0,2026-08-08 08:31:50,0,0,0
27770,ea8b1d32-6645-4ae3-8ca7-276260105c75,LockApp.exe,,Windows の既定のロック画面,macro,0,0,0,5,0,0,0.0,0.0,0,0,2026-08-08 08:31:50,0,0,0
27769,ea8b1d32-6645-4ae3-8ca7-276260105c75,LockApp.exe,,Windows の既定のロック画面,macro,0,0,0,5,0,0,0.0,0.0,0,0,2026-08-08 08:31:39,0,0,0
27768,ea8b1d32-6645-4ae3-8ca7-276260105c75,LockApp.exe,,Windows の既定のロック画面,macro,0,0,0,5,0,0,0.0,0.0,0,0,2026-08-08 08:31:39,0,0,0
27767,ea8b1d32-6645-4ae3-8ca7-276260105c75,LockApp.exe,,Windows の既定のロック画面,macro,0,0,0,5,0,0,0.0,0.0,0,0,2026-08-08 08:31:29,0,0,0
27766,ea8b1d32-6645-4ae3-8ca7-276260105c75,LockApp.exe,,Windows の既定のロック画面,macro,0,0,0,5,0,0,0.0,0.0,0,0,2026-08-08 08:31:28,0,0,0
27765,ea8b1d32-6645-4ae3-8ca7-276260105c75,LockApp.exe,,Windows の既定のロック画面,macro,0,0,0,5,0,0,0.0,0.0,0,0,2026-08-08 08:31:18,0,0,0
27764,ea8b1d32-6645-4ae3-8ca7-276260105c75,LockApp.exe,,Windows の既定のロック画面,macro,0,0,0,5,0,0,0.0,0.0,0,0,2026-08-08 08:31:18,0,0,0
27763,ea8b1d32-6645-4ae3-8ca7-276260105c75,LockApp.exe,,Windows の既定のロック画面,macro,0,0,0,5,0,0,0.0,0.0,0,0,2026-08-08 08:31:07,0,0,0
27762,ea8b1d32-6645-4ae3-8ca7-276260105c75,LockApp.exe,,Windows の既定のロック画面,macro,0,0,0,5,0,0,0.0,0.0,0,0,2026-08-08 08:31:07,0,0,0
27761,ea8b1d32-6645-4ae3-8ca7-276260105c75,LockApp.exe,,Windows の既定のロック画面,macro,0,0,0,5,0,0,0.0,0.0,0,0,2026-08-08 08:30:57,0,0,0
27760,ea8b1d32-6645-4ae3-8ca7-276260105c75,LockApp.exe,,Windows の既定のロック画面,macro,0,0,0,5,0,0,0.0,0.0,0,0,2026-08-08 08:30:56,0,0,0
27759,ea8b1d32-6645-4ae3-8ca7-276260105c75,LockApp.exe,,Windows の既定のロック画面,macro,0,0,0,5,0,0,0.0,0.0,0,0,2026-08-08 08:30:56,0,0,0
27758,ea8b1d32-6645-4ae3-8ca7-276260105c75,LockApp.exe,,Windows の既定のロック画面,macro,0,0,0,5,0,0,0.0,0.0,0,0,2026-08-08 08:30:46,0,0,0
27757,ea8b1d32-6645-4ae3-8ca7-276260105c75,LockApp.exe,,Windows の既定のロック画面,macro,0,0,0,5,0,0,0.0,0.0,0,0,2026-08-08 08:30:45,0,0,0
27756,ea8b1d32-6645-4ae3-8ca7-276260105c75,LockApp.exe,,Windows の既定のロック画面,macro,0,0,0,5,0,0,0.0,0.0,0,0,2026-08-08 08:30:35,0,0,0
27755,ea8b1d32-6645-4ae3-8ca7-276260105c75,LockApp.exe,,Windows の既定のロック画面,macro,0,0,0,5,0,0,0.0,0.0,0,0,2026-08-08 08:30:35,0,0,0
27754,ea8b1d32-6645-4ae3-8ca7-276260105c75,LockApp.exe,,Windows の既定のロック画面,macro,0,0,0,5,0,0,0.0,0.0,0,0,2026-08-08 08:30:25,0,0,0
27753,ea8b1d32-6645-4ae3-8ca7-276260105c75,LockApp.exe,,Windows の既定のロック画面,macro,0,0,0,5,0,0,0.0,0.0,0,0,2026-08-08 08:30:24,0,0,0
27752,ea8b1d32-6645-4ae3-8ca7-276260105c75,LockApp.exe,,Windows の既定のロック画面,macro,0,0,0,5,0,0,0.0,0.0,0,0,2026-08-08 08:30:14,0,0,0
27751,ea8b1d32-6645-4ae3-8ca7-276260105c75,LockApp.exe,,Windows の既定のロック画面,macro,0,0,0,5,0,0,0.0,0.0,0,0,2026-08-08 08:30:14,0,0,0
27750,ea8b1d32-6645-4ae3-8ca7-276260105c75,LockApp.exe,,Windows の既定のロック画面,macro,0,0,0,5,0,0,0.0,0.0,0,0,2026-08-08 08:30:03,0,0,0
27749,ea8b1d32-6645-4ae3-8ca7-276260105c75,LockApp.exe,,Windows の既定のロック画面,macro,0,0,0,5,0,0,0.0,0.0,0,0,2026-08-08 08:30:03,0,0,0
27748,ea8b1d32-6645-4ae3-8ca7-276260105c75,LockApp.exe,,Windows の既定のロック画面,macro,0,0,0,5,0,0,0.0,0.0,0,0,2026-08-08 08:29:53,0,0,0
27747,ea8b1d32-6645-4ae3-8ca7-276260105c75,LockApp.exe,,Windows の既定のロック画面,macro,0,0,0,5,0,0,0.0,0.0,0,0,2026-08-08 08:29:52,0,0,0
27746,ea8b1d32-6645-4ae3-8ca7-276260105c75,LockApp.exe,,Windows の既定のロック画面,macro,0,0,0,5,0,0,0.0,0.0,0,0,2026-08-08 08:29:42,0,0,0
27745,ea8b1d32-6645-4ae3-8ca7-276260105c75,LockApp.exe,,Windows の既定のロック画面,macro,0,0,0,5,0,0,0.0,0.0,0,0,2026-08-08 08:29:42,0,0,0
27744,ea8b1d32-6645-4ae3-8ca7-276260105c75,LockApp.exe,,Windows の既定のロック画面,macro,0,0,0,5,0,0,0.0,0.0,0,0,2026-08-08 08:29:31,0,0,0
27743,ea8b1d32-6645-4ae3-8ca7-276260105c75,LockApp.exe,,Windows の既定のロック画面,macro,0,0,0,5,0,0,0.0,0.0,0,0,2026-08-08 08:29:31,0,0,0
27742,ea8b1d32-6645-4ae3-8ca7-276260105c75,LockApp.exe,,Windows の既定のロック画面,macro,0,0,0,5,0,0,0.0,0.0,0,0,2026-08-08 08:29:21,0,0,0
27741,ea8b1d32-6645-4ae3-8ca7-276260105c75,LockApp.exe,,Windows の既定のロック画面,macro,0,0,0,5,0,0,0.0,0.0,0,0,2026-08-08 08:29:20,0,0,0
27740,ea8b1d32-6645-4ae3-8ca7-276260105c75,LockApp.exe,,Windows の既定のロック画面,macro,0,0,0,5,0,0,0.0,0.0,0,0,2026-08-08 08:29:20,0,0,0
27739,ea8b1d32-6645-4ae3-8ca7-276260105c75,LockApp.exe,,Windows の既定のロック画面,macro,0,0,0,5,0,0,0.0,0.0,0,0,2026-08-08 08:29:10,0,0,0
27738,ea8b1d32-6645-4ae3-8ca7-276260105c75,LockApp.exe,,Windows の既定のロック画面,macro,0,0,0,5,0,0,0.0,0.0,0,0,2026-08-08 08:29:09,0,0,0
27737,ea8b1d32-6645-4ae3-8ca7-276260105c75,LockApp.exe,,Windows の既定のロック画面,macro,0,0,0,5,0,0,0.0,0.0,0,0,2026-08-08 08:28:59,0,0,0
27736,ea8b1d32-6645-4ae3-8ca7-276260105c75,LockApp.exe,,Windows の既定のロック画面,macro,0,0,0,5,0,0,0.0,0.0,0,0,2026-08-08 08:28:59,0,0,0
27735,ea8b1d32-6645-4ae3-8ca7-276260105c75,LockApp.exe,,Windows の既定のロック画面,macro,0,0,0,5,0,0,0.0,0.0,0,0,2026-08-08 08:28:49,0,0,0
27734,ea8b1d32-6645-4ae3-8ca7-276260105c75,LockApp.exe,,Windows の既定のロック画面,macro,0,0,0,5,0,0,0.0,0.0,0,0,2026-08-08 08:28:48,0,0,0
27733,ea8b1d32-6645-4ae3-8ca7-276260105c75,LockApp.exe,,Windows の既定のロック画面,macro,0,0,0,5,0,0,0.0,0.0,0,0,2026-08-08 08:28:38,0,0,0
27732,ea8b1d32-6645-4ae3-8ca7-276260105c75,LockApp.exe,,Windows の既定のロック画面,macro,0,0,0,5,0,0,0.0,0.0,0,0,2026-08-08 08:28:38,0,0,0
27731,ea8b1d32-6645-4ae3-8ca7-276260105c75,LockApp.exe,,Windows の既定のロック画面,macro,0,0,0,5,0,0,0.0,0.0,0,0,2026-08-08 08:28:28,0,0,0
27730,ea8b1d32-6645-4ae3-8ca7-276260105c75,LockApp.exe,,Windows の既定のロック画面,macro,0,0,0,5,0,0,0.0,0.0,0,0,2026-08-08 08:28:27,0,0,0
27729,ea8b1d32-6645-4ae3-8ca7-276260105c75,LockApp.exe,,Windows の既定のロック画面,macro,0,0,0,5,0,0,0.0,0.0,0,0,2026-08-08 08:28:17,0,0,0
27728,ea8b1d32-6645-4ae3-8ca7-276260105c75,LockApp.exe,,Windows の既定のロック画面,macro,0,0,0,5,0,0,0.0,0.0,0,0,2026-08-08 08:28:17,0,0,0
27727,ea8b1d32-6645-4ae3-8ca7-276260105c75,LockApp.exe,,Windows の既定のロック画面,macro,0,0,0,5,0,0,0.0,0.0,0,0,2026-08-08 08:28:06,0,0,0
27726,ea8b1d32-6645-4ae3-8ca7-276260105c75,LockApp.exe,,Windows の既定のロック画面,macro,0,0,0,5,0,0,0.0,0.0,0,0,2026-08-08 08:28:06,0,0,0
27725,ea8b1d32-6645-4ae3-8ca7-276260105c75,LockApp.exe,,Windows の既定のロック画面,macro,0,0,0,5,0,0,0.0,0.0,0,0,2026-08-08 08:27:56,0,0,0
27724,ea8b1d32-6645-4ae3-8ca7-276260105c75,LockApp.exe,,Windows の既定のロック画面,macro,0,0,0,5,0,0,0.0,0.0,0,0,2026-08-08 08:27:55,0,0,0
27723,ea8b1d32-6645-4ae3-8ca7-276260105c75,LockApp.exe,,Windows の既定のロック画面,macro,0,0,0,5,0,0,0.0,0.0,0,0,2026-08-08 08:27:45,0,0,0
27722,ea8b1d32-6645-4ae3-8ca7-276260105c75,LockApp.exe,,Windows の既定のロック画面,macro,0,0,0,5,0,0,0.0,0.0,0,0,2026-08-08 08:27:45,0,0,0
27721,ea8b1d32-6645-4ae3-8ca7-276260105c75,LockApp.exe,,Windows の既定のロック画面,macro,0,0,0,5,0,0,0.0,0.0,0,0,2026-08-08 08:27:44,0,0,0
27720,ea8b1d32-6645-4ae3-8ca7-276260105c75,LockApp.exe,,Windows の既定のロック画面,macro,0,0,0,5,0,0,0.0,0.0,0,0,2026-08-08 08:27:34,0,0,0
27719,ea8b1d32-6645-4ae3-8ca7-276260105c75,LockApp.exe,,Windows の既定のロック画面,macro,0,0,0,5,0,0,0.0,0.0,0,0,2026-08-08 08:27:34,0,0,0
27718,ea8b1d32-6645-4ae3-8ca7-276260105c75,LockApp.exe,,Windows の既定のロック画面,macro,0,0,0,5,0,0,0.0,0.0,0,0,2026-08-08 08:27:23,0,0,0
27717,ea8b1d32-6645-4ae3-8ca7-276260105c75,LockApp.exe,,Windows の既定のロック画面,macro,0,0,0,5,0,0,0.0,0.0,0,0,2026-08-08 08:27:23,0,0,0
27716,ea8b1d32-6645-4ae3-8ca7-276260105c75,LockApp.exe,,Windows の既定のロック画面,macro,0,0,0,5,0,0,0.0,0.0,0,0,2026-08-08 08:27:13,0,0,0
27715,ea8b1d32-6645-4ae3-8ca7-276260105c75,LockApp.exe,,Windows の既定のロック画面,macro,0,0,0,5,0,0,0.0,0.0,0,0,2026-08-08 08:27:13,0,0,0
27714,ea8b1d32-6645-4ae3-8ca7-276260105c75,LockApp.exe,,Windows の既定のロック画面,macro,0,0,0,5,0,0,0.0,0.0,0,0,2026-08-08 08:27:02,0,0,0
27713,ea8b1d32-6645-4ae3-8ca7-276260105c75,LockApp.exe,,Windows の既定のロック画面,macro,0,0,0,5,0,0,0.0,0.0,0,0,2026-08-08 08:27:02,0,0,0
27712,ea8b1d32-6645-4ae3-8ca7-276260105c75,LockApp.exe,,Windows の既定のロック画面,macro,0,0,0,5,0,0,0.0,0.0,0,0,2026-08-08 08:26:52,0,0,0
27711,ea8b1d32-6645-4ae3-8ca7-276260105c75,LockApp.exe,,Windows の既定のロック画面,macro,0,0,0,5,0,0,0.0,0.0,0,0,2026-08-08 08:26:51,0,0,0
27710,ea8b1d32-6645-4ae3-8ca7-276260105c75,LockApp.exe,,Windows の既定のロック画面,macro,0,0,0,5,0,0,0.0,0.0,0,0,2026-08-08 08:26:41,0,0,0
27709,ea8b1d32-6645-4ae3-8ca7-276260105c75,LockApp.exe,,Windows の既定のロック画面,macro,0,0,0,5,0,0,0.0,0.0,0,0,2026-08-08 08:26:41,0,0,0
27708,ea8b1d32-6645-4ae3-8ca7-276260105c75,LockApp.exe,,Windows の既定のロック画面,macro,0,0,0,5,0,0,0.0,0.0,0,0,2026-08-08 08:26:30,0,0,0
27707,ea8b1d32-6645-4ae3-8ca7-276260105c75,LockApp.exe,,Windows の既定のロック画面,macro,0,0,0,5,0,0,0.0,0.0,0,0,2026-08-08 08:26:30,0,0,0
27706,ea8b1d32-6645-4ae3-8ca7-276260105c75,LockApp.exe,,Windows の既定のロック画面,macro,0,0,0,5,0,0,0.0,0.0,0,0,2026-08-08 08:26:20,0,0,0
27705,ea8b1d32-6645-4ae3-8ca7-276260105c75,LockApp.exe,,Windows の既定のロック画面,macro,0,0,0,5,0,0,0.0,0.0,0,0,2026-08-08 08:26:20,0,0,0
27704,ea8b1d32-6645-4ae3-8ca7-276260105c75,LockApp.exe,,Windows の既定のロック画面,macro,0,0,0,5,0,0,0.0,0.0,0,0,2026-08-08 08:26:09,0,0,0
27703,ea8b1d32-6645-4ae3-8ca7-276260105c75,LockApp.exe,,Windows の既定のロック画面,macro,0,0,0,5,0,0,0.0,0.0,0,0,2026-08-08 08:26:09,0,0,0
27702,ea8b1d32-6645-4ae3-8ca7-276260105c75,LockApp.exe,,Windows の既定のロック画面,macro,0,0,0,5,0,0,0.0,0.0,0,0,2026-08-08 08:26:09,0,0,0
27701,ea8b1d32-6645-4ae3-8ca7-276260105c75,LockApp.exe,,Windows の既定のロック画面,macro,0,0,0,5,0,0,0.0,0.0,0,0,2026-08-08 08:25:58,0,0,0
27700,ea8b1d32-6645-4ae3-8ca7-276260105c75,LockApp.exe,,Windows の既定のロック画面,macro,0,0,0,5,0,0,0.0,0.0,0,0,2026-08-08 08:25:58,0,0,0
27699,ea8b1d32-6645-4ae3-8ca7-276260105c75,LockApp.exe,,Windows の既定のロック画面,macro,0,0,0,5,0,0,0.0,0.0,0,0,2026-08-08 08:25:48,0,0,0
27698,ea8b1d32-6645-4ae3-8ca7-276260105c75,LockApp.exe,,Windows の既定のロック画面,macro,0,0,0,5,0,0,0.0,0.0,0,0,2026-08-08 08:25:47,0,0,0
27697,ea8b1d32-6645-4ae3-8ca7-276260105c75,LockApp.exe,,Windows の既定のロック画面,macro,0,0,0,5,0,0,0.0,0.0,0,0,2026-08-08 08:25:37,0,0,0
27696,ea8b1d32-6645-4ae3-8ca7-276260105c75,LockApp.exe,,Windows の既定のロック画面,macro,0,0,0,5,0,0,0.0,0.0,0,0,2026-08-08 08:25:37,0,0,0
27695,ea8b1d32-6645-4ae3-8ca7-276260105c75,LockApp.exe,,Windows の既定のロック画面,macro,0,0,0,5,0,0,0.0,0.0,0,0,2026-08-08 08:25:26,0,0,0
27694,ea8b1d32-6645-4ae3-8ca7-276260105c75,LockApp.exe,,Windows の既定のロック画面,macro,0,0,0,5,0,0,0.0,0.0,0,0,2026-08-08 08:25:26,0,0,0
27693,ea8b1d32-6645-4ae3-8ca7-276260105c75,LockApp.exe,,Windows の既定のロック画面,macro,0,0,0,5,0,0,0.0,0.0,0,0,2026-08-08 08:25:16,0,0,0
27692,ea8b1d32-6645-4ae3-8ca7-276260105c75,LockApp.exe,,Windows の既定のロック画面,macro,0,0,0,5,0,0,0.0,0.0,0,0,2026-08-08 08:25:15,0,0,0
27691,ea8b1d32-6645-4ae3-8ca7-276260105c75,LockApp.exe,,Windows の既定のロック画面,macro,0,0,0,5,0,0,0.0,0.0,0,0,2026-08-08 08:25:05,0,0,0
27690,ea8b1d32-6645-4ae3-8ca7-276260105c75,LockApp.exe,,Windows の既定のロック画面,macro,0,0,0,5,0,0,0.0,0.0,0,0,2026-08-08 08:25:05,0,0,0
27689,ea8b1d32-6645-4ae3-8ca7-276260105c75,LockApp.exe,,Windows の既定のロック画面,macro,0,0,0,5,0,0,0.0,0.0,0,0,2026-08-08 08:24:55,0,0,0
27688,ea8b1d32-6645-4ae3-8ca7-276260105c75,LockApp.exe,,Windows の既定のロック画面,macro,0,0,0,5,0,0,0.0,0.0,0,0,2026-08-08 08:24:54,0,0,0
27687,ea8b1d32-6645-4ae3-8ca7-276260105c75,LockApp.exe,,Windows の既定のロック画面,macro,0,0,0,5,0,0,0.0,0.0,0,0,2026-08-08 08:24:44,0,0,0
27686,ea8b1d32-6645-4ae3-8ca7-276260105c75,LockApp.exe,,Windows の既定のロック画面,macro,0,0,0,5,0,0,0.0,0.0,0,0,2026-08-08 08:24:44,0,0,0
27685,ea8b1d32-6645-4ae3-8ca7-276260105c75,LockApp.exe,,Windows の既定のロック画面,macro,0,0,0,5,0,0,0.0,0.0,0,0,2026-08-08 08:24:33,0,0,0
27684,ea8b1d32-6645-4ae3-8ca7-276260105c75,LockApp.exe,,Windows の既定のロック画面,macro,0,0,0,5,0,0,0.0,0.0,0,0,2026-08-08 08:24:33,0,0,0
27683,ea8b1d32-6645-4ae3-8ca7-276260105c75,LockApp.exe,,Windows の既定のロック画面,macro,0,0,0,5,0,0,0.0,0.0,0,0,2026-08-08 08:24:33,0,0,0
27682,ea8b1d32-6645-4ae3-8ca7-276260105c75,LockApp.exe,,Windows の既定のロック画面,macro,0,0,0,5,0,0,0.0,0.0,0,0,2026-08-08 08:24:23,0,0,0
27681,ea8b1d32-6645-4ae3-8ca7-276260105c75,LockApp.exe,,Windows の既定のロック画面,macro,0,0,0,5,0,0,0.0,0.0,0,0,2026-08-08 08:24:22,0,0,0
27680,ea8b1d32-6645-4ae3-8ca7-276260105c75,LockApp.exe,,Windows の既定のロック画面,macro,0,0,0,5,0,0,0.0,0.0,0,0,2026-08-08 08:24:12,0,0,0
27679,ea8b1d32-6645-4ae3-8ca7-276260105c75,LockApp.exe,,Windows の既定のロック画面,macro,0,0,0,5,0,0,0.0,0.0,0,0,2026-08-08 08:24:12,0,0,0
27678,ea8b1d32-6645-4ae3-8ca7-276260105c75,LockApp.exe,,Windows の既定のロック画面,macro,0,0,0,5,0,0,0.0,0.0,0,0,2026-08-08 08:24:01,0,0,0
27677,ea8b1d32-6645-4ae3-8ca7-276260105c75,LockApp.exe,,Windows の既定のロック画面,macro,0,0,0,5,0,0,0.0,0.0,0,0,2026-08-08 08:24:01,0,0,0
27676,ea8b1d32-6645-4ae3-8ca7-276260105c75,LockApp.exe,,Windows の既定のロック画面,macro,0,0,0,5,0,0,0.0,0.0,0,0,2026-08-08 08:23:51,0,0,0
27675,ea8b1d32-6645-4ae3-8ca7-276260105c75,LockApp.exe,,Windows の既定のロック画面,macro,0,0,0,5,0,0,0.0,0.0,0,0,2026-08-08 08:23:50,0,0,0
27674,ea8b1d32-6645-4ae3-8ca7-276260105c75,LockApp.exe,,Windows の既定のロック画面,macro,0,0,0,5,0,0,0.0,0.0,0,0,2026-08-08 08:23:40,0,0,0
27673,ea8b1d32-6645-4ae3-8ca7-276260105c75,LockApp.exe,,Windows の既定のロック画面,macro,0,0,0,5,0,0,0.0,0.0,0,0,2026-08-08 08:23:40,0,0,0
27672,ea8b1d32-6645-4ae3-8ca7-276260105c75,LockApp.exe,,Windows の既定のロック画面,macro,0,0,0,5,0,0,0.0,0.0,0,0,2026-08-08 08:23:29,0,0,0
27671,ea8b1d32-6645-4ae3-8ca7-276260105c75,LockApp.exe,,Windows の既定のロック画面,macro,0,0,0,5,0,0,0.0,0.0,0,0,2026-08-08 08:23:29,0,0,0
27670,ea8b1d32-6645-4ae3-8ca7-276260105c75,LockApp.exe,,Windows の既定のロック画面,macro,0,0,0,5,0,0,0.0,0.0,0,0,2026-08-08 08:23:19,0,0,0
27669,ea8b1d32-6645-4ae3-8ca7-276260105c75,LockApp.exe,,Windows の既定のロック画面,macro,0,0,0,5,0,0,0.0,0.0,0,0,2026-08-08 08:23:18,0,0,0
27668,ea8b1d32-6645-4ae3-8ca7-276260105c75,LockApp.exe,,Windows の既定のロック画面,macro,0,0,0,5,0,0,0.0,0.0,0,0,2026-08-08 08:23:08,0,0,0
27667,ea8b1d32-6645-4ae3-8ca7-276260105c75,LockApp.exe,,Windows の既定のロック画面,macro,0,0,0,5,0,0,0.0,0.0,0,0,2026-08-08 08:23:08,0,0,0
27666,ea8b1d32-6645-4ae3-8ca7-276260105c75,LockApp.exe,,Windows の既定のロック画面,macro,0,0,0,5,0,0,0.0,0.0,0,0,2026-08-08 08:22:57,0,0,0
27665,ea8b1d32-6645-4ae3-8ca7-276260105c75,LockApp.exe,,Windows の既定のロック画面,macro,0,0,0,5,0,0,0.0,0.0,0,0,2026-08-08 08:22:57,0,0,0
27664,ea8b1d32-6645-4ae3-8ca7-276260105c75,LockApp.exe,,Windows の既定のロック画面,macro,0,0,0,5,0,0,0.0,0.0,0,0,2026-08-08 08:22:57,0,0,0
27663,ea8b1d32-6645-4ae3-8ca7-276260105c75,LockApp.exe,,Windows の既定のロック画面,macro,0,0,0,5,0,0,0.0,0.0,0,0,2026-08-08 08:22:46,0,0,0
27662,ea8b1d32-6645-4ae3-8ca7-276260105c75,LockApp.exe,,Windows の既定のロック画面,macro,0,0,0,5,0,0,0.0,0.0,0,0,2026-08-08 08:22:46,0,0,0
27661,ea8b1d32-6645-4ae3-8ca7-276260105c75,LockApp.exe,,Windows の既定のロック画面,macro,0,0,0,5,0,0,0.0,0.0,0,0,2026-08-08 08:22:36,0,0,0
27660,ea8b1d32-6645-4ae3-8ca7-276260105c75,LockApp.exe,,Windows の既定のロック画面,macro,0,0,0,5,0,0,0.0,0.0,0,0,2026-08-08 08:22:36,0,0,0
27659,ea8b1d32-6645-4ae3-8ca7-276260105c75,LockApp.exe,,Windows の既定のロック画面,macro,0,0,0,5,0,0,0.0,0.0,0,0,2026-08-08 08:22:25,0,0,0
27658,ea8b1d32-6645-4ae3-8ca7-276260105c75,LockApp.exe,,Windows の既定のロック画面,macro,0,0,0,5,0,0,0.0,0.0,0,0,2026-08-08 08:22:25,0,0,0
27657,ea8b1d32-6645-4ae3-8ca7-276260105c75,LockApp.exe,,Windows の既定のロック画面,macro,0,0,0,5,0,0,0.0,0.0,0,0,2026-08-08 08:22:15,0,0,0
27656,ea8b1d32-6645-4ae3-8ca7-276260105c75,LockApp.exe,,Windows の既定のロック画面,macro,0,0,0,5,0,0,0.0,0.0,0,0,2026-08-08 08:22:14,0,0,0
27655,ea8b1d32-6645-4ae3-8ca7-276260105c75,LockApp.exe,,Windows の既定のロック画面,macro,0,0,0,5,0,0,0.0,0.0,0,0,2026-08-08 08:22:04,0,0,0
27654,ea8b1d32-6645-4ae3-8ca7-276260105c75,LockApp.exe,,Windows の既定のロック画面,macro,0,0,0,5,0,0,0.0,0.0,0,0,2026-08-08 08:22:04,0,0,0
27653,ea8b1d32-6645-4ae3-8ca7-276260105c75,LockApp.exe,,Windows の既定のロック画面,macro,0,0,0,5,0,0,0.0,0.0,0,0,2026-08-08 08:21:53,0,0,0
27652,ea8b1d32-6645-4ae3-8ca7-276260105c75,LockApp.exe,,Windows の既定のロック画面,macro,0,0,0,5,0,0,0.0,0.0,0,0,2026-08-08 08:21:53,0,0,0
27651,ea8b1d32-6645-4ae3-8ca7-276260105c75,LockApp.exe,,Windows の既定のロック画面,macro,0,0,0,5,0,0,0.0,0.0,0,0,2026-08-08 08:21:43,0,0,0
27650,ea8b1d32-6645-4ae3-8ca7-276260105c75,LockApp.exe,,Windows の既定のロック画面,macro,0,0,0,5,0,0,0.0,0.0,0,0,2026-08-08 08:21:43,0,0,0
27649,ea8b1d32-6645-4ae3-8ca7-276260105c75,LockApp.exe,,Windows の既定のロック画面,macro,0,0,0,5,0,0,0.0,0.0,0,0,2026-08-08 08:21:32,0,0,0
27648,ea8b1d32-6645-4ae3-8ca7-276260105c75,LockApp.exe,,Windows の既定のロック画面,macro,0,0,0,5,0,0,0.0,0.0,0,0,2026-08-08 08:21:32,0,0,0
27647,ea8b1d32-6645-4ae3-8ca7-276260105c75,LockApp.exe,,Windows の既定のロック画面,macro,0,0,0,5,0,0,0.0,0.0,0,0,2026-08-08 08:21:22,0,0,0
27646,ea8b1d32-6645-4ae3-8ca7-276260105c75,LockApp.exe,,Windows の既定のロック画面,macro,0,0,0,5,0,0,0.0,0.0,0,0,2026-08-08 08:21:21,0,0,0
27645,ea8b1d32-6645-4ae3-8ca7-276260105c75,LockApp.exe,,Windows の既定のロック画面,macro,0,0,0,5,0,0,0.0,0.0,0,0,2026-08-08 08:21:21,0,0,0
27644,ea8b1d32-6645-4ae3-8ca7-276260105c75,LockApp.exe,,Windows の既定のロック画面,macro,0,0,0,5,0,0,0.0,0.0,0,0,2026-08-08 08:21:11,0,0,0
27643,ea8b1d32-6645-4ae3-8ca7-276260105c75,LockApp.exe,,Windows の既定のロック画面,macro,0,0,0,5,0,0,0.0,0.0,0,0,2026-08-08 08:21:11,0,0,0
27642,ea8b1d32-6645-4ae3-8ca7-276260105c75,LockApp.exe,,Windows の既定のロック画面,macro,0,0,0,5,0,0,0.0,0.0,0,0,2026-08-08 08:21:00,0,0,0
27641,ea8b1d32-6645-4ae3-8ca7-276260105c75,LockApp.exe,,Windows の既定のロック画面,macro,0,0,0,5,0,0,0.0,0.0,0,0,2026-08-08 08:21:00,0,0,0
27640,ea8b1d32-6645-4ae3-8ca7-276260105c75,LockApp.exe,,Windows の既定のロック画面,macro,0,0,0,5,0,0,0.0,0.0,0,0,2026-08-08 08:20:50,0,0,0
27639,ea8b1d32-6645-4ae3-8ca7-276260105c75,LockApp.exe,,Windows の既定のロック画面,macro,0,0,0,5,0,0,0.0,0.0,0,0,2026-08-08 08:20:49,0,0,0
27638,ea8b1d32-6645-4ae3-8ca7-276260105c75,LockApp.exe,,Windows の既定のロック画面,macro,0,0,0,5,0,0,0.0,0.0,0,0,2026-08-08 08:20:39,0,0,0
27637,ea8b1d32-6645-4ae3-8ca7-276260105c75,LockApp.exe,,Windows の既定のロック画面,macro,0,0,0,5,0,0,0.0,0.0,0,0,2026-08-08 08:20:39,0,0,0
27636,ea8b1d32-6645-4ae3-8ca7-276260105c75,LockApp.exe,,Windows の既定のロック画面,macro,0,0,0,5,0,0,0.0,0.0,0,0,2026-08-08 08:20:28,0,0,0
27635,ea8b1d32-6645-4ae3-8ca7-276260105c75,LockApp.exe,,Windows の既定のロック画面,macro,0,0,0,5,0,0,0.0,0.0,0,0,2026-08-08 08:20:28,0,0,0
27634,ea8b1d32-6645-4ae3-8ca7-276260105c75,LockApp.exe,,Windows の既定のロック画面,macro,0,0,0,5,0,0,0.0,0.0,0,0,2026-08-08 08:20:18,0,0,0
27633,ea8b1d32-6645-4ae3-8ca7-276260105c75,LockApp.exe,,Windows の既定のロック画面,macro,0,0,0,5,0,0,0.0,0.0,0,0,2026-08-08 08:20:18,0,0,0
27632,ea8b1d32-6645-4ae3-8ca7-276260105c75,LockApp.exe,,Windows の既定のロック画面,macro,0,0,0,5,0,0,0.0,0.0,0,0,2026-08-08 08:20:07,0,0,0
27631,ea8b1d32-6645-4ae3-8ca7-276260105c75,LockApp.exe,,Windows の既定のロック画面,macro,0,0,0,5,0,0,0.0,0.0,0,0,2026-08-08 08:20:07,0,0,0
27630,ea8b1d32-6645-4ae3-8ca7-276260105c75,LockApp.exe,,Windows の既定のロック画面,macro,0,0,0,5,0,0,0.0,0.0,0,0,2026-08-08 08:19:57,0,0,0
27629,ea8b1d32-6645-4ae3-8ca7-276260105c75,LockApp.exe,,Windows の既定のロック画面,macro,0,0,0,5,0,0,0.0,0.0,0,0,2026-08-08 08:19:57,0,0,0
27628,ea8b1d32-6645-4ae3-8ca7-276260105c75,LockApp.exe,,Windows の既定のロック画面,macro,0,0,0,5,0,0,0.0,0.0,0,0,2026-08-08 08:19:46,0,0,0
27627,ea8b1d32-6645-4ae3-8ca7-276260105c75,LockApp.exe,,Windows の既定のロック画面,macro,0,0,0,5,0,0,0.0,0.0,0,0,2026-08-08 08:19:46,0,0,0
27626,ea8b1d32-6645-4ae3-8ca7-276260105c75,LockApp.exe,,Windows の既定のロック画面,macro,0,0,0,5,0,0,0.0,0.0,0,0,2026-08-08 08:19:46,0,0,0
27625,ea8b1d32-6645-4ae3-8ca7-276260105c75,LockApp.exe,,Windows の既定のロック画面,macro,0,0,0,5,0,0,0.0,0.0,0,0,2026-08-08 08:19:35,0,0,0
27624,ea8b1d32-6645-4ae3-8ca7-276260105c75,LockApp.exe,,Windows の既定のロック画面,macro,0,0,0,5,0,0,0.0,0.0,0,0,2026-08-08 08:19:35,0,0,0
27623,ea8b1d32-6645-4ae3-8ca7-276260105c75,LockApp.exe,,Windows の既定のロック画面,macro,0,0,0,5,0,0,0.0,0.0,0,0,2026-08-08 08:19:25,0,0,0
27622,ea8b1d32-6645-4ae3-8ca7-276260105c75,LockApp.exe,,Windows の既定のロック画面,macro,0,0,0,5,0,0,0.0,0.0,0,0,2026-08-08 08:19:24,0,0,0
27621,ea8b1d32-6645-4ae3-8ca7-276260105c75,LockApp.exe,,Windows の既定のロック画面,macro,0,0,0,5,0,0,0.0,0.0,0,0,2026-08-08 08:19:14,0,0,0
27620,ea8b1d32-6645-4ae3-8ca7-276260105c75,LockApp.exe,,Windows の既定のロック画面,macro,0,0,0,5,0,0,0.0,0.0,0,0,2026-08-08 08:19:14,0,0,0
27619,ea8b1d32-6645-4ae3-8ca7-276260105c75,LockApp.exe,,Windows の既定のロック画面,macro,0,0,0,5,0,0,0.0,0.0,0,0,2026-08-08 08:19:04,0,0,0
27618,ea8b1d32-6645-4ae3-8ca7-276260105c75,LockApp.exe,,Windows の既定のロック画面,macro,0,0,0,5,0,0,0.0,0.0,0,0,2026-08-08 08:19:03,0,0,0
27617,ea8b1d32-6645-4ae3-8ca7-276260105c75,LockApp.exe,,Windows の既定のロック画面,macro,0,0,0,5,0,0,0.0,0.0,0,0,2026-08-08 08:18:53,0,0,0
27616,ea8b1d32-6645-4ae3-8ca7-276260105c75,LockApp.exe,,Windows の既定のロック画面,macro,0,0,0,5,0,0,0.0,0.0,0,0,2026-08-08 08:18:53,0,0,0
27615,ea8b1d32-6645-4ae3-8ca7-276260105c75,LockApp.exe,,Windows の既定のロック画面,macro,0,0,0,5,0,0,0.0,0.0,0,0,2026-08-08 08:18:42,0,0,0
27614,ea8b1d32-6645-4ae3-8ca7-276260105c75,LockApp.exe,,Windows の既定のロック画面,macro,0,0,0,5,0,0,0.0,0.0,0,0,2026-08-08 08:18:42,0,0,0
27613,ea8b1d32-6645-4ae3-8ca7-276260105c75,LockApp.exe,,Windows の既定のロック画面,macro,0,0,0,5,0,0,0.0,0.0,0,0,2026-08-08 08:18:32,0,0,0
27612,ea8b1d32-6645-4ae3-8ca7-276260105c75,LockApp.exe,,Windows の既定のロック画面,macro,0,0,0,5,0,0,0.0,0.0,0,0,2026-08-08 08:18:31,0,0,0
27611,ea8b1d32-6645-4ae3-8ca7-276260105c75,LockApp.exe,,Windows の既定のロック画面,macro,0,0,0,5,0,0,0.0,0.0,0,0,2026-08-08 08:18:21,0,0,0
27610,ea8b1d32-6645-4ae3-8ca7-276260105c75,LockApp.exe,,Windows の既定のロック画面,macro,0,0,0,5,0,0,0.0,0.0,0,0,2026-08-08 08:18:21,0,0,0
27609,ea8b1d32-6645-4ae3-8ca7-276260105c75,LockApp.exe,,Windows の既定のロック画面,macro,0,0,0,5,0,0,0.0,0.0,0,0,2026-08-08 08:18:10,0,0,0
27608,ea8b1d32-6645-4ae3-8ca7-276260105c75,LockApp.exe,,Windows の既定のロック画面,macro,0,0,0,5,0,0,0.0,0.0,0,0,2026-08-08 08:18:10,0,0,0
27607,ea8b1d32-6645-4ae3-8ca7-276260105c75,LockApp.exe,,Windows の既定のロック画面,macro,0,0,0,5,0,0,0.0,0.0,0,0,2026-08-08 08:18:10,0,0,0
27606,ea8b1d32-6645-4ae3-8ca7-276260105c75,LockApp.exe,,Windows の既定のロック画面,macro,0,0,0,5,0,0,0.0,0.0,0,0,2026-08-08 08:18:00,0,0,0
27605,ea8b1d32-6645-4ae3-8ca7-276260105c75,LockApp.exe,,Windows の既定のロック画面,macro,0,0,0,5,0,0,0.0,0.0,0,0,2026-08-08 08:17:59,0,0,0
27604,ea8b1d32-6645-4ae3-8ca7-276260105c75,LockApp.exe,,Windows の既定のロック画面,macro,0,0,0,5,0,0,0.0,0.0,0,0,2026-08-08 08:17:49,0,0,0
27603,ea8b1d32-6645-4ae3-8ca7-276260105c75,LockApp.exe,,Windows の既定のロック画面,macro,0,0,0,5,0,0,0.0,0.0,0,0,2026-08-08 08:17:49,0,0,0
27602,ea8b1d32-6645-4ae3-8ca7-276260105c75,LockApp.exe,,Windows の既定のロック画面,macro,0,0,0,5,0,0,0.0,0.0,0,0,2026-08-08 08:17:38,0,0,0
27601,ea8b1d32-6645-4ae3-8ca7-276260105c75,LockApp.exe,,Windows の既定のロック画面,macro,0,0,0,5,0,0,0.0,0.0,0,0,2026-08-08 08:17:38,0,0,0
27600,ea8b1d32-6645-4ae3-8ca7-276260105c75,LockApp.exe,,Windows の既定のロック画面,macro,0,0,0,5,0,0,0.0,0.0,0,0,2026-08-08 08:17:28,0,0,0
27599,ea8b1d32-6645-4ae3-8ca7-276260105c75,LockApp.exe,,Windows の既定のロック画面,macro,0,0,0,5,0,0,0.0,0.0,0,0,2026-08-08 08:17:27,0,0,0
27598,ea8b1d32-6645-4ae3-8ca7-276260105c75,LockApp.exe,,Windows の既定のロック画面,macro,0,0,0,5,0,0,0.0,0.0,0,0,2026-08-08 08:17:17,0,0,0
27597,ea8b1d32-6645-4ae3-8ca7-276260105c75,LockApp.exe,,Windows の既定のロック画面,macro,0,0,0,5,0,0,0.0,0.0,0,0,2026-08-08 08:17:17,0,0,0
27596,ea8b1d32-6645-4ae3-8ca7-276260105c75,LockApp.exe,,Windows の既定のロック画面,macro,0,0,0,5,0,0,0.0,0.0,0,0,2026-08-08 08:17:06,0,0,0
27595,ea8b1d32-6645-4ae3-8ca7-276260105c75,LockApp.exe,,Windows の既定のロック画面,macro,0,0,0,5,0,0,0.0,0.0,0,0,2026-08-08 08:17:06,0,0,0
27594,ea8b1d32-6645-4ae3-8ca7-276260105c75,LockApp.exe,,Windows の既定のロック画面,macro,0,0,0,5,0,0,0.0,0.0,0,0,2026-08-08 08:16:56,0,0,0
27593,ea8b1d32-6645-4ae3-8ca7-276260105c75,LockApp.exe,,Windows の既定のロック画面,macro,0,0,0,5,0,0,0.0,0.0,0,0,2026-08-08 08:16:56,0,0,0
27592,ea8b1d32-6645-4ae3-8ca7-276260105c75,LockApp.exe,,Windows の既定のロック画面,macro,0,0,0,5,0,0,0.0,0.0,0,0,2026-08-08 08:16:45,0,0,0
27591,ea8b1d32-6645-4ae3-8ca7-276260105c75,LockApp.exe,,Windows の既定のロック画面,macro,0,0,0,5,0,0,0.0,0.0,0,0,2026-08-08 08:16:45,0,0,0
27590,ea8b1d32-6645-4ae3-8ca7-276260105c75,LockApp.exe,,Windows の既定のロック画面,macro,0,0,0,5,0,0,0.0,0.0,0,0,2026-08-08 08:16:35,0,0,0
27589,ea8b1d32-6645-4ae3-8ca7-276260105c75,LockApp.exe,,Windows の既定のロック画面,macro,0,0,0,5,0,0,0.0,0.0,0,0,2026-08-08 08:16:35,0,0,0
27588,ea8b1d32-6645-4ae3-8ca7-276260105c75,LockApp.exe,,Windows の既定のロック画面,macro,0,0,0,5,0,0,0.0,0.0,0,0,2026-08-08 08:16:34,0,0,0
27587,ea8b1d32-6645-4ae3-8ca7-276260105c75,LockApp.exe,,Windows の既定のロック画面,macro,0,0,0,5,0,0,0.0,0.0,0,0,2026-08-08 08:16:24,0,0,0
27586,ea8b1d32-6645-4ae3-8ca7-276260105c75,LockApp.exe,,Windows の既定のロック画面,macro,0,0,0,5,0,0,0.0,0.0,0,0,2026-08-08 08:16:24,0,0,0
27585,ea8b1d32-6645-4ae3-8ca7-276260105c75,LockApp.exe,,Windows の既定のロック画面,macro,0,0,0,5,0,0,0.0,0.0,0,0,2026-08-08 08:16:13,0,0,0
27584,ea8b1d32-6645-4ae3-8ca7-276260105c75,LockApp.exe,,Windows の既定のロック画面,macro,0,0,0,5,0,0,0.0,0.0,0,0,2026-08-08 08:16:13,0,0,0
27583,ea8b1d32-6645-4ae3-8ca7-276260105c75,LockApp.exe,,Windows の既定のロック画面,macro,0,0,0,5,0,0,0.0,0.0,0,0,2026-08-08 08:16:03,0,0,0
27582,ea8b1d32-6645-4ae3-8ca7-276260105c75,LockApp.exe,,Windows の既定のロック画面,macro,0,0,0,5,0,0,0.0,0.0,0,0,2026-08-08 08:16:02,0,0,0
27581,ea8b1d32-6645-4ae3-8ca7-276260105c75,LockApp.exe,,Windows の既定のロック画面,macro,0,0,0,5,0,0,0.0,0.0,0,0,2026-08-08 08:15:52,0,0,0
27580,ea8b1d32-6645-4ae3-8ca7-276260105c75,LockApp.exe,,Windows の既定のロック画面,macro,0,0,0,5,0,0,0.0,0.0,0,0,2026-08-08 08:15:52,0,0,0
27579,ea8b1d32-6645-4ae3-8ca7-276260105c75,LockApp.exe,,Windows の既定のロック画面,macro,0,0,0,5,0,0,0.0,0.0,0,0,2026-08-08 08:15:41,0,0,0
27578,ea8b1d32-6645-4ae3-8ca7-276260105c75,LockApp.exe,,Windows の既定のロック画面,macro,0,0,0,5,0,0,0.0,0.0,0,0,2026-08-08 08:15:41,0,0,0
27577,ea8b1d32-6645-4ae3-8ca7-276260105c75,LockApp.exe,,Windows の既定のロック画面,macro,0,0,0,5,0,0,0.0,0.0,0,0,2026-08-08 08:15:31,0,0,0
27576,ea8b1d32-6645-4ae3-8ca7-276260105c75,LockApp.exe,,Windows の既定のロック画面,macro,0,0,0,5,0,0,0.0,0.0,0,0,2026-08-08 08:15:31,0,0,0
27575,ea8b1d32-6645-4ae3-8ca7-276260105c75,LockApp.exe,,Windows の既定のロック画面,macro,0,0,0,5,0,0,0.0,0.0,0,0,2026-08-08 08:15:20,0,0,0
27574,ea8b1d32-6645-4ae3-8ca7-276260105c75,LockApp.exe,,Windows の既定のロック画面,macro,0,0,0,5,0,0,0.0,0.0,0,0,2026-08-08 08:15:20,0,0,0
27573,ea8b1d32-6645-4ae3-8ca7-276260105c75,LockApp.exe,,Windows の既定のロック画面,macro,0,0,0,5,0,0,0.0,0.0,0,0,2026-08-08 08:15:10,0,0,0
27572,ea8b1d32-6645-4ae3-8ca7-276260105c75,LockApp.exe,,Windows の既定のロック画面,macro,0,0,0,5,0,0,0.0,0.0,0,0,2026-08-08 08:15:09,0,0,0
27571,ea8b1d32-6645-4ae3-8ca7-276260105c75,LockApp.exe,,Windows の既定のロック画面,macro,0,0,0,5,0,0,0.0,0.0,0,0,2026-08-08 08:14:59,0,0,0
27570,ea8b1d32-6645-4ae3-8ca7-276260105c75,LockApp.exe,,Windows の既定のロック画面,macro,0,0,0,5,0,0,0.0,0.0,0,0,2026-08-08 08:14:59,0,0,0
27569,ea8b1d32-6645-4ae3-8ca7-276260105c75,LockApp.exe,,Windows の既定のロック画面,macro,0,0,0,5,0,0,0.0,0.0,0,0,2026-08-08 08:14:58,0,0,0
27568,ea8b1d32-6645-4ae3-8ca7-276260105c75,LockApp.exe,,Windows の既定のロック画面,macro,0,0,0,5,0,0,0.0,0.0,0,0,2026-08-08 08:14:48,0,0,0
27567,ea8b1d32-6645-4ae3-8ca7-276260105c75,LockApp.exe,,Windows の既定のロック画面,macro,0,0,0,5,0,0,0.0,0.0,0,0,2026-08-08 08:14:48,0,0,0
27566,ea8b1d32-6645-4ae3-8ca7-276260105c75,LockApp.exe,,Windows の既定のロック画面,macro,0,0,0,5,0,0,0.0,0.0,0,0,2026-08-08 08:14:38,0,0,0
27565,ea8b1d32-6645-4ae3-8ca7-276260105c75,LockApp.exe,,Windows の既定のロック画面,macro,0,0,0,5,0,0,0.0,0.0,0,0,2026-08-08 08:14:37,0,0,0
27564,ea8b1d32-6645-4ae3-8ca7-276260105c75,LockApp.exe,,Windows の既定のロック画面,macro,0,0,0,5,0,0,0.0,0.0,0,0,2026-08-08 08:14:27,0,0,0
27563,ea8b1d32-6645-4ae3-8ca7-276260105c75,LockApp.exe,,Windows の既定のロック画面,macro,0,0,0,5,0,0,0.0,0.0,0,0,2026-08-08 08:14:27,0,0,0
27562,ea8b1d32-6645-4ae3-8ca7-276260105c75,LockApp.exe,,Windows の既定のロック画面,macro,0,0,0,5,0,0,0.0,0.0,0,0,2026-08-08 08:14:16,0,0,0
27561,ea8b1d32-6645-4ae3-8ca7-276260105c75,LockApp.exe,,Windows の既定のロック画面,macro,0,0,0,5,0,0,0.0,0.0,0,0,2026-08-08 08:14:16,0,0,0
27560,ea8b1d32-6645-4ae3-8ca7-276260105c75,LockApp.exe,,Windows の既定のロック画面,macro,0,0,0,5,0,0,0.0,0.0,0,0,2026-08-08 08:14:06,0,0,0
27559,ea8b1d32-6645-4ae3-8ca7-276260105c75,LockApp.exe,,Windows の既定のロック画面,macro,0,0,0,5,0,0,0.0,0.0,0,0,2026-08-08 08:14:05,0,0,0
27558,ea8b1d32-6645-4ae3-8ca7-276260105c75,LockApp.exe,,Windows の既定のロック画面,macro,0,0,0,5,0,0,0.0,0.0,0,0,2026-08-08 08:13:55,0,0,0
27557,ea8b1d32-6645-4ae3-8ca7-276260105c75,LockApp.exe,,Windows の既定のロック画面,macro,0,0,0,5,0,0,0.0,0.0,0,0,2026-08-08 08:13:55,0,0,0
27556,ea8b1d32-6645-4ae3-8ca7-276260105c75,LockApp.exe,,Windows の既定のロック画面,macro,0,0,0,5,0,0,0.0,0.0,0,0,2026-08-08 08:13:44,0,0,0
27555,ea8b1d32-6645-4ae3-8ca7-276260105c75,LockApp.exe,,Windows の既定のロック画面,macro,0,0,0,5,0,0,0.0,0.0,0,0,2026-08-08 08:13:44,0,0,0
27554,ea8b1d32-6645-4ae3-8ca7-276260105c75,LockApp.exe,,Windows の既定のロック画面,macro,0,0,0,5,0,0,0.0,0.0,0,0,2026-08-08 08:13:34,0,0,0
27553,ea8b1d32-6645-4ae3-8ca7-276260105c75,LockApp.exe,,Windows の既定のロック画面,macro,0,0,0,5,0,0,0.0,0.0,0,0,2026-08-08 08:13:34,0,0,0
27552,ea8b1d32-6645-4ae3-8ca7-276260105c75,LockApp.exe,,Windows の既定のロック画面,macro,0,0,0,5,0,0,0.0,0.0,0,0,2026-08-08 08:13:23,0,0,0
27551,ea8b1d32-6645-4ae3-8ca7-276260105c75,LockApp.exe,,Windows の既定のロック画面,macro,0,0,0,5,0,0,0.0,0.0,0,0,2026-08-08 08:13:23,0,0,0
27550,ea8b1d32-6645-4ae3-8ca7-276260105c75,LockApp.exe,,Windows の既定のロック画面,macro,0,0,0,5,0,0,0.0,0.0,0,0,2026-08-08 08:13:23,0,0,0
27549,ea8b1d32-6645-4ae3-8ca7-276260105c75,LockApp.exe,,Windows の既定のロック画面,macro,0,0,0,5,0,0,0.0,0.0,0,0,2026-08-08 08:13:12,0,0,0
27548,ea8b1d32-6645-4ae3-8ca7-276260105c75,LockApp.exe,,Windows の既定のロック画面,macro,0,0,0,5,0,0,0.0,0.0,0,0,2026-08-08 08:13:12,0,0,0
27547,ea8b1d32-6645-4ae3-8ca7-276260105c75,LockApp.exe,,Windows の既定のロック画面,macro,0,0,0,5,0,0,0.0,0.0,0,0,2026-08-08 08:13:02,0,0,0
27546,ea8b1d32-6645-4ae3-8ca7-276260105c75,LockApp.exe,,Windows の既定のロック画面,macro,0,0,0,5,0,0,0.0,0.0,0,0,2026-08-08 08:13:02,0,0,0
27545,ea8b1d32-6645-4ae3-8ca7-276260105c75,LockApp.exe,,Windows の既定のロック画面,macro,0,0,0,5,0,0,0.0,0.0,0,0,2026-08-08 08:12:51,0,0,0
27544,ea8b1d32-6645-4ae3-8ca7-276260105c75,LockApp.exe,,Windows の既定のロック画面,macro,0,0,0,5,0,0,0.0,0.0,0,0,2026-08-08 08:12:51,0,0,0
27543,ea8b1d32-6645-4ae3-8ca7-276260105c75,LockApp.exe,,Windows の既定のロック画面,macro,0,0,0,5,0,0,0.0,0.0,0,0,2026-08-08 08:12:41,0,0,0
27542,ea8b1d32-6645-4ae3-8ca7-276260105c75,LockApp.exe,,Windows の既定のロック画面,macro,0,0,0,5,0,0,0.0,0.0,0,0,2026-08-08 08:12:40,0,0,0
27541,ea8b1d32-6645-4ae3-8ca7-276260105c75,LockApp.exe,,Windows の既定のロック画面,macro,0,0,0,5,0,0,0.0,0.0,0,0,2026-08-08 08:12:30,0,0,0
27540,ea8b1d32-6645-4ae3-8ca7-276260105c75,LockApp.exe,,Windows の既定のロック画面,macro,0,0,0,5,0,0,0.0,0.0,0,0,2026-08-08 08:12:30,0,0,0
27539,ea8b1d32-6645-4ae3-8ca7-276260105c75,LockApp.exe,,Windows の既定のロック画面,macro,0,0,0,5,0,0,0.0,0.0,0,0,2026-08-08 08:12:19,0,0,0
27538,ea8b1d32-6645-4ae3-8ca7-276260105c75,LockApp.exe,,Windows の既定のロック画面,macro,0,0,0,5,0,0,0.0,0.0,0,0,2026-08-08 08:12:19,0,0,0
27537,ea8b1d32-6645-4ae3-8ca7-276260105c75,LockApp.exe,,Windows の既定のロック画面,macro,0,0,0,5,0,0,0.0,0.0,0,0,2026-08-08 08:12:09,0,0,0
27536,ea8b1d32-6645-4ae3-8ca7-276260105c75,LockApp.exe,,Windows の既定のロック画面,macro,0,0,0,5,0,0,0.0,0.0,0,0,2026-08-08 08:12:08,0,0,0
27535,ea8b1d32-6645-4ae3-8ca7-276260105c75,LockApp.exe,,Windows の既定のロック画面,macro,0,0,0,5,0,0,0.0,0.0,0,0,2026-08-08 08:11:58,0,0,0
27534,ea8b1d32-6645-4ae3-8ca7-276260105c75,LockApp.exe,,Windows の既定のロック画面,macro,0,0,0,5,0,0,0.0,0.0,0,0,2026-08-08 08:11:58,0,0,0
27533,ea8b1d32-6645-4ae3-8ca7-276260105c75,LockApp.exe,,Windows の既定のロック画面,macro,0,0,0,5,0,0,0.0,0.0,0,0,2026-08-08 08:11:48,0,0,0
27532,ea8b1d32-6645-4ae3-8ca7-276260105c75,LockApp.exe,,Windows の既定のロック画面,macro,0,0,0,5,0,0,0.0,0.0,0,0,2026-08-08 08:11:47,0,0,0
27531,ea8b1d32-6645-4ae3-8ca7-276260105c75,LockApp.exe,,Windows の既定のロック画面,macro,0,0,0,5,0,0,0.0,0.0,0,0,2026-08-08 08:11:47,0,0,0
27530,ea8b1d32-6645-4ae3-8ca7-276260105c75,LockApp.exe,,Windows の既定のロック画面,macro,0,0,0,5,0,0,0.0,0.0,0,0,2026-08-08 08:11:37,0,0,0
27529,ea8b1d32-6645-4ae3-8ca7-276260105c75,LockApp.exe,,Windows の既定のロック画面,macro,0,0,0,5,0,0,0.0,0.0,0,0,2026-08-08 08:11:36,0,0,0
27528,ea8b1d32-6645-4ae3-8ca7-276260105c75,LockApp.exe,,Windows の既定のロック画面,macro,0,0,0,5,0,0,0.0,0.0,0,0,2026-08-08 08:11:26,0,0,0
27527,ea8b1d32-6645-4ae3-8ca7-276260105c75,LockApp.exe,,Windows の既定のロック画面,macro,0,0,0,5,0,0,0.0,0.0,0,0,2026-08-08 08:11:26,0,0,0
27526,ea8b1d32-6645-4ae3-8ca7-276260105c75,LockApp.exe,,Windows の既定のロック画面,macro,0,0,0,5,0,0,0.0,0.0,0,0,2026-08-08 08:11:15,0,0,0
27525,ea8b1d32-6645-4ae3-8ca7-276260105c75,LockApp.exe,,Windows の既定のロック画面,macro,0,0,0,5,0,0,0.0,0.0,0,0,2026-08-08 08:11:15,0,0,0
27524,ea8b1d32-6645-4ae3-8ca7-276260105c75,LockApp.exe,,Windows の既定のロック画面,macro,0,0,0,5,0,0,0.0,0.0,0,0,2026-08-08 08:11:05,0,0,0
27523,ea8b1d32-6645-4ae3-8ca7-276260105c75,LockApp.exe,,Windows の既定のロック画面,macro,0,0,0,5,0,0,0.0,0.0,0,0,2026-08-08 08:11:04,0,0,0
27522,ea8b1d32-6645-4ae3-8ca7-276260105c75,LockApp.exe,,Windows の既定のロック画面,macro,0,0,0,5,0,0,0.0,0.0,0,0,2026-08-08 08:10:54,0,0,0
27521,ea8b1d32-6645-4ae3-8ca7-276260105c75,LockApp.exe,,Windows の既定のロック画面,macro,0,0,0,5,0,0,0.0,0.0,0,0,2026-08-08 08:10:54,0,0,0
27520,ea8b1d32-6645-4ae3-8ca7-276260105c75,LockApp.exe,,Windows の既定のロック画面,macro,0,0,0,5,0,0,0.0,0.0,0,0,2026-08-08 08:10:44,0,0,0
27519,ea8b1d32-6645-4ae3-8ca7-276260105c75,LockApp.exe,,Windows の既定のロック画面,macro,0,0,0,5,0,0,0.0,0.0,0,0,2026-08-08 08:10:43,0,0,0
27518,ea8b1d32-6645-4ae3-8ca7-276260105c75,LockApp.exe,,Windows の既定のロック画面,macro,0,0,0,5,0,0,0.0,0.0,0,0,2026-08-08 08:10:33,0,0,0
27517,ea8b1d32-6645-4ae3-8ca7-276260105c75,LockApp.exe,,Windows の既定のロック画面,macro,0,0,0,5,0,0,0.0,0.0,0,0,2026-08-08 08:10:33,0,0,0
27516,ea8b1d32-6645-4ae3-8ca7-276260105c75,LockApp.exe,,Windows の既定のロック画面,macro,0,0,0,5,0,0,0.0,0.0,0,0,2026-08-08 08:10:22,0,0,0
27515,ea8b1d32-6645-4ae3-8ca7-276260105c75,LockApp.exe,,Windows の既定のロック画面,macro,0,0,0,5,0,0,0.0,0.0,0,0,2026-08-08 08:10:22,0,0,0
27514,ea8b1d32-6645-4ae3-8ca7-276260105c75,LockApp.exe,,Windows の既定のロック画面,macro,0,0,0,5,0,0,0.0,0.0,0,0,2026-08-08 08:10:12,0,0,0
27513,ea8b1d32-6645-4ae3-8ca7-276260105c75,LockApp.exe,,Windows の既定のロック画面,macro,0,0,0,5,0,0,0.0,0.0,0,0,2026-08-08 08:10:11,0,0,0
27512,ea8b1d32-6645-4ae3-8ca7-276260105c75,LockApp.exe,,Windows の既定のロック画面,macro,0,0,0,5,0,0,0.0,0.0,0,0,2026-08-08 08:10:11,0,0,0
27511,ea8b1d32-6645-4ae3-8ca7-276260105c75,LockApp.exe,,Windows の既定のロック画面,macro,0,0,0,5,0,0,0.0,0.0,0,0,2026-08-08 08:10:01,0,0,0
27510,ea8b1d32-6645-4ae3-8ca7-276260105c75,LockApp.exe,,Windows の既定のロック画面,macro,0,0,0,5,0,0,0.0,0.0,0,0,2026-08-08 08:10:01,0,0,0
27509,ea8b1d32-6645-4ae3-8ca7-276260105c75,LockApp.exe,,Windows の既定のロック画面,macro,0,0,0,5,0,0,0.0,0.0,0,0,2026-08-08 08:09:50,0,0,0
27508,ea8b1d32-6645-4ae3-8ca7-276260105c75,LockApp.exe,,Windows の既定のロック画面,macro,0,0,0,5,0,0,0.0,0.0,0,0,2026-08-08 08:09:50,0,0,0
27507,ea8b1d32-6645-4ae3-8ca7-276260105c75,LockApp.exe,,Windows の既定のロック画面,macro,0,0,0,5,0,0,0.0,0.0,0,0,2026-08-08 08:09:40,0,0,0
27506,ea8b1d32-6645-4ae3-8ca7-276260105c75,LockApp.exe,,Windows の既定のロック画面,macro,0,0,0,5,0,0,0.0,0.0,0,0,2026-08-08 08:09:39,0,0,0
27505,ea8b1d32-6645-4ae3-8ca7-276260105c75,LockApp.exe,,Windows の既定のロック画面,macro,0,0,0,5,0,0,0.0,0.0,0,0,2026-08-08 08:09:29,0,0,0
27504,ea8b1d32-6645-4ae3-8ca7-276260105c75,LockApp.exe,,Windows の既定のロック画面,macro,0,0,0,5,0,0,0.0,0.0,0,0,2026-08-08 08:09:29,0,0,0
27503,ea8b1d32-6645-4ae3-8ca7-276260105c75,LockApp.exe,,Windows の既定のロック画面,macro,0,0,0,5,0,0,0.0,0.0,0,0,2026-08-08 08:09:19,0,0,0
27502,ea8b1d32-6645-4ae3-8ca7-276260105c75,LockApp.exe,,Windows の既定のロック画面,macro,0,0,0,5,0,0,0.0,0.0,0,0,2026-08-08 08:09:18,0,0,0
27501,ea8b1d32-6645-4ae3-8ca7-276260105c75,LockApp.exe,,Windows の既定のロック画面,macro,0,0,0,5,0,0,0.0,0.0,0,0,2026-08-08 08:09:08,0,0,0
27500,ea8b1d32-6645-4ae3-8ca7-276260105c75,LockApp.exe,,Windows の既定のロック画面,macro,0,0,0,5,0,0,0.0,0.0,0,0,2026-08-08 08:09:08,0,0,0
27499,ea8b1d32-6645-4ae3-8ca7-276260105c75,LockApp.exe,,Windows の既定のロック画面,macro,0,0,0,5,0,0,0.0,0.0,0,0,2026-08-08 08:08:57,0,0,0
27498,ea8b1d32-6645-4ae3-8ca7-276260105c75,LockApp.exe,,Windows の既定のロック画面,macro,0,0,0,5,0,0,0.0,0.0,0,0,2026-08-08 08:08:57,0,0,0
27497,ea8b1d32-6645-4ae3-8ca7-276260105c75,LockApp.exe,,Windows の既定のロック画面,macro,0,0,0,5,0,0,0.0,0.0,0,0,2026-08-08 08:08:47,0,0,0
27496,ea8b1d32-6645-4ae3-8ca7-276260105c75,LockApp.exe,,Windows の既定のロック画面,macro,0,0,0,5,0,0,0.0,0.0,0,0,2026-08-08 08:08:46,0,0,0
27495,ea8b1d32-6645-4ae3-8ca7-276260105c75,LockApp.exe,,Windows の既定のロック画面,macro,0,0,0,5,0,0,0.0,0.0,0,0,2026-08-08 08:08:36,0,0,0
27494,ea8b1d32-6645-4ae3-8ca7-276260105c75,LockApp.exe,,Windows の既定のロック画面,macro,0,0,0,5,0,0,0.0,0.0,0,0,2026-08-08 08:08:36,0,0,0
27493,ea8b1d32-6645-4ae3-8ca7-276260105c75,LockApp.exe,,Windows の既定のロック画面,macro,0,0,0,5,0,0,0.0,0.0,0,0,2026-08-08 08:08:35,0,0,0
27492,ea8b1d32-6645-4ae3-8ca7-276260105c75,LockApp.exe,,Windows の既定のロック画面,macro,0,0,0,5,0,0,0.0,0.0,0,0,2026-08-08 08:08:25,0,0,0
27491,ea8b1d32-6645-4ae3-8ca7-276260105c75,LockApp.exe,,Windows の既定のロック画面,macro,0,0,0,5,0,0,0.0,0.0,0,0,2026-08-08 08:08:25,0,0,0
27490,ea8b1d32-6645-4ae3-8ca7-276260105c75,LockApp.exe,,Windows の既定のロック画面,macro,0,0,0,5,0,0,0.0,0.0,0,0,2026-08-08 08:08:14,0,0,0
27489,ea8b1d32-6645-4ae3-8ca7-276260105c75,LockApp.exe,,Windows の既定のロック画面,macro,0,0,0,5,0,0,0.0,0.0,0,0,2026-08-08 08:08:14,0,0,0
27488,ea8b1d32-6645-4ae3-8ca7-276260105c75,LockApp.exe,,Windows の既定のロック画面,macro,0,0,0,5,0,0,0.0,0.0,0,0,2026-08-08 08:08:04,0,0,0
27487,ea8b1d32-6645-4ae3-8ca7-276260105c75,LockApp.exe,,Windows の既定のロック画面,macro,0,0,0,5,0,0,0.0,0.0,0,0,2026-08-08 08:08:03,0,0,0
27486,ea8b1d32-6645-4ae3-8ca7-276260105c75,LockApp.exe,,Windows の既定のロック画面,macro,0,0,0,5,0,0,0.0,0.0,0,0,2026-08-08 08:07:53,0,0,0
27485,ea8b1d32-6645-4ae3-8ca7-276260105c75,LockApp.exe,,Windows の既定のロック画面,macro,0,0,0,5,0,0,0.0,0.0,0,0,2026-08-08 08:07:53,0,0,0
27484,ea8b1d32-6645-4ae3-8ca7-276260105c75,LockApp.exe,,Windows の既定のロック画面,macro,0,0,0,5,0,0,0.0,0.0,0,0,2026-08-08 08:07:43,0,0,0
27483,ea8b1d32-6645-4ae3-8ca7-276260105c75,LockApp.exe,,Windows の既定のロック画面,macro,0,0,0,5,0,0,0.0,0.0,0,0,2026-08-08 08:07:42,0,0,0
27482,ea8b1d32-6645-4ae3-8ca7-276260105c75,LockApp.exe,,Windows の既定のロック画面,macro,0,0,0,5,0,0,0.0,0.0,0,0,2026-08-08 08:07:32,0,0,0
27481,ea8b1d32-6645-4ae3-8ca7-276260105c75,LockApp.exe,,Windows の既定のロック画面,macro,0,0,0,5,0,0,0.0,0.0,0,0,2026-08-08 08:07:32,0,0,0
27480,ea8b1d32-6645-4ae3-8ca7-276260105c75,LockApp.exe,,Windows の既定のロック画面,macro,0,0,0,5,0,0,0.0,0.0,0,0,2026-08-08 08:07:21,0,0,0
27479,ea8b1d32-6645-4ae3-8ca7-276260105c75,LockApp.exe,,Windows の既定のロック画面,macro,0,0,0,5,0,0,0.0,0.0,0,0,2026-08-08 08:07:21,0,0,0
27478,ea8b1d32-6645-4ae3-8ca7-276260105c75,LockApp.exe,,Windows の既定のロック画面,macro,0,0,0,5,0,0,0.0,0.0,0,0,2026-08-08 08:07:11,0,0,0
27477,ea8b1d32-6645-4ae3-8ca7-276260105c75,LockApp.exe,,Windows の既定のロック画面,macro,0,0,0,5,0,0,0.0,0.0,0,0,2026-08-08 08:07:10,0,0,0
27476,ea8b1d32-6645-4ae3-8ca7-276260105c75,LockApp.exe,,Windows の既定のロック画面,macro,0,0,0,5,0,0,0.0,0.0,0,0,2026-08-08 08:07:00,0,0,0
27475,ea8b1d32-6645-4ae3-8ca7-276260105c75,LockApp.exe,,Windows の既定のロック画面,macro,0,0,0,5,0,0,0.0,0.0,0,0,2026-08-08 08:07:00,0,0,0
27474,ea8b1d32-6645-4ae3-8ca7-276260105c75,LockApp.exe,,Windows の既定のロック画面,macro,0,0,0,5,0,0,0.0,0.0,0,0,2026-08-08 08:07:00,0,0,0
27473,ea8b1d32-6645-4ae3-8ca7-276260105c75,LockApp.exe,,Windows の既定のロック画面,macro,0,0,0,5,0,0,0.0,0.0,0,0,2026-08-08 08:06:49,0,0,0
27472,ea8b1d32-6645-4ae3-8ca7-276260105c75,LockApp.exe,,Windows の既定のロック画面,macro,0,0,0,5,0,0,0.0,0.0,0,0,2026-08-08 08:06:49,0,0,0
27471,ea8b1d32-6645-4ae3-8ca7-276260105c75,LockApp.exe,,Windows の既定のロック画面,macro,0,0,0,5,0,0,0.0,0.0,0,0,2026-08-08 08:06:39,0,0,0
27470,ea8b1d32-6645-4ae3-8ca7-276260105c75,LockApp.exe,,Windows の既定のロック画面,macro,0,0,0,5,0,0,0.0,0.0,0,0,2026-08-08 08:06:38,0,0,0
27469,ea8b1d32-6645-4ae3-8ca7-276260105c75,LockApp.exe,,Windows の既定のロック画面,macro,0,0,0,5,0,0,0.0,0.0,0,0,2026-08-08 08:06:28,0,0,0
27468,ea8b1d32-6645-4ae3-8ca7-276260105c75,LockApp.exe,,Windows の既定のロック画面,macro,0,0,0,5,0,0,0.0,0.0,0,0,2026-08-08 08:06:28,0,0,0
27467,ea8b1d32-6645-4ae3-8ca7-276260105c75,LockApp.exe,,Windows の既定のロック画面,macro,0,0,0,5,0,0,0.0,0.0,0,0,2026-08-08 08:06:17,0,0,0
27466,ea8b1d32-6645-4ae3-8ca7-276260105c75,LockApp.exe,,Windows の既定のロック画面,macro,0,0,0,5,0,0,0.0,0.0,0,0,2026-08-08 08:06:17,0,0,0
27465,ea8b1d32-6645-4ae3-8ca7-276260105c75,LockApp.exe,,Windows の既定のロック画面,macro,0,0,0,5,0,0,0.0,0.0,0,0,2026-08-08 08:06:07,0,0,0
27464,ea8b1d32-6645-4ae3-8ca7-276260105c75,LockApp.exe,,Windows の既定のロック画面,macro,0,0,0,5,0,0,0.0,0.0,0,0,2026-08-08 08:06:06,0,0,0
27463,ea8b1d32-6645-4ae3-8ca7-276260105c75,LockApp.exe,,Windows の既定のロック画面,macro,0,0,0,5,0,0,0.0,0.0,0,0,2026-08-08 08:05:56,0,0,0
27462,ea8b1d32-6645-4ae3-8ca7-276260105c75,LockApp.exe,,Windows の既定のロック画面,macro,0,0,0,5,0,0,0.0,0.0,0,0,2026-08-08 08:05:56,0,0,0
27461,ea8b1d32-6645-4ae3-8ca7-276260105c75,LockApp.exe,,Windows の既定のロック画面,macro,0,0,0,5,0,0,0.0,0.0,0,0,2026-08-08 08:05:46,0,0,0
27460,ea8b1d32-6645-4ae3-8ca7-276260105c75,LockApp.exe,,Windows の既定のロック画面,macro,0,0,0,5,0,0,0.0,0.0,0,0,2026-08-08 08:05:45,0,0,0
27459,ea8b1d32-6645-4ae3-8ca7-276260105c75,LockApp.exe,,Windows の既定のロック画面,macro,0,0,0,5,0,0,0.0,0.0,0,0,2026-08-08 08:05:35,0,0,0
27458,ea8b1d32-6645-4ae3-8ca7-276260105c75,LockApp.exe,,Windows の既定のロック画面,macro,0,0,0,5,0,0,0.0,0.0,0,0,2026-08-08 08:05:35,0,0,0
27457,ea8b1d32-6645-4ae3-8ca7-276260105c75,LockApp.exe,,Windows の既定のロック画面,macro,0,0,0,5,0,0,0.0,0.0,0,0,2026-08-08 08:05:24,0,0,0
27456,ea8b1d32-6645-4ae3-8ca7-276260105c75,LockApp.exe,,Windows の既定のロック画面,macro,0,0,0,5,0,0,0.0,0.0,0,0,2026-08-08 08:05:24,0,0,0
27455,ea8b1d32-6645-4ae3-8ca7-276260105c75,LockApp.exe,,Windows の既定のロック画面,macro,0,0,0,5,0,0,0.0,0.0,0,0,2026-08-08 08:05:24,0,0,0
27454,ea8b1d32-6645-4ae3-8ca7-276260105c75,LockApp.exe,,Windows の既定のロック画面,macro,0,0,0,5,0,0,0.0,0.0,0,0,2026-08-08 08:05:13,0,0,0
27453,ea8b1d32-6645-4ae3-8ca7-276260105c75,LockApp.exe,,Windows の既定のロック画面,macro,0,0,0,5,0,0,0.0,0.0,0,0,2026-08-08 08:05:13,0,0,0
27452,ea8b1d32-6645-4ae3-8ca7-276260105c75,LockApp.exe,,Windows の既定のロック画面,macro,0,0,0,5,0,0,0.0,0.0,0,0,2026-08-08 08:05:03,0,0,0
27451,ea8b1d32-6645-4ae3-8ca7-276260105c75,LockApp.exe,,Windows の既定のロック画面,macro,0,0,0,5,0,0,0.0,0.0,0,0,2026-08-08 08:05:03,0,0,0
27450,ea8b1d32-6645-4ae3-8ca7-276260105c75,LockApp.exe,,Windows の既定のロック画面,macro,0,0,0,5,0,0,0.0,0.0,0,0,2026-08-08 08:04:52,0,0,0
27449,ea8b1d32-6645-4ae3-8ca7-276260105c75,LockApp.exe,,Windows の既定のロック画面,macro,0,0,0,5,0,0,0.0,0.0,0,0,2026-08-08 08:04:52,0,0,0
27448,ea8b1d32-6645-4ae3-8ca7-276260105c75,LockApp.exe,,Windows の既定のロック画面,macro,0,0,0,5,0,0,0.0,0.0,0,0,2026-08-08 08:04:42,0,0,0
27447,ea8b1d32-6645-4ae3-8ca7-276260105c75,LockApp.exe,,Windows の既定のロック画面,macro,0,0,0,5,0,0,0.0,0.0,0,0,2026-08-08 08:04:41,0,0,0
27446,ea8b1d32-6645-4ae3-8ca7-276260105c75,LockApp.exe,,Windows の既定のロック画面,macro,0,0,0,5,0,0,0.0,0.0,0,0,2026-08-08 08:04:31,0,0,0
27445,ea8b1d32-6645-4ae3-8ca7-276260105c75,LockApp.exe,,Windows の既定のロック画面,macro,0,0,0,5,0,0,0.0,0.0,0,0,2026-08-08 08:04:31,0,0,0
27444,ea8b1d32-6645-4ae3-8ca7-276260105c75,LockApp.exe,,Windows の既定のロック画面,macro,0,0,0,5,0,0,0.0,0.0,0,0,2026-08-08 08:04:20,0,0,0
27443,ea8b1d32-6645-4ae3-8ca7-276260105c75,LockApp.exe,,Windows の既定のロック画面,macro,0,0,0,5,0,0,0.0,0.0,0,0,2026-08-08 08:04:20,0,0,0
27442,ea8b1d32-6645-4ae3-8ca7-276260105c75,LockApp.exe,,Windows の既定のロック画面,macro,0,0,0,5,0,0,0.0,0.0,0,0,2026-08-08 08:04:10,0,0,0
27441,ea8b1d32-6645-4ae3-8ca7-276260105c75,LockApp.exe,,Windows の既定のロック画面,macro,0,0,0,5,0,0,0.0,0.0,0,0,2026-08-08 08:04:10,0,0,0
27440,ea8b1d32-6645-4ae3-8ca7-276260105c75,LockApp.exe,,Windows の既定のロック画面,macro,0,0,0,5,0,0,0.0,0.0,0,0,2026-08-08 08:03:59,0,0,0
27439,ea8b1d32-6645-4ae3-8ca7-276260105c75,LockApp.exe,,Windows の既定のロック画面,macro,0,0,0,5,0,0,0.0,0.0,0,0,2026-08-08 08:03:59,0,0,0
27438,ea8b1d32-6645-4ae3-8ca7-276260105c75,LockApp.exe,,Windows の既定のロック画面,macro,0,0,0,5,0,0,0.0,0.0,0,0,2026-08-08 08:03:49,0,0,0
27437,ea8b1d32-6645-4ae3-8ca7-276260105c75,LockApp.exe,,Windows の既定のロック画面,macro,0,0,0,5,0,0,0.0,0.0,0,0,2026-08-08 08:03:48,0,0,0
27436,ea8b1d32-6645-4ae3-8ca7-276260105c75,LockApp.exe,,Windows の既定のロック画面,macro,0,0,0,5,0,0,0.0,0.0,0,0,2026-08-08 08:03:48,0,0,0
27435,ea8b1d32-6645-4ae3-8ca7-276260105c75,LockApp.exe,,Windows の既定のロック画面,macro,0,0,0,5,0,0,0.0,0.0,0,0,2026-08-08 08:03:38,0,0,0
27434,ea8b1d32-6645-4ae3-8ca7-276260105c75,LockApp.exe,,Windows の既定のロック画面,macro,0,0,0,5,0,0,0.0,0.0,0,0,2026-08-08 08:03:37,0,0,0
27433,ea8b1d32-6645-4ae3-8ca7-276260105c75,LockApp.exe,,Windows の既定のロック画面,macro,0,0,0,5,0,0,0.0,0.0,0,0,2026-08-08 08:03:27,0,0,0
27432,ea8b1d32-6645-4ae3-8ca7-276260105c75,LockApp.exe,,Windows の既定のロック画面,macro,0,0,0,5,0,0,0.0,0.0,0,0,2026-08-08 08:03:27,0,0,0
27431,ea8b1d32-6645-4ae3-8ca7-276260105c75,LockApp.exe,,Windows の既定のロック画面,macro,0,0,0,5,0,0,0.0,0.0,0,0,2026-08-08 08:03:17,0,0,0
27430,ea8b1d32-6645-4ae3-8ca7-276260105c75,LockApp.exe,,Windows の既定のロック画面,macro,0,0,0,5,0,0,0.0,0.0,0,0,2026-08-08 08:03:16,0,0,0
27429,ea8b1d32-6645-4ae3-8ca7-276260105c75,LockApp.exe,,Windows の既定のロック画面,macro,0,0,0,5,0,0,0.0,0.0,0,0,2026-08-08 08:03:06,0,0,0
27428,ea8b1d32-6645-4ae3-8ca7-276260105c75,LockApp.exe,,Windows の既定のロック画面,macro,0,0,0,5,0,0,0.0,0.0,0,0,2026-08-08 08:03:06,0,0,0
27427,ea8b1d32-6645-4ae3-8ca7-276260105c75,LockApp.exe,,Windows の既定のロック画面,macro,0,0,0,5,0,0,0.0,0.0,0,0,2026-08-08 08:02:55,0,0,0
27426,ea8b1d32-6645-4ae3-8ca7-276260105c75,LockApp.exe,,Windows の既定のロック画面,macro,0,0,0,5,0,0,0.0,0.0,0,0,2026-08-08 08:02:55,0,0,0
27425,ea8b1d32-6645-4ae3-8ca7-276260105c75,LockApp.exe,,Windows の既定のロック画面,macro,0,0,0,5,0,0,0.0,0.0,0,0,2026-08-08 08:02:45,0,0,0
27424,ea8b1d32-6645-4ae3-8ca7-276260105c75,LockApp.exe,,Windows の既定のロック画面,macro,0,0,0,5,0,0,0.0,0.0,0,0,2026-08-08 08:02:44,0,0,0
27423,ea8b1d32-6645-4ae3-8ca7-276260105c75,LockApp.exe,,Windows の既定のロック画面,macro,0,0,0,5,0,0,0.0,0.0,0,0,2026-08-08 08:02:34,0,0,0
27422,ea8b1d32-6645-4ae3-8ca7-276260105c75,LockApp.exe,,Windows の既定のロック画面,macro,0,0,0,5,0,0,0.0,0.0,0,0,2026-08-08 08:02:34,0,0,0
27421,ea8b1d32-6645-4ae3-8ca7-276260105c75,LockApp.exe,,Windows の既定のロック画面,macro,0,0,0,5,0,0,0.0,0.0,0,0,2026-08-08 08:02:24,0,0,0
27420,ea8b1d32-6645-4ae3-8ca7-276260105c75,LockApp.exe,,Windows の既定のロック画面,macro,0,0,0,5,0,0,0.0,0.0,0,0,2026-08-08 08:02:23,0,0,0
27419,ea8b1d32-6645-4ae3-8ca7-276260105c75,LockApp.exe,,Windows の既定のロック画面,macro,0,0,0,5,0,0,0.0,0.0,0,0,2026-08-08 08:02:13,0,0,0
27418,ea8b1d32-6645-4ae3-8ca7-276260105c75,LockApp.exe,,Windows の既定のロック画面,macro,0,0,0,5,0,0,0.0,0.0,0,0,2026-08-08 08:02:13,0,0,0
27417,ea8b1d32-6645-4ae3-8ca7-276260105c75,LockApp.exe,,Windows の既定のロック画面,macro,0,0,0,5,0,0,0.0,0.0,0,0,2026-08-08 08:02:12,0,0,0
27416,ea8b1d32-6645-4ae3-8ca7-276260105c75,LockApp.exe,,Windows の既定のロック画面,macro,0,0,0,5,0,0,0.0,0.0,0,0,2026-08-08 08:02:02,0,0,0
27415,ea8b1d32-6645-4ae3-8ca7-276260105c75,LockApp.exe,,Windows の既定のロック画面,macro,0,0,0,5,0,0,0.0,0.0,0,0,2026-08-08 08:02:02,0,0,0
27414,ea8b1d32-6645-4ae3-8ca7-276260105c75,LockApp.exe,,Windows の既定のロック画面,macro,0,0,0,5,0,0,0.0,0.0,0,0,2026-08-08 08:01:51,0,0,0
27413,ea8b1d32-6645-4ae3-8ca7-276260105c75,LockApp.exe,,Windows の既定のロック画面,macro,0,0,0,5,0,0,0.0,0.0,0,0,2026-08-08 08:01:51,0,0,0
27412,ea8b1d32-6645-4ae3-8ca7-276260105c75,LockApp.exe,,Windows の既定のロック画面,macro,0,0,0,5,0,0,0.0,0.0,0,0,2026-08-08 08:01:41,0,0,0
27411,ea8b1d32-6645-4ae3-8ca7-276260105c75,LockApp.exe,,Windows の既定のロック画面,macro,0,0,0,5,0,0,0.0,0.0,0,0,2026-08-08 08:01:40,0,0,0
27410,ea8b1d32-6645-4ae3-8ca7-276260105c75,LockApp.exe,,Windows の既定のロック画面,macro,0,0,0,5,0,0,0.0,0.0,0,0,2026-08-08 08:01:30,0,0,0
27409,ea8b1d32-6645-4ae3-8ca7-276260105c75,LockApp.exe,,Windows の既定のロック画面,macro,0,0,0,5,0,0,0.0,0.0,0,0,2026-08-08 08:01:30,0,0,0
27408,ea8b1d32-6645-4ae3-8ca7-276260105c75,LockApp.exe,,Windows の既定のロック画面,macro,0,0,0,5,0,0,0.0,0.0,0,0,2026-08-08 08:01:19,0,0,0
27407,ea8b1d32-6645-4ae3-8ca7-276260105c75,LockApp.exe,,Windows の既定のロック画面,macro,0,0,0,5,0,0,0.0,0.0,0,0,2026-08-08 08:01:19,0,0,0
27406,ea8b1d32-6645-4ae3-8ca7-276260105c75,LockApp.exe,,Windows の既定のロック画面,macro,0,0,0,5,0,0,0.0,0.0,0,0,2026-08-08 08:01:09,0,0,0
27405,ea8b1d32-6645-4ae3-8ca7-276260105c75,LockApp.exe,,Windows の既定のロック画面,macro,0,0,0,5,0,0,0.0,0.0,0,0,2026-08-08 08:01:09,0,0,0
27404,ea8b1d32-6645-4ae3-8ca7-276260105c75,LockApp.exe,,Windows の既定のロック画面,macro,0,0,0,5,0,0,0.0,0.0,0,0,2026-08-08 08:00:58,0,0,0
27403,ea8b1d32-6645-4ae3-8ca7-276260105c75,LockApp.exe,,Windows の既定のロック画面,macro,0,0,0,5,0,0,0.0,0.0,0,0,2026-08-08 08:00:58,0,0,0
27402,ea8b1d32-6645-4ae3-8ca7-276260105c75,LockApp.exe,,Windows の既定のロック画面,macro,0,0,0,5,0,0,0.0,0.0,0,0,2026-08-08 08:00:48,0,0,0
27401,ea8b1d32-6645-4ae3-8ca7-276260105c75,LockApp.exe,,Windows の既定のロック画面,macro,0,0,0,5,0,0,0.0,0.0,0,0,2026-08-08 08:00:47,0,0,0
27400,ea8b1d32-6645-4ae3-8ca7-276260105c75,LockApp.exe,,Windows の既定のロック画面,macro,0,0,0,5,0,0,0.0,0.0,0,0,2026-08-08 08:00:37,0,0,0
27399,ea8b1d32-6645-4ae3-8ca7-276260105c75,LockApp.exe,,Windows の既定のロック画面,macro,0,0,0,5,0,0,0.0,0.0,0,0,2026-08-08 08:00:37,0,0,0
27398,ea8b1d32-6645-4ae3-8ca7-276260105c75,LockApp.exe,,Windows の既定のロック画面,macro,0,0,0,5,0,0,0.0,0.0,0,0,2026-08-08 08:00:36,0,0,0
27397,ea8b1d32-6645-4ae3-8ca7-276260105c75,LockApp.exe,,Windows の既定のロック画面,macro,0,0,0,5,0,0,0.0,0.0,0,0,2026-08-08 08:00:26,0,0,0
27396,ea8b1d32-6645-4ae3-8ca7-276260105c75,LockApp.exe,,Windows の既定のロック画面,macro,0,0,0,5,0,0,0.0,0.0,0,0,2026-08-08 08:00:26,0,0,0
27395,ea8b1d32-6645-4ae3-8ca7-276260105c75,LockApp.exe,,Windows の既定のロック画面,macro,0,0,0,5,0,0,0.0,0.0,0,0,2026-08-08 08:00:16,0,0,0
27394,ea8b1d32-6645-4ae3-8ca7-276260105c75,LockApp.exe,,Windows の既定のロック画面,macro,0,0,0,5,0,0,0.0,0.0,0,0,2026-08-08 08:00:15,0,0,0
27393,ea8b1d32-6645-4ae3-8ca7-276260105c75,LockApp.exe,,Windows の既定のロック画面,macro,0,0,0,5,0,0,0.0,0.0,0,0,2026-08-08 08:00:05,0,0,0
27392,ea8b1d32-6645-4ae3-8ca7-276260105c75,LockApp.exe,,Windows の既定のロック画面,macro,0,0,0,5,0,0,0.0,0.0,0,0,2026-08-08 08:00:05,0,0,0
27391,ea8b1d32-6645-4ae3-8ca7-276260105c75,LockApp.exe,,Windows の既定のロック画面,macro,0,0,0,5,0,0,0.0,0.0,0,0,2026-08-08 07:59:54,0,0,0
27390,ea8b1d32-6645-4ae3-8ca7-276260105c75,LockApp.exe,,Windows の既定のロック画面,macro,0,0,0,5,0,0,0.0,0.0,0,0,2026-08-08 07:59:54,0,0,0
27389,ea8b1d32-6645-4ae3-8ca7-276260105c75,LockApp.exe,,Windows の既定のロック画面,macro,0,0,0,5,0,0,0.0,0.0,0,0,2026-08-08 07:59:44,0,0,0
27388,ea8b1d32-6645-4ae3-8ca7-276260105c75,LockApp.exe,,Windows の既定のロック画面,macro,0,0,0,5,0,0,0.0,0.0,0,0,2026-08-08 07:59:44,0,0,0
27387,ea8b1d32-6645-4ae3-8ca7-276260105c75,LockApp.exe,,Windows の既定のロック画面,macro,0,0,0,5,0,0,0.0,0.0,0,0,2026-08-08 07:59:33,0,0,0
27386,ea8b1d32-6645-4ae3-8ca7-276260105c75,LockApp.exe,,Windows の既定のロック画面,macro,0,0,0,5,0,0,0.0,0.0,0,0,2026-08-08 07:59:33,0,0,0
27385,ea8b1d32-6645-4ae3-8ca7-276260105c75,LockApp.exe,,Windows の既定のロック画面,macro,0,0,0,5,0,0,0.0,0.0,0,0,2026-08-08 07:59:23,0,0,0
27384,ea8b1d32-6645-4ae3-8ca7-276260105c75,LockApp.exe,,Windows の既定のロック画面,macro,0,0,0,5,0,0,0.0,0.0,0,0,2026-08-08 07:59:22,0,0,0
27383,ea8b1d32-6645-4ae3-8ca7-276260105c75,LockApp.exe,,Windows の既定のロック画面,macro,0,0,0,5,0,0,0.0,0.0,0,0,2026-08-08 07:59:12,0,0,0
27382,ea8b1d32-6645-4ae3-8ca7-276260105c75,LockApp.exe,,Windows の既定のロック画面,macro,0,0,0,5,0,0,0.0,0.0,0,0,2026-08-08 07:59:12,0,0,0
27381,ea8b1d32-6645-4ae3-8ca7-276260105c75,LockApp.exe,,Windows の既定のロック画面,macro,0,0,0,5,0,0,0.0,0.0,0,0,2026-08-08 07:59:01,0,0,0
27380,ea8b1d32-6645-4ae3-8ca7-276260105c75,LockApp.exe,,Windows の既定のロック画面,macro,0,0,0,5,0,0,0.0,0.0,0,0,2026-08-08 07:59:01,0,0,0
27379,ea8b1d32-6645-4ae3-8ca7-276260105c75,LockApp.exe,,Windows の既定のロック画面,macro,0,0,0,5,0,0,0.0,0.0,0,0,2026-08-08 07:59:01,0,0,0
27378,ea8b1d32-6645-4ae3-8ca7-276260105c75,LockApp.exe,,Windows の既定のロック画面,macro,0,0,0,5,0,0,0.0,0.0,0,0,2026-08-08 07:58:51,0,0,0
27377,ea8b1d32-6645-4ae3-8ca7-276260105c75,LockApp.exe,,Windows の既定のロック画面,macro,0,0,0,5,0,0,0.0,0.0,0,0,2026-08-08 07:58:50,0,0,0
27376,ea8b1d32-6645-4ae3-8ca7-276260105c75,LockApp.exe,,Windows の既定のロック画面,macro,0,0,0,5,0,0,0.0,0.0,0,0,2026-08-08 07:58:40,0,0,0
27375,ea8b1d32-6645-4ae3-8ca7-276260105c75,LockApp.exe,,Windows の既定のロック画面,macro,0,0,0,5,0,0,0.0,0.0,0,0,2026-08-08 07:58:40,0,0,0
27374,ea8b1d32-6645-4ae3-8ca7-276260105c75,LockApp.exe,,Windows の既定のロック画面,macro,0,0,0,5,0,0,0.0,0.0,0,0,2026-08-08 07:58:29,0,0,0
27373,ea8b1d32-6645-4ae3-8ca7-276260105c75,LockApp.exe,,Windows の既定のロック画面,macro,0,0,0,5,0,0,0.0,0.0,0,0,2026-08-08 07:58:29,0,0,0
27372,ea8b1d32-6645-4ae3-8ca7-276260105c75,LockApp.exe,,Windows の既定のロック画面,macro,0,0,0,5,0,0,0.0,0.0,0,0,2026-08-08 07:58:19,0,0,0
27371,ea8b1d32-6645-4ae3-8ca7-276260105c75,LockApp.exe,,Windows の既定のロック画面,macro,0,0,0,5,0,0,0.0,0.0,0,0,2026-08-08 07:58:18,0,0,0
27370,ea8b1d32-6645-4ae3-8ca7-276260105c75,LockApp.exe,,Windows の既定のロック画面,macro,0,0,0,5,0,0,0.0,0.0,0,0,2026-08-08 07:58:08,0,0,0
27369,ea8b1d32-6645-4ae3-8ca7-276260105c75,LockApp.exe,,Windows の既定のロック画面,macro,0,0,0,5,0,0,0.0,0.0,0,0,2026-08-08 07:58:08,0,0,0
27368,ea8b1d32-6645-4ae3-8ca7-276260105c75,LockApp.exe,,Windows の既定のロック画面,macro,0,0,0,5,0,0,0.0,0.0,0,0,2026-08-08 07:57:57,0,0,0
27367,ea8b1d32-6645-4ae3-8ca7-276260105c75,LockApp.exe,,Windows の既定のロック画面,macro,0,0,0,5,0,0,0.0,0.0,0,0,2026-08-08 07:57:57,0,0,0
27366,ea8b1d32-6645-4ae3-8ca7-276260105c75,LockApp.exe,,Windows の既定のロック画面,macro,0,0,0,5,0,0,0.0,0.0,0,0,2026-08-08 07:57:47,0,0,0
27365,ea8b1d32-6645-4ae3-8ca7-276260105c75,LockApp.exe,,Windows の既定のロック画面,macro,0,0,0,5,0,0,0.0,0.0,0,0,2026-08-08 07:57:47,0,0,0
27364,ea8b1d32-6645-4ae3-8ca7-276260105c75,LockApp.exe,,Windows の既定のロック画面,macro,0,0,0,5,0,0,0.0,0.0,0,0,2026-08-08 07:57:36,0,0,0
27363,ea8b1d32-6645-4ae3-8ca7-276260105c75,LockApp.exe,,Windows の既定のロック画面,macro,0,0,0,5,0,0,0.0,0.0,0,0,2026-08-08 07:57:36,0,0,0
27362,ea8b1d32-6645-4ae3-8ca7-276260105c75,LockApp.exe,,Windows の既定のロック画面,macro,0,0,0,5,0,0,0.0,0.0,0,0,2026-08-08 07:57:26,0,0,0
27361,ea8b1d32-6645-4ae3-8ca7-276260105c75,LockApp.exe,,Windows の既定のロック画面,macro,0,0,0,5,0,0,0.0,0.0,0,0,2026-08-08 07:57:25,0,0,0
27360,ea8b1d32-6645-4ae3-8ca7-276260105c75,LockApp.exe,,Windows の既定のロック画面,macro,0,0,0,5,0,0,0.0,0.0,0,0,2026-08-08 07:57:25,0,0,0
27359,ea8b1d32-6645-4ae3-8ca7-276260105c75,LockApp.exe,,Windows の既定のロック画面,macro,0,0,0,5,0,0,0.0,0.0,0,0,2026-08-08 07:57:15,0,0,0
27358,ea8b1d32-6645-4ae3-8ca7-276260105c75,LockApp.exe,,Windows の既定のロック画面,macro,0,0,0,5,0,0,0.0,0.0,0,0,2026-08-08 07:57:15,0,0,0
27357,ea8b1d32-6645-4ae3-8ca7-276260105c75,LockApp.exe,,Windows の既定のロック画面,macro,0,0,0,5,0,0,0.0,0.0,0,0,2026-08-08 07:57:04,0,0,0
27356,ea8b1d32-6645-4ae3-8ca7-276260105c75,LockApp.exe,,Windows の既定のロック画面,macro,0,0,0,5,0,0,0.0,0.0,0,0,2026-08-08 07:57:04,0,0,0
27355,ea8b1d32-6645-4ae3-8ca7-276260105c75,LockApp.exe,,Windows の既定のロック画面,macro,0,0,0,5,0,0,0.0,0.0,0,0,2026-08-08 07:56:54,0,0,0
27354,ea8b1d32-6645-4ae3-8ca7-276260105c75,LockApp.exe,,Windows の既定のロック画面,macro,0,0,0,5,0,0,0.0,0.0,0,0,2026-08-08 07:56:53,0,0,0
27353,ea8b1d32-6645-4ae3-8ca7-276260105c75,LockApp.exe,,Windows の既定のロック画面,macro,0,0,0,5,0,0,0.0,0.0,0,0,2026-08-08 07:56:43,0,0,0
27352,ea8b1d32-6645-4ae3-8ca7-276260105c75,LockApp.exe,,Windows の既定のロック画面,macro,0,0,0,5,0,0,0.0,0.0,0,0,2026-08-08 07:56:43,0,0,0
27351,ea8b1d32-6645-4ae3-8ca7-276260105c75,LockApp.exe,,Windows の既定のロック画面,macro,0,0,0,5,0,0,0.0,0.0,0,0,2026-08-08 07:56:33,0,0,0
27350,ea8b1d32-6645-4ae3-8ca7-276260105c75,LockApp.exe,,Windows の既定のロック画面,macro,0,0,0,5,0,0,0.0,0.0,0,0,2026-08-08 07:56:32,0,0,0
27349,ea8b1d32-6645-4ae3-8ca7-276260105c75,LockApp.exe,,Windows の既定のロック画面,macro,0,0,0,5,0,0,0.0,0.0,0,0,2026-08-08 07:56:22,0,0,0
27348,ea8b1d32-6645-4ae3-8ca7-276260105c75,LockApp.exe,,Windows の既定のロック画面,macro,0,0,0,5,0,0,0.0,0.0,0,0,2026-08-08 07:56:22,0,0,0
27347,ea8b1d32-6645-4ae3-8ca7-276260105c75,LockApp.exe,,Windows の既定のロック画面,macro,0,0,0,5,0,0,0.0,0.0,0,0,2026-08-08 07:56:11,0,0,0
27346,ea8b1d32-6645-4ae3-8ca7-276260105c75,LockApp.exe,,Windows の既定のロック画面,macro,0,0,0,5,0,0,0.0,0.0,0,0,2026-08-08 07:56:11,0,0,0
27345,ea8b1d32-6645-4ae3-8ca7-276260105c75,LockApp.exe,,Windows の既定のロック画面,macro,0,0,0,5,0,0,0.0,0.0,0,0,2026-08-08 07:56:01,0,0,0
27344,ea8b1d32-6645-4ae3-8ca7-276260105c75,LockApp.exe,,Windows の既定のロック画面,macro,0,0,0,5,0,0,0.0,0.0,0,0,2026-08-08 07:56:00,0,0,0
27343,ea8b1d32-6645-4ae3-8ca7-276260105c75,LockApp.exe,,Windows の既定のロック画面,macro,0,0,0,5,0,0,0.0,0.0,0,0,2026-08-08 07:55:50,0,0,0
27342,ea8b1d32-6645-4ae3-8ca7-276260105c75,LockApp.exe,,Windows の既定のロック画面,macro,0,0,0,5,0,0,0.0,0.0,0,0,2026-08-08 07:55:50,0,0,0
27341,ea8b1d32-6645-4ae3-8ca7-276260105c75,LockApp.exe,,Windows の既定のロック画面,macro,0,0,0,5,0,0,0.0,0.0,0,0,2026-08-08 07:55:49,0,0,0
27340,ea8b1d32-6645-4ae3-8ca7-276260105c75,LockApp.exe,,Windows の既定のロック画面,macro,0,0,0,5,0,0,0.0,0.0,0,0,2026-08-08 07:55:39,0,0,0
27339,ea8b1d32-6645-4ae3-8ca7-276260105c75,LockApp.exe,,Windows の既定のロック画面,macro,0,0,0,5,0,0,0.0,0.0,0,0,2026-08-08 07:55:39,0,0,0
27338,ea8b1d32-6645-4ae3-8ca7-276260105c75,LockApp.exe,,Windows の既定のロック画面,macro,0,0,0,5,0,0,0.0,0.0,0,0,2026-08-08 07:55:29,0,0,0
27337,ea8b1d32-6645-4ae3-8ca7-276260105c75,LockApp.exe,,Windows の既定のロック画面,macro,0,0,0,5,0,0,0.0,0.0,0,0,2026-08-08 07:55:28,0,0,0
27336,ea8b1d32-6645-4ae3-8ca7-276260105c75,LockApp.exe,,Windows の既定のロック画面,macro,0,0,0,5,0,0,0.0,0.0,0,0,2026-08-08 07:55:18,0,0,0
27335,ea8b1d32-6645-4ae3-8ca7-276260105c75,LockApp.exe,,Windows の既定のロック画面,macro,0,0,0,5,0,0,0.0,0.0,0,0,2026-08-08 07:55:18,0,0,0
27334,ea8b1d32-6645-4ae3-8ca7-276260105c75,LockApp.exe,,Windows の既定のロック画面,macro,0,0,0,5,0,0,0.0,0.0,0,0,2026-08-08 07:55:07,0,0,0
27333,ea8b1d32-6645-4ae3-8ca7-276260105c75,LockApp.exe,,Windows の既定のロック画面,macro,0,0,0,5,0,0,0.0,0.0,0,0,2026-08-08 07:55:07,0,0,0
27332,ea8b1d32-6645-4ae3-8ca7-276260105c75,LockApp.exe,,Windows の既定のロック画面,macro,0,0,0,5,0,0,0.0,0.0,0,0,2026-08-08 07:54:57,0,0,0
27331,ea8b1d32-6645-4ae3-8ca7-276260105c75,LockApp.exe,,Windows の既定のロック画面,macro,0,0,0,5,0,0,0.0,0.0,0,0,2026-08-08 07:54:56,0,0,0
27330,ea8b1d32-6645-4ae3-8ca7-276260105c75,LockApp.exe,,Windows の既定のロック画面,macro,0,0,0,5,0,0,0.0,0.0,0,0,2026-08-08 07:54:46,0,0,0
27329,ea8b1d32-6645-4ae3-8ca7-276260105c75,LockApp.exe,,Windows の既定のロック画面,macro,0,0,0,5,0,0,0.0,0.0,0,0,2026-08-08 07:54:46,0,0,0
27328,ea8b1d32-6645-4ae3-8ca7-276260105c75,LockApp.exe,,Windows の既定のロック画面,macro,0,0,0,5,0,0,0.0,0.0,0,0,2026-08-08 07:54:36,0,0,0
27327,ea8b1d32-6645-4ae3-8ca7-276260105c75,LockApp.exe,,Windows の既定のロック画面,macro,0,0,0,5,0,0,0.0,0.0,0,0,2026-08-08 07:54:35,0,0,0
27326,ea8b1d32-6645-4ae3-8ca7-276260105c75,LockApp.exe,,Windows の既定のロック画面,macro,0,0,0,5,0,0,0.0,0.0,0,0,2026-08-08 07:54:25,0,0,0
27325,ea8b1d32-6645-4ae3-8ca7-276260105c75,LockApp.exe,,Windows の既定のロック画面,macro,0,0,0,5,0,0,0.0,0.0,0,0,2026-08-08 07:54:25,0,0,0
27324,ea8b1d32-6645-4ae3-8ca7-276260105c75,LockApp.exe,,Windows の既定のロック画面,macro,0,0,0,5,0,0,0.0,0.0,0,0,2026-08-08 07:54:14,0,0,0
27323,ea8b1d32-6645-4ae3-8ca7-276260105c75,LockApp.exe,,Windows の既定のロック画面,macro,0,0,0,5,0,0,0.0,0.0,0,0,2026-08-08 07:54:14,0,0,0
27322,ea8b1d32-6645-4ae3-8ca7-276260105c75,LockApp.exe,,Windows の既定のロック画面,macro,0,0,0,5,0,0,0.0,0.0,0,0,2026-08-08 07:54:14,0,0,0
27321,ea8b1d32-6645-4ae3-8ca7-276260105c75,LockApp.exe,,Windows の既定のロック画面,macro,0,0,0,5,0,0,0.0,0.0,0,0,2026-08-08 07:54:03,0,0,0
27320,ea8b1d32-6645-4ae3-8ca7-276260105c75,LockApp.exe,,Windows の既定のロック画面,macro,0,0,0,5,0,0,0.0,0.0,0,0,2026-08-08 07:54:03,0,0,0
27319,ea8b1d32-6645-4ae3-8ca7-276260105c75,LockApp.exe,,Windows の既定のロック画面,macro,0,0,0,5,0,0,0.0,0.0,0,0,2026-08-08 07:53:53,0,0,0
27318,ea8b1d32-6645-4ae3-8ca7-276260105c75,LockApp.exe,,Windows の既定のロック画面,macro,0,0,0,5,0,0,0.0,0.0,0,0,2026-08-08 07:53:53,0,0,0
27317,ea8b1d32-6645-4ae3-8ca7-276260105c75,LockApp.exe,,Windows の既定のロック画面,macro,0,0,0,5,0,0,0.0,0.0,0,0,2026-08-08 07:53:42,0,0,0
27316,ea8b1d32-6645-4ae3-8ca7-276260105c75,LockApp.exe,,Windows の既定のロック画面,macro,0,0,0,5,0,0,0.0,0.0,0,0,2026-08-08 07:53:42,0,0,0
27315,ea8b1d32-6645-4ae3-8ca7-276260105c75,LockApp.exe,,Windows の既定のロック画面,macro,0,0,0,5,0,0,0.0,0.0,0,0,2026-08-08 07:53:32,0,0,0
27314,ea8b1d32-6645-4ae3-8ca7-276260105c75,LockApp.exe,,Windows の既定のロック画面,macro,0,0,0,5,0,0,0.0,0.0,0,0,2026-08-08 07:53:31,0,0,0
27313,ea8b1d32-6645-4ae3-8ca7-276260105c75,LockApp.exe,,Windows の既定のロック画面,macro,0,0,0,5,0,0,0.0,0.0,0,0,2026-08-08 07:53:21,0,0,0
27312,ea8b1d32-6645-4ae3-8ca7-276260105c75,LockApp.exe,,Windows の既定のロック画面,macro,0,0,0,5,0,0,0.0,0.0,0,0,2026-08-08 07:53:21,0,0,0
27311,ea8b1d32-6645-4ae3-8ca7-276260105c75,LockApp.exe,,Windows の既定のロック画面,macro,0,0,0,5,0,0,0.0,0.0,0,0,2026-08-08 07:53:11,0,0,0
27310,ea8b1d32-6645-4ae3-8ca7-276260105c75,LockApp.exe,,Windows の既定のロック画面,macro,0,0,0,5,0,0,0.0,0.0,0,0,2026-08-08 07:53:10,0,0,0
27309,ea8b1d32-6645-4ae3-8ca7-276260105c75,LockApp.exe,,Windows の既定のロック画面,macro,0,0,0,5,0,0,0.0,0.0,0,0,2026-08-08 07:53:00,0,0,0
27308,ea8b1d32-6645-4ae3-8ca7-276260105c75,LockApp.exe,,Windows の既定のロック画面,macro,0,0,0,5,0,0,0.0,0.0,0,0,2026-08-08 07:53:00,0,0,0
27307,ea8b1d32-6645-4ae3-8ca7-276260105c75,LockApp.exe,,Windows の既定のロック画面,macro,0,0,0,5,0,0,0.0,0.0,0,0,2026-08-08 07:52:49,0,0,0
27306,ea8b1d32-6645-4ae3-8ca7-276260105c75,LockApp.exe,,Windows の既定のロック画面,macro,0,0,0,5,0,0,0.0,0.0,0,0,2026-08-08 07:52:49,0,0,0
27305,ea8b1d32-6645-4ae3-8ca7-276260105c75,LockApp.exe,,Windows の既定のロック画面,macro,0,0,0,5,0,0,0.0,0.0,0,0,2026-08-08 07:52:39,0,0,0
27304,ea8b1d32-6645-4ae3-8ca7-276260105c75,LockApp.exe,,Windows の既定のロック画面,macro,0,0,0,5,0,0,0.0,0.0,0,0,2026-08-08 07:52:38,0,0,0
27303,ea8b1d32-6645-4ae3-8ca7-276260105c75,LockApp.exe,,Windows の既定のロック画面,macro,0,0,0,5,0,0,0.0,0.0,0,0,2026-08-08 07:52:38,0,0,0
27302,ea8b1d32-6645-4ae3-8ca7-276260105c75,LockApp.exe,,Windows の既定のロック画面,macro,0,0,0,5,0,0,0.0,0.0,0,0,2026-08-08 07:52:28,0,0,0
27301,ea8b1d32-6645-4ae3-8ca7-276260105c75,LockApp.exe,,Windows の既定のロック画面,macro,0,0,0,5,0,0,0.0,0.0,0,0,2026-08-08 07:52:28,0,0,0
27300,ea8b1d32-6645-4ae3-8ca7-276260105c75,LockApp.exe,,Windows の既定のロック画面,macro,0,0,0,5,0,0,0.0,0.0,0,0,2026-08-08 07:52:17,0,0,0
27299,ea8b1d32-6645-4ae3-8ca7-276260105c75,LockApp.exe,,Windows の既定のロック画面,macro,0,0,0,5,0,0,0.0,0.0,0,0,2026-08-08 07:52:17,0,0,0
27298,ea8b1d32-6645-4ae3-8ca7-276260105c75,LockApp.exe,,Windows の既定のロック画面,macro,0,0,0,5,0,0,0.0,0.0,0,0,2026-08-08 07:52:07,0,0,0
27297,ea8b1d32-6645-4ae3-8ca7-276260105c75,LockApp.exe,,Windows の既定のロック画面,macro,0,0,0,5,0,0,0.0,0.0,0,0,2026-08-08 07:52:06,0,0,0
27296,ea8b1d32-6645-4ae3-8ca7-276260105c75,LockApp.exe,,Windows の既定のロック画面,macro,0,0,0,5,0,0,0.0,0.0,0,0,2026-08-08 07:51:56,0,0,0
27295,ea8b1d32-6645-4ae3-8ca7-276260105c75,LockApp.exe,,Windows の既定のロック画面,macro,0,0,0,5,0,0,0.0,0.0,0,0,2026-08-08 07:51:56,0,0,0
27294,ea8b1d32-6645-4ae3-8ca7-276260105c75,LockApp.exe,,Windows の既定のロック画面,macro,0,0,0,5,0,0,0.0,0.0,0,0,2026-08-08 07:51:46,0,0,0
27293,ea8b1d32-6645-4ae3-8ca7-276260105c75,LockApp.exe,,Windows の既定のロック画面,macro,0,0,0,5,0,0,0.0,0.0,0,0,2026-08-08 07:51:45,0,0,0
27292,ea8b1d32-6645-4ae3-8ca7-276260105c75,LockApp.exe,,Windows の既定のロック画面,macro,0,0,0,5,0,0,0.0,0.0,0,0,2026-08-08 07:51:35,0,0,0
27291,ea8b1d32-6645-4ae3-8ca7-276260105c75,LockApp.exe,,Windows の既定のロック画面,macro,0,0,0,5,0,0,0.0,0.0,0,0,2026-08-08 07:51:35,0,0,0
27290,ea8b1d32-6645-4ae3-8ca7-276260105c75,LockApp.exe,,Windows の既定のロック画面,macro,0,0,0,5,0,0,0.0,0.0,0,0,2026-08-08 07:51:24,0,0,0
27289,ea8b1d32-6645-4ae3-8ca7-276260105c75,LockApp.exe,,Windows の既定のロック画面,macro,0,0,0,5,0,0,0.0,0.0,0,0,2026-08-08 07:51:24,0,0,0
27288,ea8b1d32-6645-4ae3-8ca7-276260105c75,LockApp.exe,,Windows の既定のロック画面,macro,0,0,0,5,0,0,0.0,0.0,0,0,2026-08-08 07:51:14,0,0,0
27287,ea8b1d32-6645-4ae3-8ca7-276260105c75,LockApp.exe,,Windows の既定のロック画面,macro,0,0,0,5,0,0,0.0,0.0,0,0,2026-08-08 07:51:14,0,0,0
27286,ea8b1d32-6645-4ae3-8ca7-276260105c75,LockApp.exe,,Windows の既定のロック画面,macro,0,0,0,5,0,0,0.0,0.0,0,0,2026-08-08 07:51:03,0,0,0
27285,ea8b1d32-6645-4ae3-8ca7-276260105c75,LockApp.exe,,Windows の既定のロック画面,macro,0,0,0,5,0,0,0.0,0.0,0,0,2026-08-08 07:51:03,0,0,0
27284,ea8b1d32-6645-4ae3-8ca7-276260105c75,LockApp.exe,,Windows の既定のロック画面,macro,0,0,0,5,0,0,0.0,0.0,0,0,2026-08-08 07:51:03,0,0,0
27283,ea8b1d32-6645-4ae3-8ca7-276260105c75,LockApp.exe,,Windows の既定のロック画面,macro,0,0,0,5,0,0,0.0,0.0,0,0,2026-08-08 07:50:52,0,0,0
27282,ea8b1d32-6645-4ae3-8ca7-276260105c75,LockApp.exe,,Windows の既定のロック画面,macro,0,0,0,5,0,0,0.0,0.0,0,0,2026-08-08 07:50:52,0,0,0
27281,ea8b1d32-6645-4ae3-8ca7-276260105c75,LockApp.exe,,Windows の既定のロック画面,macro,0,0,0,5,0,0,0.0,0.0,0,0,2026-08-08 07:50:42,0,0,0
27280,ea8b1d32-6645-4ae3-8ca7-276260105c75,LockApp.exe,,Windows の既定のロック画面,macro,0,0,0,5,0,0,0.0,0.0,0,0,2026-08-08 07:50:41,0,0,0
27279,ea8b1d32-6645-4ae3-8ca7-276260105c75,LockApp.exe,,Windows の既定のロック画面,macro,0,0,0,5,0,0,0.0,0.0,0,0,2026-08-08 07:50:31,0,0,0
27278,ea8b1d32-6645-4ae3-8ca7-276260105c75,LockApp.exe,,Windows の既定のロック画面,macro,0,0,0,5,0,0,0.0,0.0,0,0,2026-08-08 07:50:31,0,0,0
27277,ea8b1d32-6645-4ae3-8ca7-276260105c75,LockApp.exe,,Windows の既定のロック画面,macro,0,0,0,5,0,0,0.0,0.0,0,0,2026-08-08 07:50:20,0,0,0
27276,ea8b1d32-6645-4ae3-8ca7-276260105c75,LockApp.exe,,Windows の既定のロック画面,macro,0,0,0,5,0,0,0.0,0.0,0,0,2026-08-08 07:50:20,0,0,0
27275,ea8b1d32-6645-4ae3-8ca7-276260105c75,LockApp.exe,,Windows の既定のロック画面,macro,0,0,0,5,0,0,0.0,0.0,0,0,2026-08-08 07:50:10,0,0,0
27274,ea8b1d32-6645-4ae3-8ca7-276260105c75,LockApp.exe,,Windows の既定のロック画面,macro,0,0,0,5,0,0,0.0,0.0,0,0,2026-08-08 07:50:09,0,0,0
27273,ea8b1d32-6645-4ae3-8ca7-276260105c75,LockApp.exe,,Windows の既定のロック画面,macro,0,0,0,5,0,0,0.0,0.0,0,0,2026-08-08 07:50:09,0,0,0
27272,ea8b1d32-6645-4ae3-8ca7-276260105c75,LockApp.exe,,Windows の既定のロック画面,macro,0,0,0,5,0,0,0.0,0.0,0,0,2026-08-08 07:50:09,0,0,0
27271,ea8b1d32-6645-4ae3-8ca7-276260105c75,LockApp.exe,,Windows の既定のロック画面,macro,0,0,0,5,0,0,0.0,0.0,0,0,2026-08-08 07:49:59,0,0,0
27270,ea8b1d32-6645-4ae3-8ca7-276260105c75,LockApp.exe,,Windows の既定のロック画面,macro,0,0,0,5,0,0,0.0,0.0,0,0,2026-08-08 07:49:58,0,0,0
27269,ea8b1d32-6645-4ae3-8ca7-276260105c75,LockApp.exe,,Windows の既定のロック画面,macro,0,0,0,5,0,0,0.0,0.0,0,0,2026-08-08 07:49:41,0,0,0
27268,ea8b1d32-6645-4ae3-8ca7-276260105c75,LockApp.exe,,Windows の既定のロック画面,macro,0,0,0,5,0,0,0.0,0.0,0,0,2026-08-08 07:49:41,0,0,0
27267,ea8b1d32-6645-4ae3-8ca7-276260105c75,LockApp.exe,,Windows の既定のロック画面,macro,0,0,0,5,0,0,0.0,0.0,0,0,2026-08-08 07:49:30,0,0,0
27266,ea8b1d32-6645-4ae3-8ca7-276260105c75,LockApp.exe,,Windows の既定のロック画面,macro,0,0,0,5,0,0,0.0,0.0,0,0,2026-08-08 07:49:30,0,0,0
27265,ea8b1d32-6645-4ae3-8ca7-276260105c75,LockApp.exe,,Windows の既定のロック画面,macro,0,0,0,5,0,0,0.0,0.0,0,0,2026-08-08 07:49:20,0,0,0
27264,ea8b1d32-6645-4ae3-8ca7-276260105c75,LockApp.exe,,Windows の既定のロック画面,macro,0,0,0,5,0,0,0.0,0.0,0,0,2026-08-08 07:49:19,0,0,0
27263,ea8b1d32-6645-4ae3-8ca7-276260105c75,LockApp.exe,,Windows の既定のロック画面,macro,0,0,0,5,0,0,0.0,0.0,0,0,2026-08-08 07:49:09,0,0,0
27262,ea8b1d32-6645-4ae3-8ca7-276260105c75,LockApp.exe,,Windows の既定のロック画面,macro,0,0,0,5,0,0,0.0,0.0,0,0,2026-08-08 07:49:09,0,0,0
27261,ea8b1d32-6645-4ae3-8ca7-276260105c75,LockApp.exe,,Windows の既定のロック画面,macro,0,0,0,5,0,0,0.0,0.0,0,0,2026-08-08 07:48:58,0,0,0
27260,ea8b1d32-6645-4ae3-8ca7-276260105c75,LockApp.exe,,Windows の既定のロック画面,macro,0,0,0,5,0,0,0.0,0.0,0,0,2026-08-08 07:48:58,0,0,0
27259,ea8b1d32-6645-4ae3-8ca7-276260105c75,LockApp.exe,,Windows の既定のロック画面,macro,0,0,0,5,0,0,0.0,0.0,0,0,2026-08-08 07:48:48,0,0,0
27258,ea8b1d32-6645-4ae3-8ca7-276260105c75,LockApp.exe,,Windows の既定のロック画面,macro,0,0,0,5,0,0,0.0,0.0,0,0,2026-08-08 07:48:47,0,0,0
27257,ea8b1d32-6645-4ae3-8ca7-276260105c75,LockApp.exe,,Windows の既定のロック画面,macro,0,0,0,5,0,0,0.0,0.0,0,0,2026-08-08 07:48:37,0,0,0
27256,ea8b1d32-6645-4ae3-8ca7-276260105c75,LockApp.exe,,Windows の既定のロック画面,macro,0,0,0,5,0,0,0.0,0.0,0,0,2026-08-08 07:48:37,0,0,0
27255,ea8b1d32-6645-4ae3-8ca7-276260105c75,LockApp.exe,,Windows の既定のロック画面,macro,0,0,0,5,0,0,0.0,0.0,0,0,2026-08-08 07:48:27,0,0,0
27254,ea8b1d32-6645-4ae3-8ca7-276260105c75,LockApp.exe,,Windows の既定のロック画面,macro,0,0,0,5,0,0,0.0,0.0,0,0,2026-08-08 07:48:26,0,0,0
27253,ea8b1d32-6645-4ae3-8ca7-276260105c75,LockApp.exe,,Windows の既定のロック画面,macro,0,0,0,5,0,0,0.0,0.0,0,0,2026-08-08 07:48:26,0,0,0
27252,ea8b1d32-6645-4ae3-8ca7-276260105c75,LockApp.exe,,Windows の既定のロック画面,macro,0,0,0,5,0,0,0.0,0.0,0,0,2026-08-08 07:48:16,0,0,0
27251,ea8b1d32-6645-4ae3-8ca7-276260105c75,LockApp.exe,,Windows の既定のロック画面,macro,0,0,0,5,0,0,0.0,0.0,0,0,2026-08-08 07:48:15,0,0,0
27250,ea8b1d32-6645-4ae3-8ca7-276260105c75,LockApp.exe,,Windows の既定のロック画面,macro,0,0,0,5,0,0,0.0,0.0,0,0,2026-08-08 07:48:05,0,0,0
27249,ea8b1d32-6645-4ae3-8ca7-276260105c75,LockApp.exe,,Windows の既定のロック画面,macro,0,0,0,5,0,0,0.0,0.0,0,0,2026-08-08 07:48:05,0,0,0
27248,ea8b1d32-6645-4ae3-8ca7-276260105c75,LockApp.exe,,Windows の既定のロック画面,macro,0,0,0,5,0,0,0.0,0.0,0,0,2026-08-08 07:47:54,0,0,0
27247,ea8b1d32-6645-4ae3-8ca7-276260105c75,LockApp.exe,,Windows の既定のロック画面,macro,0,0,0,5,0,0,0.0,0.0,0,0,2026-08-08 07:47:54,0,0,0
27246,ea8b1d32-6645-4ae3-8ca7-276260105c75,LockApp.exe,,Windows の既定のロック画面,macro,0,0,0,5,0,0,0.0,0.0,0,0,2026-08-08 07:47:44,0,0,0
27245,ea8b1d32-6645-4ae3-8ca7-276260105c75,LockApp.exe,,Windows の既定のロック画面,macro,0,0,0,5,0,0,0.0,0.0,0,0,2026-08-08 07:47:44,0,0,0
27244,ea8b1d32-6645-4ae3-8ca7-276260105c75,LockApp.exe,,Windows の既定のロック画面,macro,0,0,0,5,0,0,0.0,0.0,0,0,2026-08-08 07:47:33,0,0,0
27243,ea8b1d32-6645-4ae3-8ca7-276260105c75,LockApp.exe,,Windows の既定のロック画面,macro,0,0,0,5,0,0,0.0,0.0,0,0,2026-08-08 07:47:33,0,0,0
27242,ea8b1d32-6645-4ae3-8ca7-276260105c75,LockApp.exe,,Windows の既定のロック画面,macro,0,0,0,5,0,0,0.0,0.0,0,0,2026-08-08 07:47:23,0,0,0
27241,ea8b1d32-6645-4ae3-8ca7-276260105c75,LockApp.exe,,Windows の既定のロック画面,macro,0,0,0,5,0,0,0.0,0.0,0,0,2026-08-08 07:47:22,0,0,0
27240,ea8b1d32-6645-4ae3-8ca7-276260105c75,LockApp.exe,,Windows の既定のロック画面,macro,0,0,0,5,0,0,0.0,0.0,0,0,2026-08-08 07:47:12,0,0,0
27239,ea8b1d32-6645-4ae3-8ca7-276260105c75,LockApp.exe,,Windows の既定のロック画面,macro,0,0,0,5,0,0,0.0,0.0,0,0,2026-08-08 07:47:12,0,0,0
27238,ea8b1d32-6645-4ae3-8ca7-276260105c75,LockApp.exe,,Windows の既定のロック画面,macro,0,0,0,5,0,0,0.0,0.0,0,0,2026-08-08 07:47:01,0,0,0
27237,ea8b1d32-6645-4ae3-8ca7-276260105c75,LockApp.exe,,Windows の既定のロック画面,macro,0,0,0,5,0,0,0.0,0.0,0,0,2026-08-08 07:47:01,0,0,0
27236,ea8b1d32-6645-4ae3-8ca7-276260105c75,LockApp.exe,,Windows の既定のロック画面,macro,0,0,0,5,0,0,0.0,0.0,0,0,2026-08-08 07:46:51,0,0,0
27235,ea8b1d32-6645-4ae3-8ca7-276260105c75,LockApp.exe,,Windows の既定のロック画面,macro,0,0,0,5,0,0,0.0,0.0,0,0,2026-08-08 07:46:51,0,0,0
27234,ea8b1d32-6645-4ae3-8ca7-276260105c75,LockApp.exe,,Windows の既定のロック画面,macro,0,0,0,5,0,0,0.0,0.0,0,0,2026-08-08 07:46:50,0,0,0
27233,ea8b1d32-6645-4ae3-8ca7-276260105c75,LockApp.exe,,Windows の既定のロック画面,macro,0,0,0,5,0,0,0.0,0.0,0,0,2026-08-08 07:46:40,0,0,0
27232,ea8b1d32-6645-4ae3-8ca7-276260105c75,LockApp.exe,,Windows の既定のロック画面,macro,0,0,0,5,0,0,0.0,0.0,0,0,2026-08-08 07:46:40,0,0,0
27231,ea8b1d32-6645-4ae3-8ca7-276260105c75,LockApp.exe,,Windows の既定のロック画面,macro,0,0,0,5,0,0,0.0,0.0,0,0,2026-08-08 07:46:29,0,0,0
27230,ea8b1d32-6645-4ae3-8ca7-276260105c75,LockApp.exe,,Windows の既定のロック画面,macro,0,0,0,5,0,0,0.0,0.0,0,0,2026-08-08 07:46:29,0,0,0
27229,ea8b1d32-6645-4ae3-8ca7-276260105c75,LockApp.exe,,Windows の既定のロック画面,macro,0,0,0,5,0,0,0.0,0.0,0,0,2026-08-08 07:46:19,0,0,0
27228,ea8b1d32-6645-4ae3-8ca7-276260105c75,LockApp.exe,,Windows の既定のロック画面,macro,0,0,0,5,0,0,0.0,0.0,0,0,2026-08-08 07:46:18,0,0,0
27227,ea8b1d32-6645-4ae3-8ca7-276260105c75,LockApp.exe,,Windows の既定のロック画面,macro,0,0,0,5,0,0,0.0,0.0,0,0,2026-08-08 07:46:08,0,0,0
27226,ea8b1d32-6645-4ae3-8ca7-276260105c75,LockApp.exe,,Windows の既定のロック画面,macro,0,0,0,5,0,0,0.0,0.0,0,0,2026-08-08 07:46:08,0,0,0
27225,ea8b1d32-6645-4ae3-8ca7-276260105c75,LockApp.exe,,Windows の既定のロック画面,macro,0,0,0,5,0,0,0.0,0.0,0,0,2026-08-08 07:45:58,0,0,0
27224,ea8b1d32-6645-4ae3-8ca7-276260105c75,LockApp.exe,,Windows の既定のロック画面,macro,0,0,0,5,0,0,0.0,0.0,0,0,2026-08-08 07:45:57,0,0,0
27223,ea8b1d32-6645-4ae3-8ca7-276260105c75,LockApp.exe,,Windows の既定のロック画面,macro,0,0,0,5,0,0,0.0,0.0,0,0,2026-08-08 07:45:47,0,0,0
27222,ea8b1d32-6645-4ae3-8ca7-276260105c75,LockApp.exe,,Windows の既定のロック画面,macro,0,0,0,5,0,0,0.0,0.0,0,0,2026-08-08 07:45:47,0,0,0
27221,ea8b1d32-6645-4ae3-8ca7-276260105c75,LockApp.exe,,Windows の既定のロック画面,macro,0,0,0,5,0,0,0.0,0.0,0,0,2026-08-08 07:45:36,0,0,0
27220,ea8b1d32-6645-4ae3-8ca7-276260105c75,LockApp.exe,,Windows の既定のロック画面,macro,0,0,0,5,0,0,0.0,0.0,0,0,2026-08-08 07:45:36,0,0,0
27219,ea8b1d32-6645-4ae3-8ca7-276260105c75,LockApp.exe,,Windows の既定のロック画面,macro,0,0,0,5,0,0,0.0,0.0,0,0,2026-08-08 07:45:26,0,0,0
27218,ea8b1d32-6645-4ae3-8ca7-276260105c75,LockApp.exe,,Windows の既定のロック画面,macro,0,0,0,5,0,0,0.0,0.0,0,0,2026-08-08 07:45:25,0,0,0
27217,ea8b1d32-6645-4ae3-8ca7-276260105c75,LockApp.exe,,Windows の既定のロック画面,macro,0,0,0,5,0,0,0.0,0.0,0,0,2026-08-08 07:45:15,0,0,0
27216,ea8b1d32-6645-4ae3-8ca7-276260105c75,LockApp.exe,,Windows の既定のロック画面,macro,0,0,0,5,0,0,0.0,0.0,0,0,2026-08-08 07:45:15,0,0,0
27215,ea8b1d32-6645-4ae3-8ca7-276260105c75,LockApp.exe,,Windows の既定のロック画面,macro,0,0,0,5,0,0,0.0,0.0,0,0,2026-08-08 07:45:14,0,0,0
27214,ea8b1d32-6645-4ae3-8ca7-276260105c75,LockApp.exe,,Windows の既定のロック画面,macro,0,0,0,5,0,0,0.0,0.0,0,0,2026-08-08 07:45:04,0,0,0
27213,ea8b1d32-6645-4ae3-8ca7-276260105c75,LockApp.exe,,Windows の既定のロック画面,macro,0,0,0,5,0,0,0.0,0.0,0,0,2026-08-08 07:45:04,0,0,0
27212,ea8b1d32-6645-4ae3-8ca7-276260105c75,LockApp.exe,,Windows の既定のロック画面,macro,0,0,0,5,0,0,0.0,0.0,0,0,2026-08-08 07:44:54,0,0,0
27211,ea8b1d32-6645-4ae3-8ca7-276260105c75,LockApp.exe,,Windows の既定のロック画面,macro,0,0,0,5,0,0,0.0,0.0,0,0,2026-08-08 07:44:53,0,0,0
27210,ea8b1d32-6645-4ae3-8ca7-276260105c75,LockApp.exe,,Windows の既定のロック画面,macro,0,0,0,5,0,0,0.0,0.0,0,0,2026-08-08 07:44:43,0,0,0
27209,ea8b1d32-6645-4ae3-8ca7-276260105c75,LockApp.exe,,Windows の既定のロック画面,macro,0,0,0,5,0,0,0.0,0.0,0,0,2026-08-08 07:44:43,0,0,0
27208,ea8b1d32-6645-4ae3-8ca7-276260105c75,LockApp.exe,,Windows の既定のロック画面,macro,0,0,0,5,0,0,0.0,0.0,0,0,2026-08-08 07:44:32,0,0,0
27207,ea8b1d32-6645-4ae3-8ca7-276260105c75,LockApp.exe,,Windows の既定のロック画面,macro,0,0,0,5,0,0,0.0,0.0,0,0,2026-08-08 07:44:32,0,0,0
27206,ea8b1d32-6645-4ae3-8ca7-276260105c75,LockApp.exe,,Windows の既定のロック画面,macro,0,0,0,5,0,0,0.0,0.0,0,0,2026-08-08 07:44:22,0,0,0
27205,ea8b1d32-6645-4ae3-8ca7-276260105c75,LockApp.exe,,Windows の既定のロック画面,macro,0,0,0,5,0,0,0.0,0.0,0,0,2026-08-08 07:44:21,0,0,0
27204,ea8b1d32-6645-4ae3-8ca7-276260105c75,LockApp.exe,,Windows の既定のロック画面,macro,0,0,0,5,0,0,0.0,0.0,0,0,2026-08-08 07:44:11,0,0,0
27203,ea8b1d32-6645-4ae3-8ca7-276260105c75,LockApp.exe,,Windows の既定のロック画面,macro,0,0,0,5,0,0,0.0,0.0,0,0,2026-08-08 07:44:11,0,0,0
27202,ea8b1d32-6645-4ae3-8ca7-276260105c75,LockApp.exe,,Windows の既定のロック画面,macro,0,0,0,5,0,0,0.0,0.0,0,0,2026-08-08 07:44:01,0,0,0
27201,ea8b1d32-6645-4ae3-8ca7-276260105c75,LockApp.exe,,Windows の既定のロック画面,macro,0,0,0,5,0,0,0.0,0.0,0,0,2026-08-08 07:44:00,0,0,0
27200,ea8b1d32-6645-4ae3-8ca7-276260105c75,LockApp.exe,,Windows の既定のロック画面,macro,0,0,0,5,0,0,0.0,0.0,0,0,2026-08-08 07:43:50,0,0,0
27199,ea8b1d32-6645-4ae3-8ca7-276260105c75,LockApp.exe,,Windows の既定のロック画面,macro,0,0,0,5,0,0,0.0,0.0,0,0,2026-08-08 07:43:50,0,0,0
27198,ea8b1d32-6645-4ae3-8ca7-276260105c75,LockApp.exe,,Windows の既定のロック画面,macro,0,0,0,5,0,0,0.0,0.0,0,0,2026-08-08 07:43:39,0,0,0
27197,ea8b1d32-6645-4ae3-8ca7-276260105c75,LockApp.exe,,Windows の既定のロック画面,macro,0,0,0,5,0,0,0.0,0.0,0,0,2026-08-08 07:43:39,0,0,0
27196,ea8b1d32-6645-4ae3-8ca7-276260105c75,LockApp.exe,,Windows の既定のロック画面,macro,0,0,0,5,0,0,0.0,0.0,0,0,2026-08-08 07:43:39,0,0,0
27195,ea8b1d32-6645-4ae3-8ca7-276260105c75,LockApp.exe,,Windows の既定のロック画面,macro,0,0,0,5,0,0,0.0,0.0,0,0,2026-08-08 07:43:28,0,0,0
27194,ea8b1d32-6645-4ae3-8ca7-276260105c75,LockApp.exe,,Windows の既定のロック画面,macro,0,0,0,5,0,0,0.0,0.0,0,0,2026-08-08 07:43:28,0,0,0
27193,ea8b1d32-6645-4ae3-8ca7-276260105c75,LockApp.exe,,Windows の既定のロック画面,macro,0,0,0,5,0,0,0.0,0.0,0,0,2026-08-08 07:43:18,0,0,0
27192,ea8b1d32-6645-4ae3-8ca7-276260105c75,LockApp.exe,,Windows の既定のロック画面,macro,0,0,0,5,0,0,0.0,0.0,0,0,2026-08-08 07:43:17,0,0,0
27191,ea8b1d32-6645-4ae3-8ca7-276260105c75,LockApp.exe,,Windows の既定のロック画面,macro,0,0,0,5,0,0,0.0,0.0,0,0,2026-08-08 07:43:07,0,0,0
27190,ea8b1d32-6645-4ae3-8ca7-276260105c75,LockApp.exe,,Windows の既定のロック画面,macro,0,0,0,5,0,0,0.0,0.0,0,0,2026-08-08 07:43:07,0,0,0
27189,ea8b1d32-6645-4ae3-8ca7-276260105c75,LockApp.exe,,Windows の既定のロック画面,macro,0,0,0,5,0,0,0.0,0.0,0,0,2026-08-08 07:42:56,0,0,0
27188,ea8b1d32-6645-4ae3-8ca7-276260105c75,LockApp.exe,,Windows の既定のロック画面,macro,0,0,0,5,0,0,0.0,0.0,0,0,2026-08-08 07:42:56,0,0,0
27187,ea8b1d32-6645-4ae3-8ca7-276260105c75,LockApp.exe,,Windows の既定のロック画面,macro,0,0,0,5,0,0,0.0,0.0,0,0,2026-08-08 07:42:46,0,0,0
27186,ea8b1d32-6645-4ae3-8ca7-276260105c75,LockApp.exe,,Windows の既定のロック画面,macro,0,0,0,5,0,0,0.0,0.0,0,0,2026-08-08 07:42:46,0,0,0
27185,ea8b1d32-6645-4ae3-8ca7-276260105c75,LockApp.exe,,Windows の既定のロック画面,macro,0,0,0,5,0,0,0.0,0.0,0,0,2026-08-08 07:42:35,0,0,0
27184,ea8b1d32-6645-4ae3-8ca7-276260105c75,LockApp.exe,,Windows の既定のロック画面,macro,0,0,0,5,0,0,0.0,0.0,0,0,2026-08-08 07:42:35,0,0,0
27183,ea8b1d32-6645-4ae3-8ca7-276260105c75,LockApp.exe,,Windows の既定のロック画面,macro,0,0,0,5,0,0,0.0,0.0,0,0,2026-08-08 07:42:25,0,0,0
27182,ea8b1d32-6645-4ae3-8ca7-276260105c75,LockApp.exe,,Windows の既定のロック画面,macro,0,0,0,5,0,0,0.0,0.0,0,0,2026-08-08 07:42:24,0,0,0
27181,ea8b1d32-6645-4ae3-8ca7-276260105c75,LockApp.exe,,Windows の既定のロック画面,macro,0,0,0,5,0,0,0.0,0.0,0,0,2026-08-08 07:42:14,0,0,0
27180,ea8b1d32-6645-4ae3-8ca7-276260105c75,LockApp.exe,,Windows の既定のロック画面,macro,0,0,0,5,0,0,0.0,0.0,0,0,2026-08-08 07:42:14,0,0,0
27179,ea8b1d32-6645-4ae3-8ca7-276260105c75,LockApp.exe,,Windows の既定のロック画面,macro,0,0,0,5,0,0,0.0,0.0,0,0,2026-08-08 07:42:03,0,0,0
27178,ea8b1d32-6645-4ae3-8ca7-276260105c75,LockApp.exe,,Windows の既定のロック画面,macro,0,0,0,5,0,0,0.0,0.0,0,0,2026-08-08 07:42:03,0,0,0
27177,ea8b1d32-6645-4ae3-8ca7-276260105c75,LockApp.exe,,Windows の既定のロック画面,macro,0,0,0,5,0,0,0.0,0.0,0,0,2026-08-08 07:42:03,0,0,0
27176,ea8b1d32-6645-4ae3-8ca7-276260105c75,LockApp.exe,,Windows の既定のロック画面,macro,0,0,0,5,0,0,0.0,0.0,0,0,2026-08-08 07:41:53,0,0,0
27175,ea8b1d32-6645-4ae3-8ca7-276260105c75,LockApp.exe,,Windows の既定のロック画面,macro,0,0,0,5,0,0,0.0,0.0,0,0,2026-08-08 07:41:52,0,0,0
27174,ea8b1d32-6645-4ae3-8ca7-276260105c75,LockApp.exe,,Windows の既定のロック画面,macro,0,0,0,5,0,0,0.0,0.0,0,0,2026-08-08 07:41:42,0,0,0
27173,ea8b1d32-6645-4ae3-8ca7-276260105c75,LockApp.exe,,Windows の既定のロック画面,macro,0,0,0,5,0,0,0.0,0.0,0,0,2026-08-08 07:41:42,0,0,0
27172,ea8b1d32-6645-4ae3-8ca7-276260105c75,LockApp.exe,,Windows の既定のロック画面,macro,0,0,0,5,0,0,0.0,0.0,0,0,2026-08-08 07:41:31,0,0,0
27171,ea8b1d32-6645-4ae3-8ca7-276260105c75,LockApp.exe,,Windows の既定のロック画面,macro,0,0,0,5,0,0,0.0,0.0,0,0,2026-08-08 07:41:31,0,0,0
27170,ea8b1d32-6645-4ae3-8ca7-276260105c75,LockApp.exe,,Windows の既定のロック画面,macro,0,0,0,5,0,0,0.0,0.0,0,0,2026-08-08 07:41:21,0,0,0
27169,ea8b1d32-6645-4ae3-8ca7-276260105c75,LockApp.exe,,Windows の既定のロック画面,macro,0,0,0,5,0,0,0.0,0.0,0,0,2026-08-08 07:41:21,0,0,0
27168,ea8b1d32-6645-4ae3-8ca7-276260105c75,LockApp.exe,,Windows の既定のロック画面,macro,0,0,0,5,0,0,0.0,0.0,0,0,2026-08-08 07:41:10,0,0,0
27167,ea8b1d32-6645-4ae3-8ca7-276260105c75,LockApp.exe,,Windows の既定のロック画面,macro,0,0,0,5,0,0,0.0,0.0,0,0,2026-08-08 07:41:10,0,0,0
27166,ea8b1d32-6645-4ae3-8ca7-276260105c75,LockApp.exe,,Windows の既定のロック画面,macro,0,0,0,5,0,0,0.0,0.0,0,0,2026-08-08 07:41:00,0,0,0
27165,ea8b1d32-6645-4ae3-8ca7-276260105c75,LockApp.exe,,Windows の既定のロック画面,macro,0,0,0,5,0,0,0.0,0.0,0,0,2026-08-08 07:40:59,0,0,0
27164,ea8b1d32-6645-4ae3-8ca7-276260105c75,LockApp.exe,,Windows の既定のロック画面,macro,0,0,0,5,0,0,0.0,0.0,0,0,2026-08-08 07:40:49,0,0,0
27163,ea8b1d32-6645-4ae3-8ca7-276260105c75,LockApp.exe,,Windows の既定のロック画面,macro,0,0,0,5,0,0,0.0,0.0,0,0,2026-08-08 07:40:49,0,0,0
27162,ea8b1d32-6645-4ae3-8ca7-276260105c75,LockApp.exe,,Windows の既定のロック画面,macro,0,0,0,5,0,0,0.0,0.0,0,0,2026-08-08 07:40:39,0,0,0
27161,ea8b1d32-6645-4ae3-8ca7-276260105c75,LockApp.exe,,Windows の既定のロック画面,macro,0,0,0,5,0,0,0.0,0.0,0,0,2026-08-08 07:40:38,0,0,0
27160,ea8b1d32-6645-4ae3-8ca7-276260105c75,LockApp.exe,,Windows の既定のロック画面,macro,0,0,0,5,0,0,0.0,0.0,0,0,2026-08-08 07:40:28,0,0,0
27159,ea8b1d32-6645-4ae3-8ca7-276260105c75,LockApp.exe,,Windows の既定のロック画面,macro,0,0,0,5,0,0,0.0,0.0,0,0,2026-08-08 07:40:28,0,0,0
27158,ea8b1d32-6645-4ae3-8ca7-276260105c75,LockApp.exe,,Windows の既定のロック画面,macro,0,0,0,5,0,0,0.0,0.0,0,0,2026-08-08 07:40:27,0,0,0
27157,ea8b1d32-6645-4ae3-8ca7-276260105c75,LockApp.exe,,Windows の既定のロック画面,macro,0,0,0,5,0,0,0.0,0.0,0,0,2026-08-08 07:40:17,0,0,0
27156,ea8b1d32-6645-4ae3-8ca7-276260105c75,LockApp.exe,,Windows の既定のロック画面,macro,0,0,0,5,0,0,0.0,0.0,0,0,2026-08-08 07:40:17,0,0,0
27155,ea8b1d32-6645-4ae3-8ca7-276260105c75,LockApp.exe,,Windows の既定のロック画面,macro,0,0,0,5,0,0,0.0,0.0,0,0,2026-08-08 07:40:06,0,0,0
27154,ea8b1d32-6645-4ae3-8ca7-276260105c75,LockApp.exe,,Windows の既定のロック画面,macro,0,0,0,5,0,0,0.0,0.0,0,0,2026-08-08 07:40:06,0,0,0
27153,ea8b1d32-6645-4ae3-8ca7-276260105c75,LockApp.exe,,Windows の既定のロック画面,macro,0,0,0,5,0,0,0.0,0.0,0,0,2026-08-08 07:39:56,0,0,0
27152,ea8b1d32-6645-4ae3-8ca7-276260105c75,LockApp.exe,,Windows の既定のロック画面,macro,0,0,0,5,0,0,0.0,0.0,0,0,2026-08-08 07:39:55,0,0,0
27151,ea8b1d32-6645-4ae3-8ca7-276260105c75,LockApp.exe,,Windows の既定のロック画面,macro,0,0,0,5,0,0,0.0,0.0,0,0,2026-08-08 07:39:45,0,0,0
27150,ea8b1d32-6645-4ae3-8ca7-276260105c75,LockApp.exe,,Windows の既定のロック画面,macro,0,0,0,5,0,0,0.0,0.0,0,0,2026-08-08 07:39:45,0,0,0
27149,ea8b1d32-6645-4ae3-8ca7-276260105c75,LockApp.exe,,Windows の既定のロック画面,macro,0,0,0,5,0,0,0.0,0.0,0,0,2026-08-08 07:39:34,0,0,0
27148,ea8b1d32-6645-4ae3-8ca7-276260105c75,LockApp.exe,,Windows の既定のロック画面,macro,0,0,0,5,0,0,0.0,0.0,0,0,2026-08-08 07:39:34,0,0,0
27147,ea8b1d32-6645-4ae3-8ca7-276260105c75,LockApp.exe,,Windows の既定のロック画面,macro,0,0,0,5,0,0,0.0,0.0,0,0,2026-08-08 07:39:24,0,0,0
27146,ea8b1d32-6645-4ae3-8ca7-276260105c75,LockApp.exe,,Windows の既定のロック画面,macro,0,0,0,5,0,0,0.0,0.0,0,0,2026-08-08 07:39:23,0,0,0
27145,ea8b1d32-6645-4ae3-8ca7-276260105c75,LockApp.exe,,Windows の既定のロック画面,macro,0,0,0,5,0,0,0.0,0.0,0,0,2026-08-08 07:39:13,0,0,0
27144,ea8b1d32-6645-4ae3-8ca7-276260105c75,LockApp.exe,,Windows の既定のロック画面,macro,0,0,0,5,0,0,0.0,0.0,0,0,2026-08-08 07:39:13,0,0,0
27143,ea8b1d32-6645-4ae3-8ca7-276260105c75,LockApp.exe,,Windows の既定のロック画面,macro,0,0,0,5,0,0,0.0,0.0,0,0,2026-08-08 07:39:03,0,0,0
27142,ea8b1d32-6645-4ae3-8ca7-276260105c75,LockApp.exe,,Windows の既定のロック画面,macro,0,0,0,5,0,0,0.0,0.0,0,0,2026-08-08 07:39:02,0,0,0
27141,ea8b1d32-6645-4ae3-8ca7-276260105c75,LockApp.exe,,Windows の既定のロック画面,macro,0,0,0,5,0,0,0.0,0.0,0,0,2026-08-08 07:38:52,0,0,0
27140,ea8b1d32-6645-4ae3-8ca7-276260105c75,LockApp.exe,,Windows の既定のロック画面,macro,0,0,0,5,0,0,0.0,0.0,0,0,2026-08-08 07:38:52,0,0,0
27139,ea8b1d32-6645-4ae3-8ca7-276260105c75,LockApp.exe,,Windows の既定のロック画面,macro,0,0,0,5,0,0,0.0,0.0,0,0,2026-08-08 07:38:51,0,0,0
27138,ea8b1d32-6645-4ae3-8ca7-276260105c75,LockApp.exe,,Windows の既定のロック画面,macro,0,0,0,5,0,0,0.0,0.0,0,0,2026-08-08 07:38:41,0,0,0
27137,ea8b1d32-6645-4ae3-8ca7-276260105c75,LockApp.exe,,Windows の既定のロック画面,macro,0,0,0,5,0,0,0.0,0.0,0,0,2026-08-08 07:38:41,0,0,0
27136,ea8b1d32-6645-4ae3-8ca7-276260105c75,LockApp.exe,,Windows の既定のロック画面,macro,0,0,0,5,0,0,0.0,0.0,0,0,2026-08-08 07:38:30,0,0,0
27135,ea8b1d32-6645-4ae3-8ca7-276260105c75,LockApp.exe,,Windows の既定のロック画面,macro,0,0,0,5,0,0,0.0,0.0,0,0,2026-08-08 07:38:30,0,0,0
27134,ea8b1d32-6645-4ae3-8ca7-276260105c75,LockApp.exe,,Windows の既定のロック画面,macro,0,0,0,5,0,0,0.0,0.0,0,0,2026-08-08 07:38:20,0,0,0
27133,ea8b1d32-6645-4ae3-8ca7-276260105c75,LockApp.exe,,Windows の既定のロック画面,macro,0,0,0,5,0,0,0.0,0.0,0,0,2026-08-08 07:38:20,0,0,0
27132,ea8b1d32-6645-4ae3-8ca7-276260105c75,LockApp.exe,,Windows の既定のロック画面,macro,0,0,0,5,0,0,0.0,0.0,0,0,2026-08-08 07:38:09,0,0,0
27131,ea8b1d32-6645-4ae3-8ca7-276260105c75,LockApp.exe,,Windows の既定のロック画面,macro,0,0,0,5,0,0,0.0,0.0,0,0,2026-08-08 07:38:09,0,0,0
27130,ea8b1d32-6645-4ae3-8ca7-276260105c75,LockApp.exe,,Windows の既定のロック画面,macro,0,0,0,5,0,0,0.0,0.0,0,0,2026-08-08 07:37:59,0,0,0
27129,ea8b1d32-6645-4ae3-8ca7-276260105c75,LockApp.exe,,Windows の既定のロック画面,macro,0,0,0,5,0,0,0.0,0.0,0,0,2026-08-08 07:37:58,0,0,0
27128,ea8b1d32-6645-4ae3-8ca7-276260105c75,LockApp.exe,,Windows の既定のロック画面,macro,0,0,0,5,0,0,0.0,0.0,0,0,2026-08-08 07:37:48,0,0,0
27127,ea8b1d32-6645-4ae3-8ca7-276260105c75,LockApp.exe,,Windows の既定のロック画面,macro,0,0,0,5,0,0,0.0,0.0,0,0,2026-08-08 07:37:48,0,0,0
27126,ea8b1d32-6645-4ae3-8ca7-276260105c75,LockApp.exe,,Windows の既定のロック画面,macro,0,0,0,5,0,0,0.0,0.0,0,0,2026-08-08 07:37:37,0,0,0
27125,ea8b1d32-6645-4ae3-8ca7-276260105c75,LockApp.exe,,Windows の既定のロック画面,macro,0,0,0,5,0,0,0.0,0.0,0,0,2026-08-08 07:37:37,0,0,0
27124,ea8b1d32-6645-4ae3-8ca7-276260105c75,LockApp.exe,,Windows の既定のロック画面,macro,0,0,0,5,0,0,0.0,0.0,0,0,2026-08-08 07:37:27,0,0,0
27123,ea8b1d32-6645-4ae3-8ca7-276260105c75,LockApp.exe,,Windows の既定のロック画面,macro,0,0,0,5,0,0,0.0,0.0,0,0,2026-08-08 07:37:27,0,0,0
27122,ea8b1d32-6645-4ae3-8ca7-276260105c75,LockApp.exe,,Windows の既定のロック画面,macro,0,0,0,5,0,0,0.0,0.0,0,0,2026-08-08 07:37:16,0,0,0
27121,ea8b1d32-6645-4ae3-8ca7-276260105c75,LockApp.exe,,Windows の既定のロック画面,macro,0,0,0,5,0,0,0.0,0.0,0,0,2026-08-08 07:37:16,0,0,0
27120,ea8b1d32-6645-4ae3-8ca7-276260105c75,LockApp.exe,,Windows の既定のロック画面,macro,0,0,0,5,0,0,0.0,0.0,0,0,2026-08-08 07:37:16,0,0,0
27119,ea8b1d32-6645-4ae3-8ca7-276260105c75,LockApp.exe,,Windows の既定のロック画面,macro,0,0,0,5,0,0,0.0,0.0,0,0,2026-08-08 07:37:06,0,0,0
27118,ea8b1d32-6645-4ae3-8ca7-276260105c75,LockApp.exe,,Windows の既定のロック画面,macro,0,0,0,5,0,0,0.0,0.0,0,0,2026-08-08 07:37:05,0,0,0
27117,ea8b1d32-6645-4ae3-8ca7-276260105c75,LockApp.exe,,Windows の既定のロック画面,macro,0,0,0,5,0,0,0.0,0.0,0,0,2026-08-08 07:36:55,0,0,0
27116,ea8b1d32-6645-4ae3-8ca7-276260105c75,LockApp.exe,,Windows の既定のロック画面,macro,0,0,0,5,0,0,0.0,0.0,0,0,2026-08-08 07:36:55,0,0,0
27115,ea8b1d32-6645-4ae3-8ca7-276260105c75,LockApp.exe,,Windows の既定のロック画面,macro,0,0,0,5,0,0,0.0,0.0,0,0,2026-08-08 07:36:44,0,0,0
27114,ea8b1d32-6645-4ae3-8ca7-276260105c75,LockApp.exe,,Windows の既定のロック画面,macro,0,0,0,5,0,0,0.0,0.0,0,0,2026-08-08 07:36:44,0,0,0
27113,ea8b1d32-6645-4ae3-8ca7-276260105c75,LockApp.exe,,Windows の既定のロック画面,macro,0,0,0,5,0,0,0.0,0.0,0,0,2026-08-08 07:36:34,0,0,0
27112,ea8b1d32-6645-4ae3-8ca7-276260105c75,LockApp.exe,,Windows の既定のロック画面,macro,0,0,0,5,0,0,0.0,0.0,0,0,2026-08-08 07:36:34,0,0,0
27111,ea8b1d32-6645-4ae3-8ca7-276260105c75,LockApp.exe,,Windows の既定のロック画面,macro,0,0,0,5,0,0,0.0,0.0,0,0,2026-08-08 07:36:23,0,0,0
27110,ea8b1d32-6645-4ae3-8ca7-276260105c75,LockApp.exe,,Windows の既定のロック画面,macro,0,0,0,5,0,0,0.0,0.0,0,0,2026-08-08 07:36:23,0,0,0
27109,ea8b1d32-6645-4ae3-8ca7-276260105c75,LockApp.exe,,Windows の既定のロック画面,macro,0,0,0,5,0,0,0.0,0.0,0,0,2026-08-08 07:36:13,0,0,0
27108,ea8b1d32-6645-4ae3-8ca7-276260105c75,LockApp.exe,,Windows の既定のロック画面,macro,0,0,0,5,0,0,0.0,0.0,0,0,2026-08-08 07:36:12,0,0,0
27107,ea8b1d32-6645-4ae3-8ca7-276260105c75,LockApp.exe,,Windows の既定のロック画面,macro,0,0,0,5,0,0,0.0,0.0,0,0,2026-08-08 07:36:02,0,0,0
27106,ea8b1d32-6645-4ae3-8ca7-276260105c75,LockApp.exe,,Windows の既定のロック画面,macro,0,0,0,5,0,0,0.0,0.0,0,0,2026-08-08 07:36:02,0,0,0
27105,ea8b1d32-6645-4ae3-8ca7-276260105c75,LockApp.exe,,Windows の既定のロック画面,macro,0,0,0,5,0,0,0.0,0.0,0,0,2026-08-08 07:35:52,0,0,0
27104,ea8b1d32-6645-4ae3-8ca7-276260105c75,LockApp.exe,,Windows の既定のロック画面,macro,0,0,0,5,0,0,0.0,0.0,0,0,2026-08-08 07:35:51,0,0,0
27103,ea8b1d32-6645-4ae3-8ca7-276260105c75,LockApp.exe,,Windows の既定のロック画面,macro,0,0,0,5,0,0,0.0,0.0,0,0,2026-08-08 07:35:41,0,0,0
27102,ea8b1d32-6645-4ae3-8ca7-276260105c75,LockApp.exe,,Windows の既定のロック画面,macro,0,0,0,5,0,0,0.0,0.0,0,0,2026-08-08 07:35:41,0,0,0
27101,ea8b1d32-6645-4ae3-8ca7-276260105c75,LockApp.exe,,Windows の既定のロック画面,macro,0,0,0,5,0,0,0.0,0.0,0,0,2026-08-08 07:35:30,0,0,0
27100,ea8b1d32-6645-4ae3-8ca7-276260105c75,LockApp.exe,,Windows の既定のロック画面,macro,0,0,0,5,0,0,0.0,0.0,0,0,2026-08-08 07:35:30,0,0,0
27099,ea8b1d32-6645-4ae3-8ca7-276260105c75,LockApp.exe,,Windows の既定のロック画面,macro,0,0,0,5,0,0,0.0,0.0,0,0,2026-08-08 07:35:30,0,0,0
27098,ea8b1d32-6645-4ae3-8ca7-276260105c75,LockApp.exe,,Windows の既定のロック画面,macro,0,0,0,5,0,0,0.0,0.0,0,0,2026-08-08 07:35:20,0,0,0
27097,ea8b1d32-6645-4ae3-8ca7-276260105c75,LockApp.exe,,Windows の既定のロック画面,macro,0,0,0,5,0,0,0.0,0.0,0,0,2026-08-08 07:35:19,0,0,0
27096,ea8b1d32-6645-4ae3-8ca7-276260105c75,LockApp.exe,,Windows の既定のロック画面,macro,0,0,0,5,0,0,0.0,0.0,0,0,2026-08-08 07:35:09,0,0,0
27095,ea8b1d32-6645-4ae3-8ca7-276260105c75,LockApp.exe,,Windows の既定のロック画面,macro,0,0,0,5,0,0,0.0,0.0,0,0,2026-08-08 07:35:09,0,0,0
27094,ea8b1d32-6645-4ae3-8ca7-276260105c75,LockApp.exe,,Windows の既定のロック画面,macro,0,0,0,5,0,0,0.0,0.0,0,0,2026-08-08 07:34:58,0,0,0
27093,ea8b1d32-6645-4ae3-8ca7-276260105c75,LockApp.exe,,Windows の既定のロック画面,macro,0,0,0,5,0,0,0.0,0.0,0,0,2026-08-08 07:34:58,0,0,0
27092,ea8b1d32-6645-4ae3-8ca7-276260105c75,LockApp.exe,,Windows の既定のロック画面,macro,0,0,0,5,0,0,0.0,0.0,0,0,2026-08-08 07:34:48,0,0,0
27091,ea8b1d32-6645-4ae3-8ca7-276260105c75,LockApp.exe,,Windows の既定のロック画面,macro,0,0,0,5,0,0,0.0,0.0,0,0,2026-08-08 07:34:47,0,0,0
27090,ea8b1d32-6645-4ae3-8ca7-276260105c75,LockApp.exe,,Windows の既定のロック画面,macro,0,0,0,5,0,0,0.0,0.0,0,0,2026-08-08 07:34:37,0,0,0
27089,ea8b1d32-6645-4ae3-8ca7-276260105c75,LockApp.exe,,Windows の既定のロック画面,macro,0,0,0,5,0,0,0.0,0.0,0,0,2026-08-08 07:34:37,0,0,0
27088,ea8b1d32-6645-4ae3-8ca7-276260105c75,LockApp.exe,,Windows の既定のロック画面,macro,0,0,0,5,0,0,0.0,0.0,0,0,2026-08-08 07:34:26,0,0,0
27087,ea8b1d32-6645-4ae3-8ca7-276260105c75,LockApp.exe,,Windows の既定のロック画面,macro,0,0,0,5,0,0,0.0,0.0,0,0,2026-08-08 07:34:26,0,0,0
27086,ea8b1d32-6645-4ae3-8ca7-276260105c75,LockApp.exe,,Windows の既定のロック画面,macro,0,0,0,5,0,0,0.0,0.0,0,0,2026-08-08 07:34:16,0,0,0
27085,ea8b1d32-6645-4ae3-8ca7-276260105c75,LockApp.exe,,Windows の既定のロック画面,macro,0,0,0,5,0,0,0.0,0.0,0,0,2026-08-08 07:34:16,0,0,0
27084,ea8b1d32-6645-4ae3-8ca7-276260105c75,LockApp.exe,,Windows の既定のロック画面,macro,0,0,0,5,0,0,0.0,0.0,0,0,2026-08-08 07:34:05,0,0,0
27083,ea8b1d32-6645-4ae3-8ca7-276260105c75,LockApp.exe,,Windows の既定のロック画面,macro,0,0,0,5,0,0,0.0,0.0,0,0,2026-08-08 07:34:05,0,0,0
27082,ea8b1d32-6645-4ae3-8ca7-276260105c75,LockApp.exe,,Windows の既定のロック画面,macro,0,0,0,5,0,0,0.0,0.0,0,0,2026-08-08 07:33:55,0,0,0
27081,ea8b1d32-6645-4ae3-8ca7-276260105c75,LockApp.exe,,Windows の既定のロック画面,macro,0,0,0,5,0,0,0.0,0.0,0,0,2026-08-08 07:33:54,0,0,0
27080,ea8b1d32-6645-4ae3-8ca7-276260105c75,LockApp.exe,,Windows の既定のロック画面,macro,0,0,0,5,0,0,0.0,0.0,0,0,2026-08-08 07:33:54,0,0,0
27079,ea8b1d32-6645-4ae3-8ca7-276260105c75,LockApp.exe,,Windows の既定のロック画面,macro,0,0,0,5,0,0,0.0,0.0,0,0,2026-08-08 07:33:44,0,0,0
27078,ea8b1d32-6645-4ae3-8ca7-276260105c75,LockApp.exe,,Windows の既定のロック画面,macro,0,0,0,5,0,0,0.0,0.0,0,0,2026-08-08 07:33:44,0,0,0
27077,ea8b1d32-6645-4ae3-8ca7-276260105c75,LockApp.exe,,Windows の既定のロック画面,macro,0,0,0,5,0,0,0.0,0.0,0,0,2026-08-08 07:33:33,0,0,0
27076,ea8b1d32-6645-4ae3-8ca7-276260105c75,LockApp.exe,,Windows の既定のロック画面,macro,0,0,0,5,0,0,0.0,0.0,0,0,2026-08-08 07:33:33,0,0,0
27075,ea8b1d32-6645-4ae3-8ca7-276260105c75,LockApp.exe,,Windows の既定のロック画面,macro,0,0,0,5,0,0,0.0,0.0,0,0,2026-08-08 07:33:22,0,0,0
27074,ea8b1d32-6645-4ae3-8ca7-276260105c75,LockApp.exe,,Windows の既定のロック画面,macro,0,0,0,5,0,0,0.0,0.0,0,0,2026-08-08 07:33:22,0,0,0
27073,ea8b1d32-6645-4ae3-8ca7-276260105c75,LockApp.exe,,Windows の既定のロック画面,macro,0,0,0,5,0,0,0.0,0.0,0,0,2026-08-08 07:33:12,0,0,0
27072,ea8b1d32-6645-4ae3-8ca7-276260105c75,LockApp.exe,,Windows の既定のロック画面,macro,0,0,0,5,0,0,0.0,0.0,0,0,2026-08-08 07:33:12,0,0,0
27071,ea8b1d32-6645-4ae3-8ca7-276260105c75,LockApp.exe,,Windows の既定のロック画面,macro,0,0,0,5,0,0,0.0,0.0,0,0,2026-08-08 07:33:01,0,0,0
27070,ea8b1d32-6645-4ae3-8ca7-276260105c75,LockApp.exe,,Windows の既定のロック画面,macro,0,0,0,5,0,0,0.0,0.0,0,0,2026-08-08 07:33:01,0,0,0
27069,ea8b1d32-6645-4ae3-8ca7-276260105c75,LockApp.exe,,Windows の既定のロック画面,macro,0,0,0,5,0,0,0.0,0.0,0,0,2026-08-08 07:32:51,0,0,0
27068,ea8b1d32-6645-4ae3-8ca7-276260105c75,LockApp.exe,,Windows の既定のロック画面,macro,0,0,0,5,0,0,0.0,0.0,0,0,2026-08-08 07:32:50,0,0,0
27067,ea8b1d32-6645-4ae3-8ca7-276260105c75,LockApp.exe,,Windows の既定のロック画面,macro,0,0,0,5,0,0,0.0,0.0,0,0,2026-08-08 07:32:40,0,0,0
27066,ea8b1d32-6645-4ae3-8ca7-276260105c75,LockApp.exe,,Windows の既定のロック画面,macro,0,0,0,5,0,0,0.0,0.0,0,0,2026-08-08 07:32:40,0,0,0
27065,ea8b1d32-6645-4ae3-8ca7-276260105c75,LockApp.exe,,Windows の既定のロック画面,macro,0,0,0,5,0,0,0.0,0.0,0,0,2026-08-08 07:32:29,0,0,0
27064,ea8b1d32-6645-4ae3-8ca7-276260105c75,LockApp.exe,,Windows の既定のロック画面,macro,0,0,0,5,0,0,0.0,0.0,0,0,2026-08-08 07:32:29,0,0,0
27063,ea8b1d32-6645-4ae3-8ca7-276260105c75,LockApp.exe,,Windows の既定のロック画面,macro,0,0,0,5,0,0,0.0,0.0,0,0,2026-08-08 07:32:19,0,0,0
27062,ea8b1d32-6645-4ae3-8ca7-276260105c75,LockApp.exe,,Windows の既定のロック画面,macro,0,0,0,5,0,0,0.0,0.0,0,0,2026-08-08 07:32:19,0,0,0
27061,ea8b1d32-6645-4ae3-8ca7-276260105c75,LockApp.exe,,Windows の既定のロック画面,macro,0,0,0,5,0,0,0.0,0.0,0,0,2026-08-08 07:32:18,0,0,0
27060,ea8b1d32-6645-4ae3-8ca7-276260105c75,LockApp.exe,,Windows の既定のロック画面,macro,0,0,0,5,0,0,0.0,0.0,0,0,2026-08-08 07:32:08,0,0,0
27059,ea8b1d32-6645-4ae3-8ca7-276260105c75,LockApp.exe,,Windows の既定のロック画面,macro,0,0,0,5,0,0,0.0,0.0,0,0,2026-08-08 07:32:08,0,0,0
27058,ea8b1d32-6645-4ae3-8ca7-276260105c75,LockApp.exe,,Windows の既定のロック画面,macro,0,0,0,5,0,0,0.0,0.0,0,0,2026-08-08 07:31:57,0,0,0
27057,ea8b1d32-6645-4ae3-8ca7-276260105c75,LockApp.exe,,Windows の既定のロック画面,macro,0,0,0,5,0,0,0.0,0.0,0,0,2026-08-08 07:31:57,0,0,0
27056,ea8b1d32-6645-4ae3-8ca7-276260105c75,LockApp.exe,,Windows の既定のロック画面,macro,0,0,0,5,0,0,0.0,0.0,0,0,2026-08-08 07:31:47,0,0,0
27055,ea8b1d32-6645-4ae3-8ca7-276260105c75,LockApp.exe,,Windows の既定のロック画面,macro,0,0,0,5,0,0,0.0,0.0,0,0,2026-08-08 07:31:47,0,0,0
27054,ea8b1d32-6645-4ae3-8ca7-276260105c75,LockApp.exe,,Windows の既定のロック画面,macro,0,0,0,5,0,0,0.0,0.0,0,0,2026-08-08 07:31:36,0,0,0
27053,ea8b1d32-6645-4ae3-8ca7-276260105c75,LockApp.exe,,Windows の既定のロック画面,macro,0,0,0,5,0,0,0.0,0.0,0,0,2026-08-08 07:31:36,0,0,0
27052,ea8b1d32-6645-4ae3-8ca7-276260105c75,LockApp.exe,,Windows の既定のロック画面,macro,0,0,0,5,0,0,0.0,0.0,0,0,2026-08-08 07:31:25,0,0,0
27051,ea8b1d32-6645-4ae3-8ca7-276260105c75,LockApp.exe,,Windows の既定のロック画面,macro,0,0,0,5,0,0,0.0,0.0,0,0,2026-08-08 07:31:25,0,0,0
27050,ea8b1d32-6645-4ae3-8ca7-276260105c75,LockApp.exe,,Windows の既定のロック画面,macro,0,0,0,5,0,0,0.0,0.0,0,0,2026-08-08 07:31:15,0,0,0
27049,ea8b1d32-6645-4ae3-8ca7-276260105c75,LockApp.exe,,Windows の既定のロック画面,macro,0,0,0,5,0,0,0.0,0.0,0,0,2026-08-08 07:31:15,0,0,0
27048,ea8b1d32-6645-4ae3-8ca7-276260105c75,LockApp.exe,,Windows の既定のロック画面,macro,0,0,0,5,0,0,0.0,0.0,0,0,2026-08-08 07:31:04,0,0,0
27047,ea8b1d32-6645-4ae3-8ca7-276260105c75,LockApp.exe,,Windows の既定のロック画面,macro,0,0,0,5,0,0,0.0,0.0,0,0,2026-08-08 07:31:04,0,0,0
27046,ea8b1d32-6645-4ae3-8ca7-276260105c75,LockApp.exe,,Windows の既定のロック画面,macro,0,0,0,5,0,0,0.0,0.0,0,0,2026-08-08 07:30:54,0,0,0
27045,ea8b1d32-6645-4ae3-8ca7-276260105c75,LockApp.exe,,Windows の既定のロック画面,macro,0,0,0,5,0,0,0.0,0.0,0,0,2026-08-08 07:30:53,0,0,0
27044,ea8b1d32-6645-4ae3-8ca7-276260105c75,LockApp.exe,,Windows の既定のロック画面,macro,0,0,0,5,0,0,0.0,0.0,0,0,2026-08-08 07:30:43,0,0,0
27043,ea8b1d32-6645-4ae3-8ca7-276260105c75,LockApp.exe,,Windows の既定のロック画面,macro,0,0,0,5,0,0,0.0,0.0,0,0,2026-08-08 07:30:43,0,0,0
27042,ea8b1d32-6645-4ae3-8ca7-276260105c75,LockApp.exe,,Windows の既定のロック画面,macro,0,0,0,5,0,0,0.0,0.0,0,0,2026-08-08 07:30:43,0,0,0
27041,ea8b1d32-6645-4ae3-8ca7-276260105c75,LockApp.exe,,Windows の既定のロック画面,macro,0,0,0,5,0,0,0.0,0.0,0,0,2026-08-08 07:30:32,0,0,0
27040,ea8b1d32-6645-4ae3-8ca7-276260105c75,LockApp.exe,,Windows の既定のロック画面,macro,0,0,0,5,0,0,0.0,0.0,0,0,2026-08-08 07:30:32,0,0,0
27039,ea8b1d32-6645-4ae3-8ca7-276260105c75,LockApp.exe,,Windows の既定のロック画面,macro,0,0,0,5,0,0,0.0,0.0,0,0,2026-08-08 07:30:22,0,0,0
27038,ea8b1d32-6645-4ae3-8ca7-276260105c75,LockApp.exe,,Windows の既定のロック画面,macro,0,0,0,5,0,0,0.0,0.0,0,0,2026-08-08 07:30:21,0,0,0
27037,ea8b1d32-6645-4ae3-8ca7-276260105c75,LockApp.exe,,Windows の既定のロック画面,macro,0,0,0,5,0,0,0.0,0.0,0,0,2026-08-08 07:30:11,0,0,0
27036,ea8b1d32-6645-4ae3-8ca7-276260105c75,LockApp.exe,,Windows の既定のロック画面,macro,0,0,0,5,0,0,0.0,0.0,0,0,2026-08-08 07:30:11,0,0,0
27035,ea8b1d32-6645-4ae3-8ca7-276260105c75,LockApp.exe,,Windows の既定のロック画面,macro,0,0,0,5,0,0,0.0,0.0,0,0,2026-08-08 07:30:01,0,0,0
27034,ea8b1d32-6645-4ae3-8ca7-276260105c75,LockApp.exe,,Windows の既定のロック画面,macro,0,0,0,5,0,0,0.0,0.0,0,0,2026-08-08 07:30:00,0,0,0
27033,ea8b1d32-6645-4ae3-8ca7-276260105c75,LockApp.exe,,Windows の既定のロック画面,macro,0,0,0,5,0,0,0.0,0.0,0,0,2026-08-08 07:29:50,0,0,0
27032,ea8b1d32-6645-4ae3-8ca7-276260105c75,LockApp.exe,,Windows の既定のロック画面,macro,0,0,0,5,0,0,0.0,0.0,0,0,2026-08-08 07:29:50,0,0,0
27031,ea8b1d32-6645-4ae3-8ca7-276260105c75,LockApp.exe,,Windows の既定のロック画面,macro,0,0,0,5,0,0,0.0,0.0,0,0,2026-08-08 07:29:39,0,0,0
27030,ea8b1d32-6645-4ae3-8ca7-276260105c75,LockApp.exe,,Windows の既定のロック画面,macro,0,0,0,5,0,0,0.0,0.0,0,0,2026-08-08 07:29:39,0,0,0
27029,ea8b1d32-6645-4ae3-8ca7-276260105c75,LockApp.exe,,Windows の既定のロック画面,macro,0,0,0,5,0,0,0.0,0.0,0,0,2026-08-08 07:29:29,0,0,0
27028,ea8b1d32-6645-4ae3-8ca7-276260105c75,LockApp.exe,,Windows の既定のロック画面,macro,0,0,0,5,0,0,0.0,0.0,0,0,2026-08-08 07:29:28,0,0,0
27027,ea8b1d32-6645-4ae3-8ca7-276260105c75,LockApp.exe,,Windows の既定のロック画面,macro,0,0,0,5,0,0,0.0,0.0,0,0,2026-08-08 07:29:18,0,0,0
27026,ea8b1d32-6645-4ae3-8ca7-276260105c75,LockApp.exe,,Windows の既定のロック画面,macro,0,0,0,5,0,0,0.0,0.0,0,0,2026-08-08 07:29:18,0,0,0
27025,ea8b1d32-6645-4ae3-8ca7-276260105c75,LockApp.exe,,Windows の既定のロック画面,macro,0,0,0,5,0,0,0.0,0.0,0,0,2026-08-08 07:29:07,0,0,0
27024,ea8b1d32-6645-4ae3-8ca7-276260105c75,LockApp.exe,,Windows の既定のロック画面,macro,0,0,0,5,0,0,0.0,0.0,0,0,2026-08-08 07:29:07,0,0,0
27023,ea8b1d32-6645-4ae3-8ca7-276260105c75,LockApp.exe,,Windows の既定のロック画面,macro,0,0,0,5,0,0,0.0,0.0,0,0,2026-08-08 07:29:07,0,0,0
27022,ea8b1d32-6645-4ae3-8ca7-276260105c75,LockApp.exe,,Windows の既定のロック画面,macro,0,0,0,5,0,0,0.0,0.0,0,0,2026-08-08 07:28:57,0,0,0
27021,ea8b1d32-6645-4ae3-8ca7-276260105c75,LockApp.exe,,Windows の既定のロック画面,macro,0,0,0,5,0,0,0.0,0.0,0,0,2026-08-08 07:28:56,0,0,0
27020,ea8b1d32-6645-4ae3-8ca7-276260105c75,LockApp.exe,,Windows の既定のロック画面,macro,0,0,0,5,0,0,0.0,0.0,0,0,2026-08-08 07:28:46,0,0,0
27019,ea8b1d32-6645-4ae3-8ca7-276260105c75,LockApp.exe,,Windows の既定のロック画面,macro,0,0,0,5,0,0,0.0,0.0,0,0,2026-08-08 07:28:46,0,0,0
27018,ea8b1d32-6645-4ae3-8ca7-276260105c75,LockApp.exe,,Windows の既定のロック画面,macro,0,0,0,5,0,0,0.0,0.0,0,0,2026-08-08 07:28:35,0,0,0
27017,ea8b1d32-6645-4ae3-8ca7-276260105c75,LockApp.exe,,Windows の既定のロック画面,macro,0,0,0,5,0,0,0.0,0.0,0,0,2026-08-08 07:28:35,0,0,0
27016,ea8b1d32-6645-4ae3-8ca7-276260105c75,LockApp.exe,,Windows の既定のロック画面,macro,0,0,0,5,0,0,0.0,0.0,0,0,2026-08-08 07:28:25,0,0,0
27015,ea8b1d32-6645-4ae3-8ca7-276260105c75,LockApp.exe,,Windows の既定のロック画面,macro,0,0,0,5,0,0,0.0,0.0,0,0,2026-08-08 07:28:24,0,0,0
27014,ea8b1d32-6645-4ae3-8ca7-276260105c75,LockApp.exe,,Windows の既定のロック画面,macro,0,0,0,5,0,0,0.0,0.0,0,0,2026-08-08 07:28:14,0,0,0
27013,ea8b1d32-6645-4ae3-8ca7-276260105c75,LockApp.exe,,Windows の既定のロック画面,macro,0,0,0,5,0,0,0.0,0.0,0,0,2026-08-08 07:28:14,0,0,0
27012,ea8b1d32-6645-4ae3-8ca7-276260105c75,LockApp.exe,,Windows の既定のロック画面,macro,0,0,0,5,0,0,0.0,0.0,0,0,2026-08-08 07:28:03,0,0,0
27011,ea8b1d32-6645-4ae3-8ca7-276260105c75,LockApp.exe,,Windows の既定のロック画面,macro,0,0,0,5,0,0,0.0,0.0,0,0,2026-08-08 07:28:03,0,0,0
27010,ea8b1d32-6645-4ae3-8ca7-276260105c75,LockApp.exe,,Windows の既定のロック画面,macro,0,0,0,5,0,0,0.0,0.0,0,0,2026-08-08 07:27:53,0,0,0
27009,ea8b1d32-6645-4ae3-8ca7-276260105c75,LockApp.exe,,Windows の既定のロック画面,macro,0,0,0,5,0,0,0.0,0.0,0,0,2026-08-08 07:27:53,0,0,0
27008,ea8b1d32-6645-4ae3-8ca7-276260105c75,LockApp.exe,,Windows の既定のロック画面,macro,0,0,0,5,0,0,0.0,0.0,0,0,2026-08-08 07:27:42,0,0,0
27007,ea8b1d32-6645-4ae3-8ca7-276260105c75,LockApp.exe,,Windows の既定のロック画面,macro,0,0,0,5,0,0,0.0,0.0,0,0,2026-08-08 07:27:42,0,0,0
27006,ea8b1d32-6645-4ae3-8ca7-276260105c75,LockApp.exe,,Windows の既定のロック画面,macro,0,0,0,5,0,0,0.0,0.0,0,0,2026-08-08 07:27:32,0,0,0
27005,ea8b1d32-6645-4ae3-8ca7-276260105c75,LockApp.exe,,Windows の既定のロック画面,macro,0,0,0,5,0,0,0.0,0.0,0,0,2026-08-08 07:27:31,0,0,0
27004,ea8b1d32-6645-4ae3-8ca7-276260105c75,LockApp.exe,,Windows の既定のロック画面,macro,0,0,0,5,0,0,0.0,0.0,0,0,2026-08-08 07:27:31,0,0,0
27003,ea8b1d32-6645-4ae3-8ca7-276260105c75,LockApp.exe,,Windows の既定のロック画面,macro,0,0,0,5,0,0,0.0,0.0,0,0,2026-08-08 07:27:21,0,0,0
27002,ea8b1d32-6645-4ae3-8ca7-276260105c75,LockApp.exe,,Windows の既定のロック画面,macro,0,0,0,5,0,0,0.0,0.0,0,0,2026-08-08 07:27:21,0,0,0
27001,ea8b1d32-6645-4ae3-8ca7-276260105c75,LockApp.exe,,Windows の既定のロック画面,macro,0,0,0,5,0,0,0.0,0.0,0,0,2026-08-08 07:27:10,0,0,0
27000,ea8b1d32-6645-4ae3-8ca7-276260105c75,LockApp.exe,,Windows の既定のロック画面,macro,0,0,0,5,0,0,0.0,0.0,0,0,2026-08-08 07:27:10,0,0,0
26999,ea8b1d32-6645-4ae3-8ca7-276260105c75,LockApp.exe,,Windows の既定のロック画面,macro,0,0,0,5,0,0,0.0,0.0,0,0,2026-08-08 07:27:00,0,0,0
26998,ea8b1d32-6645-4ae3-8ca7-276260105c75,LockApp.exe,,Windows の既定のロック画面,macro,0,0,0,5,0,0,0.0,0.0,0,0,2026-08-08 07:26:59,0,0,0
26997,ea8b1d32-6645-4ae3-8ca7-276260105c75,LockApp.exe,,Windows の既定のロック画面,macro,0,0,0,5,0,0,0.0,0.0,0,0,2026-08-08 07:26:49,0,0,0
26996,ea8b1d32-6645-4ae3-8ca7-276260105c75,LockApp.exe,,Windows の既定のロック画面,macro,0,0,0,5,0,0,0.0,0.0,0,0,2026-08-08 07:26:49,0,0,0
26995,ea8b1d32-6645-4ae3-8ca7-276260105c75,LockApp.exe,,Windows の既定のロック画面,macro,0,0,0,5,0,0,0.0,0.0,0,0,2026-08-08 07:26:39,0,0,0
26994,ea8b1d32-6645-4ae3-8ca7-276260105c75,LockApp.exe,,Windows の既定のロック画面,macro,0,0,0,5,0,0,0.0,0.0,0,0,2026-08-08 07:26:38,0,0,0
26993,ea8b1d32-6645-4ae3-8ca7-276260105c75,LockApp.exe,,Windows の既定のロック画面,macro,0,0,0,5,0,0,0.0,0.0,0,0,2026-08-08 07:26:28,0,0,0
26992,ea8b1d32-6645-4ae3-8ca7-276260105c75,LockApp.exe,,Windows の既定のロック画面,macro,0,0,0,5,0,0,0.0,0.0,0,0,2026-08-08 07:26:28,0,0,0
26991,ea8b1d32-6645-4ae3-8ca7-276260105c75,LockApp.exe,,Windows の既定のロック画面,macro,0,0,0,5,0,0,0.0,0.0,0,0,2026-08-08 07:26:17,0,0,0
26990,ea8b1d32-6645-4ae3-8ca7-276260105c75,LockApp.exe,,Windows の既定のロック画面,macro,0,0,0,5,0,0,0.0,0.0,0,0,2026-08-08 07:26:17,0,0,0
26989,ea8b1d32-6645-4ae3-8ca7-276260105c75,LockApp.exe,,Windows の既定のロック画面,macro,0,0,0,5,0,0,0.0,0.0,0,0,2026-08-08 07:26:07,0,0,0
26988,ea8b1d32-6645-4ae3-8ca7-276260105c75,LockApp.exe,,Windows の既定のロック画面,macro,0,0,0,5,0,0,0.0,0.0,0,0,2026-08-08 07:26:06,0,0,0
26987,ea8b1d32-6645-4ae3-8ca7-276260105c75,LockApp.exe,,Windows の既定のロック画面,macro,0,0,0,5,0,0,0.0,0.0,0,0,2026-08-08 07:25:56,0,0,0
26986,ea8b1d32-6645-4ae3-8ca7-276260105c75,LockApp.exe,,Windows の既定のロック画面,macro,0,0,0,5,0,0,0.0,0.0,0,0,2026-08-08 07:25:56,0,0,0
26985,ea8b1d32-6645-4ae3-8ca7-276260105c75,LockApp.exe,,Windows の既定のロック画面,macro,0,0,0,5,0,0,0.0,0.0,0,0,2026-08-08 07:25:55,0,0,0
26984,ea8b1d32-6645-4ae3-8ca7-276260105c75,LockApp.exe,,Windows の既定のロック画面,macro,0,0,0,5,0,0,0.0,0.0,0,0,2026-08-08 07:25:45,0,0,0
26983,ea8b1d32-6645-4ae3-8ca7-276260105c75,LockApp.exe,,Windows の既定のロック画面,macro,0,0,0,5,0,0,0.0,0.0,0,0,2026-08-08 07:25:45,0,0,0
26982,ea8b1d32-6645-4ae3-8ca7-276260105c75,LockApp.exe,,Windows の既定のロック画面,macro,0,0,0,5,0,0,0.0,0.0,0,0,2026-08-08 07:25:34,0,0,0
26981,ea8b1d32-6645-4ae3-8ca7-276260105c75,LockApp.exe,,Windows の既定のロック画面,macro,0,0,0,5,0,0,0.0,0.0,0,0,2026-08-08 07:25:34,0,0,0
26980,ea8b1d32-6645-4ae3-8ca7-276260105c75,LockApp.exe,,Windows の既定のロック画面,macro,0,0,0,5,0,0,0.0,0.0,0,0,2026-08-08 07:25:24,0,0,0
26979,ea8b1d32-6645-4ae3-8ca7-276260105c75,LockApp.exe,,Windows の既定のロック画面,macro,0,0,0,5,0,0,0.0,0.0,0,0,2026-08-08 07:25:24,0,0,0
26978,ea8b1d32-6645-4ae3-8ca7-276260105c75,LockApp.exe,,Windows の既定のロック画面,macro,0,0,0,5,0,0,0.0,0.0,0,0,2026-08-08 07:25:13,0,0,0
